S0220000687474703A2F2F737265636F72642E736F75726365666F7267652E6E65742F1D
S325602000004643464200000156000000000101020000000000000000000000000000000000EE
S3256020002000000000000000000000000000000000000000000000000000000000000000003A
S3256020004000000000010406010000000000000000000080000000000000000000000000008E
S325602000600000000000000000000000000000000000000000000000000000000000000000FA
S32560200080EB04180AFF1E04320126000000000000000000000000000000000000000000004F
S325602000A00000000000000000000000000000000000000000000000000000000000000000BA
S325602000C000000000000000000000000000000000000000000000000000000000000000009A
S325602000E000000000000000000000000000000000000000000000000000000000000000007A
S32560200100000000000000000000000000000000000000000000000000000000000000000059
S32560200120000000000000000000000000000000000000000000000000000000000000000039
S32560200140000000000000000000000000000000000000000000000000000000000000000019
S325602001600000000000000000000000000000000000000000000000000000000000000000F9
S325602001800000000000000000000000000000000000000000000000000000000000000000D9
S325602001A00000000000000000000000000000000000000000000000000000000000000000B9
S325602001C0000100000010000001000000000000000000010000000000000000000000000086
S325602001E0000000000000000000000000000000000000000000000000000000000000000079
S32560200200FFFFFFFFFFFFFFFFFFFFFFFFFFFFFFFFFFFFFFFFFFFFFFFFFFFFFFFFFFFFFFFF78
S32560200220FFFFFFFFFFFFFFFFFFFFFFFFFFFFFFFFFFFFFFFFFFFFFFFFFFFFFFFFFFFFFFFF58
S32560200240FFFFFFFFFFFFFFFFFFFFFFFFFFFFFFFFFFFFFFFFFFFFFFFFFFFFFFFFFFFFFFFF38
S32560200260FFFFFFFFFFFFFFFFFFFFFFFFFFFFFFFFFFFFFFFFFFFFFFFFFFFFFFFFFFFFFFFF18
S32560200280FFFFFFFFFFFFFFFFFFFFFFFFFFFFFFFFFFFFFFFFFFFFFFFFFFFFFFFFFFFFFFFFF8
S325602002A0FFFFFFFFFFFFFFFFFFFFFFFFFFFFFFFFFFFFFFFFFFFFFFFFFFFFFFFFFFFFFFFFD8
S325602002C0FFFFFFFFFFFFFFFFFFFFFFFFFFFFFFFFFFFFFFFFFFFFFFFFFFFFFFFFFFFFFFFFB8
S325602002E0FFFFFFFFFFFFFFFFFFFFFFFFFFFFFFFFFFFFFFFFFFFFFFFFFFFFFFFFFFFFFFFF98
S32560200300FFFFFFFFFFFFFFFFFFFFFFFFFFFFFFFFFFFFFFFFFFFFFFFFFFFFFFFFFFFFFFFF77
S32560200320FFFFFFFFFFFFFFFFFFFFFFFFFFFFFFFFFFFFFFFFFFFFFFFFFFFFFFFFFFFFFFFF57
S32560200340FFFFFFFFFFFFFFFFFFFFFFFFFFFFFFFFFFFFFFFFFFFFFFFFFFFFFFFFFFFFFFFF37
S32560200360FFFFFFFFFFFFFFFFFFFFFFFFFFFFFFFFFFFFFFFFFFFFFFFFFFFFFFFFFFFFFFFF17
S32560200380FFFFFFFFFFFFFFFFFFFFFFFFFFFFFFFFFFFFFFFFFFFFFFFFFFFFFFFFFFFFFFFFF7
S325602003A0FFFFFFFFFFFFFFFFFFFFFFFFFFFFFFFFFFFFFFFFFFFFFFFFFFFFFFFFFFFFFFFFD7
S325602003C0FFFFFFFFFFFFFFFFFFFFFFFFFFFFFFFFFFFFFFFFFFFFFFFFFFFFFFFFFFFFFFFFB7
S325602003E0FFFFFFFFFFFFFFFFFFFFFFFFFFFFFFFFFFFFFFFFFFFFFFFFFFFFFFFFFFFFFFFF97
S32560200400FFFFFFFFFFFFFFFFFFFFFFFFFFFFFFFFFFFFFFFFFFFFFFFFFFFFFFFFFFFFFFFF76
S32560200420FFFFFFFFFFFFFFFFFFFFFFFFFFFFFFFFFFFFFFFFFFFFFFFFFFFFFFFFFFFFFFFF56
S32560200440FFFFFFFFFFFFFFFFFFFFFFFFFFFFFFFFFFFFFFFFFFFFFFFFFFFFFFFFFFFFFFFF36
S32560200460FFFFFFFFFFFFFFFFFFFFFFFFFFFFFFFFFFFFFFFFFFFFFFFFFFFFFFFFFFFFFFFF16
S32560200480FFFFFFFFFFFFFFFFFFFFFFFFFFFFFFFFFFFFFFFFFFFFFFFFFFFFFFFFFFFFFFFFF6
S325602004A0FFFFFFFFFFFFFFFFFFFFFFFFFFFFFFFFFFFFFFFFFFFFFFFFFFFFFFFFFFFFFFFFD6
S325602004C0FFFFFFFFFFFFFFFFFFFFFFFFFFFFFFFFFFFFFFFFFFFFFFFFFFFFFFFFFFFFFFFFB6
S325602004E0FFFFFFFFFFFFFFFFFFFFFFFFFFFFFFFFFFFFFFFFFFFFFFFFFFFFFFFFFFFFFFFF96
S32560200500FFFFFFFFFFFFFFFFFFFFFFFFFFFFFFFFFFFFFFFFFFFFFFFFFFFFFFFFFFFFFFFF75
S32560200520FFFFFFFFFFFFFFFFFFFFFFFFFFFFFFFFFFFFFFFFFFFFFFFFFFFFFFFFFFFFFFFF55
S32560200540FFFFFFFFFFFFFFFFFFFFFFFFFFFFFFFFFFFFFFFFFFFFFFFFFFFFFFFFFFFFFFFF35
S32560200560FFFFFFFFFFFFFFFFFFFFFFFFFFFFFFFFFFFFFFFFFFFFFFFFFFFFFFFFFFFFFFFF15
S32560200580FFFFFFFFFFFFFFFFFFFFFFFFFFFFFFFFFFFFFFFFFFFFFFFFFFFFFFFFFFFFFFFFF5
S325602005A0FFFFFFFFFFFFFFFFFFFFFFFFFFFFFFFFFFFFFFFFFFFFFFFFFFFFFFFFFFFFFFFFD5
S325602005C0FFFFFFFFFFFFFFFFFFFFFFFFFFFFFFFFFFFFFFFFFFFFFFFFFFFFFFFFFFFFFFFFB5
S325602005E0FFFFFFFFFFFFFFFFFFFFFFFFFFFFFFFFFFFFFFFFFFFFFFFFFFFFFFFFFFFFFFFF95
S32560200600FFFFFFFFFFFFFFFFFFFFFFFFFFFFFFFFFFFFFFFFFFFFFFFFFFFFFFFFFFFFFFFF74
S32560200620FFFFFFFFFFFFFFFFFFFFFFFFFFFFFFFFFFFFFFFFFFFFFFFFFFFFFFFFFFFFFFFF54
S32560200640FFFFFFFFFFFFFFFFFFFFFFFFFFFFFFFFFFFFFFFFFFFFFFFFFFFFFFFFFFFFFFFF34
S32560200660FFFFFFFFFFFFFFFFFFFFFFFFFFFFFFFFFFFFFFFFFFFFFFFFFFFFFFFFFFFFFFFF14
S32560200680FFFFFFFFFFFFFFFFFFFFFFFFFFFFFFFFFFFFFFFFFFFFFFFFFFFFFFFFFFFFFFFFF4
S325602006A0FFFFFFFFFFFFFFFFFFFFFFFFFFFFFFFFFFFFFFFFFFFFFFFFFFFFFFFFFFFFFFFFD4
S325602006C0FFFFFFFFFFFFFFFFFFFFFFFFFFFFFFFFFFFFFFFFFFFFFFFFFFFFFFFFFFFFFFFFB4
S325602006E0FFFFFFFFFFFFFFFFFFFFFFFFFFFFFFFFFFFFFFFFFFFFFFFFFFFFFFFFFFFFFFFF94
S32560200700FFFFFFFFFFFFFFFFFFFFFFFFFFFFFFFFFFFFFFFFFFFFFFFFFFFFFFFFFFFFFFFF73
S32560200720FFFFFFFFFFFFFFFFFFFFFFFFFFFFFFFFFFFFFFFFFFFFFFFFFFFFFFFFFFFFFFFF53
S32560200740FFFFFFFFFFFFFFFFFFFFFFFFFFFFFFFFFFFFFFFFFFFFFFFFFFFFFFFFFFFFFFFF33
S32560200760FFFFFFFFFFFFFFFFFFFFFFFFFFFFFFFFFFFFFFFFFFFFFFFFFFFFFFFFFFFFFFFF13
S32560200780FFFFFFFFFFFFFFFFFFFFFFFFFFFFFFFFFFFFFFFFFFFFFFFFFFFFFFFFFFFFFFFFF3
S325602007A0FFFFFFFFFFFFFFFFFFFFFFFFFFFFFFFFFFFFFFFFFFFFFFFFFFFFFFFFFFFFFFFFD3
S325602007C0FFFFFFFFFFFFFFFFFFFFFFFFFFFFFFFFFFFFFFFFFFFFFFFFFFFFFFFFFFFFFFFFB3
S325602007E0FFFFFFFFFFFFFFFFFFFFFFFFFFFFFFFFFFFFFFFFFFFFFFFFFFFFFFFFFFFFFFFF93
S32560200800FFFFFFFFFFFFFFFFFFFFFFFFFFFFFFFFFFFFFFFFFFFFFFFFFFFFFFFFFFFFFFFF72
S32560200820FFFFFFFFFFFFFFFFFFFFFFFFFFFFFFFFFFFFFFFFFFFFFFFFFFFFFFFFFFFFFFFF52
S32560200840FFFFFFFFFFFFFFFFFFFFFFFFFFFFFFFFFFFFFFFFFFFFFFFFFFFFFFFFFFFFFFFF32
S32560200860FFFFFFFFFFFFFFFFFFFFFFFFFFFFFFFFFFFFFFFFFFFFFFFFFFFFFFFFFFFFFFFF12
S32560200880FFFFFFFFFFFFFFFFFFFFFFFFFFFFFFFFFFFFFFFFFFFFFFFFFFFFFFFFFFFFFFFFF2
S325602008A0FFFFFFFFFFFFFFFFFFFFFFFFFFFFFFFFFFFFFFFFFFFFFFFFFFFFFFFFFFFFFFFFD2
S325602008C0FFFFFFFFFFFFFFFFFFFFFFFFFFFFFFFFFFFFFFFFFFFFFFFFFFFFFFFFFFFFFFFFB2
S325602008E0FFFFFFFFFFFFFFFFFFFFFFFFFFFFFFFFFFFFFFFFFFFFFFFFFFFFFFFFFFFFFFFF92
S32560200900FFFFFFFFFFFFFFFFFFFFFFFFFFFFFFFFFFFFFFFFFFFFFFFFFFFFFFFFFFFFFFFF71
S32560200920FFFFFFFFFFFFFFFFFFFFFFFFFFFFFFFFFFFFFFFFFFFFFFFFFFFFFFFFFFFFFFFF51
S32560200940FFFFFFFFFFFFFFFFFFFFFFFFFFFFFFFFFFFFFFFFFFFFFFFFFFFFFFFFFFFFFFFF31
S32560200960FFFFFFFFFFFFFFFFFFFFFFFFFFFFFFFFFFFFFFFFFFFFFFFFFFFFFFFFFFFFFFFF11
S32560200980FFFFFFFFFFFFFFFFFFFFFFFFFFFFFFFFFFFFFFFFFFFFFFFFFFFFFFFFFFFFFFFFF1
S325602009A0FFFFFFFFFFFFFFFFFFFFFFFFFFFFFFFFFFFFFFFFFFFFFFFFFFFFFFFFFFFFFFFFD1
S325602009C0FFFFFFFFFFFFFFFFFFFFFFFFFFFFFFFFFFFFFFFFFFFFFFFFFFFFFFFFFFFFFFFFB1
S325602009E0FFFFFFFFFFFFFFFFFFFFFFFFFFFFFFFFFFFFFFFFFFFFFFFFFFFFFFFFFFFFFFFF91
S32560200A00FFFFFFFFFFFFFFFFFFFFFFFFFFFFFFFFFFFFFFFFFFFFFFFFFFFFFFFFFFFFFFFF70
S32560200A20FFFFFFFFFFFFFFFFFFFFFFFFFFFFFFFFFFFFFFFFFFFFFFFFFFFFFFFFFFFFFFFF50
S32560200A40FFFFFFFFFFFFFFFFFFFFFFFFFFFFFFFFFFFFFFFFFFFFFFFFFFFFFFFFFFFFFFFF30
S32560200A60FFFFFFFFFFFFFFFFFFFFFFFFFFFFFFFFFFFFFFFFFFFFFFFFFFFFFFFFFFFFFFFF10
S32560200A80FFFFFFFFFFFFFFFFFFFFFFFFFFFFFFFFFFFFFFFFFFFFFFFFFFFFFFFFFFFFFFFFF0
S32560200AA0FFFFFFFFFFFFFFFFFFFFFFFFFFFFFFFFFFFFFFFFFFFFFFFFFFFFFFFFFFFFFFFFD0
S32560200AC0FFFFFFFFFFFFFFFFFFFFFFFFFFFFFFFFFFFFFFFFFFFFFFFFFFFFFFFFFFFFFFFFB0
S32560200AE0FFFFFFFFFFFFFFFFFFFFFFFFFFFFFFFFFFFFFFFFFFFFFFFFFFFFFFFFFFFFFFFF90
S32560200B00FFFFFFFFFFFFFFFFFFFFFFFFFFFFFFFFFFFFFFFFFFFFFFFFFFFFFFFFFFFFFFFF6F
S32560200B20FFFFFFFFFFFFFFFFFFFFFFFFFFFFFFFFFFFFFFFFFFFFFFFFFFFFFFFFFFFFFFFF4F
S32560200B40FFFFFFFFFFFFFFFFFFFFFFFFFFFFFFFFFFFFFFFFFFFFFFFFFFFFFFFFFFFFFFFF2F
S32560200B60FFFFFFFFFFFFFFFFFFFFFFFFFFFFFFFFFFFFFFFFFFFFFFFFFFFFFFFFFFFFFFFF0F
S32560200B80FFFFFFFFFFFFFFFFFFFFFFFFFFFFFFFFFFFFFFFFFFFFFFFFFFFFFFFFFFFFFFFFEF
S32560200BA0FFFFFFFFFFFFFFFFFFFFFFFFFFFFFFFFFFFFFFFFFFFFFFFFFFFFFFFFFFFFFFFFCF
S32560200BC0FFFFFFFFFFFFFFFFFFFFFFFFFFFFFFFFFFFFFFFFFFFFFFFFFFFFFFFFFFFFFFFFAF
S32560200BE0FFFFFFFFFFFFFFFFFFFFFFFFFFFFFFFFFFFFFFFFFFFFFFFFFFFFFFFFFFFFFFFF8F
S32560200C00FFFFFFFFFFFFFFFFFFFFFFFFFFFFFFFFFFFFFFFFFFFFFFFFFFFFFFFFFFFFFFFF6E
S32560200C20FFFFFFFFFFFFFFFFFFFFFFFFFFFFFFFFFFFFFFFFFFFFFFFFFFFFFFFFFFFFFFFF4E
S32560200C40FFFFFFFFFFFFFFFFFFFFFFFFFFFFFFFFFFFFFFFFFFFFFFFFFFFFFFFFFFFFFFFF2E
S32560200C60FFFFFFFFFFFFFFFFFFFFFFFFFFFFFFFFFFFFFFFFFFFFFFFFFFFFFFFFFFFFFFFF0E
S32560200C80FFFFFFFFFFFFFFFFFFFFFFFFFFFFFFFFFFFFFFFFFFFFFFFFFFFFFFFFFFFFFFFFEE
S32560200CA0FFFFFFFFFFFFFFFFFFFFFFFFFFFFFFFFFFFFFFFFFFFFFFFFFFFFFFFFFFFFFFFFCE
S32560200CC0FFFFFFFFFFFFFFFFFFFFFFFFFFFFFFFFFFFFFFFFFFFFFFFFFFFFFFFFFFFFFFFFAE
S32560200CE0FFFFFFFFFFFFFFFFFFFFFFFFFFFFFFFFFFFFFFFFFFFFFFFFFFFFFFFFFFFFFFFF8E
S32560200D00FFFFFFFFFFFFFFFFFFFFFFFFFFFFFFFFFFFFFFFFFFFFFFFFFFFFFFFFFFFFFFFF6D
S32560200D20FFFFFFFFFFFFFFFFFFFFFFFFFFFFFFFFFFFFFFFFFFFFFFFFFFFFFFFFFFFFFFFF4D
S32560200D40FFFFFFFFFFFFFFFFFFFFFFFFFFFFFFFFFFFFFFFFFFFFFFFFFFFFFFFFFFFFFFFF2D
S32560200D60FFFFFFFFFFFFFFFFFFFFFFFFFFFFFFFFFFFFFFFFFFFFFFFFFFFFFFFFFFFFFFFF0D
S32560200D80FFFFFFFFFFFFFFFFFFFFFFFFFFFFFFFFFFFFFFFFFFFFFFFFFFFFFFFFFFFFFFFFED
S32560200DA0FFFFFFFFFFFFFFFFFFFFFFFFFFFFFFFFFFFFFFFFFFFFFFFFFFFFFFFFFFFFFFFFCD
S32560200DC0FFFFFFFFFFFFFFFFFFFFFFFFFFFFFFFFFFFFFFFFFFFFFFFFFFFFFFFFFFFFFFFFAD
S32560200DE0FFFFFFFFFFFFFFFFFFFFFFFFFFFFFFFFFFFFFFFFFFFFFFFFFFFFFFFFFFFFFFFF8D
S32560200E00FFFFFFFFFFFFFFFFFFFFFFFFFFFFFFFFFFFFFFFFFFFFFFFFFFFFFFFFFFFFFFFF6C
S32560200E20FFFFFFFFFFFFFFFFFFFFFFFFFFFFFFFFFFFFFFFFFFFFFFFFFFFFFFFFFFFFFFFF4C
S32560200E40FFFFFFFFFFFFFFFFFFFFFFFFFFFFFFFFFFFFFFFFFFFFFFFFFFFFFFFFFFFFFFFF2C
S32560200E60FFFFFFFFFFFFFFFFFFFFFFFFFFFFFFFFFFFFFFFFFFFFFFFFFFFFFFFFFFFFFFFF0C
S32560200E80FFFFFFFFFFFFFFFFFFFFFFFFFFFFFFFFFFFFFFFFFFFFFFFFFFFFFFFFFFFFFFFFEC
S32560200EA0FFFFFFFFFFFFFFFFFFFFFFFFFFFFFFFFFFFFFFFFFFFFFFFFFFFFFFFFFFFFFFFFCC
S32560200EC0FFFFFFFFFFFFFFFFFFFFFFFFFFFFFFFFFFFFFFFFFFFFFFFFFFFFFFFFFFFFFFFFAC
S32560200EE0FFFFFFFFFFFFFFFFFFFFFFFFFFFFFFFFFFFFFFFFFFFFFFFFFFFFFFFFFFFFFFFF8C
S32560200F00FFFFFFFFFFFFFFFFFFFFFFFFFFFFFFFFFFFFFFFFFFFFFFFFFFFFFFFFFFFFFFFF6B
S32560200F20FFFFFFFFFFFFFFFFFFFFFFFFFFFFFFFFFFFFFFFFFFFFFFFFFFFFFFFFFFFFFFFF4B
S32560200F40FFFFFFFFFFFFFFFFFFFFFFFFFFFFFFFFFFFFFFFFFFFFFFFFFFFFFFFFFFFFFFFF2B
S32560200F60FFFFFFFFFFFFFFFFFFFFFFFFFFFFFFFFFFFFFFFFFFFFFFFFFFFFFFFFFFFFFFFF0B
S32560200F80FFFFFFFFFFFFFFFFFFFFFFFFFFFFFFFFFFFFFFFFFFFFFFFFFFFFFFFFFFFFFFFFEB
S32560200FA0FFFFFFFFFFFFFFFFFFFFFFFFFFFFFFFFFFFFFFFFFFFFFFFFFFFFFFFFFFFFFFFFCB
S32560200FC0FFFFFFFFFFFFFFFFFFFFFFFFFFFFFFFFFFFFFFFFFFFFFFFFFFFFFFFFFFFFFFFFAB
S32560200FE0FFFFFFFFFFFFFFFFFFFFFFFFFFFFFFFFFFFFFFFFFFFFFFFFFFFFFFFFFFFFFFFF8B
S32560201000D1002043E11C206000000000000000002010206000102060003C25600000000098
S32560201020000000600048050000000000FFFFFFFFFFFFFFFFFFFFFFFFFFFFFFFFFFFFFFFF91
S32560201040FFFFFFFFFFFFFFFFFFFFFFFFFFFFFFFFFFFFFFFFFFFFFFFFFFFFFFFFFFFFFFFF2A
S32560201060FFFFFFFFFFFFFFFFFFFFFFFFFFFFFFFFFFFFFFFFFFFFFFFFFFFFFFFFFFFFFFFF0A
S32560201080FFFFFFFFFFFFFFFFFFFFFFFFFFFFFFFFFFFFFFFFFFFFFFFFFFFFFFFFFFFFFFFFEA
S325602010A0FFFFFFFFFFFFFFFFFFFFFFFFFFFFFFFFFFFFFFFFFFFFFFFFFFFFFFFFFFFFFFFFCA
S325602010C0FFFFFFFFFFFFFFFFFFFFFFFFFFFFFFFFFFFFFFFFFFFFFFFFFFFFFFFFFFFFFFFFAA
S325602010E0FFFFFFFFFFFFFFFFFFFFFFFFFFFFFFFFFFFFFFFFFFFFFFFFFFFFFFFFFFFFFFFF8A
S32560201100FFFFFFFFFFFFFFFFFFFFFFFFFFFFFFFFFFFFFFFFFFFFFFFFFFFFFFFFFFFFFFFF69
S32560201120FFFFFFFFFFFFFFFFFFFFFFFFFFFFFFFFFFFFFFFFFFFFFFFFFFFFFFFFFFFFFFFF49
S32560201140FFFFFFFFFFFFFFFFFFFFFFFFFFFFFFFFFFFFFFFFFFFFFFFFFFFFFFFFFFFFFFFF29
S32560201160FFFFFFFFFFFFFFFFFFFFFFFFFFFFFFFFFFFFFFFFFFFFFFFFFFFFFFFFFFFFFFFF09
S32560201180FFFFFFFFFFFFFFFFFFFFFFFFFFFFFFFFFFFFFFFFFFFFFFFFFFFFFFFFFFFFFFFFE9
S325602011A0FFFFFFFFFFFFFFFFFFFFFFFFFFFFFFFFFFFFFFFFFFFFFFFFFFFFFFFFFFFFFFFFC9
S325602011C0FFFFFFFFFFFFFFFFFFFFFFFFFFFFFFFFFFFFFFFFFFFFFFFFFFFFFFFFFFFFFFFFA9
S325602011E0FFFFFFFFFFFFFFFFFFFFFFFFFFFFFFFFFFFFFFFFFFFFFFFFFFFFFFFFFFFFFFFF89
S32560201200FFFFFFFFFFFFFFFFFFFFFFFFFFFFFFFFFFFFFFFFFFFFFFFFFFFFFFFFFFFFFFFF68
S32560201220FFFFFFFFFFFFFFFFFFFFFFFFFFFFFFFFFFFFFFFFFFFFFFFFFFFFFFFFFFFFFFFF48
S32560201240FFFFFFFFFFFFFFFFFFFFFFFFFFFFFFFFFFFFFFFFFFFFFFFFFFFFFFFFFFFFFFFF28
S32560201260FFFFFFFFFFFFFFFFFFFFFFFFFFFFFFFFFFFFFFFFFFFFFFFFFFFFFFFFFFFFFFFF08
S32560201280FFFFFFFFFFFFFFFFFFFFFFFFFFFFFFFFFFFFFFFFFFFFFFFFFFFFFFFFFFFFFFFFE8
S325602012A0FFFFFFFFFFFFFFFFFFFFFFFFFFFFFFFFFFFFFFFFFFFFFFFFFFFFFFFFFFFFFFFFC8
S325602012C0FFFFFFFFFFFFFFFFFFFFFFFFFFFFFFFFFFFFFFFFFFFFFFFFFFFFFFFFFFFFFFFFA8
S325602012E0FFFFFFFFFFFFFFFFFFFFFFFFFFFFFFFFFFFFFFFFFFFFFFFFFFFFFFFFFFFFFFFF88
S32560201300FFFFFFFFFFFFFFFFFFFFFFFFFFFFFFFFFFFFFFFFFFFFFFFFFFFFFFFFFFFFFFFF67
S32560201320FFFFFFFFFFFFFFFFFFFFFFFFFFFFFFFFFFFFFFFFFFFFFFFFFFFFFFFFFFFFFFFF47
S32560201340FFFFFFFFFFFFFFFFFFFFFFFFFFFFFFFFFFFFFFFFFFFFFFFFFFFFFFFFFFFFFFFF27
S32560201360FFFFFFFFFFFFFFFFFFFFFFFFFFFFFFFFFFFFFFFFFFFFFFFFFFFFFFFFFFFFFFFF07
S32560201380FFFFFFFFFFFFFFFFFFFFFFFFFFFFFFFFFFFFFFFFFFFFFFFFFFFFFFFFFFFFFFFFE7
S325602013A0FFFFFFFFFFFFFFFFFFFFFFFFFFFFFFFFFFFFFFFFFFFFFFFFFFFFFFFFFFFFFFFFC7
S325602013C0FFFFFFFFFFFFFFFFFFFFFFFFFFFFFFFFFFFFFFFFFFFFFFFFFFFFFFFFFFFFFFFFA7
S325602013E0FFFFFFFFFFFFFFFFFFFFFFFFFFFFFFFFFFFFFFFFFFFFFFFFFFFFFFFFFFFFFFFF87
S32560201400824205D051F8043B40F8043B8242F9D87047044A04494FF0000342F8043B914239
S32560201420FBD87047C01A0120C0F801208FB5BFF34F8F774B08227749C3F85421764A774899
S32560201440C3F80021764A774CC3F8F020764AFFF7D7FF764A76497748FFF7D2FFFFF7D9FF7D
S325602014604FF0E0234FF47002C3F8882D0023724A44F823200133B02BFAD1704B8021704A31
S3256020148003F8011B9342FBD14FF0E0236D49C3F8084DD3F8242D42F4E022C3F8242DCA6973
S325602014A022F07F0242F04002CA614A6A22F07F0242F040024A624FF0FF31634A9166D166C3
S325602014C01167516700221021C3F8942DC3F89C1D5E49C3F8A01D1121C3F89C1D5C49C3F8EE
S325602014E0A01D1221C3F89C1D5A49C3F8A01D5A49C3F89C1D5949C3F8A01D5949C3F89C1DA0
S325602015005849C3F8A01D584941F01501C3F89C1D5649C3F8A01D01F181510D31C3F89C1D43
S325602015205349C3F8A01D5349C3F89C1D5249C3F8A01D5249C3F89C1D5149C3F8A01D514933
S32560201540C3F89C1D5049C3F8A01D5049C3F89C1D4F49C3F8A01D00BF00BF00BF00BF00BFA8
S325602015600121C3F8941DBFF34F8FBFF36F8FC3F8502FBFF34F8FBFF36F8FD3F8141D402041
S32560201580444D4FF4805741F440314FF4005C4FF4404E43F24208C3F8141D3F49A1633F4985
S325602015A0E163632159614FF480319A6103221A613B4AC3F8202DD3F8FC2D42F08072C3F834
S325602015C0FC2DA3F550431A6842F001021A605B68EB610F4B1A69960705D5C3F818E0596130
S325602015E0C3F81880F6E7960402D4C3F814C0F1E7D60401D45F61EDE7002AEBDA12F4803670
S3256020160001D09961E6E752064CD45861E2E700BF00800D4068D820601B1018200000000003
S325602016200C0D11130018012070470300C01A0120DC1F2460000000209D57020000E400E0A0
S32560201640A0E400E000C00F4000C00A403F000010250008070900100013002000210002078E
S325602016601400002025000813C0F801200900001027000B1317000040330010131800006014
S325602016802F000B071900007031000B131A0000803B000B13A0CC01206D0E02009D0E020001
S325602016A0000020209B4808F017FA9B4AD36E43F44053D366994B1E60C3F80861C3F8186195
S325602016C0C3F82861C3F8386103F5A0239A6BD20708D4934A5A6542F615621A659A6B42F076
S325602016E001029A639A688F4942F001128E4E9A608E4B8F4AC3F85C22C3F86012C3F8642216
S32560201700A2F53042C3F8682202F5E042C3F86C22C3F87022C3F87422C3F878221822DA6626
S325602017201A675A679A67DA67C3F88020C3F88420C3F888200122C3F82C27C3F83027C3F884
S325602017403427C3F83827C3F83C27C3F85027724A936923F0604323F4407343F0004343F459
S3256020176040739361D2F8843043F00C03C2F88430704B1A6842F002021A6019686E4A21F4D3
S32560201780F14121F073010904090C0A436B491A604FF0FF325A6002F57702886802F560523C
S325602017A00240674842F000529A60DA6822F07802DA601A6A324002431A621A6A324002433A
S325602017C021205A625F4A9A62DA62D1F8B82022F03F0242F00102C3F8B820D1F8BC20002123
S325602017E022F03F0242F00102C3F8BC2040F2056219611867C3F880205867C3F884201A68B7
S32560201800514822F002021A60504A9A610222DA614F4A42F8041B8242FBD11A68454942F061
S3256020182001021A600E6816F00106FBD1474B022730468B6140F2F563CF61C1F8003240F262
S325602018406643C1F8103240F29943C1F82032414BC1F8303242F20143C1F8343240F235435D
S32560201860C1F840323C4BC1F850323C4BC1F854323B4BC1F8603242F20123C1F8643206F0C1
S32560201880FDFC012006F0FAFC384606F0F7FC354BC1F8A060274AC1F8A4300123C1F8B03061
S325602018A05369DF07FCD5D2F8003121212E4E51619AB245F60D518A422AD045F69D518A4224
S325602018C040F05381C3F34253032B21D0042B40F04C811021174B8A0204201A6606F0CEFC65
S325602018E0224B3170224EF61A16EB015640F02B8107F096FF00283FD01E4B9A6822B15A68DD
S325602019003146186808F020F910220021194829E10821DFE70046C32300C00F4000400840C9
S325602019200000C056F910010000FFF07C00801F40F9B0010000402A401200FFFF00802A4069
S3256020194040000080FF000F8300432A40F05AF05A00422A409F041830EB06180A0632012666
S325602019603806180A0400030018F401200000007000000070F0F5012008F0AAF81623036031
S32560201980BF4BDA6E42F44032DA66DA6E42F44072DA66A3F5603340F237625A64A0229A64A3
S325602019A09A6C1606FCD4B74B40F237625A64A0229A649E6C16F08006FBD1B14AB3EE096AF3
S325602019C0B14BB2481E70936FB14F43F47F039FEDB15A9367D2F8803043F07C4343F440339B
S325602019E0C2F8803008F098F900F5804008F094F900F5804008F090F900F5804008F08CF9CC
S32560201A00A0F5031008F04CF800F5804008F048F800F5804008F044F89F4AD2F8803023F010
S32560201A200103C2F880300323C2F89030D7F8E030D9B2C3F30B201B0D07EE901AC5F8481FDC
S32560201A409649B8EEE77A07EE900AC5F84C0FF8EEE76A07EE903A37EE455AD2F88030F8EE59
S32560201A60E77A37EE466A77EEE67AA1EC016A25EE275AC1ED007AC5EE065A75EEA65AFCEED1
S32560201A80E55A15EE901ADFED865A37EE657A43EA0153C2F8803027EE277A824B66EE277AC1
S32560201AA0D2F89011C7EE065A35EEA67ABCEEC77A17EE100A87EE867A03EA00430B43C2F826
S32560201AC09031D2F8901177EE267AFCEEE77A17EE903AC3F30B030B43C2F89031D2F880302E
S32560201AE043F00203C2F880306F4B83F840606F4BC4F840314FF0E02301226D4CC3F8082100
S32560201B002368132BFCD96B4B40F6617200214FF00A0CC3F82021D7F82032674A23F07F43C9
S32560201B2093423CBF0A22534301AA1746092BB3FBFCF50CFB153000F1300007F8010B18D949
S32560201B4001312B46F2E75D4FC7E900360026FE6007F08AFF00283FF413AF01237A68314653
S32560201B603868BB6007F0F0FF0AE7002110223170CCE601F1100000235518684400F80B3C2A
S32560201B801046CF1A9F4271DC4D4912F8010B3346013620B10A2E21F8020FF6D1334601334F
S32560201BA0484A49495B009370354AD2F8803043F00303C2F8803040F20442444BC3F860213E
S32560201BC0434A1068084203D1D3F8A8118D071AD04FF000415163D3F8402142F00202C3F809
S32560201BE040213A4AD2F840319807FBD44FF0E0234FF400321920C3F88C224FF00042344B78
S32560201C009A6308F0A5F8324B00214FF080422F4D9A634FF4607219600A23C5F8A8312D4BCB
S32560201C20184607F091FF4FF4810240F2431302604FF480020264C5F85801274AC5F84831A1
S32560201C40264BC3F804224FF0E0234FF40032C3F80C210123C5F840312368B3F5967FFBD3A5
S32560201C6006F00AFB07F020FF07F0C2FD0778013395F800C000F801CB05F8017981E700BFB5
S32560201C8000C00F4000800C408024012000C03D4000441F400000AA4200810D40F0DB012098
S32560201CA00000B4420000FF0F00E400E0755902004C45012000800D4080969800F0F50120D3
S32560201CC0A6150120A4150120001C1E0000002E4000900D4000000020255102000018012072
S32560201CE0054B064A5A64064A1A644FF42A029A63044B9D46FFF79AFB00C00A40FFBFAAAAED
S32560201D00070020000080042010B50521132008F05FF80521122008F05BF80521142008F010
S32560201D2057F80521112008F053F84A4BDFED4A6A0021D3ED0D7A494BF8EE677ADA8B87EE82
S32560201D40A67A22F008021204120CF6EE007ADA830522A3F86E204122A3F87420A3F86A10DB
S32560201D60A3F86610E7EE277AFDEEE77A17EE902A92B2A3F86020A3F8702043F22302A3F8CC
S32560201D806C200222A3F87820A3F86A10DA8B92B242F00802DA83324A136F43F44003136791
S32560201DA002F53012B2F86A30DBB243F41C53A2F86A302C4B1A6812F0404F01D0196019606C
S32560201DC01A680021284C42F0005204F2844042F010021A60DA6842F01002DA604FF4E6423F
S32560201DE0C3F8B020214AC3F8B82002F5A0220A32C3F8BC2042F248621D4B5A649A6C42F00C
S32560201E0020029A6410221A6007F042FDD4F88434184A19491A60194AC3E901126FF00702EE
S32560201E206FF0FF01DA60164A99611A61042294F888149A822022DA82DA8300229A838B007F
S32560201E4003F1804303F56C231A600E4A1A600E4BD97610BDA005012000E8804700801E40AA
S32560201E6000C00F4000003B40002001201510161000800C40C8003B400400020208E0FFBF09
S32560201E80000020201700008000800E401B4A002170B502F1E00001260B463C2501F00304C8
S32560201EA016719371083044F040049360D3751C3202F81C4C41F04004013142F8043C00F85D
S32560201EC0084C082900F8075CE8D10D4A4FF03C31C2F86331C2F867310A4AC2F8643CC2F8D8
S32560201EE0683CC2F8843CC2F8883CC2F8C41CC2F8C81CC2F8A43CC2F8A83C70BD10310120C1
S32560201F00F830012000200120012902D103685B6C184770474B88B3F5807F70B554D1D0F8E0
S32560201F20DC20B1F9043062B1002BCCBF0123002380F8E1303DDD052A3BD10423C0F8DC3068
S32560201F4037E090F8B410D0F8C42049B9134483F30303C0F8C4304FF47A63C0F8C03028E09B
S32560201F60012103EB4303464C80F8E01042F210712468C0F8C810D0F8D41002EBC10200EB73
S32560201F804202B2F8401101EB43213E4B187809B2431C00FB0440A2F84011A0EB8000B1EB28
S32560201FA0402F07DA13FB04F3A3EB83035B02A2F8403170BD344B4FF4C0601B6858438142DA
S32560201FC0F7DD03EB4303F1E7B3F5007FF1D1D0F8DC20B1F9043062B1134490F8E120002BF2
S32560201FE005DDC2F105029342A8BF1346A6E70123A4E790F8B410D0F8C4200029A6D0012135
S32560202000B0F838411E4E80F8E01042F2107113FB04F33668C0F8C810D0F8D41002EBC10201
S3256020202000EB4202B2F840110B4416490D781BB2691C05FB0665A2F84031A5EB8505B3EB3D
S32560202040452F10DA11FB06F3A3EB83035B02A2F84031E3009BB2B3F5807F88BF4FF48073C7
S32560202060A0F83831A5E708494FF4C06509684D43AB42C2BF01EB41014902A2F84011E8E7F2
S32560202080D8050120B1360120A00501202DE9F04F044685B00021D34807F06AFED4F8D07073
S325602020A0002F72D0D04A01214620D04E07F05CFED4F8D0100A2394F8CC00CD4A002559430F
S325602020C0CC4BCD4F0531002808BF1A46DFF870831920DFF87093029107F046FEC74B0822DB
S325602020E00299322007F03CFC0A2156F8042B3C2069430F3107F038FEC4236B43DB59002B2D
S325602021003DD1484607F078FB0135042DECD194F8CC3023B9BA4A37213C2007F025FEDFF802
S32560202120F8B2DBF89884B8F1000F02D0042007F0E7FD94F8DD30B348002B00F0B68107F01A
S325602021409FFBB14BDBF89C241B689B1A41F28732934200F21D83AD4B93F8E490B9F1050F90
S3256020216000F2A681B9F1030F00F2DA81B9F1010F00F0DB811726522412273546AEE1D4F8EF
S32560202180C430AB42C0D14046BCE7A14B6E210122C3E9011294F8D43013B19E4807F02CFB69
S325602021A0D4F8C420C4239C4903FB02131B6F33B19A4B03EB8203D3F8100107F01DFBDFF882
S325602021C08892A0460525A9F5426A09F1080B3A0115230B21104607F08BFC98F86A3133B176
S325602021E04B4608220D21A5F1080007F0B9FB98F864317E1C012B00F02B81022B00F02F81D3
S3256020220023B932460D21284607F026FCD4F8C830BB4205D10B230F22281F194607F084FC1C
S32560202220082E08F1100805F1100540F0D8807F2215230B214FF0480A1046DFF8108207F0F2
S3256020224057FC16237F220020194607F051FC32462021734B092007F083FBD4F8C8500AFB0A
S3256020226005F304EB051508EB030738F9030007F0FBFC95F9689197F903304022674D1D211A
S3256020228000FB0399122399FBF0FB00FB1B97142007F09AFC05F6884205F54963222117201A
S325602022A013EA290338BF1346324607F059FB4FF00A098BEAEB7304F5807020222121A3EB3C
S325602022C0EB73CDF80090834607F0D2FC554A2521352007F049FD202287EAE7733D215846B7
S325602022E0CDF80090A3EBE77307F0C2FC05F6B84332462021592007F033FBD4F8C830202114
S3256020230063200AFB03F338F90320474B53F8222007F02AFD404BD3F8987467B109231D2243
S325602023201F21622007F000FC05F6984332462A21642007F015FBD4F8C83048222A216E2037
S3256020234002FB038898F9023005EB8305D5F8C02C07F00AFD354B08223621092007F000FB61
S32560202360D4F8C82002EB82030433DBB204EB83031B69002B75D02E4A3621142007F0F4FC9A
S32560202380D4F8C83004EB031393F96531002B02DB284807F031FAD4F8C83004EB031393F9DD
S325602023A0650107F06DFBD4F8C820234B122101FB02339B892BB1214B08223621642007F0E4
S325602023C0CFFA002F7FF4ABAE94F8CC101623082238465943094B203107F0C2FA9FE6374674
S325602023E0F5E600BF32C500203CC50020000F00201DC5002022C5002024E90120881A00205D
S3256020240052C5002038EC0120E030012030100120E430012050C50020B4E80120F00D0020E4
S32560202420A01A0020E2EA0020589F2060286200205AC500208EE60020A0240120E01A00205D
S325602024404FC5002046C50020901A002000200120534608220D21284607F082FAD6E65B465D
S32560202460F7E704EB02126420B2F9663103F51C53103393FBF0F2114600FB1235029207F0F1
S32560202480F3F9029A3621143007F0E6FAC24807F0B3F9092D02DCC14807F0AEF9284607F0EF
S325602024A0EFFABF4807F0A8F96AE707F001FB48E6B9F1060F7FF45EAEDBF8A004122707F0B7
S325602024C04FFC09FB00F0172600F10A047C2CA8BF7C2404EBD4756D10C5F13E053B462246B5
S325602024E03146284607F0ACFBBB1EA21E711C681CDFF810A307F068FB731D09F1FF390293EE
S325602025006B1DCAF80430731DCAF80830B9F1040F10D8DFE819F0160035004A004F00EE00E6
S3256020252064241C2717260E25D8E73624262719264925D3E7DBF8A00405B0BDE8F04F07F006
S325602025405BB9984A1E214E2007F00EFC964A28214E2007F009FC954B082232214E2007F0FC
S32560202560FFF9934B08223221562007F0F9F9914B082232215E2005B0BDE8F04F07F0F0B913
S325602025808D4807F0D5F907F0F3FA28B18B4805B0BDE8F04F07F0CCB9894B8A4A587A8A4B27
S325602025A0002814BF10461846F1E7884807F0C0F98748ECE79BF8A4A4DFF850B20AEBCA0970
S325602025C084484FEAC9030293834B1B68002BB5BF4823824B03FB0AB393F90010ADBF804B59
S325602025E093F9021093F9039093F90090039107F09FF90AF1010007F08FF97A4807F098F994
S32560202600482202FB0AF23BF90200774A52F8200007F08EF9754807F08BF90399744A02EB73
S325602026208102D2F8F80C07F083F9B9F1000F02DB704807F07DF948464FF0000907F06CF963
S32560202640029B3BF9030007F0EFFA43680293482303FB0ABA029B99450FD1B8F1000F00F0D0
S325602026609780B8F1020F1EDC1A20634B0822232108FB000007F074F91EE0BAF8043009EB74
S325602026808900282143FA09F3183013F0010F4FF004031A4604D007F007F909F10109D9E719
S325602026A007F092FAF9E7B8F1030F1AD1062351222721172007F0B4F93B46224631462846FE
S325602026C007F032FA07F0A4F900210A238022084607F0B6FA0021494805B0BDE8F04F07F096
S325602026E047BB08EB8808444B08222C2108F10200C0E7221F3B1FB11CA81C07F0A1FA6B1DE1
S32560202700DFF80C81CAF80430731D98F8011098F90000CAF8083007F0DFF8DFF8D4900346CB
S3256020272098F80220364909EB82023648D2F8302D07F0D6FA98F8013003F0E003A02B03D1C8
S3256020274098F9000007F09CF96B1D98F8061098F80320CAF8043006F10F0301322948CAF890
S32560202760083098F8053009EB830309EB8109D3F8743DD9F8741D0091234907F0B1FA3B46E0
S3256020278022463146284605B0BDE8F04F07F0CCB905B0BDE8F08F00BFE2EA00202FE6002098
S325602027A062C5002022C500201DC5002040620020306200205062002065C500206CC5002062
S325602027C03032012027C500202DC5002072C500205EF10020E7040120A405012041220120B2
S325602027E0402201205CE40020589F20609CBE0020F00D00208EE60020181B00207CC500201A
S3256020280092C50020E43001209BC5002000200120A02401202DE9F0410A4609780446022953
S3256020282044D0032900F02C8101290FD1AB485388D0F89854BDB1022B0AD190F8A40407F00C
S32560202840E3F9A74BB3F85C20A3F85E20BDE8F081012B02D14FF0FF31EFE70023C0F89834E3
S32560202860C0F89C34EDE7042BD2880CD009D8581E0128EBD8032A0FD184F8DD10C4F8D85074
S32560202880E4E7082BE2D194F8DD30002BDED09548BDE8F04107F090B8013B18BF012384F8EA
S325602028A0DC30914B1B68C4F8D830CFE75288082A4AD036D8022A1FD8002AC7D090F8DD3000
S325602028C093B9D0F8D0307BB9012AD0F8C8300CBF0722092213445A4203F0070302F0070235
S325602028E058BF5342C0F8C830D4F8D830002BADD0002384F8DD303CE0042AA7D190F8DD3077
S32560202900002BA3D190F8CC3083F0010380F8CC30002B9BD0D0F8D030052B97D1C0F8D02085
S3256020292094E7102A92D107F023F930B106F084FF0220BDE8F04107F0E3B96C4B587A80F008
S32560202940010007F011F9F3E790F8DD30002B7FF47DAFD0F8D030002B00F0898090F8CC2056
S3256020296052B9052B08D107F077F9012384F8D4300023C4F8D03069E7013BC4F8C430002A6D
S3256020298071D0C4225A4D5B4F26465343012204F18008EA501D44B6F966311036B7F90000C0
S325602029A0483703F5FA736860AB6096F955313F33EB6007F059F996F9583117F9452C00FB2B
S325602029C0023096F85A213C30D2012861D2B296F85431B0454FEA031303F0300343EA02033B
S325602029E017F8462C02F00F0243EA02036B6137F8443C45F8183FCED100233F4D202084F882
S32560202A00D4302B7004F016FC05F052FB402004F011FC0123394A2B70D2F8081CD2F80C3CA6
S32560202A205B1A0233F8D0D2F8083C03F0010303F5407352F823000028EED007F0B9F8304D76
S32560202A400D2212232F48C5E9012306F071FF1F211B232D48C5E9011306F06AFF00232B601B
S32560202A6007F032F884E7204606F0D6FF80E71B4BD0F8C82083F8A4240122C3F89824E5E6EE
S32560202A805388042B21D1D0F8D030002B7FF4DEAED0F8C81000EB011090F86431022B07D104
S32560202AA00029C2BF90F86A1181F0010180F86A1101330321DBB2B3FBF1F101EB41015B1A65
S32560202AC080F86431012384F8D4305388022B7FF4BDAED4F8C43001334BE700BFB4E8012037
S32560202AE06C23012038EC0120E03001203032012024E901200020012028430120D436012081
S32560202B00E4300120A8C50020B7C50020012970B5044611D011F0FD050DD190F8E03053B1DA
S32560202B20D0F8CC0004F5A071064B03EBC00007F0DFF884F8E05070BD0368BDE870405B6C44
S32560202B40184700BF5CED01202DE9F04F0446C749C7482DED028B85B007F00AF9D4F8DC30FB
S32560202B60002B47D0C34A01214620C34E07F0FCF8D4F8DC100A2394F8E100C04A00255943DF
S32560202B80BF4BC04F0531002808BF1A46DFF83C831920DFF83C93039107F0E6F8BA4B082204
S32560202BA00399322006F0DCFE0A2156F8042B3C2069430F3107F0D8F817F83530A3B94846BC
S32560202BC006F01AFE0135042DEED194F8E130002B40F0B481AD4A37213C2005B0BDEC028B78
S32560202BE0BDE8F04F07F0C0B8D4F8CC30AB42E9D14046E5E70123DFF8DC827421C8E9011388
S32560202C0094F8E03013B1A24806F0F6FDD4F8CC20A04B03EBC20393F8A83433B19E4B03EB83
S32560202C208203D3F8100106F0E7FDDFF8ACA20025DAF80060B600C6F13F03C6F12B0603932A
S32560202C40280101350C212A46053006F005FF082DF6D1D4F8D4000A2309220B21000100257D
S32560202C60DFF878B2043006F0DBFED4F8D830D4F83C0109220B2100EB03108430434200F06F
S32560202C807F0003F07F0358BF58420A23C0B206F04BFFD4F8D4302F014FF4C06C05EBC30305
S32560202CA007F10809A03334F91310D4F8D03019447A4B1A78DAF8003002FB0333DBF80020BA
S32560202CC0A3EB83030CFB02F2B1EB432F4FEA432003DB9142A8BF11460846314606F080FF0C
S32560202CE0039B181A94F8E230002B00F09680032D40F093806A4B08222821484606F030FE62
S32560202D000135082DC5D194F8E2305BB101212B462A46084606F094FF0121624B2A4608461B
S32560202D2006F01EFE04237F2200200093039B194607F062F8D4F8D0302BB15B4B0822382161
S32560202D40002006F00DFE594B08220121402006F007FED4F8D4210121492006F07DFE94F838
S32560202D60E3302BB1524B082201216C2006F0F8FD94F8B43023B9D4F8C830002B00F0DE80F5
S32560202D800D2329221B212C2006F05AFF0D2329221B212C20642506F017FF2E221E234549A4
S32560202DA06FF06300C8E90123D4F8D420D4F8C43003EBC203A03334F91320364B93F8C83488
S32560202DC0002B14BF782364235A434FF4C06392FBF3F38A42B8BF5B4293FBF5F500FB05344B
S32560202DE0354B36488A42A8BF184606F005FD284606F046FE324806F0FFFC092C02DC314827
S32560202E0006F0FAFC204606F03BFE2F4805B0BDEC028BBDE8F04F06F0EFBCD4F8C430AB4217
S32560202E2000F1FF3308EE103A5AD194F8B4301BB9D4F8C030002B53DD3E234A46142148466F
S32560202E4006F056FE94F8B43033B107F109023E231421104606F04CFE94F8B420032318EE93
S32560202E60101A781D073206F01FFD48E0681D0020CEC500203CC50020000F00201DC50020F0
S32560202E8022C500205CED0120881A002052C5002050C50020B4E80120F00D0020B13601202B
S32560202EA0700E002090620020701D0020781D0020801D002001FAFFFF8EE6002026EC0020FE
S32560202EC0E2EA00202FE600203FE200204FC5002046C50020E4300120D8050120A0050120B2
S32560202EE002234A461421484600933E2306F084FF0323052218EE101AB81D06F065FE28464E
S32560202F0006F096FDDBF800304FF4C06231465A4306F066FE034607F10D00F11A0CD4B142A0
S32560202F20A8BF3146002B4FF0030201F11401B8BF5B4206F0F9FDE3E60021F3E705B0BDEC95
S32560202F40028BBDE8F08F10B50B780446022B24D0032B68D0012B08D14B88102B06D106F041
S32560202F60ABFE00F00700C4F8D80010BD202B0CD0402BFAD1D0F8D83001335A4203F00703D0
S32560202F8002F0070258BF534204E0D0F8D830013B48BF0723C4F8D830E7E74A88042A3BD046
S32560202FA016D8531E012BE0D8D0F8DC30FBB9022AD0F8D4300CBF0922072213445A4203F0C3
S32560202FC0070302F0070258BF5342C0F8D430CCE7082ACAD1D0F8DC30F3B190F8E12052B972
S32560202FE0052B08D106F058FD012384F8E0300023C4F8DC30B9E7013BC4F8CC3042B112487B
S3256020300004F5A07100EBC30006F072FE0023ECE7204606F011FEEAE794F8B43083F00103F3
S3256020302084F8B430A1E74B88042B06D190F8E23083F0010380F8E23097E7022B95D1D0F8D5
S32560203040CC300133D4E700BF5CED0120B03006F0B7BDB03006F0B4BD38B50C460546094969
S325602030603A22234600F5867006F022FE23463A22044905F5597006F01BFED4E90030C01A59
S3256020308038BD00BF682600202DE9F047392300256A4C0646C0F8B0502946C0F8B8504FF052
S325602030A00208C0F8C8500127A0F8D85080F8DA50DFF89491C0E92F35614BC0E93444C0F898
S325602030C0CC30C0E93755E43004F07AFB23464FF0FF30002106F58474E3E90801C3E902014D
S325602030E0C3E9040104F1040A0023524659F823100633B3F5AE7F42F8041BF7D104F5AA7015
S3256020310006F066FD08F001030022012184F8EC30504684F8ED5084F8EE5084F8EF5084F8B8
S32560203120F15006F009FE04F5F47006F02DFE0F2304F50A7284F8267284F84B32002384F8FA
S32560203140287284F8295284F84A52C4E9935522F8023F80339BB2B3F5006FF8D142F21073B9
S32560203160A269204684F8F47084F82D2184F8F570A4F82251A4F81C51C4F8FC5084F8F750EA
S3256020318084F8F85084F8465184F8485184F83D5184F81E5184F8205184F81F51C4E94035CD
S325602031A0A36884F8F630636984F82C31636D84F847314FF0FF33C4E94433224B03EA8223DF
S325602031C04022C4F81831236CD9B25BB284F82E11C4E9495506F05CFD84F83231A4F83001DA
S325602031E0002184F8333104F5B47084F83C5184F83E71C4F8545284F8605184F8615184F8BE
S32560203200635184F8647184F8655184F8667184F8627106F099FC204606F042FDB8F1010F70
S3256020322004F5167406D1D6F8B032013BC6F8BC30BDE8F0874FF0010854E700BF70E8012041
S32560203240A7D9002000FCFF0368260020012911D002D9023901291AD8D0F8B0304FF41672EC
S3256020326000215343C21803F5847382F8F911184406F016BD064A0023E430B2F85C1000F80A
S32560203280303C40F81C3CA2F85E1006F02DBB70476C230120436D2DE9F041072B90F8EC5072
S325602032A0B0F822710CBFAC0090F80441D0F8246104BF0634E4B2A40004EB851404F0FC0409
S325602032C0002F67D13E46022305223F21204606F0EBFA442200214020023406F009FB002E4B
S325602032E0E4B27ADA73429B11282BA3F12808A3F15007A8BF2823012BB8BF0123C3F3470283
S325602033005910A01AC6B240B2002D4AD03F2850DCC4F140000244402056B29A1BC1F11E0197
S3256020332006F052FCB8F1000F18DD4346282BA8BF2823C3F347025910A01A5FFA80FC40B29F
S32560203340002D3AD03F2804DCC4F140000244402056B29A1BC1F11E0106F0A6FA002F40F348
S32560203360AE80282F3B46A8BF2823C3F347025910A01AC7B240B245B33F2804DCC4F140044A
S325602033804020224456B29A1BC1F11E01BDE8F04106F056BC05233C2120461A4606F084FAB6
S325602033A097E7C2183F2A06DDA3F14002164476B2B3E70026B1E72E46AFE7C2183F2AC2BF65
S325602033C0A3F14002624456B2C3E7C2183F2AC2BFA3F14002D21956B2D5E7B311A3F1280868
S325602033E0A3F15007002B4CD0282BA8BF2823C3F347025910A01AC6B240B2002D43D03F28DD
S3256020340049DCC4F140000244402056B29A1BC1F11E0106F049FAB8F1000F17DD4346282B17
S32560203420A8BF2823C3F347025910A01A5FFA80FC40B2A5B33F2804DCC4F140000244402031
S3256020344056B29A1BC1F11E0106F0FAFB002F36DD282F3B46A8BF2823C3F347025910A01A7F
S32560203460C7B240B21DB33F2804DCC4F140044020224456B29A1BC1F11E01BDE8F04106F02B
S3256020348013BA0123B3E7C2183F2A06DDA3F14002164476B2BAE70026B8E72E46B6E7C2184C
S325602034A03F2AC2BFA3F14002624456B2C9E7C2183F2AC2BFA3F14002D21956B2DAE7BDE875
S325602034C0F0812DE9F7430E7804460F46032E05D14B88022B17D0042B00F09780D4F8C85078
S325602034E0002D00F05E81022E04F1C80040F0F6807B88013B072B00F2EE80DFE803F0B2CAB0
S32560203500ECD2ECECECE44FF41673D0F8B0505D43431993F8F931012B60D105F58675002206
S325602035201E210544284606F007FC00221C21284606F002FC00221F21284606F0FDFB002275
S325602035402021284606F0F8FB00222121284606F0F3FB00222221284606F0EEFB002223217F
S32560203560284606F0E9FB00221D21284606F0E4FB00222621284606F0DFFB0022242128465E
S3256020358006F0DAFB00222521284606F0D5FB00222721284606F0D0FB00222821284606F0D6
S325602035A0CBFB00222921284606F0C6FB00222A21284606F0C1FB00222B21284606F0BCFB18
S325602035C000222C21284606F0B7FB00222D21284606F0B2FB002384F8B4307FE790F8F621D7
S325602035E02E2100F5867082F0010280F8EA2006F0A3FB94F84E242E2104F5597082F00102FC
S3256020360084F84E2406F098FB68E7D0F8C830002B7FF464AFD0F8E450002D7FF45FAFD0F87B
S32560203620B0304FF41671DAB2DB4303F0010301FB02024B43B2F84C82062192F8242103F5C5
S32560203640847903F586738144184406F075FB414648462A4606F0C8FA0121484606F018FA7A
S325602036603CE794F8DA10013149B20429A8BF0021002384F8DA102846C9B2C4F8DC3006F019
S3256020368013FBC4F8E000284606F002FBA4F8D80021E094F8DA10013949B20029B8BF0321B5
S325602036A0E6E7D4E937239A4215D20123B4F8D81093400B429AB214BF9943114303B0BDE85E
S325602036C0F04306F03DBA9A4BB3F85C20A3F85E200023C4F8C83003B0BDE8F083032EFAD181
S325602036E07B88022B1BD0042BF5D1914BB3F85C3099071AD495F8EC0094F8DA3094F8E01008
S3256020370003EB80038B48B4F8D82080F8C0370020894B197200215A81C3E90001DBE7844B13
S32560203720B3F85C3013F0040304D003B0BDE8F04306F012BA804F8148D7E900128842934199
S3256020374026D33E7A284694F8DA2095F8EC803146019202EB880806F027FA019A798928469C
S3256020376006F0D2F8734A5FFA88F892F8C03702EB431302EB481203F1200153F8040B8B4226
S3256020378042F8040BF9D100220023C7E900230EB9D4F8E06094F8DA10D4F8C800C4F8E0609F
S325602037A072E7D4F8E4303BB1394604F1E40003B0BDE8F04304F0A0BA022E8CD17B88013B61
S325602037C0072B88D801A252F823F000BFF937206049382060D7362060ED372060D7362060A3
S325602037E0D7362060D736206075382060012384F8503284F8A8346EE74FF41673D4F8B000E5
S325602038005843231893F8F9219AB993F8F51100F5867081F00101204483F8F511C26931B173
S325602038200132072103B0BDE8F04306F085BA013AF7E7002500F5847083F8F951204406F0A1
S325602038402FFA84F8B45046E7D4F8B0004FF416735843221800F5847092F8F9312044B3FA41
S3256020386083F35B0982F8F93106F01AFA002384F8B43030E74FF41673D4F8B020D4F8C0109C
S325602038805A4302F5847322441144234491F8B4120E290AD80A292CD8062911D00A291CD027
S325602038A094F8B43083F00103E1E72E29F8D10021184682F8F91103B0BDE8F04306F0F0B986
S325602038C094F8B4200121184682F0010284F8B42003B0BDE8F04306F0DBB8DA69042A3FF405
S325602038E0FAAE194604F1E40003B0BDE8F04306F003B9196C4A1C3FF4EEAE0E4A184602EBC8
S325602039004112C4E934220E4A02EB8102D2F8982EC4E932320022C4F8DC20196C84F8DA109D
S32560203920C9B206F0C1F9C4F8E0001846ACE600BF6C230120F0E00120181001203F0D030052
S32560203940582600202DE9F84305460E4600F5847400F5B768DFF85890444509D1D5F8B03281
S32560203960013BC5F8BC30D6E90030C01ABDE8F88333463A224946201D05F08EFF94F8407094
S3256020398020460122394606F083F981B2204606F017F8204684F82E7106F082F9D4F8BC30DF
S325602039A0003B18BF012384F8EE3004F51674D3E7682600202DE9F0410446D0F8C80000287D
S325602039C07FD04A8804F1C806B4F8D850B2F5807F19D1B1F90430D4F8DC20D4F8D41013446C
S325602039E0D4F8E02001B9013A002B0ADB9342A8BF1346C4F8DC3029463046BDE8F04106F062
S32560203A009FB80023F5E7B2F5007FF4D1D4F8D430B1F9047094F8DA20D4F8DC1083B3D4F8B1
S32560203A20E0C08C452CD10CEB07011029A8BF10210229B8BF0221002FC4F8E0101ADD674B79
S32560203A40B3F85C305F0715D5A1EB0C074FF6FF73BB40634FDB4303FA0CF34FF0000C25EAE2
S32560203A60030590F8EC309B00DBB2134401EB031327F813C0C9B206F097F8D4F8E030B8E726
S32560203A8090F8EC30CCB256489B00DBB21A44120152FA81F1224430F911305049B1F85C100B
S32560203AA0490750494CBFDB1903EBC713B3F5EC5FA8BF4FF4EC538B42B8BF0B4620F8123005
S32560203AC099E7D4F8E4602EB104F1E400BDE8F04103F0E4BF4A88B2F5807F1CD1D4F8B020AB
S32560203AE0B1F9043013444FF4167283F3010302FB03F5C4F8B03005F58470204406F0D0F825
S32560203B006319C4F8B860D3F8B032C4F8C060013BC4F8BC3028E0B2F5007F25D194F8B430CE
S32560203B20D4F8B070B1F90410002B51D04FF41676D4F8C0307E4304EB060806F58670434448
S32560203B40204493F8B45250F825200A44294606F0F3F810B1012388F8FC3106F584730F2DFF
S32560203B60234410D002D825B1BDE8F081143D012DFAD8184606F094F84FF4167303FB074769
S32560203B80D7F8B032C3E75A6D93F84010013AD2B20A2A0DD84FF4167202FB074292F83602F7
S32560203BA0884205D0D2F8040247F230529042DBD94FF41672184602FB074282F8361201227B
S32560203BC006F066F881B21846BDE8F04105F0F8BE04F1B400BDE8F04105F06EBF6C230120A8
S32560203BE0F0E0012000EEFFFF2DE9F04F044602264FF04108B44D2746B146DFF8E8A22DED33
S32560203C00028B97B005F0B0FEB7F824224FF6FF739A42C5E9016900F0BC80B7F82A12994215
S32560203C2014BF01210B21701E06F056F86B68504605336B6005F07CFE404605F00DFEA348BF
S32560203C4005F076FE97F83602013005F065FE6B6816336B6097F8F53113B19D4805F068FE85
S32560203C60403608F1010807F51677822E5FFA88F8CAD1D4F8B0004FF41676464306F00CF8CB
S32560203C8004F1B4010EA805F0C3FF09A806F5847906F09AF806F586732644A144E318059380
S32560203CA0DDE913239A4276DDD4F8C830002B00F01F82002140238022D4F8E06008464FF014
S32560203CC0030805F0BDFF002140238022084605F07BFFD4F8C83094F9DA2002201B6C94F83F
S32560203CE0DA709A4207F10107C5E9010840F026813A467849744805F0F3FFD4F8DC20964206
S32560203D0040F02881744805F013FE092E30468CBF0221012105F008FEB50094F9DA10C5F168
S32560203D2045030393D4F8C83093F82E01D3F80421884240F060815B6DB3F1070918BF4FF044
S32560203D400109D3B2B4F8D8A0C5F1440500270493BE4205F1010840F05181039BC6EBC60552
S32560203D601D44D4F8D4307BB10423292128461A4605F02AFFD4F8DC309E4205D10823272102
S32560203D80A81E1A4605F020FF17B0BDEC028BBDE8F08F0F2147E709A90EA805F009FE30440C
S32560203DA0059A90F8B4324D4F52F823800E2B4FF0180202FB03770BD8042B0BD9053B092B74
S32560203DC008D8DFE803F0770D07070725343434342E2B27D03A46414609A805F071FD5FE784
S32560203DE009A805F0D9FE9DF8253043B13B4642460B99062005F0E0FE6B6806336B60384BE2
S32560203E0053F8280005F094FD09A805F019FE47E7D9F81C0005F008FFB6F84C1242680B98F6
S32560203E2005F01EFF394609A805F042FD38E7D9F854304FF0000896F93CA2072BB6F838B294
S32560203E4014BFB6F80C32FF23BAF1100F049328BF4FF0100A0B9B03930AEB4A03C3F18003A5
S32560203E600693039B083308EE103A08EB4800069BC2451844D6D01BF0010F07901BBF0399FD
S32560203E8008230123022212BF0131022218EE101A05F00AFD9DF810300798434505D10223DF
S32560203EA003991A460A3105F0FFFC08F101084FEA5B0BDAE799F80430012B15D83A4641460E
S32560203EC009A805F0A5FCEBE6E430012011C400208EE60020C4D900205CE4002068260020BB
S32560203EE0ACA1206062FF0020894909A805F0E8FD0B9B0D9A0233C5E90123B8F1000F14D1A0
S32560203F00844805F0DDFE9DF825302BB13B464246DDE90B1005F050FE9DF82430002B3FF445
S32560203F20BFAE09A805F028FFBAE6B8F1FF0F01D17948E6E7404605F0A3FEE4E7774B04223B
S32560203F40414605F0F5FD06233846C5E9013805F0E3FCD2E6D4F8C85094F8DA1095F8EC3050
S32560203F602D6A9B00DBB20B441B0153FA82F26C4B33F912C04FF4C0639CFBF3F3A3EB830126
S32560203F802B44684D0CEB41214A4201F07F0002F07F0258BF504200290A4607EE900AB8BF87
S32560203FA001F17F02BCF1000FB8EEE75B4FEAE2129FED556B85EE067BFDEEC77B17EE907ABB
S32560203FC013DA0C324FF00C0C7F31574992FBFCFE0CFB1E22B8BF03F1FF3355F82220CDE9D9
S32560203FE00070524805F07CFE96E655F822205049CDE90070F5E74FF00009A2E6D4F8C83088
S3256020400094F8DA2093F8EC309B00DBB21344444A1B0153FA87F332F91330049A97420CBF4D
S32560204020CB464FF0000B002B0AF0010233DB002A41D003F580731B12C3F12B01BBF1000F7B
S3256020404002D00622284601E00422404605F02CFCD4F8DC309F4210D1364BB3F85C305B0714
S3256020406049BF0A2308232621A81E4FBF1A461A46272105F1FF3005F0A7FDBBF1000F05D0E9
S32560204080022304223C21404605F00EFC01374FEA5A0A07355CE672B1A3F58073002BB8BFCA
S325602040A05B421B12BBF1000F02D006222B21C9E704222B21C9E703F2FF1140F2FE329142A3
S325602040C004D802232A211A46E818BFE7002B4046ABBF03F58073C3F5807304220422ADBF9F
S325602040E01B122B211B12C3F12B0105F06DFDAFE7D4F8E430002B3FF447AE04F1E40003F0C0
S3256020410073FB41E6AFF300807B14AE47E17AF43FB8D900209EC10020A3C100204823002011
S32560204120F0E00120B01A0020C8D90020E4300120DBD900206C23012011B903681B6D184788
S32560204140012902D103685B6CF9E770470023A0F8B6307047012904BF0023A0F8B630704776
S3256020416090F8B6203AB990F8B53080F8B72083F0010380F8B53070470A78022A11D14A88BF
S32560204180042A09D190F8B62082F0010280F8B620002280F8B7207047082A02D103681B6C51
S325602041A018477047F8B54B8804460D46042B19D10B78032B06D190F8313483F0010380F8C9
S325602041C03134F8BD022BFCD190F830341BB1002380F83034F5E790F82F3483F0010380F8D8
S325602041E02F34EEE7082B38D10B78022BE9D190F830345BB190F8321490F82E64B1426ED149
S3256020420003681B6D9847002384F8303494F82C2494F82D340132052BD2B284F82C2400F2D5
S32560204220958094F82E1401EB410103EB41030C21DBB201FB034393F838140B2997BF504BBD
S3256020424003235B1893F828309A4202D3002384F82C344FF47A63C4F8C0306B88012B19D1D7
S325602042602B78022BADD194F830344BB194F83224531E002A6ED0032BA8BF032384F8323426
S3256020428094F82E24531E002A66D0032BA8BF032384F82E346B88022B93D12B78022B0BD120
S325602042A094F83024002A59D094F832340133032BA8BF032384F832342B78032B81D194F8D3
S325602042C0303483F0010384F8303494F82E340133DBB2032B88BF002384F8323471E701EB30
S325602042E041020C2006EB460C52000FB200FB0243C2EB4C024FF0000C03F23443424398580C
S3256020430003EB020E0CF1010C0C3343F80C0CDEF80400BCF1060F43F8080CDEF8080043F879
S32560204320040CECD1042204F2575004EB870702FB064312FB060203F2535313F8010F9A42FD
S3256020434087F85405F9D184F82E145CE7032A3FF67DAF7EE7002391E7002399E794F82E3415
S3256020436084F82C240133032BA8BF032384F82E3494F82D34052B98BF84F82D249CE700BF9B
S32560204380A8370020B03005F0B7BC10B5044689B9D0F8E8200846D31705F02EFC204605F07D
S325602043A017FB074805F0E4FA236820461B6DBDE810401847012902D103685B6CF7E710BD9C
S325602043C03BEA0020B03005F0FBBBB03005F0F8BBB03005F0F5BBB03005F0F2BBB03005F023
S325602043E0EFBBB03005F0ECBB4B88042B2DE9F0410446B0B00F462CD10B78032B12D190F8B0
S32560204400D43B0BB905F0F0FA94F8D43B012B02D1204605F089FC94F8D43B012B02D92046E2
S3256020442005F02AFA3B78022B13D194F8D43B042B45D194F8D53B84F8D43B94F8D43B002B4C
S3256020444044D04FF47A63C4F8C030B4F81034A4F80E347B88082B09D13B78022B2CD1B4F88F
S325602044600E34002B3AD0204605F0EEFA7B88012B0AD13B78022B1FD1B4F80E34002B00F019
S325602044808280204605F0E0FA7B88022B14D13B78022B07D1B4F80E34002B00F0588120464A
S325602044A005F0D2FA3B78032B06D194F8D43B84F8D53B042384F8D43B30B0BDE8F0810133FA
S325602044C0DBB2032BB7D9002384F8D43B94F81234002BB6D0012384F8D43BB2E794F8D42B07
S325602044E0042A09D1A4F80A34204623681B6C984794F8D53B84F8D43B94F8D43B8BB994F86B
S3256020450029234AB994F8DB3B01335BB2022BD4BF84F8DB3B84F8DB2B4FF47A63C4F8C03043
S32560204520A4E7012B0DD0022B23D0032BF4D194F8DE3B01335BB2012BC8BF002384F8DE3BFD
S32560204540EAE794F8DC3B502194F9D92B013301FB02425BB2042BA8BF002384F8DC3B92F808
S32560204560DD2A042AD8D9022BD6D1032384F8DC3BD2E794F8DD3B01335BB2052BA8BF0023EA
S3256020458084F8DD3BC8E794F8D43B002B46D194F8292394F82A3382F0010284F829232BB19B
S325602045A094F824138C4B03EB8103DA7094F9D83B0020E11881F82C0382B30222DBB2312582
S325602045C00DF1800884F8DB2B24AE834A32F8230002EB83028DF839309178D278ADF83A00CF
S325602045E010A88DF83C1006218DF83D200EAA8DF8385005F0E9F910A9404605F03DFA542325
S325602046006D460C930FCE0FC50FCE0FC596E80F0085E80F0098E80F0005F062F994F8D43BDD
S32560204620012B07D194F81234002B7FF42DAF84F8403329E7022B56D194F80C34622B3FF6C3
S3256020464023AFB4F9D63BB4F80A0404EB4303B3F842530135ADB2854257D394F8DA3B04EBFF
S3256020466085050020DFF87081032B95F8506428BF032306F03F0646EA83160346F6B285F854
S32560204680506408EB83020133D278142B1044C0B2F7D1002856D005F063FA0022C0B2134690
S325602046A008EB8301C9780A44D2B2904247D1DBB226F03F062046334385F85034002385F89B
S325602046C0513443F20103A5F85234B4F80A3494F8DA1B0133A4F80A34B4F8D63B0133A4F86D
S325602046E0D63B05F079FA94F8D43B032B7FF4CCAE94F8123483F0010384F8123423B394F898
S32560204700403384F84133012391E7421C00F21513281AAA424FEA83034FEA8000A2EB050262
S32560204720B8BF0420A3F104014FEA8202B8BF0022014418442144204405F01EFA8DE701334A
S32560204740142BADD10023B3E794F841336FE794F8D43B3BB994F824231F4B33F82230A4F81E
S3256020476026339FE6012B0AD0022B0BD094F8D43B032B7FF497AE204605F0B6F992E684F848
S3256020478040338FE694F80C24002A3FF495AEB4F9D63B934204BF03F1FF33A4F8D63BB4F979
S325602047A0D63B04EB4303B3F8421301F2151304EB8303B4F80A24914208DB013A94F8DA1B51
S325602047C02046A4F80A2405F007FACFE71A680131043343F8082CECE73CF801204B88042BF3
S325602047E02DE9F04104468AB00F4630D10B78022B24D190F8D5308BB1002384F8D5307B88FD
S32560204800012B76D13B78022B40F082804FF0FF3120460AB0BDE8F04105F0DEB890F9CA202A
S32560204820142190F9CB3001FB0233D0F8D0103A4A043322F8131005F0BBFAE0E7032BDED11A
S3256020484090F8D530002BD7D103681B6D98477B88082BD4D13B78022BD1D194F8D530002B87
S325602048603CD094F9CC006E4605F0DEF90546DFF8A880EC460FCD0FC60FCD0FC695E803006F
S3256020488094F9CA5005EB850586E8030008EBC505BCE80F000FC5BCE80F000FC596E80300B4
S325602048A085E8030094F9CA50284605F0BDF94FF6FF720146194804F0AFFF204605F078FA75
S325602048C0002394F9CB0084F8D530142303FB0500043038F91030C4F8D03090E794F8D430B4
S325602048E083F0010384F8D4304FF47A63C4F8C03085E7022B0CD13B78022B01D1012187E7B7
S32560204900032B02BF94F8D53083F0010384F8D5300AB0BDE8F08100BF54EE0120082001205E
S32560204920F8B54B880446B3F5807F52D190F8D530002B60D190F8D450002D5CD190F9CA001B
S32560204940142794F9CB30714E07FB00378988002B07F10402C8BF033736F812200A444FF02E
S32560204960280101FB006112B2D1F804C0D4BF294636F917100CF1FF35AB42B5BF142528256A
S3256020498005FB00354543B6BF0535755F36F915508A4204DC002BCABF013100220AB2AA4261
S325602049A04FF01401A8BF05F1FF3501FB0033A8BF2AB2043326F8132005F036F94FF6FF72B8
S325602049C00146534804F028FF2046BDE8F84005F0EFB9B3F5007F0ED190F8D530B1F90450E3
S325602049E053B190F9CC302B44942BA8BF942323EAE37380F8CC30F8BD90F9CA0028234349A6
S32560204A0094F8D42003FB00135B68002A3FD0002D09DD142202FB0032033231F9126040F208
S32560204A20FE529642E7DC2B442822102B02FB0012A8BF1023042BB8BF0423536094F9CB2070
S32560204A409342DCBF03F1FF3284F8CB20002D0EDD14254543EA182B440232033331F91220C4
S32560204A6031F913509542BCBF013221F8132005F0DBF84FF6FF720146254804F0CDFE2046FB
S32560204A8005F096F94FF47A63C4F8C030B3E794F8CB202A44D5B252B2002A84F8CB2012DAB9
S32560204AA0D4F8DC20002A02F1FF32ACBF03F1FF350135042A6DB2A8BF042284F8CB5042EAF4
S32560204AC0E272C4F8DC2094F9CB209A4212D1D4F8DC20032A02F10102CABF03F1FF33002350
S32560204AE05BB2042AA8BF042284F8CB3042EAE272C4F8DC2094F9CB30142202FB0033043394
S32560204B0031F91330C4F8D0305EE700BF54EE0120082001204B88042B70B504460D461CD185
S32560204B200B78032B26D100264FF4F05005F018F8002182B23046013605F036F9202EF3D161
S32560204B4000264FF4F05005F00BF8012182B23046013605F029F9202EF3D16B88082B21D1EA
S32560204B602B78022B05D194F8EF3083F0010384F8EF3070BD022BF0D190F8F0300133DBB2C8
S32560204B80062B07D9002380F8F0304FF47A63C4F8C030E2E780F8F030002BF6D0184BC0F88A
S32560204BA0F430F2E7012B0BD0022BE2D12B78022B10D194F8EE3083F0010384F8EE30D8E760
S32560204BC02B78022BD5D194F8ED3083F0010384F8ED30CEE7032BCCD10024002220460134BF
S32560204BE0114605F0E1F8202CF7D10024204601340022012105F0D8F8202CF7D1B9E700BFBB
S32560204C000B8B0200F7B50A23012705467F22194600200097002604F023FF0C237F22274CF4
S32560204C2019460020009704F01BFF2548C4E9016704F07EFE0F2395F8B620A360666095F8ED
S32560204C40B730EAB1C3B11F4804F072FE95F8B7200823212104323046BA4004F025FE00235C
S32560204C603726C4E9013695F8B63073B1164803B0BDE8F04004F05CBE144804F059FEEEE766
S32560204C800BB11348F9E71348F7E7134804F050FE4E231248C4E9013604F04AFE0622232368
S32560204CA00F48C4E9012304F043FE95F8B5000D4A0D4B002814BF10461846D8E7E43001207D
S32560204CC0B9EA0020CAEA0020FDEA0020D7EA0020E4EA0020EAEA002006EB002010EB0020C1
S32560204CE019EB0020A8EA0020B4EA002070B5044600215E4805F03CF894F8CC2002210A2A6C
S32560204D0034BF7A20742004F0A7FE94F8ED3013B994F8EE305BB194F8E4106820544A554BE2
S32560204D20002908BF13460822012104F019FE94F8F01041B9204604F02FFE20460121BDE813
S32560204D40704004F029BE0F214B4A01204B4D05F00BF894F8D4204A4B53F8220004F04CFD0D
S32560204D60484B94F8D8200F21662053F8222004F0FBFF454A1921012004F0F6FF94F8DC30FA
S32560204D8005EB8303D3F8100F04F036FD3F4A2321012004F0E9FF94F8E03005EB8303D3F85F
S32560204DA0100F04F029FD3A4A2D21012004F0DCFF94F8E43005EB8305D5F8100F04F01CFD61
S32560204DC00120344A372104F0CFFF94F8E800002848D004F055FE304804F00EFD94F8F03076
S32560204DE0012B06D11E2317223C2104F1B00004F08FFD94F8F030022B06D112231722662189
S32560204E0004F1B00004F084FD94F8F030032B06D11E2321223C2104F1B00004F079FD94F8C5
S32560204E20F030042B06D11E232B223C2104F1B00004F06EFD94F8F030052B06D11E2335228C
S32560204E403C2104F1B00004F063FD94F8F030062B0AD104F1B0001E233F223C21BDE87040C5
S32560204E6004F056BD0D48B7E770BD00BF22EB0020B0460020E01A002033EB0020A83700202C
S32560204E80589F2060B01A00203EEB002049EB002054EB00205FEB00202ED900206AEB002029
S32560204EA001292DE9F041044604D103685B6CBDE8F0411847002958D107468046012600F1F8
S32560204EC0CC0598F8DC2A711E284608F1500804F053FD314698F88D2A284604F04DFD711C5C
S32560204EE098F88E2A284604F047FDB11C043698F88F2A284604F040FD112EE2D1B4F80A2483
S32560204F00122610212846202AA8BF202204F034FD97F85024711E2846043704F02DFD31464C
S32560204F2097F84D24284604F027FD711C97F84E24284604F021FDB11C043697F84F242846E0
S32560204F4004F01AFD922EE3D104F6CF3791263146013617F8012F2846F6B204F00DFD952ED1
S32560204F60F5D1236820461B6DA1E7BDE8F0812DE9F04FAB4E8DB0044607AD0FCE0FC53368F9
S32560204F800021A8482B6004F0F3FE94F8D43B0CAA02EB830353F8140C04F02EFC94F8D43B22
S32560204FA0042B00F26883DFE813F01C00D900EE01660305009C4A0F21002004F0D5FE9B4A61
S32560204FC01921002004F0D0FE994A3721602004F0CBFE984A372100200DB0BDE8F04F04F0C8
S32560204FE0C3BE00261427DFF89082DFF8549294F9D85B07A8354495FBF7F307FB1355EDB238
S32560205000294608EB850504F063FE0A2107AA032071431831039104F0A7FEEB78039923B1CD
S325602050204B460822242004F09BFC0136042EDED1814804F08DFDB4F80E34ABB17F4B0822C3
S325602050400F21382004F08CFC7D4B08220F21422004F086FC0822192138207A4B04F080FCDB
S32560205060794A19214220B7E794F828530822774B0E21402004F074FC29460A2004F0F4FB4B
S325602050802A460F214C3004F0E7FC94F9D83B704A0F212344602093F82C5304F065FE94F839
S325602050A02933002B52D0664B08220F21742004F057FC94F8292394F9DB3B92B9012B06D112
S325602050C0122317226D2104F1B00004F021FC94F9DB3B33B90C2317224D2104F1B00004F09A
S325602050E017FC94F9DB3B022B0BD15A4B08221B21572004F035FC584B08221B215F2004F048
S325602051002FFC012528237F2240201946009504F0A7FC3E2300956FF0030600257F2219465E
S32560205120402004F09DFCB4F826332B41D90707D506FB05F0132303222A217C3004F0B4FBE4
S325602051400135102DEFD10DB0BDE8F08F2946642004F08AFB294604F083FBAAE794F8121425
S3256020516000295AD03D4B0822002100264FF00A083B4F7620B14604F0F3FB94F9D95B08FB4F
S3256020518006F14FF0500A07AA3544183103208DF81D906B4205F0030506F1010603F0030390
S325602051A058BF5D4205F14103EDB20AFB05458DF81C3004F0D9FD384604F01EFB95F8DC0AF2
S325602051C0013004F05DFC042ED7D1264804F0C0FCB4F80E34002B51D0184B08220F21382084
S325602051E004F0BEFB204B08220F21422004F0B8FB1E4A0F214C2004F0B7FD124B0822192141
S32560205200382004F0ADFB082219214220164B04F0A7FB174A19214C20DEE6164B0822A4E776
S32560205220FC4600208DEB002097EB0020ACEB0020BBEB0020C1EB0020C6EB002018470020B3
S3256020524010470020D00F00205501012020470020CFEB00202847002030470020E80E00203E
S32560205260D2EB0020D7EB00203847002073EB002077F00020B00E00203CF80120684A192126
S325602052803820684D04F070FD94F9D93B0AFB034393F8DC0A013004F0F3FB94F9D93B2321C5
S325602052A038200AFB034393F8DD3A05EB8303D3F8982F04F059FD94F9D93B0AFB034393F85A
S325602052C0DD2A042A08D893F8DE2A2D21564B382053F8222004F048FD544A3721382004F051
S325602052E043FD94F9D93B502202FB034393F8DF3A05EB8305D5F8100F04F07EFA94F9DC3B7A
S3256020530033B92A232122392104F1B00004F000FB94F9DC3B012B06D146232B22392104F1F1
S32560205320B00004F0F5FA94F9DC3B022B06D11E233522392104F1B00004F0EAFA94F9DC3B99
S32560205340032B06D112233F22692104F1B00004F0DFFA374B08220F21382004F001FB94F880
S325602053604013344B4420344A002908BF1A460F2104F0FAFC17237F22302019460DB0BDE89D
S32560205380F04F04F0B5BBB4F80A346FF0630149F6B022642001FB03224FF4C67392FBF3F293
S325602053A01146039204F060FA039A0121683004F053FB224804F020FAB4F80A34202B05D909
S325602053C00923122200216E2004F0AEFB00264FF00A081B4F94F9DA5B08FB06F13A4603205B
S325602053E03544183101366B4205F00305039103F0030358BF5D4204F0B7FC03992720EAB21B
S32560205400013204F029FB042EE4D10D4804F0A0FBB4F80E34B3B10DB0BDE8F04F04F08CBAC3
S32560205420DEEB0020A8370020589F2060E5EB00203847002073EB002077F000202ED90020CC
S32560205440EEEB0020B4F9D62B04EB4203B3F842534FF6FF739D4200F0EB8001320A2004EB6E
S3256020546085051146039204F0FFF9039A0F21383004F0F2FAC94804F0BFF995F8501407A8D2
S3256020548001F03F0104F024FC07A804F0B5F9C44804F0B2F994F9DD3B012B40F0BC8095F87B
S325602054A05024C04B02F03F0203EB82039978DE78002900F0AC800A20039104F0D5F9039979
S325602054C004F0CEF92EB1B84B08220F21772004F047FAB64A1921502004F046FC95F85214B0
S325602054E00A20039104F0C0F9039904F0B9F9B04804F082F995F85334AE48303B13F0800F0B
S32560205500AD4B18BF184604F077F995F85304303840B204F0B5FA94F9DD3B4BB9D4F8C0302E
S32560205520002B1BDD09230C220E21382004F0FCFA94F9DD3B012B06D112231722512104F17A
S32560205540B00004F0E5F994F9DD3B022B06D112231722692104F1B00004F0DAF994F9DD3B91
S32560205560032B06D10C232122572104F1B00004F0CFF994F9DD3B042B06D10C2321227521A2
S3256020558004F1B00004F0C4F994F80C34002B3FF4DAAD4FF0000B2326804FDA46DFF854824F
S325602055A0DFF85492B4F9D62B5244612A28DC04EB4203B3F844534FF6FF739D423BD002328A
S325602055C00A2004EB85051146039204F04DF9039A3146383004F040FA384604F00DF995F8CD
S325602055E0501407A801F03F0104F072FB07A804F003F9724804F000F995F8520404F040FA29
S325602056000AF1010A0A36BAF1030FCBD19BE56C4804F0F2F856E795F851146420039104F018
S3256020562023F9039904F01CF9664804F0E5F850E704F082F9A8E7BBF1000FE1D102320A20A4
S325602056404FF0010B1146039204F00EF9039A3146383004F001FA384604F0CEF894F9DA3B4D
S32560205660234493F8D03B13F0200F14BF4046484604F0C2F8C4E794F81214A1B1524B08226A
S325602056800021762004F06CF9B4F80E5475B14F4B08220F21382004F063F94D4A0F2142207B
S325602056A004F062FBD6E44B4B0822EAE74A4A0F21284604F2164B04F057FB17237F222846B0
S325602056C0194604F21F4804F013FA2127434B08220E2150204FF6FF7A04F042F9404B082246
S325602056E00E216A2004F03CF90595A7F108060135002031463BF8029F2A4604F0ADF918F847
S32560205700012F002A7AD1374B082231461E2004F027F9354A31464E2004F026FB98F8B00729
S3256020572000F01F00013004F0ABF998F8B037082231469B064FF06A004CBF294B2B4B04F0C0
S325602057400FF9D1450AD098F80C30002B00F09980274B08223146762004F002F994F9DA3B91
S32560205760059A934214D194F9DE3B33B90C233A46542104F1B00004F0CBF894F9DE3B012B66
S3256020578006D108233A466A2104F1B00004F0C0F8042D07F10A07A7D1D5E400BF3BEB0020B5
S325602057A09CBE00203CF8012010470020F5EB00209BBE00208EE600203EF60020F4EB0020BD
S325602057C006ED00202ED90020E80E002018470020F7EB0020B00E002002EC0020700E0020E8
S325602057E0801D00206847002011C4002070470020B80E00207BEB002084EB0020D14588D062
S3256020580011460A20039204F02FF8039A3146123004F022F9204803F0EFFF98F8040001305E
S3256020582004F02EF909F58A7307A814F8231001F03F0104F04DFA07AA3146362004F094FA72
S3256020584007F007030122F91004F22A4E9A40C901D3B24631049300233EF835001841C20740
S325602058600BD50E4AC81A126812F800C00392049A42EA0C0C039A02F800C00133102BEBD14B
S3256020588047E794F8123423B9D4F8C030002B3FF765AF034B5DE700BF5CE40020E43001208F
S325602058A0E80E002001292DE9F041074604D103685B6CBDE8F041184700294BD1054601249D
S325602058C000F1CC0695F83824611E30460C3504F05FF8214695F82D24304604F059F8611C98
S325602058E095F82E24304604F053F8A11C95F82F24304604F04DF895F93024E11C304680323B
S3256020590004F046F895F93124211D3046803204F03FF895F93224611D3046803204F038F8AD
S3256020592095F93324A11D08348032304604F030F8C12CC7D107F25355C0242146013415F80B
S32560205940012F304604F024F8D02CF6D13B6838461B6DAEE7BDE8F0812DE9F04F90F8305493
S3256020596089B00446002D39D00021C24804F000FAC14D94F82E2408231C26C04901322846CC
S32560205980C5E9013604F0ACF9BD4A31463A2004F0EBF994F8322494F82E34934218D1B948C4
S325602059A003F0C6FFB84A3721002004F0DDF994F82E0494F83224B549B54B90420CBF0A46DA
S325602059C01A4637215A2009B0BDE8F04F04F0CCB90132B049284604F083F9E3E72946AE48C0
S325602059E004F0C6F9AD4A0121562004F0BDF994F82E04013004F044F894F82F34002B00F00C
S32560205A002A8394F82D34052B00F2E9822846A44A0F2104F0A9F994F82D04013004F030F8AD
S32560205A20C5F34600EBB294F82D2405F0010105309A4201EB81014FEAC0004FF0040301F1C1
S32560205A400F014FF00602C0B240F0B88003F02CFF0135062DE4D194F82E34212794F82D5410
S32560205A604FF0000803EB4303DFF80C92DFF858B205EB43050C23EDB203FB054303F2344218
S32560205A80029293F838240B2A97BF864B03239B1893F8283003935FFA88F6039BB34200F2FB
S32560205AA090800C2606FB054696F838240B2A40F0448196F93C340027059396F93D34069367
S32560205AC096F93E34079305AB4FEA071B082253F827300BF1160903937B1E4946D3F1000829
S32560205AE048EB03084FEA880808F1490A504604F023F8039B0BF11301002B1A46B4BF42201A
S32560205B004820404403F0A8FF94F82C243B1D9A4208D1D4F8C030002B04DD0722494650467A
S32560205B2004F00AF808F15100002F40F0E88096F8392401239340B6F83624134214BF0123A2
S32560205B400023002B0CBF032301230137009364222623494604F050F9032FB4D10C232221CD
S32560205B6003FB054393F93F2402F10903122B8CBF69206E20002AB8BF053803F06DFF94F803
S32560205B802C34072B08D1D4F8C030002B04DD0B222621702003F0D0FF0C2303FB054393F886
S32560205BA03434002B40F0BD800020063026214200702009B0BDE8F04F03F0BEBF04F004F8F3
S32560205BC046E7032E4ED8A7F1080A00235FFA8AFAC9E9013A1EB9344803F0AAFE26E00C2301
S32560205BE003FB054393F83834082B07D1012E01D12E48F1E7022E19D12D48EDE7092B03D11D
S32560205C00012EF7D12B48E7E70A2B07D1012E01D12948E1E7022E09D12848DDE70B2B26D114
S32560205C20274803F085FE404603F076FE2623C9E9013A002E4AD10C2303FB054393F8382431
S32560205C40184B03EB8203D3F8D00F03F071FE94F82C34B34206D117233A46272104F1B0007D
S32560205C6003F056FE0A3708F10108FFB213E71548B2E700BFD1E00020E43001201DEC002085
S32560205C801BE7002028EC0020FDEA00200FEC002016EC00202EEC002037EC002042EC002019
S32560205CA062FF0020A837002049EC0020B4EA0020D6C500204EEC0020550101200DC400204E
S32560205CC054EC002059EC0020A0480020012E09D10C2303FB054393F839340BEB830353F834
S32560205CE0F80CB2E7022E05D10C2303FB054393F83A34F2E7032EAAD1029BDB79EDE7012F93
S32560205D0004D196F83A3407FA03F314E7029BDA7901239340029A528813420CBF0323012373
S32560205D2013E7632003F01CFF01303C287FF73CAF032003F015FF013837E7002A00F004813C
S32560205D40012796F83934B6F8361407FA03F3BA4203EA01031AD1002B4FF0240308BF032256
S32560205D60009219464C22402004F046F80C2303FB054393F83834013B092B00F2C180DFE8D6
S32560205D8003F01E2F6C602F6C608D8DE6002B4FF04C024FF0400014BF0123032300931C2350
S32560205DA0194604F029F896F83A349F40B6F836341F4214BF0123032300932C23D1E74C2270
S32560205DC034231421104603F093FE24236C2214214C2003F08DFE24236C2234214C202DE040
S32560205DE04C2234231421104603F082FE142360224C20194603F07CFE1A23672214216020EE
S32560205E0003F076FE20236C221A21672003F070FE6C2228232021104603F06AFE34236022FD
S32560205E204C20194603F064FE2E2367223421602003F05EFE28236C222E21672003F058FEC6
S32560205E405EE024234A221421462003F051FE24234A223421462003F04BFE142360224C201F
S32560205E60194603F045FE24236C221421602003F03FFE342360224C20194603F039FE242338
S32560205E806C223421602003F033FE2423502214214C2003F02DFE242350229EE74C2234237A
S32560205EA01421104603F024FE14236C224C20194603F01EFE34236C224C20194603F018FE64
S32560205EC06C2234231421104603F012FE2C23542228214C2003F00CFE2C23542230214C20D0
S32560205EE003F006FE0C23CF4A4E2003FB054393F83814CD4B082918BF1A46192103F034FF72
S32560205F000C2303FB054393F83824012A02D0053A022A4BD804222421702003F00DFE0C23EC
S32560205F2003FB054393F83444002C4DD100201230002C4FEA400314BF012203227420194630
S32560205F4000927F2203F058FF09B0BDE8F08F1C2354224C20194603F0CBFD2C2354224C20F5
S32560205F60194603F0C5FDB14B10221B21542003F0F7FCAE4B10222721542003F0F1FC1E23BB
S32560205F806C226420194603F0B3FD6C2224231E21104603F0ADFD282354221E21662003F0E7
S32560205FA0A7FD202354222A21642047E793F8343475226C20002B14BF0123032300932423C9
S32560205FC0194603F019FFAAE7632003F0C9FD01303C28ABDD032003F0C3FD0138A7E719270A
S32560205FE0DFF85C82A946DFF85CA2914A0F21284603F0BAFE5FFA85FB42463946002003F08B
S32560206000B3FE0BF1410305A88DF815908DF8143003F0F2FB94F82E645246394640200BEBFE
S32560206020860603F0A1FEF6B2264496F85405013003F026FD94F82C345B4507D12F2307F1CE
S325602060400802412104F1B00003F062FC01350A37042DCFD178E794F82E741D464FF00C08CD
S3256020606007EB47077F00FFB257FA85F35FFA85F905F0010B94F82D24DEB20BEB4B0B4A4541
S325602060804FEA05134FEACB0B03F0E00A13D1D4F8C020002A0FDD08FB0642664B0AF1190087
S325602060A00BF1100192F83824C0B203EB8202D2F8D02F03F059FE08FB06420AF11D005E4B64
S325602060C00BF11A0192F83824C0B203EB0213102203F02EFD94F82D344B4502D094F8313438
S325602060E0FBB108FB064B9BF83834D3B149469BF8390403F0C9FC9BF83834012B04D94946E9
S325602061009BF83A0403F0C0FC08FB064393F838340B2B06D108FB0643494693F83B0403F091
S32560206120B3FC0135062D9FD104F263560025434A1021002003F018FE05F00302C5F385005F
S3256020614002EB8201013200EB4000490040001831C0B2CDE9020103F07FFC16F8013FDDE96C
S3256020616002011BB10823062203F0DEFC0135082DE2D1002510262F465FFA85F8782005AA9F
S32560206180314608F141038DF815708DF8143003F0EBFD284603F04CFC28B1082306223146CB
S325602061A0782003F0C1FC94F82E2494F82D3408EB820854FA88F898F85405834202D094F8EF
S325602061C03134C3B1062313FB02030C2202FB034393F838347BB100F0010140080423782295
S325602061E001EB410140010093C900F3182D301D31C0B203F001FE01350C36042DBCD194F872
S325602062002D34062B7FF4A0AED4F8C030002B7FF79BAE76223C231021104609B0BDE8F04FE4
S3256020622003F066BC79F1002045EA0020484800205DEC0020A8370020E84700207CEC0020FB
S325602062406CEC002074EC00202DE9F04F044600216B482DED028B85B003F08AFD94F9CA2080
S32560206260684B53F8220003F0C7FA94F8D550002D4ED0654A0F21002003F076FD94F9CC20EA
S32560206280624B2321002053F8222003F06DFD7F2304F1B0002B22002103F03AFB5C4A3721A2
S325602062A0002003F061FD5B4A37214E2005B0BDEC028BBDE8F04F03F057BD092320224146B1
S325602062C0504603F031FC94F8D430002B61D1BBF1330F06F10406D84625D10135042D18D142
S325602062E094F8D43004F1E00094F9CA20002B61D02823162103FB027242F2107300935368E7
S32560206300342203F0B5FC05B0BDEC028BBDE8F08F414F4FEA451A2E464FF00F080AF10203FC
S32560206320DBB208EE103A94F9CA30282208F1090B02FB03725268B242C9D9142237494FF471
S325602063407A7904F59F7002FB03630390043337F91320642312FB03F34A4342F21071DB097C
S32560206360009118EE101A09FB03F9C9EBD21908F10202D2B203F07CFC01224946039803F00B
S3256020638003FB94F9CB309E429DD194F8D430002B93D094F9CA30282202FB03735B68013B42
S325602063A0B34294D120235A46514604F1B00003F0AFFA8CE794F9CB3014214FF47A7403904E
S325602063C001FB02331549043337F91320642312FB03F34A430C21DB095C43C4EBD21442F27E
S325602063E010720092342203F043FC03222146039805B0BDEC028BBDE8F04F03F0C5BA00BF54
S325602064007FEC0020589F206090EC0020ACA12060FDEA002097EC002054EE0120A086010057
S3256020642037B53723044680220921002003F0CCFB402202230A21104600933F2303F0DCFCD8
S32560206440124B0122D4F81051C3E9012294F8F0302BB10021D4F8F420084603F0FDFA0C4A23
S3256020646000212E2003F080FCD4F8D00003F008FB94F80C3123B12A4600216E2003F0ECFA91
S32560206480204603B0BDE8304003F08ABBE4300120A0EC002003F084BB2DE9F04F90F8E570CB
S325602064A08BB00446002F40D00021AE4803F060FCAD4D08231C26AD48C5E9013603F038FAC6
S325602064C0D4F8EC00013003F027FAA94803F030FA3A23A848C5E9013603F02AFAD4E93B23C7
S325602064E09A4219D1A44803F023FA00233726A348C5E9013603F01CFA5A23A14AD4E93B019A
S32560206500C5E901369F4B88420CBF104618460BB0BDE8F04F03F00CBA944803F009FAD4F8E7
S32560206520F000013003F0F8F9DFE790F8E410002940F09A81944803F01BFCD4F8E030052B28
S3256020654007D8DFE803F00331333537398F4803F0EFF9864A01215620DFF85CB203F004FC1E
S32560206560D4F8E8004FF012094FF0110A013003F087FA94F8CC30D4F8DC5004F1CC000393B1
S32560206580D4F8D8305D1B019303F0BEFB029009FB05B905A803F018FC029AAAF10203AA42B9
S325602065A00CDA0BB0BDE8F08F7948D0E77948CEE77948CCE77948CAE77948C8E7019A00278A
S325602065C005F00F06AA420CBF012200228DF81420039A18BF3A46CDE906738DF815207E23F8
S325602065E05F22CDE908237B1B03F00F0358BF5E42072E68DC122373430BEB03021BF80330BC
S3256020660092F8018028F01F0858EA030805D1D4F8E070002FD4BF0027012704EB4603B3F877
S3256020662044342BB904EB8603D3F82434002B46DBB8F1010F18D104EB8603D3F82424002A3A
S3256020664009DB494B4621C3E9011A564B03EB8203986903F06DF907990822534B38200131AE
S3256020666003F066FAB0466BE0504B08225146462003F05EFAD4F8E030012B00F3EE81B8F1E0
S32560206680140FEFDD9BF8AB04082207990B28484B01F101018CBF002001204000503003F080
S325602066A047FAD4F8E030002BDCDD05A803F074FA404803F03DF905A803F0C2F9C0E0B8F1F0
S325602066C0010FD7D1C7E7A6F10808404603F0C0FA28B9D4F8E070002FD4BF0027012704EBF7
S325602066E048030138B3F8BC34C0B22BB904EB8803D3F85C34002B32DB012817D804EB880300
S32560206700D3F85C24002A09DB174B4621C3E9011A244B03EB8203986903F00AF90799082267
S32560206720214B3820013103F003FA09E01F4B08225146462003F0FCF9D4F8E030012BB4DCF3
S32560206740002FB2D1D4F8E070052F37D1072EACDD404603F07DFA0128A7D1013732E00128E7
S32560206760EAD8DBE7D1E00020E430012042EC002025EC00201BE7002028EC0020FDEA00202D
S325602067800FEC002016EC00203EF60020B9EC0020C5EC00200BC90020D2EC0020DCEC002092
S325602067A0E7EC0020A0480020B84A0020E01A0020C04A0020F3EC0020A0240120072ECCDC31
S325602067C0002FCAD105A803F0E7F9072ECBBFA64BA64B03EB850353F82500C8BF53F8200C64
S325602067E003F0A6F8072D14DC99F8011099F9000003F072F80146072DD4F8E020D4BF4B4662
S3256020680009F5D873052A2DD8DFE802F00D2022252729A5F1080003F01BFA954B03EB800004
S32560206820D0F86812E7E75A7893F9003002F0E0021A4318208F4B00FB073305A803F0D4FA4E
S32560206840013509F112090AF10C0AA5E69A78F0E793F90420EDE75A79EBE79A79E9E793F94A
S325602068600720E6E70022E4E73946834803F080FAD4F81C34002B3FF494AE804EDFF838A2BF
S32560206880D4F82054D4F81C343D449D4217DA04EBC5054FEAC70995F8F63009F10F09052B0E
S325602068A053D195F8F85055B101237548C6E9013903F03EF84D2D28D1724803F039F80137D7
S325602068C0062FDDD1D4F81C34062B7FF76AAE30233A460E217A2003F077F9D4F81C14262231
S325602068E0D4F82004063903F0FBF826283B464FF00202A8BF262020EAE07000F110017C2046
S325602069000BB0BDE8F04F02F0CFBF482D01D15E48D3E7442D01D15D48CFE7452D01D15C48A5
S32560206920CBE7542D01D15B48C7E7572D01D15A48C3E75F2D01D15948BFE7422D01D1584853
S32560206940BBE74E2DBBD15748B7E70123C6E9013995F8F43013B1544802F0EAFF95F8F50050
S3256020696002F07AFF95F8F43013B94F4802F0E0FF5046DFF8FCB002F0DBFF95F8F7204B4B22
S3256020698003EB8203D3F8100F02F0D2FF2523C6E9013995F8F6300BEB8303D3F82C0302F005
S325602069A0C7FF4923C6E90139B5F9FA30632B50DC092B4FF006034EDD4FF00008984495F84D
S325602069C0F630012B10D8B5F9F8300BEB830BDBF8180002F0ADFF08F15B03B5F9FA00DBB288
S325602069E0C6E9013902F098FF95F8F6309A1E012A0FD8022B03D1B5F9F80002F08DFF08F104
S32560206A005B08B5F9FA005FFA88F3C6E9013902F083FF95F8F630042B0AD1B5F9FA30002BF4
S32560206A2002DD234802F084FFB5F9FA0002F074FF95F8F630062B7FF442AFB5F9F80002F024
S32560206A406BFF1C4802F074FFB5F9FA0002F064FF35E70023B0E79846B0E7B8F1140F7FF7F3
S32560206A6024AE01270EE600BFE84A0020C84A0020A0480020244B002009ED0020E43001207D
S32560206A801CED002024ED002031ED00203CED002048ED002051ED002058ED002064ED002006
S32560206AA06FED002037EC002062E50020A83700208EE6002011C400209CBE00200000000028
S32560206AC0F7B50C23264D02264FF4167225492846254CC5E901634FF47A7300933C2303F07B
S32560206AE0FFF816232149AB606E600B68A3FB04234A68A2FB04028968A1FB041064213C2787
S32560206B005943B1FBF7F1CDE900011949284603F0E7F8202317496E604A68AB60A2FB043265
S32560206B200B68A3FB04038968A1FB041012490090284603F0D5F82A2310496E604A68AB60CC
S32560206B40A2FB04320B68A3FB04038968A1FB04140B492846009403F0C3F803B0F0BD00BFFC
S32560206B60E4300120A8F10020063A6D00BC360120BAF1002060230120D4F1002000F4012078
S32560206B80E7F100202DE9F041474D4FF4C852DFF848810226EB686427D8ED006A13F0010363
S32560206BA0424CF8EE666A424920462DED028B04BF2B610123DFED3F8A08BFEB60AB8A9FED98
S32560206BC03E8A53432A6907EE103AC2EB8212B8EEC77A27EE287AC7EE267A67EE887AFDEE89
S32560206BE0E77A17EE903A9B184FF00C0248BF3F339B11C4E9016293FBF7F22B6107FB123360
S32560206C0003F06EF8EB8A4FF4C85298ED007A2B4920465343B8EE477A666007EE903A16232F
S32560206C20F8EEE77AA36067EEA87AC7EE876A26EE888AFDEEC87A17EE903AFDEEE67A93FB6C
S32560206C40F7F207FB123317EE902A03F049F820234BF680321A492046A360666003F040F898
S32560206C602A232A7E17492046A3603425666003F037F8154B66601B78A5606BB120461349F3
S32560206C8003F02EF82946124B08223220BDEC028BBDE8F04102F04CBFBDEC028B0D48BDE8D4
S32560206CA0F04102F045BE00BF00F40120E4300120FAF100200080BB430000C8420FF200206B
S32560206CC022F200202FF200205C5601203DF200206861002046F20020D005012037B5002153
S32560206CE040238022104C084602F06EFF00220C230E48C4E9012302F01BFE022116230C48CD
S32560206D00C4E90113026A0B49A2FB0132C369A3FB0153406AA0FB010100912046064902F0FF
S32560206D20DFFF03B030BD00BFE430012036D4002000F40120063A6D0053F20020164B70B584
S32560206D401C6844B1A06802F0F3FD236820469B6BBDE870401847114C0226114D114802F071
S32560206D60E7FD0C23AA6A20460F49C4E9016302F0B7FF1623EA6A20460C49A360666002F0EC
S32560206D80AFFF20232A6B20466660A3600849BDE8704002F0A5BF00BF2C430120E430012038
S32560206DA000F4012013F1002067F2002075F2002084F20020F8B51C4B00AF1C4A02261B68AA
S32560206DC01B4CBA1A1B4DE41A0C231B492846C5E90163931202F084FF1623224617492846F0
S32560206DE0AB60A3126E6002F07BFF012002F020FD044618B9012002F0CBFF0446104B1A7EAE
S32560206E001AB1104B03EB02531A1B022120230948C5E9011393120C4902F062FF2046BD461F
S32560206E20BDE8F84002F0F0BC54110120C0F8012000002820E430012094F20020A5F2002018
S32560206E4000F4012000000070B6F2002070B5254E736BDB070BD402F093FDDFED237A012319
S32560206E6020EE270A7363BDEEC00A86ED0E0A1F4C02250C231E4AC4E901531E4B18781E4BEB
S32560206E80002814BF1046184602F052FD16231B48A360656002F04CFD202319486560A36071
S32560206EA002F046FD174802F043FD2A231648A360656002F03DFD154802F03AFD144802F013
S32560206EC037FD3423B26B20461249A360656002F007FF114B1B7823B11048BDE8704002F0A1
S32560206EE027BD70BD00F4012000007A44E4300120A7C1002065220120B7C1002033C2002016
S32560206F003EF60020C7F20020CDF2002013F10020D2F20020D7F20020B1360120E6F20020EE
S32560206F207FB5314C02260C23304A314D20461268304955F82220C4E901632F4B120A1B68B9
S32560206F4055F823301B0A02F0CBFE16232B4A2046A3602B4B12681B6855F8222055F8233072
S32560206F60120A28491B0A666002F0BAFE2023264A2046A360254B12681B6855F8222055F804
S32560206F802330120A22491B0A666002F0A9FE2A23204A2046A360204B12681B6855F82220F6
S32560206FA055F82330120A1D491B0A666002F098FE002002F021FD0390012002F01DFD029034
S32560206FC0304602F019FD0546032002F015FD34216660A1601249CDE90050DDE9023220465E
S32560206FE002F07EFE04B070BDE43001202C230120EC220120EEF20020AC050120BC05012034
S32560207000B0050120FEF20020C0050120B40501200EF30020C4050120B80501201EF300202A
S325602070202EF300207FB5334C02250C23C4E90153314B186802F0F8FB304B0290186802F01F
S32560207040F3FB029A2E490346204602F049FE16236560A3602B4B186802F0E6FB2A4B0290F0
S32560207060186802F0E1FB029A28490346204602F037FE20236560A360254B186802F0D4FB9D
S32560207080244B0290186802F0CFFB029A22490346204602F025FE2A236560A3601F4B186863
S325602070A002F0C2FB1E4B0290186802F0BDFB029A03461C49204602F013FE002002F09CFC19
S325602070C00390012002F098FC0290284602F094FC0646032002F090FC34216560A16012490B
S325602070E0CDE90060DDE90232204602F0F9FD04B070BD00BFE43001202C230120AC05012095
S3256020710046F30020BC050120B005012056F30020C0050120B405012066F30020C40501204C
S32560207120B805012076F300202EF300203A4B2DE9F74FDA6B12F001010DD103F140020820BB
S325602071404FF0FF3401389160C2E9001402F10C02F8D10122DA63D3F8A02012F0010F2F4A0E
S3256020716005D11168C3F8A4100121C3F8A010D3F8A4101668761A41F288318E4202D91268A0
S32560207180C3F8A420264F4FF00008264C264DDFF8A0B041F2883357F8041B204608F1010A5C
S325602071A09E424FEA11214FF0020981BF4FF0FF320023C4E90123C4E90D2302F031FDF968B2
S325602071C004F13000090A02F02BFDC5F80490D4E90D20D4E90131821A0A20CB1A594600FB68
S325602071E008F00C34019208F105020C3000925246A8600D4802F074FDBAF1040F09D1342329
S325602072000A48C5F80490AB6003B0BDE8F04F02F08FBBD046BDE700BF00F401204C45012027
S32560207220EC22012040F40120E430012098F3002086F3002038B5174A0446D2F8081CD2F87B
S325602072400C3C5B1A0233F8D0D2F8083C03F0010303F5407352F823000028EED002F0A8FC55
S325602072600D4D252212230D48C5E9012302F060FB78231C210020B4FBF3F203FB1242082335
S32560207280D2B202F011FB00232B60BDE8384002F01BBC00BFD4360120E4300120C9F3002057
S325602072A038B5114BD4221B7823B11049104802F09FFC38BD0F490E4802F09AFC0E4B1B784D
S325602072C07BB90B4841F21A3501460A220C88013A2C4421F8024BF9D101331630082BF3D1CC
S325602072E0E7E7B0220549E1E77CED012044C220605045012018C32060B1360120ECC32060FA
S325602073002A48D4222A4B00212DE9F041013A1CD271B1284CA368201D0133A36002F010FD65
S325602073202146E0810020E02241F8040B02F00CFD214F224DD7F80080214C224E3B6808F5EF
S325602073407A729A420BD8BDE8F0811D78013310F8014BA5421CBF03F8014C0121D6E7D5F813
S32560207360082CD5F80C3C9B1A0233F8D0D5F8083C03F0010303F5407355F823000028EED083
S3256020738002F016FC0D2212233046C4E9012302F0CFFA1F211B230C48C4E9011302F0C8FAB6
S325602073A00023236002F090FBC8E700BF504501204C0820203C0820204C450120D43601200B
S325602073C0E43001201CF40020B7C50020F8B5314F0221314D3878314C02F08EFA304E022110
S325602073E0287802F089FA2078022102F085FA3078022102F081FA3A782A4B10012A4903EBF5
S3256020740002171A580A602A78100103EB02151A584A602278100103EB02141A588A60327868
S32560207420160103EB0210214A9B590326CB60FB6802271360EB685360E36800249360C3686A
S32560207440D36052F8045B51F8040B95FAA5F3B3FA83F30F2B10DC5B00D0F80CC006FA03FE12
S3256020746007FA03F32CEA0E0C4CEA0303C36001348561042CE5D1F8BD103BD0F810C05B000C
S3256020748006FA03FE07FA03F32CEA0E0C4CEA03030361ECE7B9360120DC050120DD050120B6
S325602074A0DE050120900300200043012010430120F8B502F065FA8A4CDFED8A7A4FF47A71E5
S325602074C084ED000A20EE270A8748BBFE400AFDEEC07A17EE903A93FBF1F201FB1233834928
S325602074E002F03AFCD4ED007A9FED817AF4EEC77AF1EE10FA4BDB7F4B002217211A70012318
S325602075007D4A13707D4A117016217D4A11701D217C4A11701C217C4A11700E217B4A117056
S325602075200F217B4A117014217A4A117027217A4A13707A4A11702621794A11702821794A6A
S325602075401170794A79491370FF220A7078490A702421784A11702521774A11701921774A3B
S3256020756011701E21764A11701F21764A11701821754A11701021754A117111215171744A66
S325602075801370744A1370744A1370744A1370B7EEE76AB5EE007A9FED4C5BB4EEC56BF1EE28
S325602075A010FA73DBF4EEC77AF1EE10FA94BF012300236B499FED465B0B70B4EEC56BF1EE3A
S325602075C010FA0EDB9FED444BB4EEC46BF1EE10FA07D8052263480260634802600120634A6F
S325602075E01070F4EEC77A624AF1EE10FAACBF0120002082F8A8005F4A4ADBB4EEC56BF1EE80
S3256020760010FA45D80123042705260625137007243C4A00200B701D21DFF89CC11170142121
S32560207620394A11701C21394A11700E21384A11700F21384A117002214F4A17604F4A1660D8
S325602076404F4A15604F4A14604F4A10604F4A13604F4A11600322CCF80020DFF860C1CCF8A5
S3256020766000704C4F3E604C4E35604C4D2C604C4C20604C4803604C4B19604C4B1A60394BD3
S3256020768005221A600A22384B1A6005E0002390E700211170002BF2D1454B1A7842B99FEDE2
S325602076A0457AF4EEC77AF1EE10FA0ADB01221A702C4B00221A600A222B4B1A6001222B4B1F
S325602076C01A70F8BDAFF30080295C8FC2F528BC3F666666666666D63FCDCCCCCCCCCCDC3F78
S325602076E02846012000007A440006012055F40020CDCC4C3DB9360120DC050120DD050120F0
S32560207700DE050120B4060120B5060120B6060120B7060120C8050120F042012019080120EA
S32560207720180801201708012064220120FC070120FD070120C9050120CA050120B806012094
S32560207740CB050120CC050120B906012054110120B83601205D5601205E56012050460120EB
S32560207760B1360120D8050120A00501206522012000F40120254601202C230120BC0501201C
S32560207780C0050120C4050120AC050120B0050120B4050120E4050120E8050120EC050120E7
S325602077A0F0050120F4050120F8050120FC0501207CED01206666E63EB8050120A043012077
S325602077C0074A002341774260064A03600382037783770362C0E90222C0E90533704700BF20
S325602077E0A7D900202CF50120C3682DE9F74F06468769002B00F098807C1CC4EBC4043F2CB1
S3256020780040F39580B37F013B012B98BF4024601C221D0D21964D00EBD0704310C3F1400007
S32560207820C3F100092423019002F00AFA2423621D0D21019802F0C8F909F1420810237068A8
S32560207840C5F80480AB6002F073F8737F002B73D0336A3068013396F91CB096F81CA03362F6
S3256020786003681B6A98478345824B04BF0AF1040A5FFA8AFA03EB8A03D3F86C0102F058F880
S32560207880737F002B58D0B37F002B55D0013B012B00F2EA806410142319221A211C3C4444D6
S325602078A0204602F091F9142319221A2104F1200002F08AF9306896F91C1003689B69984788
S325602078C0012806D00A2834D84FF4A963C340DA072FD5E31D6B602127674BAF6053F820006F
S325602078E002F026F8306896F91C100368DB69984704F12503C5E90137051E02DB5F4802F075
S3256020790017F8284602F008F8B37F1B221921012B4FF016030CBF04F1FF3004F11F0003B08F
S32560207920BDE8F04F02F0FCB8C7EBC70467E740246DE704F10903CDE72823C5F80480AB6068
S325602079407369BB426AD009F148036B60F3686BB14B4B09F143002721B3F85C305B0747BF4D
S32560207960484B0522484B042202F0E2F87369B2680433464832F9131064224FF47A7311FB77
S3256020798002F24143D209C909092A02FB03F301F1050138D8686812386860F06810B968683B
S325602079A006386860C91A0A233148B1FBF3F3384902F096F9F268C7EBC703641092B3043358
S325602079C0A4EB5304B6F810900025DFF8CCA04444A046BD4228D1C5EBC500F3680444002BDC
S325602079E042D02C4B04221B21204602F0A1F87369AB4239D10C2308221921A01E03B0BDE8A9
S32560207A00F04F02F0E1B8632A02D868680C38C3E7B2F57A7FC1D268680638BDE7384601F09D
S32560207A207BFFC7E7033BCBE719F0010F15D0082304221B21404601F037FF7369AB4206D1D0
S32560207A400C2308221921A8F1020002F0BDF8013508F107084FEA5909BBE7534604221B2155
S32560207A60404602F065F8E8E703B0BDE8F08F00BFE430012090600020B01A00208EE6002083
S32560207A806C230120A561002048230020A086010003F50020206200201C6200202DE9FF4724
S32560207AA04B8804460F46058AB3F5807F73D1467FB6B1904BB3F85C20D10711D5B3F85E203F
S32560207AC0006842F00102A3F85E20036894F91C109B689847B7F904301F1820D5002726E027
S32560207AE0A27FB7F90430511E012909D81344022BA8BF0223012BB8BF0123A37700263AE050
S32560207B006269E1681344A26901B9013A002B04DB9342A8BF13466361F0E70023FBE7942F72
S32560207B2037DC042F03D1002BCCBF05270327D4F80080228AD8F8003040460392D3F8249007
S32560207B4094F91C109B699847029020680168D1F81CA094F91C10D04794F91C10DDE9023278
S32560207B60CDE9000139464046C8473946204601F0D7FE002323622946204602F07DF8002EF7
S32560207B8000F0B580206803685B6904B0BDE8F04718479427CBE7B3F5007FAFD1837F012B52
S32560207BA052D0022B7AD0002BA8D1C2688169002A43D046698E4210D2FA8852073DD54D49CD
S32560207BC0B1F85E2042F00402A1F85E203146B7F9042001F099FF0126CDE72ED1B7F9042027
S32560207BE0B318102BA8BF1023042BB8BF0423002A836111DC4FF6FF7202FA03F335EA0303CA
S32560207C0004BF45F00105ADB212E000233146013620461A4601F078FFA269B242F5D86169FA
S32560207C204FF6FF73521A9340DB438B402B439DB2A369E26853606361CDE72846B7F904205F
S32560207C4002F0CAF8054659E7006894F91C1003689B699847B7F904602768064494F91C104A
S32560207C603B6838460B2ED3F824909B68A8BF0B2698478046206826EAE676228A036894F9CD
S32560207C801C10DB690292984794F91C30CDE900033346029A41463846C8472FE7006894F9B5
S32560207CA01C100368DB699847B7F904606FF00B032768064494F91C1038460C2EA8BF0C2620
S32560207CC09E42B8BF1E463B68D3F824909B68984780462068228A036894F91C109B690292A9
S32560207CE0984794F91C100346CDE90061D1E704B0BDE8F0876C23012070B50B780446022BAF
S32560207D007BD14B88013B072B77D8DFE803F00449766576767696CB88580726D5494AB2F83D
S32560207D205E3043F00403A2F85E30D4E90513994214D1454EE5680FCE0FC50FCE0FC596E878
S32560207D4003000C2385E8030040F6FF71C4E9053321822046BDE8704001F08EBF012380220E
S32560207D602046BDE8704001F0CFBE637F23B92046BDE8704002F024B8236AFA2B3DD9217F95
S32560207D80013149B20429A8BF00212068217703689B68984701462046BDE8704001F0C0BD9E
S32560207DA0CB8859070BD5274A4169B2F85E3043F00403A2F85E3001236FF07F02D0E7437F78
S32560207DC0002BD4D0036AFA2B17D9017F013949B20029B8BF0321D8E7437F7BB1194BB3F897
S32560207DE05C20D2070AD5B3F85E2042F00102A3F85E20837FCBB10023236270BDA37FBBB969
S32560207E00D4E905208242F8D20123218A93400B429AB210D04FF6FF72824098B221EA020280
S32560207E20824296D021EA030193E701238377E2E70023A377E1E711438BE7BDE8704001F011
S32560207E4053BD00BF6C23012028A42060F0B54FF0280C0026074F084D0CFB067401360FCD54
S32560207E600FC40FCD042E0FC495E8030084E80300F1D1F0BD54EE012028A420602DE9F04F66
S32560207E807E4889B001F064FD7D4B4FF480707D4C197800251A890023DFF808A242EA0142DB
S32560207EA042F4003201F0A8FE774A01AB1068516803C334F9081C40F2FF2054F8042C2F018B
S32560207EC0CB17A4F1020842EA01421B04BFB243EA114301F091FE00221346164654F8041C58
S32560207EE0B14277D89AF80030CBB105F1300301A966488DF8063001F097FD03A8022301AA40
S32560207F00624901F099FD03A801F0A2FD002840F0858003A801F064FD03A801F031FE013513
S32560207F202834042DC5D15A4E0024002237461346154605F0030C37F8020B4FEA0C1EBCF129
S32560207F40030FAEF12001CEF1200800FA01F120FA08F800FA0EF041EA080142EA000243EA55
S32560207F60010308D144EA950040F4407080B201F043FE002213460135102DDAD10834203668
S32560207F80A4B2B4F5807FD0D1424D002444F4806001342B7980B255F8052B01F02DFE202C01
S32560207FA0F4D13D4D0024AB7844F4A060EA7801341B0480B243EA026335F8042B1A43002317
S32560207FC001F01AFE142CEED12C4801F0D1FC09B0BDE8F08F06F0030C38F8020F4FEA0C1E5B
S32560207FE0BCF1030FAEF12001CEF1200900FA01F120FA09F900FA0EF041EA090142EA000231
S3256020800043EA010308D147EA960040F4007080B201F0F2FD0022134601365FE71F4903A848
S3256020802027460126DFF8808042F21079DFF87CB001F04AFC54F8042C03A8194901F08CFE54
S3256020804054F8043C9E42BFF464AF37F9022F434603A80136534348BF7F33DB1193FBF9F1E9
S3256020806009FB1133642112FB01F25946002AB8BF7F32D21101F070FEE2E700BF3CC20020D4
S32560208080000120205CEE01202AF5002088510120F0E00120100921203CF801200DF50020B3
S325602080A01DF500205C56012040420F0021F500202DE9F04F434C002585B0DFF81491FFF7BE
S325602080C0DDFEC4F83C5F01F0F7FD1723264604F63C7ADFF800B1B0FBF3F202FB1308172244
S325602080E008EB0503B3FBF2F102FB113309EB8303D3F850723B683846DB689847C20700F129
S325602081001C0348BF00F11D03042B24D9E218524521D8BA885946638007F110002280221D3F
S3256020812012FA83F302930023CDE900228DF80C3028226B4601F0BCFD3B68694638461B69ED
S3256020814098479DF80C3033B96288D6F83C3F14441344C6F83C3F0135172DC0D1194940F63F
S325602081604173002001F57562013B18D130B3D6F8482F15490132C6F8482F40F64172013AA1
S3256020818017D1DB43C6F8402F104940F64C72E020A6F84E3F05B0BDE8F04F01F0D5BD157805
S325602081A0013211F8014BA5421CBF02F8014C0120DAE711F8010B03449BB2E0E705B0BDE8FC
S325602081C0F08F00BFB009212000192120F418212058A7012094070020837910B5CBB1437966
S325602081E0C3B902686024017904FB0122D3849386C2790121530902F01F0203F1382301FA6D
S3256020820002F260339B001A60152283681A600023837110BD012BEBD102680479D18BA340AE
S3256020822089B221EA0303D38302EB441200239381D381DDE773B5057904461DB9002528462B
S3256020824002B070BD437900F1080623B1304601F07BFB0023637104F180013046019101F0E7
S325602082609FFD0028EADB0199304601F0C9FC0028E4DB01236371E2E700BF7047074B002297
S325602082800004C3F8A0200122C3F8A400C3F8B0205A69D207FCD501225A61704700402A4020
S325602082A02DE9F04F2DED028B87B00C4600F03CFB002800F03082AE4E2046AE493C2501F017
S325602082C073FBD6F8A490AC492046B9FBF5F8B8FBF5F7C6F8A47001F0F7FA182100230A22D1
S325602082E0B7FBF1F001FB1071204601F009FCA349204601F0E9FA00230A2205FB1781204619
S3256020830001F0FEFB9D49204601F0DEFA00230A2205FB1891204601F0F3FB204601F090FABA
S325602083209749204601F0D0FAD6F89810204601F02FFCD6F88850002D54D09249204601F095
S32560208340C3FAD6F88810204601F022FCEA0740F1D6808D49204601F027FB2A0629D58B4936
S32560208360204601F0B1FA1022D6F89010204601F05FFCD6F890201F2A00F2D28084492046E5
S3256020838001F0A2FA1022D6F89810204601F050FC8049204601F098FAD6F8981010222046BF
S325602083A001F046FC7C49204601F08EFA204601F047FAEB0540F1BE807849204601F0F4FA63
S325602083C02F0408D57649204601F07EFAD6F89410204601F0DDFBE80340F1C180714920465B
S325602083E001F0E2FAD6F88C507DB16F49204601F06BFAD6F88C10204601F0CAFBA80740F178
S325602084002A816A49204601F0CFFA6949204601F05BFAD6ED286AB7EEE67AB4EE477BF1EE5D
S3256020842010FAC0F11D816349204601F05DFC6249204601F0B9FA6149204601F045FA604B61
S3256020844060490A2218680023B0FBF1F1204601F057FB5D49204601F0A7FA5C4B9D68AA07ED
S3256020846008D51A6B20465A4B9A420CBF59495A4901F09AFA6F0703D55849204601F094FAC4
S325602084802E0703D55649204601F08EFAE80603D55449204601F088FAA90603D55249204607
S325602084A001F082FA6A0603D55049204601F07CFA2B0603D54E49204601F076FA15F48075B6
S325602084C000F03F814B49204601F06EFA3F4A4A492046936823F48073936001F065FA4749B9
S325602084E0204601F061FA464B07221A64454A936B43F040039363BFF34F8F30BFFDE7AB07FE
S3256020850001D5414926E72F0701D5404922E7E80601D53F491EE7A9067FF51FAF3D4919E702
S325602085203D4B9A42FFF442AF20339A42BFF43EAF3A4938E7AF0501D539493EE7680501D588
S3256020854038493AE7290501D5374936E7EA0401D5364932E7AB047FF533AF35492DE7A903B3
S3256020856001D534493BE76A0368D5334937E700BF00FF27201CF7002029F700205CE40020E4
S3256020858050F7002075F700207EF7002044F8002066F8002086F80020C6F8002027F9002037
S325602085A061FA002083FA00205EFB002067FB0020AAFB0020CDFB0020D5FB0020DAFB002090
S325602085C0D005012040420F00F8FB002000800F40F100AD0B54FD00209DFD0020DEFD0020DD
S325602085E006FE002031FE002058FE002082FE0020A4FE0020C6FE0020F0FE002012FF002087
S3256020860000C00A4000400D40A7F70020C9F70020F3F7002019F80020C0F80120E4F800208F
S3256020862048F9002076F90020BBF90020FBF900202FFA0020A7FA0020D9FA00202B0301D5DB
S325602086408B49CCE6EF0101D58A49C8E6AD017FF5C9AE8949C3E669007FF5D7AE8749D1E6CA
S32560208660B0EEC75B9FED7E4BB4EE445BF1EE10FA01DD8349D8E69FED836AF4EEC66AF1EE63
S3256020868010FA01DD8049CFE69FED806AF4EEC66AF1EE10FAF6D4F5EEC06A0A222046F1EE35
S325602086A010FA9FED716B46BFB1EE477B0123002337EE067BFCEEC76BB8EE668B16EE901A0E
S325602086C037EE488B01F01CFAB2EE045B2E2302A920468DF8083028EE057BFCEEC76BCDED8B
S325602086E0016A9DF8043006EE903A03F13002B8EEE66B8DF80920032237EE467B27EE057B97
S32560208700BCEEC77B17EE103A30338DF80A3023685B6898478BE65E49204601F045F95D49F6
S32560208720204601F041F95C49204601F03DF95B49204601F039F95A49204601F035F95949F9
S3256020874088E6594EDFF87091D6F8C030DFF878A1002B3ED10023C6E92033C6E92233C6E9E6
S325602087602433C6E92633C6F8A830BFF34F8F4FF0E0224E49C2F8701F2031C2F8701FBFF381
S325602087804F8FBFF36F8F4A4A9168916049491363C1F8C03F0123484A104602320088524528
S325602087A013FA80F31D44F7D19BB243EA0543C1F8DC3FBFF34F8F4FF0E023C3F8689FBFF3AE
S325602087C04F8FBFF36F8F012007B0BDEC028BBDE8F08FD6F8DC00294601234A4617460232F5
S325602087E03F88524513FA87F31944F7D19BB243EA01439842AED10027DFF8D0B00123D6F862
S32560208800C020B846BB400137134224D02B49204601F05AF800230A22394609EB88082046A3
S3256020882001F06EF92649204601F04EF800230A22D8F80410204601F063F95946204601F072
S3256020884043F8D8F804101022204601F0F1F91D49204601F0A9F8062FD0D17BE7AFF3008048
S32560208860FFFFFFFFFFFFEF7F7C14AE47E17A743F02FB002019FB002042FB00208EFB002020
S3256020888053C70020FFFF7F4FD1FB0020FFFF7FCFFCFB002014FC00205DFC0020A7FC002091
S325602088A0CCFC002014FD002000FF272080FF272000800F4000F02720C0FF272055FF00208D
S325602088C0C7FB002003040120DCFF272064FF002008B50F4B1B6E9B0700D4FBBE72B60D4B14
S325602088E00022C3F84021A3F50D130B4A1A64A3F1FF53A3F52B239D46BFF34F8F0748084B48
S3256020890003604FF40013DB699B689847E6E700BF00441F4000002E40030020000080202072
S32560208920000012EB0000000070B5104CD4F880300B2B18D14FF0FF330D4A0E4E0E4D1168A0
S3256020894004324B40202103F00100013906FB00F080EA5303F7D1AA42F1D1D4F8A800C31AE9
S325602089605842584170BD0020FCE700BF00FF272080FF27202083B8EDA8FF27202DE9F04FB8
S325602089801723874C2DED088BB1B00390029354F8040B01F0CDF9029B013B0293F7D1814BFA
S325602089A028AC814D28AFD3F854224FF6FF767F4BBB461A60FFF74AFA0FCD0FC495E80F0003
S325602089C084E80F0020220299794801F0BDF8794C029D04F10800013501F0D6F957F8043B6D
S325602089E02046A680942B04F14804A8BF942323EAE37324F8483C00F053FF082DE9D1F9F723
S32560208A0045FA6D4801F0ECF9202200216B4801F09BF820223C216A4801F096F84022002119
S32560208A20684801F091F8684CFFF710FA002501F00BF90126654801F06BF844F2383350227D
S32560208A402946634826802381A570656001F07CF80022002308A94FF48070CDE9082300F0F3
S32560208A60F3FE00B320951025002108A82A46219500F0C6FF32462946208108A8CDE91E56D4
S32560208A8000F0BEFF00384FF01103324618BF01201946207008A8CDE91C3600F0B1FF003829
S32560208AA018BF0120A072039B002B40F09D80A37A002B00F09980474A0AAB474D3027106816
S32560208AC0516803C30023079307AB9FED318B9FED329B9A460393414B1B78002B00F08D82C2
S32560208AE00AA93F4800F090FF002800F0868200230AAA3C4928A88DF82A7000F09DFF28A870
S32560208B0000F0A6FF8046002800F0718228A800F047FF002800F06882002428A922A801F0B1
S32560208B20FFF8249B2BB1229B1BB11B78212B00F07481002428A800F033FF002800F05182CF
S32560208B4025A828A901F0ECF8229808B100F0D8FE259B25A82293269B2393279BCDE9264448
S32560208B60CDE9243400F084FE249B23B1229B13B11B78212BDED0229820B101F085F801282C
S32560208B8000F28A8102236B608AE100BFAFF300800000000000C09240FCA9F1D24D62503FDE
S32560208BA0A8A9012058A7012028AD00202C4301209CF6012000200120A0240120A42C01204E
S32560208BC0C42C0120642C0120000120207C0720203CF801202AF5002054EE01205C5601207F
S32560208BE08C51012088510120DFF89C920026DFF8A4A2B9F85C30B046954DA9F85E30D9F89A
S32560208C000421D9F808319A4240F0E780DAF8082CDAF80C3C9B1A0233F8D0DAF8083C03F051
S32560208C20010303F540735AF823000028EED0012700F0BEFF02238748C5E9017300F078FE53
S32560208C400A237F2200201946009700F009FF0C237F2200201946009700F002FF0F237E48E3
S32560208C606F60AB6000F064FE19237C486F600027AB6000F05DFE37237948C5E9017300F0C9
S32560208C8057FE2F6000F020FFB8F1000FB7D0002E3FF411AFE02541F2BC062846013500213C
S32560208CA000F05AFEB542F8D16E48FFF7C3FA6E496E4800F079FE6E4B4FF0FF316D4AC3E95E
S32560208CC000124FF474629A810123A372FFF7D6F8039B002B3FF4EFAE674B0824002203250A
S32560208CE004211026FC2793F90000002880F244831A7093F90100002880F242835A7093F9B7
S32560208D000200002880F240839A7093F90300002880F23E83DA7093F9040010F1040F80F21A
S32560208D203B831F7102980533013020280290DAD10423524A10204FF440651C464FF4C06631
S32560208D405168032900F22C835460B2F90010B1F5C06F80F229831680013B02F12802EFD1F6
S32560208D60474D1C4610261F46AB78013B0F2B06D94FF6FF7000F0F4FEAE702880EF70013474
S32560208D800435142CF0D13F4C208900F095FD3E4B2278172893F8741028BF012091421EBF34
S32560208DA0002183F87420D96793F8641091421EBF83F864200022DA66344B354A03EB80033E
S32560208DC06420D3F8503213609B88238100F0C0FF31B0BDEC088BBDE8F08F584600F09CFEEA
S32560208DE0BDF8A2709DF8A0303846049300F06CFF00287FF404AF082F049B05D1022B7FF4B7
S32560208E00FEAE0126B046FAE6042F7FF4F8AE022B04BF00264FF00108F1E628A800F0C0FD25
S32560208E20002800F0DE8025A828A900F079FF229808B100F065FD259B25A82293269B2393B2
S32560208E40279BCDE92644CDE9243400F011FD68E6E43001204E0101205B0101206D0101209F
S32560208E602CEE0020E00E01208101012000060120F01821200441434F1009212054EE01207C
S32560208E803CF80120000120206C23012058A701202C430120D4360120102800F29280686027
S32560208EA00024A9464FF0010B29F8084F9FEDBCAB6B689B4580F09080002628A800F070FDDD
S32560208EC0002800F08E8025A828A900F029FF229808B100F015FD259B25A82293269B239302
S32560208EE0279BCDE92666CDE9243600F0C1FC249B23B1229B13B11B78212BDED022980028A8
S32560208F0061D0002100F004FFB0EE40BA249B002B36D0229E2F21304600F0B6FC80B3861B02
S32560208F20002E2DDD25A83346002222A900F0A0FD259808B100F0A8FE059025A800F098FCC1
S32560208F4025A8249B721C22A900F092FD259808B100F09AFE049025A800F08AFCDDED057A09
S32560208F60B0EE4ABBB8EEE77ADDED047AF8EEE77AC7EE276AB7EEE67AA7EE08BBB7EECBBB64
S32560208F80B7EECB0ADFED8A7A9FED8A7A30EE090BB7EEC00B20EE270AC0EE077AFDEEE77A15
S32560208FA017EE903A002B11DDB3F5406F10DC1AB2B3F5C06FC8BF44460BF1010B29F8022FF2
S32560208FC076E71023DFE59FED7CBA9FE70122F3E744464FF44062EFE7013404EB440464025B
S32560208FE02C8022A800F044FC01238AF8003028A800F0F6FC28A800F0C3FD01370AF1010AFF
S325602090002835FFB2342F7FF466AD6C4B9B7A002B45D100F0D1FE00283FF45EAE684C694E35
S32560209020D4F83C5F06F15C07DFF8A8812544A5427FF652AE6388E1188D42FFF44DAE2288D9
S32560209040002A3FF449AE002B3FF446AE4FF0050C334618688088904200F06E81586880881A
S32560209060904240F0368103F1040EBE4500F05281DEF80090B9F1000F00F04C81D9F8003008
S325602090804846DB689847C30700F11C02618848BF00F11D02914200F0518121443AE19FED20
S325602090A0428BDFF834A10025039B13F8014B0393002C00F0938010350AF1280AADB2402D94
S325602090C0F2D1414E00254FF0000A4FF0000B374600244FF0100814F0030900F0B3804FEA9C
S325602090E009130134424608A81946CDE9223800F087FC102C27F8020BEDD108352036ADB267
S32560209100B5F5807FE3D10026304C4FF000084FF000093746082546F4806008A980B2CDE9DE
S32560209120088900F091FB002840F09A800024284D4FF000084FF000092746102644F4A06027
S3256020914008A980B2CDE9088900F07EFB00283FF460AF3246394608A801340435CDE910763B
S3256020916000F04EFC082325F8040C31461A4608A80F930E9600F044FC0123182205F8020C71
S32560209180182108A8CDE90C231A4600F039FC003818BF0120142C05F8010CCFD139E700BFFD
S325602091A00000000000C092C00000000000000000000000430000C842000000000001202089
S325602091C0B0092120A8A90120F0E00120100921203CF80120940700205AEE012008A940F2F6
S325602091E0FF2000F031FB00283FF465AF089E57464FF010090DF19408330CF6B22AF8063CBF
S325602092004AF8026CA6423FF456AF14F0030B0CD04FEA0B1308A80134CDE9253998E8060034
S3256020922000F0EEFB27F8020FECE745EA940008A940F4007080B28DED088B00F005FB00285D
S32560209240E6D138E745EA940008A940F4407080B2CDE908AB00F0F8FA00287FF440AF4CE720
S325602092602A46394608A801360534CDE91A7500F0C7FB2A4604F8050C294608A8CDE91855A3
S3256020928000F0BEFB102304F8040C2A46194608A8CDE9163500F0B4FB182304F8030C2A468B
S325602092A0194608A8CDE9143500F0AAFB202304F8020C2A4619460DEB0300CDE9123500F081
S325602092C09FFB202E04F8010C7FF425AF2EE77346BFE698688088904202D103F1080EC4E6FC
S325602092E0D8688088904202D103F10C0EBDE6BCF1010C03F1100EEAD1A7EB0E00082812D011
S325602093000C2809D0042805D1DEF800309B8893423FF4ABAE0C468AE61869808890423FF4DE
S32560209320A4AE03F1140EDEF800309B8893423FF49CAE0EF1040EE7E79E4696E6231D4146BE
S3256020934009F11000CDE92833134428222A9300238DF8AC3028AB00F09FFAD9F8003028A95C
S3256020936048465B6998479DF8AC3013B1484600F0DFFC63881C445AE60828C8BF1C70B8E43E
S325602093800328C8BF5D70BAE40428C8BF9970BCE41028C8BFDE70BEE40428C8BF1971C1E43D
S325602093A0102988BF5060D0E4B1F5406FC8BF1580D2E42DE9F04FBE4C8DB00646A36E13F020
S325602093C001030BD123612046BA4ABB49C4E90033C4E902330123A36600F01EFC94F86C3014
S325602093E063B916226360C4E90223B44B188900F063FA00F005FA012384F86C30002E52D096
S32560209400DFF8B88298F800302BB1AD4B04220121782000F08DFB07A8AA4F00F0D5FC02233B
S325602094200A20DFF8CC92DFF8CCA2CDE90803D4E90353ED1AA44B2B4407EB8307D4E901236C
S325602094409B1A042BC2BFD4E903329B1A04339D4241DC162D3FDCE36807A8591B4B424B4162
S325602094608DF81C3000F098FBD9F804300633C9F8043057F8043F986800F05AFA3B68B8F8B6
S3256020948008209B889A4206D10999534608220020013100F04DFB07A8013500F0D1FA099B15
S325602094A00C330993CAE794F86D30DFF84C82874DABB9D5F81021D8F800309B1A46F2A712F0
S325602094C093420CD8DFF83492D5F80421D5F808319A425DD1012630460DB0BDE8F08F002709
S325602094E0DFF81C920120DFF8D4B1C5F80871C5F80471D8F8003089F80070C5F8103100F09D
S3256020950027FC94F86D30DFF8D8A11BB3E268704B704803EB8203D3F85032CAF800309B88C9
S32560209520ABF80830FEF758FEFDF750FF94F86E306BB1FEF7BDFDD8F80030D5F810219B1A94
S32560209540B3F57A7FC0F04181002384F86E30002384F86D309BF80030012195F87420DAF821
S3256020956000009A421EBF002285F87430EA6795F864209A421EBF85F864300023EB6600F0D9
S32560209580DFF9012389F80030002384F86C30A2E703A800F0C1FABDF80E709DF80C603846CC
S325602095A000F092FB00288FD1082F00F0AD8073D8022F00F0F280042F86D1022E84D1064693
S325602095C00746DFF840A1444BCDF814A05B680693424B1B78002B00F0A780414B186800F03E
S325602095E007FC00F005FA00F033F93E4AD2F8081CD2F80C3C5B1A023326D0D2F8083C03F0AE
S32560209600010303F5407352F82300E8B100F0D0FADFF8DCB002237A1C33495846CBE9013335
S32560209620092300F05DFB314B03EBC703D3F89400019300F07DF9019BD3F898309847002372
S32560209640CBF8003000F040FA4FF0000BD5F80421D5F808319A4240F08280082F06F10106E2
S3256020966005A8A8BF082736F07F4308BF4FF0FF3227EAE77708BFCAE9012300F085FABBF1DA
S32560209680000FA0D00023C5F80831C5F80431D8F80030C5F8103117E7B7F5007F7FF414AF5D
S325602096A0052E7FF411AFBDF9100000F0A9F80BE754F60120D8130120AD33000000012020DD
S325602096C04823002058570120931400406C23012058A70120E0E80120001000E00DDC01200F
S325602096E02C430120D4360120AC010120B4AC0020E4300120286200204C45012028F401200D
S325602097002843012000F40120F21E53425341013E18BF012684F86E3084F86D60D4E6D9F8BE
S3256020972000300133C9F8003000F0D2F80028F6D100F032FB68B9DFF8A8B0584600F020FB8F
S3256020974000283FF44EAFD9F808300133C9F80830F3E7D9F804300133C9F80430E8E707A86F
S3256020976000F0DAF99DF81C20BDF81E30052A07D1B3F5807F7FF46AAFBDF920301F4465E7DD
S32560209780022A7FF463AF082B04D0042B7FF45EAF01375BE74FF0010B58E7022E7FF494AEF3
S325602097A00E4A95F87410137883F00103994295F8641013701CBF85F87430E86799421EBF56
S325602097C0002185F86430E9667EE67B1CC7F307100193FDF72FFD019B1F46ACE6000120202E
S325602097E020AA0120F8B500BFF8BC08BC9E4670475FF800F0CD7502005FF800F0093300006B
S325602098005FF800F0157E02005FF800F0E94B02005FF800F0A53C00005FF800F0F72F0000D4
S325602098205FF800F02D8402005FF800F0433800005FF800F00D8502005FF800F0B1AB020066
S325602098405FF800F0893C02005FF800F0859B01005FF800F0F59001005FF800F00994020059
S325602098605FF800F0113300005FF800F05B4500005FF800F009DC02005FF800F0C94401006D
S325602098805FF800F0B16700005FF800F0D14003005FF800F09D3402005FF800F0D9B201009B
S325602098A05FF800F0393000005FF800F07DD102005FF800F0558802005FF800F0857D02006A
S325602098C05FF800F0513C00005FF800F0713400005FF800F0EFA602005FF800F01DE6020018
S325602098E05FF800F0399102005FF800F06D9A01005FF800F0A5CE02005FF800F07D480200B6
S325602099005FF800F0391C03005FF800F095DD00005FF800F0F98E02005FF800F059D3020024
S325602099205FF800F0A19901005FF800F0278802005FF800F009D302005FF800F0C18902006F
S325602099405FF800F0653A00005FF800F0A5DE02005FF800F0219A02005FF800F0354A020003
S325602099605FF800F07B3300005FF800F05B8601005FF800F081D902005FF800F0D1E00200A6
S325602099805FF800F0913800005FF800F0FD8D02005FF800F0A5E002005FF800F0375E0100B3
S325602099A05FF800F0451E00005FF800F0733400005FF800F0918501005FF800F03D6E000039
S325602099C05FF800F0BDDD00005FF800F0554300005FF800F01D4001005FF800F09B59010060
S325602099E05FF800F08F3B00005FF800F0534401005FF800F0192602005FF800F0D53D000010
S32560209A005FF800F0194500005FF800F05F4000005FF800F069CC02005FF800F02F720000CF
S32560209A205FF800F0AF3300005FF800F0176300005FF800F055D502005FF800F081A50000D6
S32560209A405FF800F0B53D00005FF800F0F73601005FF800F0353B00005FF800F0F9320000A9
S32560209A605FF800F0ADCF02005FF800F04D8402005FF800F0CD4002005FF800F06B43000036
S32560209A805FF800F00D3300005FF800F0E18802005FF800F031E302005FF800F0535C0000B4
S32560209AA05FF800F0EF1702005FF800F0391103005FF800F0958D02005FF800F03B850100CA
S32560209AC05FF800F0333C00005FF800F011A302005FF800F02D1103005FF800F03D1502002A
S32560209AE05FF800F0892500005FF800F0455701005FF800F05D3300005FF800F0ED99010062
S32560209B005FF800F0253E02005FF800F0137601005FF800F0B93B00005FF800F0CD9D020054
S32560209B205FF800F0B9D002005FF800F0593300005FF800F095CC02005FF800F0EDCC02004E
S32560209B405FF800F0278B01005FF800F0F91003005FF800F0758902005FF800F05B8B0100BD
S32560209B605FF800F08D4002005FF800F049AB02005FF800F039D602005FF800F0A52C030099
S32560209B805FF800F0653B00005FF800F0A5E302005FF800F0A33C02005FF800F0BF3D00001C
S32560209BA05FF800F08F6401005FF800F083B200005FF800F0AF9D02005FF800F0DB9601001A
S32560209BC05FF800F0A58E00005FF800F075CF02005FF800F0DD8401005FF800F0C135010011
S32560209BE05FF800F0013200005FF800F06DB200005FF800F005FE02005FF800F01D9B0100B3
S32560209C005FF800F089FC01005FF800F0993200005FF800F0C98A01005FF800F061FB02009F
S32560209C205FF800F0933400005FF800F0759901005FF800F029A502005FF800F0557C00000B
S32560209C405FF800F0A1CB02005FF800F0CD9001005FF800F0318A02005FF800F07F710000E9
S32560209C605FF800F06F8802005FF800F03F5C00005FF800F0E93000005FF800F0CD75010052
S32560209C805FF800F0759402005FF800F0650003005FF800F08BA900005FF800F0D98601001B
S32560209CA05FF800F0A7A900005FF800F069A900005FF800F0EFB101005FF800F04940020074
S32560209CC05FF800F0459402005FF800F04FD902005FF800F0713F00005FF800F0B1930200E7
S32560209CE05FF800F02DD302005FF800F0533400005FF800F0DB7B00005FF800F0918E0000C4
S32560209D005FF800F065D302005FF800F0B38A01005FF800F0090E03005FF800F07D17020079
S32560209D205FF800F05D8002005FF800F02B4601005FF800F03F3A00005FF800F0918601009F
S32560209D405FF800F0DF8D01005FF800F0354800005FF800F0AD5D02005FF800F0D53C020058
S32560209D605FF800F0AF1103005FF800F0E93200005FF800F07F3300005FF800F0678C0100BD
S32560209D805FF800F0E19602005FF800F051A001005FF800F0291C03005FF800F025950200B2
S32560209DA05FF800F07B0702005FF800F0058A02005FF800F0835801005FF800F00581020088
S32560209DC05FF800F0FB7501005FF800F0253C00005FF800F01D4802005FF800F0259A0100E8
S32560209DE05FF800F0FD4600005FF800F0693D00005FF800F0893A00005FF800F06B33000077
S32560209E008D1A000001EB020084C200208AC2002090C2002096C200209CC20020A2C2002069
S32560209E20A8C20020AEC200206CC00F4030000000100F000041A60100012700001700000091
S32560209E40120000000001000014851F401AFF000012000000000000000100000018851F4049
S32560209E601BFF000012000000000000000100000010851F400026FF001700000012000000ED
S32560209E800000000001010000010000000C851F400C851F40000000006CC00F40C00000001E
S32560209EA0504F000039A601000CFF000013000000000000000000000024851F400BFF00006D
S32560209EC013000000000000000000000028851F400DFF0000130000000000000000000000BE
S32560209EE020851F400A25240013000000120000001200000001020300000000000000000048
S32560209F00000000000000000070C00F40C00000001200000013000000D0841F4001000000A3
S32560209F20FF000000FF00000000000000000000001300000013000000CC841F4001000000C7
S32560209F40FF000000FF00000000000000000000001C00000085A20100ACD30020B1D30020F6
S32560209F60B6D30020BBD30020C0D30020C5D30020CAD30020CFD30020D4D30020D9D3002087
S32560209F80DED30020E3D30020E8D30020EDD30020F2D30020F7D30020FCD3002001D4002026
S32560209FA006D400200BD4002010D4002015D400201AD400201FD4002024D40020A0CB002051
S32560209FC0A5CB0020AACB002029D400202ED4002033D4002038D400203DD4002042D40020DD
S32560209FE047D400204CD4002051D4002056D400205BD4002060D4002065D400206AD4002077
S3256020A0006FD4002074D4002079D400207ED4002083D4002088D400208DD4002092D4002016
S3256020A02097D400209CD40020A1D40020A6D40020ABD40020B0D40020B5D40020BAD40020B6
S3256020A040BFD40020C4D40020C9D40020CED40020D3D40020D8D40020DDD40020E2D4002056
S3256020A060E7D40020ECD40020F1D40020F6D40020FBD4002000D5002005D500200AD50020F3
S3256020A0800FD5002014D5002019D500201ED5002023D5002028D500202DD5002032D500208E
S3256020A0A06AD4002037D500203CD5002041D5002046D500204BD5002050D5002055D500201F
S3256020A0C059D500205DD5002038D500203DD5002061D5002066D500206BD5002070D5002085
S3256020A0E075D500207AD500207FD5002084D5002088D500208CD5002062D5002067D5002063
S3256020A1006CD5002090D5002095D500209AD500209FD50020A4D50020A9D50020AED500204C
S3256020A120B3D50020B7D50020BBD5002091D5002096D500209BD50020BFD50020C4D5002087
S3256020A140C9D50020CED50020D3D50020D8D50020DDD50020E2D50020E6D50020EBD50020FF
S3256020A160F0D50020F5D50020FAD50020FED5002002D6002006D600200BD6002010D60020AD
S3256020A18015D600201AD600201ED6002022D6002026D600202BD6002030D6002035D6002064
S3256020A1A03AD600203FD6002044D60020A3CA0020B2CA0020C1CA0020D0CA0020DFCA002023
S3256020A1C0E4CA0020EDCA0020F4CA0020FBCA002004CB00200BCB002016CB00201ECB0020A2
S3256020A1E026CB002032CB00203ECB00204DCB00205CCB002061CB00206ACB002072CB002005
S3256020A20078CB002080CB002089CB002094CB0020A0CB0020A5CB0020AACB0020AFCB0020AD
S3256020A220B7CB0020BFCB0020C5CB0020D3CB0020D9CB0020E1CB0020E7CB0020ECCB0020A5
S3256020A240F9CB002001CC00200BCC002012CC002018CC002025CC002031CC00203DCC002057
S3256020A26048CC002051CC00205CCC002065CC00206DCC002074CC002080CC00208DCC0020B0
S3256020A28098CC0020A7CC0020B6CC0020C1CC0020D1CC0020E1CC0020F1CC0020FBCC002084
S3256020A2A009CD002014CD002024CD002032CD00203FCD00204ECD00205BCD002068CD0020ED
S3256020A2C078CD002085CD002095CD0020A5CD0020B5CD0020C5CD0020D2CD0020DFCD00202E
S3256020A2E0ECCD0020FCCD00200BCE002018CE002028CE002038CE002047CE002056CE002062
S3256020A30065CE002074CE002083CE002092CE0020A1CE0020AFCE0020BDCE0020CBCE002081
S3256020A320D1CE0020D7CE0020DECE0020E5CE0020ECCE0020F3CE0020FACE002001CF0020E1
S3256020A34008CF00200ECF002014CF0020D8CE0020DFCE0020E6CE00201ACF002021CF002000
S3256020A36028CF00202FCF002036CF00203DCF002044CF00204BCF002051CF002057CF0020DE
S3256020A3801BCF002022CF002029CF00205DCF00206DCF00207DCF00208DCF00209ACF0020EB
S3256020A3A0A7CF0020B4CF0020C1CF0020CDCF0020DACF0020E7CF0020F4CF002001D00020FF
S3256020A3C00DD0002015D000201DD0002029D0002035D0002041D000204DD0002053D00020F9
S3256020A3E05CD0002065D0002071D000207CD0002087D0002093D000209CD00020A6D000204D
S3256020A4000000000000000000000000000000000000000000000000000000000000000000B6
S3256020A4200000000000000000000600000C0000000000800000018001000280020003800378
S3256020A4400004800400058005000000000000000000060000070000000000000100028002D2
S3256020A4608003800480050000000000000000000000000000000000000006000007000000BD
S3256020A480000000018001800280038004000500000000000000000000000000000000000026
S3256020A4A00006000007000000000080008001800280030004000500000000000000000000FA
S3256020A4C0000000000000000000060000070000000000000100020003800380048005000057
S3256020A4E0000000000000000000000000000000000006000007000000000000010002800244
S3256020A50080038004000500000000000000000000000000000000000000060000070000009C
S3256020A520000000018001800280030004000500000000000000000000000000000000000005
S3256020A5400006000007000000000080008001800200030004000500000000000000000000D9
S3256020A5600000000000000000000600000600000000008001000280038004000500000000BA
S3256020A580000000000000000000000000000000000006000006000000000080018002000323
S3256020A5A0800300050000000000000000000000000000000000000000000600000500000082
S3256020A5C00000000100028003800400000000000000000000000000000000000000000000EB
S3256020A5E000060000050000000000800180028003000500000000000000000000000000003F
S3256020A600000000000000000000060000080000000000800080010002800280030004000595
S3256020A620000000000000000000000000000000000006000005000000000080008002800304
S3256020A640000400000000000000000000000000000000000000000000000600000500000065
S3256020A6600000800080018003000400000000000000000000000000000000000000000000CC
S3256020A680000600000700000000000001800100038003000480050000000000000000000096
S3256020A6A00000000000000000000600000700000000008000000280028003000480050000F7
S3256020A6C00000000000000000000000000000000000060000070000000000800000028002E3
S3256020A6E080030004000500000000000000000000000000000000000000060000060000003C
S3256020A7000000000100020003000400050000000000000000000000000000000000000000A4
S3256020A720000600000C00000000007300050178010A027D020F038303F6038804FB048D0556
S3256020A7400000000000000000000600000C0000000000800000018001C00180020003800396
S3256020A76000048004000540050000000000000000000600000C00000000008000000180016D
S3256020A780C00180020003800300048004000580050000000000000000000600000C00000046
S3256020A7A00000800000018001C0018002000380030004400400058005000000000000000076
S3256020A7C0000600000700000000007300EE017D028303F60371050000000000000000000010
S3256020A7E00000000000000000000600000500000000008F007D02830312040000000000001E
S3256020A80000000000000000000000000000000000000600000600000000008F00EE01F30233
S3256020A8206C047105000000000000000000000000000000000000000000060000070000009F
S3256020A84000007300EE01F3028303F603710500000000000000000000000000000000000026
S3256020A860000600000700000000008F00EE01F30283031204710500000000000000000000C0
S3256020A8800000000000000000000600000700000000000501EE017D02830388047105000029
S3256020A8A0000000000000000000000000000000000006000007000000000005010A020F03E1
S3256020A8C0830388048D05000000000000000000000000000000000000000600000700000041
S3256020A8E00000E90078017D0283036C04FB04000000000000000000000000000000000000FC
S3256020A90000060000070000000000050194017D02830388041705000000000000000000005C
S3256020A920000000000000000000060000070000000000050178017D028303F603FB04000008
S3256020A94000000000000000000000000000000000000600000700000000000501EE017D02F0
S3256020A96083036C04FB0400000000000000000000000000000000000000060000080000004E
S3256020A98000000501EE017D0283038804FB048D05000000000000000000000000000000001A
S3256020A9A000060000080000000000050178017D0283036C04FB04710500000000000000009A
S3256020A9C0000000000000000000060000060000000000730078017D026C04FB04000000000B
S3256020A9E00000000000000000000000000000000000060000060000000000050178017D02C7
S3256020AA008303710500000000000000000000000000000000000000000006000006000000A8
S3256020AA200000EE017D028303F603FB040000000000000000000000000000000000000000A4
S3256020AA40000600000600000000000501F30283036C04FB0400000000000000000000000074
S3256020AA60000000000000000000060000070000000000050178017D0283038804FB04000034
S3256020AA8000000000000000000000000000000000000600000700000000000501EE017D02AF
S3256020AAA08303F603710500000000000000000000000000000000000000060000060000000F
S3256020AAC0000005010A027D02F603FB04000000000000000000000000000000000000000067
S3256020AAE00006000005000000000073007D028303FB0400000000000000000000000000004E
S3256020AB00000000000000000000060000050000000000730078018303FB0400000000000033
S3256020AB20000000000000000000000000000000000006000005000000000078017D02830306
S3256020AB40FB0400000000000000000000000000000000000000000000000600000500000065
S3256020AB60000078017D02F302F6030000000000000000000000000000000000000000000069
S3256020AB80000600000600000000007801EE017D026C04FB04000000000000000000000000CD
S3256020ABA00000000000000000000600000C00000000007800FB007D01F6018302F6027D0318
S3256020ABC0FB037804000573050000000000000000000600000D00000000008C001701A3019D
S3256020ABE0E901740200034603D1035D04A3042F05BA05000000000000000600000D00000041
S3256020AC000000A200F3009401E5018702D8027903CA036C04BD045E05AF05000000000000AA
S3256020AC2000060000100000000000BF00090153019D01E7013102F0023A038403CF031904FD
S3256020AC40D70422056C05B605000600001000000000006300C7002A018E01F1015502B80243
S3256020AC601C037F03E3034604A9040D057005D405000600001000000000006300C600290107
S3256020AC808C01EF015302B60219037C03DF034204A504D7043A059D05000600000500000071
S3256020ACA00000ED00AF016A03F303000000000000000000000000000000000000000000000E
S3256020ACC000060000070000000000FC00B4017A02840344040C0500000000000000000000D4
S3256020ACE0000000000000000000060000070000000000CE00BB01A1026E034F0425050000A6
S3256020AD0000000000000000000000000000000000000600000C0000000000950029018C014F
S3256020AD20210284021903AD031104A50408059D05000000000000000000060000060000009F
S3256020AD40000017012F02BA02D103E9040000000000000000000000000000000000000000A7
S3256020AD6000060000080000000000EC00D9014F023B0327049E048A0500000000000000008E
S3256020AD800000000000000000000600000A0000000000CD0033010002660233039A03660475
S3256020ADA0CD049A0500000000000000000000000000060000070000000000C0008001A002AD
S3256020ADC060032004E004000000000000000000000000000000000000000600000900000073
S3256020ADE0000060002001E001A0020003C0038004400500000000000000000000000000003A
S3256020AE00000600000C00000000005A00B5006901C4017802D3022D03E2033C04F1044B0573
S3256020AE200000000000000000000600000900000000008C005D01E901BA0246031704A304E2
S3256020AE4074050000000000000000000000000000000600000A00000000008C001701E90155
S3256020AE60740200038C031704E9047405000000000000000000000000000600000A000000B3
S3256020AE8000008C001701E901740200038C035D04E9047405000000000000000000000000CF
S3256020AEA000060000070000000000D100A30174028C035D042F0500000000000000000000F0
S3256020AEC00000000000000000000600000C00000000003B00EC002701D9018A02C5027603E5
S3256020AEE0B10362049E044F050000000000000000000600000A0000000000B1002701D901F9
S3256020AF004F020003B1032704D9044F05000000000000000000000000000600000B00000036
S3256020AF200000A7004E01F5013802DF0286032D046F041605BD05000000000000000000007A
S3256020AF400006000009000000000091005C01ED01B80248031304A4046F0500000000000048
S3256020AF600000000000000000000600000C000000000000015501EB012B028002C002800302
S3256020AF806B04D50440056B05000000000000000000060000070000000000CA00F001BA02AA
S3256020AFA08403AB04740500000000000000000000000000000000000000060000080000004E
S3256020AFC000009800C101EE0117038103AA04D704000000000000000000000000000000007B
S3256020AFE00006000009000000000004013F0143027E028203BD03C104FC04000000000000A8
S3256020B0000000000000000000000600000C00000000003F002A019601EB01BF02150381034E
S3256020B0206B04AA04D704D4050000000000000000000600000C00000000004B0009015401FD
S3256020B04012025D02C6028503CF038E04D804970500000000000000000006000010000000B5
S3256020B06000006000C00020018001E0014002A00200036003C00320048004E0044005A00524
S3256020B080000600000F00000000006600CD0033019A0100026602CD0233039A030004660499
S3256020B0A0CD0433059A050000000600000E00000000006E00DB004901B70125029202000345
S3256020B0C06E03DB034904B7042505920500000000000600000D00000000007600EC006201FA
S3256020B0E0D9014F02C5023B03B10327049E0414058A05000000000000000600000B00000060
S3256020B10000008C001701A3012F02BA024603D1035D04E90474050000000000000000000090
S3256020B120000600000A00000000009A003301CD01660200039A033304CD0466050000000062
S3256020B140000000000000000000060000090000000000AB0055010002AB0255030004AB049F
S3256020B1605505000000000000000000000000000000060000080000000000C000800140025E
S3256020B1800003C003800440050000000000000000000000000000000000060000070000008D
S3256020B1A00000DB00B70192026E0349042505000000000000000000000000000000000000FA
S3256020B1C00006000006000000000000010002000300040005000000000000000000000000CE
S3256020B1E0000000000000000000060000050000000000330166029A03CD04000000000000B4
S3256020B2000000000000000000000000000000000000060000100000000000860005017D0188
S3256020B220EE015B02C20224038303DD0334048804D80426057105BA05000600000F000000D6
S3256020B24000008F00150194010C027D02EA025103B30312046C04C30417056705B50500001C
S3256020B260000600000E000000000099002801AE012D02A50216038303EA034C04AA04050559
S3256020B2805C05AF0500000000000600000D0000000000A4003D01CC015202D1024903BB0320
S3256020B2A027048E04F0044F05A905000000000000000600000C0000000000B1005601EE014C
S3256020B2C07D0204038303FA036C04D8043F05A2050000000000000000000600000B00000097
S3256020B2E00000C10072011602AF023E03C5034304BB042D05990500000000000000000000EC
S3256020B300000600000A0000000000D30094014502EA0283031204980417058E050000000015
S3256020B320000000000000000000060000090000000000E900BD017D022F03D3036C04FB04DB
S3256020B34081050000000000000000000000000000000600000800000000000501EE01C2021A
S3256020B36083033404D80471050000000000000000000000000000000000060000070000002A
S3256020B380000028012D021603EA03AA045C05000000000000000000000000000000000000BA
S3256020B3A00006000006000000000056017D0283036C043F05000000000000000000000000EB
S3256020B3C00000000000000000000600000500000000009401EA021204170500000000000029
S3256020B3E00000000000000000000000000000000000060000040000000000EE018303D8046C
S3256020B400000000000000000000000000000000000000000000000000000600001000000090
S3256020B420000046008F00DA0028017801CC0123027D02DC023E03A50312048304FB047A05E2
S3256020B440000600000F00000000004B009900E9003D019401EE014D02AF0216038303F4032C
S3256020B4606C04EB0471050000000600000E00000000005100A400FB005601B40116027D02CA
S3256020B480EA025B03D3035204D804670500060000000600000D00000000005700B100100136
S3256020B4A07201D9014502B7022F03AE033404C3045C05000000000000000600000C00000064
S3256020B4C000005E00C1002801940106027D02FC0283031204AA044F050000000000000000E6
S3256020B4E0000600000B00000000006700D3004501BD013B02C2025103EA038E043F0500005F
S3256020B5000000000000000000000600000A00000000007200E9006801EE017D021603BB038C
S3256020B5206C042D05000000000000000000000000000600000900000000007F0005019401BA
S3256020B5402D02D102830343041705000000000000000000000000000000060000080000006C
S3256020B56000008F002801CC017D023E031204FB0400000000000000000000000000000000EB
S3256020B58000060000070000000000A40056011602EA02D303D8040000000000000000000067
S3256020B5A0000000000000000000060000060000000000C10094017D028303AA0400000000F0
S3256020B5C00000000000000000000000000000000000060000050000000000E900EE011603E9
S3256020B5E06C040000000000000000000000000000000000000000000000060000040000004B
S3256020B600000028017D021204000000000000000000000000000000000000000000000000E6
S3256020B620000600000D00000000007600EC006201D9014F02C5023B03B10327049E041405E2
S3256020B6408A05000000000000000600000D00000000006C00F4005F01D6015302CA023603D1
S3256020B660AD032A04A1040C05940500000000000000060000090000000000F4005F01D601DD
S3256020B680CA0236032A04A1049405000000000000000000000000000000060000100000009D
S3256020B6A00000A5003801BD013702A7020E036F03C9031E046E04B904010545058605C40542
S3256020B6C0000600000E0000000000BB005F01F3017802F2026103C9032A048404D904280563
S3256020B6E07405BC0500000000000600000C0000000000D80092013702CA024F03C9033904AD
S3256020B700A10401055B05B0050000000000000000000600000A0000000000FF00D60191026A
S3256020B7203603C9034E04C8043805A005000000000000000000000000000600000800000070
S3256020B7400000380137020E03C9036E04010586050000000000000000000000000000000011
S3256020B760000600001000000000003C007A00BB00FF0047019201E20137029102F2025903E3
S3256020B780C9034304C8045B05000600000E000000000044008C00D80027017C01D601370273
S3256020B7A09F020E0388030D04A104450500000000000600000C00000000005000A500FF00C0
S3256020B7C05F01C7013702B1023603C9036E0428050000000000000000000600000A0000001B
S3256020B7E000006000C8003801B2013702CA026F032A04010500000000000000000000000004
S3256020B800000600000800000000007A00FF0092013702F202C903C8040000000000000000C3
S3256020B820000000000000000000060000030000000000800380050000000000000000000071
S3256020B840000000000000000000000000000000000006000003000000000080038004000052
S3256020B860000000000000000000000000000000000000000000000000000600000400000038
S3256020B880000080018003000500000000000000000000000000000000000000000000000019
S3256020B8A00006000004000000000000028003800500000000000000000000000000000000EE
S3256020B8C0000000000000000000060000040000000000800180038004000000000000000050
S3256020B8E00000000000000000000000000000000000060000040000000000000280038004AF
S3256020B900000000000000000000000000000000000000000000000000000600000200000099
S3256020B9200000800300000000000000000000000000000000000000000000000000000000FE
S3256020B9400006000003000000000000028003000000000000000000000000000000000000D3
S3256020B960000000000000000000060000030000000000800180030000000000000000000034
S3256020B980000000000000000000000000000000000006000007000000000000018001800210
S3256020B9A08003000480050000000000000000000000000000000000000006000007000000E8
S3256020B9C00000800080018002000380040005000000000000000000000000000000000000D2
S3256020B9E0000600000700000000000001000280020004800480050000000000000000000022
S3256020BA00000000000000000000060000070000000000000180010003800380040005000002
S3256020BA2000000000000000000000000000000000000600000700000000008000000280026F
S3256020BA408003000400050000000000000000000000000000000000000006000007000000C7
S3256020BA6000008001000200038003800480050000000000000000000000000000000000002E
S3256020BA80000600000700000000008000800100020003000480040000000000000000000085
S3256020BAA00000000000000000030000000300000003000000040000000400000004000000EB
S3256020BAC00400000004000000050000000500000005000000050000000600000006000000B8
S3256020BAE0060000000700000007000000070000000800000008000000080000000900000084
S3256020BB00090000000A0000000A0000000B0000000B0000000C0000000C0000000D00000047
S3256020BB200D0000000E0000000F0000000F0000001000000011000000120000001200000001
S3256020BB40130000001400000015000000160000001700000018000000190000001B000000AA
S3256020BB601C0000001D0000001E00000020000000210000002300000024000000260000003A
S3256020BB80280000002A0000002C0000002E00000030000000320000003400000037000000A6
S3256020BBA0390000003C0000003F0000004200000045000000480000004B0000004E000000E3
S3256020BBC052000000560000005A0000005E00000062000000670000006B00000070000000DB
S3256020BBE0760000007B00000081000000870000008D000000930000009A000000A10000006B
S3256020BC00A8000000B0000000B8000000C1000000C9000000D3000000DC000000E60000006F
S3256020BC20F1000000FC0000000701000013010000200100002D0100003B01000049010000A0
S3256020BC405801000068010000790100008A0100009C010000AF010000C3010000D7010000AE
S3256020BC60ED010000030200001B020000330200004D0200006802000084020000A202000016
S3256020BC80C1020000E102000002030000260300004B0300007103000099030000C303000026
S3256020BCA0EF0300001E0400004E04000080040000B5040000EC0400002505000062050000DA
S3256020BCC0A1050000E2050000270600006F060000BA060000090700005B070000B2070000C4
S3256020BCE00C0800006A080000CC080000330900009F0900000F0A0000850A0000000B0000CD
S3256020BD00810B0000070C0000940C0000270D0000C10D0000620E00000A0F0000BA0F00000A
S3256020BD207210000032110000FB110000CE120000AA13000090140000801500007C16000044
S3256020BD408317000096180000B5190000E21A00001C1C0000651D0000BD1E00002520000071
S3256020BD609D21000026230000C12400006F26000030280000062A0000F22B0000F42D0000F6
S3256020BD800E300000403200008B340000F236000075390000153C0000D33E0000B241000083
S3256020BDA0B3440000D64700001E4B00008D4E000024520000E5550000D1590000EC5D000082
S3256020BDC036620000B3660000646B00004C7000006E750000CB7A00006880000046860000C5
S3256020BDE0688C0000D2920000889900008BA00000E1A700008DAF000092B70000F5BF000058
S3256020BE00BAC80000E6D100007DDB000084E5000001F00000F8FA0000700601006D120100C8
S3256020BE20F71E0100132C0100C93901001F4801001D570100CA6601002F7701005388010092
S3256020BE40409A0100FEAC010098C0010017D5010085EA0100EE0002005E180200DF300200A7
S3256020BE60804A02004B650200518102009E9E020041BD02004BDD0200CCFE0200D5210300BD
S3256020BE8077460300C66C0300D5940300B9BE030086EA0300541804003A4804004F7A04000B
S3256020BEA0AFAE040073E50400B81E050000000000FFED002010EE00201EEE00202CEE0020D4
S3256020BEC00000000000000000F090002000000000010000000100000042EE002051EE00208B
S3256020BEE05FEE00206DEE0020050000000000000000000000000000000200000002000000CB
S3256020BF0083EE00203EF600205FEE00206DEE002001000000000000000000000000000000CD
S3256020BF20FFFF0000030000008FEE00203EF600209CEE00206DEE002001000000080000005B
S3256020BF400000000000000000FFFF000004000000ACEE00203EF600205FEE00206DEE002063
S3256020BF6001000000000000000000000000000000FFFF000005000000B8EE00203EF600201D
S3256020BF809CEE00206DEE002001000000080000000000000000000000FFFF000006000000E9
S3256020BFA0C5EE00203EF600205FEE00206DEE002001000000000000000000000000000000EB
S3256020BFC0FFFF000007000000D1EE00203EF600209CEE00206DEE0020010000000800000075
S3256020BFE00000000000000000FFFF000008000000DEEE00203EF600205FEE00206DEE00208D
S3256020C00001000000000000000000000000000000FFFF000009000000EAEE00203EF6002046
S3256020C0209CEE00206DEE002001000000080000000000000000000000FFFF00000A00000044
S3256020C040F7EE00203EF600205FEE00206DEE00200100000000000000000000000000000018
S3256020C060FFFF00000B00000003EF00203EF600209CEE00206DEE002001000000080000009D
S3256020C0800000000000000000FFFF00000C00000010EF00203EF600205FEE00206DEE0020B5
S3256020C0A001000000000000000000000000000000FFFF00000D0000001CEF00203EF600206F
S3256020C0C09CEE00206DEE002001000000080000000000000000000000FFFF00000E000000A0
S3256020C0E029EF00203EF600205FEE00206DEE00200100000000000000000000000000000045
S3256020C100FFFF00000F00000035EF00203EF600209CEE00206DEE00200100000008000000C6
S3256020C1200000000000000000FFFF00001000000042EF00203EF600205FEE00206DEE0020DE
S3256020C14001000000000000000000000000000000FFFF0000110000004EEF00203EF6002098
S3256020C1609CEE00206DEE002001000000080000000000000000000000FFFF000012000000FB
S3256020C1805BEF00203EF600209CEE00206DEE00200200000000000000000000000000000034
S3256020C1A0FF0F0000130000006FEF00207DEF00209CEE00206DEE00200300000001000000A5
S3256020C1C0000000000000000000000000140000008EEF00209CEF00209CEE00206DEE002058
S3256020C1E0040000000300000000000000000000000000000015000000ADEF0020BAEF002018
S3256020C2005FEE00206DEE00200600000000000000000000000100000078000000160000001B
S3256020C220C4EF0020D9EF00201EEE0020E7EF00200000000000000000F090002000000000FB
S3256020C24001000000C80064196432004B9C63BC7F70940CADA8C544DE7CF6C800641964325E
S3256020C260004B9C63BC7F70940CADA8C544DE7CF6C80064196432004B9C63BC7F70940CADD8
S3256020C280A8C544DE7CF6C80064196432004B9C63BC7F70940CADA8C544DE7CF6C8006419B4
S3256020C2A06432004B9C63BC7F70940CADA8C544DE7CF6C80064196432004B9C63BC7F7094BB
S3256020C2C00CADA8C544DE7CF6C80064196432004B9C63BC7F70940CADA8C544DE7CF6C80038
S3256020C2E064196432004B9C63BC7F70940CADA8C544DE7CF6FF0FFF0FFF0FFF0FFF0FFF0F0E
S3256020C300FF0FFF0F0000000002000000000000001900000000000000000099193333CD4C2F
S3256020C32066660080999933B3CCCC65E6FFFF000099193333CD4C66660080999933B3CCCC05
S3256020C34065E6FFFF000099193333CD4C66660080999933B3CCCC65E6FFFF00009919333380
S3256020C360CD4C66660080999933B3CCCC65E6FFFF000099193333CD4C66660080999933B344
S3256020C380CCCC65E6FFFF000099193333CD4C66660080999933B3CCCC65E6FFFF000099190E
S3256020C3A03333CD4C66660080999933B3CCCC65E6FFFF000099193333CD4C66660080999984
S3256020C3C033B3CCCC65E6FFFFAA0AAA0AAA0AAA0AAA0AAA0AAA0AAA0A00000000020000006E
S3256020C3E0000000001900000000000000A803871C6635454E24670380E298C1B1A0CA7FE35C
S3256020C40062FCA803871C6635454E24670380E298C1B1A0CA7FE362FCA803871C6635454E1C
S3256020C42024670380E298C1B1A0CA7FE362FCA803871C6635454E24670380E298C1B1A0CA72
S3256020C4407FE362FCA803871C6635454E24670380E298C1B1A0CA7FE362FCA803871C66350D
S3256020C460454E24670380E298C1B1A0CA7FE362FCA803871C6635454E24670380E298C1B109
S3256020C480A0CA7FE362FCA803871C6635454E24670380E298C1B1A0CA7FE362FC50524F4714
S3256020C4A052414D0001DC02DC03DC04DC07DC08DC09DC0BDC41DC44DC011002100310041082
S3256020C4C005100710081009100B100C100D100F101410151019101A101B1001980298039871
S3256020C4E00498014002400340044005400B400C400E4001C809029100030100C0320904017D
S3256020C5000002030000000921110100012221000705820340000107050203200002090402FC
S3256020C52000030601010007058402400000070504024000000705850320000A090400000279
S3256020C540010300000724010001250006240201010006240202020009240301030102010069
S3256020C5600924030204010101000905030240000000000525010101090583024000000000A9
S3256020C580052501010309029100030100C032090401000203000000092111010001222100C1
S3256020C5A0070582034000010705020320000209040200030601010407058402000200070532
S3256020C5C0040200020007058503200007090400000201030000072401000125000624020180
S3256020C5E00100062402020200092403010301020100092403020401010100090503020002FE
S3256020C6000000000525010101090583020002000000052501010318035400650065006E00FC
S3256020C620730079006400750069006E006F000403090408034D00540050000A060002000047
S3256020C640004001000000000000000000002F000000000700070000147F147F1400242A7FCF
S3256020C6602A1200231308646200364955225000000503000000001C224100000041221C00A8
S3256020C6800014083E08140008083E0808000000A06000000808080808000060600000002038
S3256020C6A010080402003E5149453E0000427F4000004261514946002141454B310018141296
S3256020C6C07F10002745454539003C4A49493000017109050300364949493600064949291E25
S3256020C6E00000363600000000563600000000081422000014141414140000221408000002DA
S3256020C7000151090600324959513E007C1211127C007F49494936003E41414122007F4141EE
S3256020C720221C007F49494941007F09090901003E4149497A007F0808087F0000417F41005D
S3256020C740002040413F01007F08142241007F40404040007F020C027F007F0408107F003E8F
S3256020C7604141413E007F09090906003E4151215E007F091929460046494949310001017F60
S3256020C7800101003F4040403F001F2040201F003F4038403F0063140814630007087008075B
S3256020C7A000615149454300007F41410000552A552A55000041417F000004020102040040CE
S3256020C7C04040404000000E110E00002054545478007F4844443800384444442000384444A7
S3256020C7E0487F00385454541800087E0901020018A4A4A47C007F080404780000447D400086
S3256020C800004080847D00007F102844000000417F4000007C04180478007C08040478003886
S3256020C8204444443800FC242424180018242418FC007C0804040800485454542000043F44FB
S3256020C8404020003C4040207C001C2040201C003C4030403C004428102844001CA0A0A07C5A
S3256020C860004464544C4414141414141400000000010000000300000000000000000000002A
S3256020C880000000000000000000000000000000000000000000000000000000000000000012
S3256020C8A00000000000000000000000000000000000000000000000000000000000000000F2
S3256020C8C00000000000000000000000000000000000000000000000000000000000000000D2
S3256020C8E00000000000000000000000000000000000000000010000000300000007000000A7
S3256020C900000000000000000000000000000000000000000000000000000000000000000091
S3256020C920000000000000000000000000000000000000000000000000000000000000000071
S3256020C940000000000000000000000000000000000000000000000000000000000000000051
S3256020C96000000000000000000000000000000000000000000000000001000000050000002B
S3256020C980070000000F000000000000000000000000000000000000000000000000000000FB
S3256020C9A00000000000000000000000000000000000000000000000000000000000000000F1
S3256020C9C00000000000000000000000000000000000000000000000000000000000000000D1
S3256020C9E00000000000000000000000000000000000000000000000000000000001000000B0
S3256020CA0005000000150000000F0000001F0000000000000000000000000000000000000048
S3256020CA20000000000000000000000000000000000000000000000000000000000000000070
S3256020CA40000000000000000000000000000000000000000000000000000000000000000050
S3256020CA60000000000000000000000000000000000000000000000000000000000000000030
S3256020CA800100000009000000150000001B0000001F0000003F000000000000000000000078
S3256020CAA00000000000000000000000000000000000000000000000000000000000000000F0
S3256020CAC00000000000000000000000000000000000000000000000000000000000000000D0
S3256020CAE00000000000000000000000000000000000000000000000000000000000000000B0
S3256020CB0000000000010000000900000015000000550000005B0000003F0000007F00000002
S3256020CB2000000000000000000000000000000000000000000000000000000000000000006F
S3256020CB4000000000000000000000000000000000000000000000000000000000000000004F
S3256020CB6000000000000000000000000000000000000000000000000000000000000000002F
S3256020CB800000000000000000010000001100000049000000550000006D000000770000007B
S3256020CBA07F000000FF00000000000000000000000000000000000000000000000000000071
S3256020CBC00000000000000000000000000000000000000000000000000000000000000000CF
S3256020CBE00000000000000000000000000000000000000000000000000000000000000000AF
S3256020CC00000000000000000000000000010000001100000049000000550000005501000088
S3256020CC20DB00000077010000FF000000FF010000000000000000000000000000000000001C
S3256020CC4000000000000000000000000000000000000000000000000000000000000000004E
S3256020CC6000000000000000000000000000000000000000000000000000000000000000002E
S3256020CC8000000000000000000000000000000000010000002100000049000000A5000000FE
S3256020CCA055010000B5020000DB020000EF010000FF010000FF030000000000000000000012
S3256020CCC00000000000000000000000000000000000000000000000000000000000000000CE
S3256020CCE00000000000000000000000000000000000000000000000000000000000000000AE
S3256020CD00000000000000000000000000000000000000000001000000210000001101000059
S3256020CD204902000055010000550500006D030000BB030000EF050000FF030000FF07000048
S3256020CD4000000000000000000000000000000000000000000000000000000000000000004D
S3256020CD6000000000000000000000000000000000000000000000000000000000000000002D
S3256020CD800000000000000000000000000000000000000000000000000100000041000000CB
S3256020CDA01101000049020000A504000055050000B5060000DB06000077070000DF0700008D
S3256020CDC0FF070000FF0F0000000000000000000000000000000000000000000000000000B9
S3256020CDE00000000000000000000000000000000000000000000000000000000000000000AD
S3256020CE0000000000000000000000000000000000000000000000000000000000010000008B
S3256020CE20410000001101000049020000290500005505000055150000AD150000DB16000029
S3256020CE4077170000DF170000FF0F0000FF1F0000000000000000000000000000000000009C
S3256020CE6000000000000000000000000000000000000000000000000000000000000000002C
S3256020CE8000000000000000000000000000000000000000000000000000000000000000000C
S3256020CEA00100000081000000210400008904000049120000950A000055150000D52A000055
S3256020CEC06D1B0000DB2D0000F71E0000BF1F0000FF1F0000FF3F00000000000000000000ED
S3256020CEE00000000000000000000000000000000000000000000000000000000000000000AC
S3256020CF0000000000000000000000000000000000000000000000000000000000000000008B
S3256020CF20000000000100000081000000210400001111000049120000A51400005515000024
S3256020CF4055550000B5560000DB360000BB3B0000EF3D0000BF5F0000FF3F0000FF7F000089
S3256020CF6000000000000000000000000000000000000000000000000000000000000000002B
S3256020CF8000000000000000000000000000000000000000000000000000000000000000000B
S3256020CFA00000000000000000010000000101000021040000111100004912000049490000B4
S3256020CFC0954A000055550000D56A00006D6D0000DBB6000077770000EFBD00007F7F000000
S3256020CFE0FF7F0000FFFF00000000000000000000000000000000000000000000000000002F
S3256020D00000000000000000000000000000000000000000000000000000000000000000008A
S3256020D020000000000000000000000000010000000101000041100000111100008944000027
S3256020D04049920000A59400005555000055550100B5D600006DDB0000DBED00007777010057
S3256020D060EFFB00007F7F0100FFFF0000FFFF01000000000000000000000000000000000044
S3256020D08000000000000000000000000000000000000000000000000000000000000000000A
S3256020D0A0000000000000000000000000000000000100000001020000411000001122000062
S3256020D0C0914800004992000029A5000055AA00005555010055AB0200ADB50200DBB60100A6
S3256020D0E0BBDD020077EF0200DFF70100FFFE0100FFFF0100FFFF03000000000000000000D3
S3256020D100000000000000000000000000000000000000000000000000000000000000000089
S3256020D120000000000000000000000000000000000000000001000000010200004110000014
S3256020D14021840000111101004992000049490100A55201005555010055550500B55A0500AD
S3256020D1606D6D0500DBB60500BBBB0300F7DE0300DFF70500FFFE0500FFFF0300FFFF070080
S3256020D180000000000000000000000000000000000000000000000000000000000000000009
S3256020D1A00000000000000000000000000000000000000000000000000100000001040000E3
S3256020D1C08140000021840000111101004924010049920400A594020055AA04005555050006
S3256020D1E055AB0600B5D60A006DDB0600DB6E0B0077770700EFBD0700DFEF0700FFFD0700EC
S3256020D200FFFF0700FFFF0F0000000000000000000000000000000000000000000000000076
S3256020D220000000000000000000000000000000000000000000000000000000000100000067
S3256020D24001040000814000002184000011110100894402004992040029290900954A0500CD
S3256020D2605555050055551500D56A1500ADAD0D00DBB60D00DBED160077771700EFBD1700BB
S3256020D280BFDF0F00FFFD1700FFFF0F00FFFF1F00000000000000000000000000000000001E
S3256020D2A00000000000000000000000000000000000000000000000000000000000000000E8
S3256020D2C001000000010800008140000021080100112204001189080049920400494A120076
S3256020D2E0A594120055A90A005555150055AD2A00B5D61A006D6B1B00DBB62D00BBDB1D0061
S3256020D30077EF1E00EF7D2F00BFDF2F00FFFB1F00FFFF1F00FFFF3F00000000000000000028
S3256020D320000000000000000000000000000000000000000000000000000000000000000067
S3256020D3400000000001000000010800000101010041100400214204001111110049241100CD
S3256020D3604992240029A51400954A25005555150055555500D56A3500ADB556006DDB3600DA
S3256020D380DB6E3B00BBBB3B00F7EE5D00EFFB3E00BFBF3F00FFFB5F00FFFF3F00FFFF7F0098
S3256020D3A00000000000000000000000000000000000000000000000000000000000000000E7
S3256020D3C0000000000000000001000000011000000101010041100400218410001111110075
S3256020D3E0894422004992240049494900A5544A0055A94A005555550055AD6A00B5566B0072
S3256020D4006D6D6D00DBB66D00DBED760077777700F7DE7B00DFF77D007F7F7F00FFF77F0009
S3256020D420FFFF7F00FFFFFF00000000000000000000000000000000000000000000000000EC
S3256020D440000000000000000000000000010000000110000001010100411004002184100027
S3256020D460111111009148240049922400494A5200A5945200952A5500555555005555550174
S3256020D480D5AA5501B5D65A016D6B5B01DBB66D01BBDD6E0177777701EFBDF700DFF77D01B4
S3256020D4A07F7F7F01FFF77F01FFFFFF00FFFFFF0100000000000000000000000000000000F7
S3256020D4C0000000000000000000000000000000000100000001200000010204004120080034
S3256020D4E021841000112122001189480049224900499224012925A500A552A90055A5AA00D0
S3256020D5005555550155B5AA02B55AAD02ADB5B5026DDBB601DB76DB02BBDBDD0277F7EE02F8
S3256020D520EFBDF702DFF7FB027FFFFE01FFEFFF01FFFFFF01FFFFFF03000000000000000084
S3256020D54000000000000000000000000000000000000000000100000001200000010204001C
S3256020D56081402000210841001122440011111101892492004992240149494901A594520287
S3256020D58055AA5401555555015555550555AB5605B5D65A036D6D6D05DBB66D03DB6DB70519
S3256020D5A0BBBBBB0377EFDE05EF7DEF03DFEFF703FFFEFD03FFEFFF05FFFFFF03FFFFFF074F
S3256020D5C0000000000000000000000000000000000000000000000000010000000140000083
S3256020D5E001020400814020004108420021440801111111018944220149922401495292046F
S3256020D60029A59402954AA50255A5AA045555550555B5AA06D56AB50AADB5D60A6D5BDB064B
S3256020D620DBB66D0BDBED760B77777707F7DEBD07EF7BDF0BBFDFEF07FFFEFD0BFFDFFF073C
S3256020D640FFFFFF07FFFFFF0F00000000000000000000000000000000000000000100000033
S3256020D660014000000104100081402000411004012184100211111101918844044922490493
S3256020D6804992240929292909A5544A0555AA5409555555055555551555AB560DB5566B15CE
S3256020D6A0ADADAD0D6DDBB60DDB76DB0EBBDDED0E77777717F7DE7B0FEFFBBE0FBFDFEF17C2
S3256020D6C0FFFEFB0FFFDFFF17FFFFFF0FFFFFFF1F00000000000000000000000000000000A1
S3256020D6E0010000000180000001041000818040004110040121841002112122041191880835
S3256020D700492491044992240949494A12A594520A954AA5125595AA0A5555551555D5AA2AB0
S3256020D720D56AB51AB5D65A2B6D6D6B1BDBB66D1BDB6EBB2DBBBBDD1D77F7EE1EEFBDF71EF0
S3256020D740DFF77D1FBFDFDF2FFFFDF71FFFBFFF1FFFFFFF1FFFFFFF3F0000000000000000DF
S3256020D7600000000001000000018000000104100001010101411004012184100211224408FC
S3256020D780111111118944221149922409495292142925A524A5522A2555AA5215555555159F
S3256020D7A05555555555AB5A55B55AAB35ADB5B5366D5BDB56DBB66D5BDBED763BBBBBBB3B6D
S3256020D7C077EFDE3DEFBDF75EDFF77D5FBFBFBF3FFFFDF75FFFBFFF5FFFFFFF3FFFFFFF7FED
S3256020D7E000000000000000000100000001000100010840000101010141200804210421049C
S3256020D800214284081111111191482412491249124992244949494949A594524A954A954A8B
S3256020D8205595AA4A5555555555D5AA6AD56AD56AB5D65A6B6D6D6D6D6DDBB66DDBB6DBB6E3
S3256020D840BBDD6EB777777777F7EEDDBBEFBDEFBDDFF7FB7E7F7F7F7FFFFDEF7FFF7FFF7F23
S3256020D860FFFFFF7FFFFFFFFF000000000000000000000000000000000000000000000000AA
S3256020D88000000000000000002DE9F74F814C4FF0000BDFF81C82012604F55873D4F86C7384
S3256020D8A004F55B715846009301377B4B7B4D5B68C4F86C73019398F82830FF2B0CBF4FF018
S3256020D8C0040A4FF0070A91F808C091F80CE0BCF1360F4FEA4E0E30D805EB0C1CDCF81020F3
S3256020D8E09368DCF81C20134214BF0122002242EA0E020831D2B2D3070A7158BF06FA00F2D3
S3256020D90000F101005CBF4BEA02021FFA82FB5045D9D1634E00254FF00109624B03EBC502E5
S3256020D920127B802A0BD109FA05F15B460022012089B237602DF052FB15E00022D7E77F2AB7
S3256020D94040F09180326809FA05F15B46BA1A89B2B2F5FA7F4FF0000234BF022004202DF006
S3256020D9603DFB0023336001350436AA45D5D198F8290094F8DC1336284FEA410100F282802D
S3256020D980464A02EB00121069D2698068104214BF0122002298F82A000A4394F8DD1336288B
S3256020D9A084F8DC234FEA41016ED83C4A02EB00121069D2698068104214BF0122002298F88A
S3256020D9C02B000A4394F8EC13362884F8DD234FEA41015BD8314A02EB00121069D269806820
S3256020D9E0104214BF0122002298F82C000A4394F8ED13362884F8EC234FEA410148D8274AAD
S3256020DA0002EB00121069D2698068104214BF012200220A43244884F8ED2319F069FC30B1E7
S3256020DA2002B25B464FF4007105202DF0D7FA1F4819F05EFC30B102B25B464FF480710520EB
S3256020DA402DF0CCFAD4F86C33A4F8C8B3C3F30A031BB94FF0FF32C4E9D92368462EF0D6F891
S3256020DA6003B0BDE8F08F002A7FF47DAF3168791AB1F5FA7F7FF477AF09FA05F15B460320DF
S3256020DA8089B257E7002285E7002298E70022ABE70022BEE700200120001000E08003002009
S3256020DAA0AC2301206C230120D0230120E0230120A00501202DE9F04FB34F91B007F2C4539A
S3256020DAC00693B24B5B680793D7F8D035D7F8D435072B0BD9002307F58052C7F8D435C7F893
S3256020DAE0D835D2F8E8310133C2F8E83101F08CFCD7F8D825A64D002A00F02F81D7F8D435CF
S3256020DB00072B1FD8D7F8D015E1B963F04F01A148C5F8F82080F841100121C7F8D0152021D7
S3256020DB20C5F8FC1095F80011002900F011814FF0E0212220C1F8000F01338032C7F8D43555
S3256020DB40C7F8D825D5F804310133022B00F33081C5F8043172B6D5F81031D5F820219C6941
S3256020DB60D5F828011440D5F82421D5F82C619C61D5F81431996911409961D5F818319A69F4
S3256020DB800240D5F81C019A6183693340836162B6003C18BF012409B144F002040AB144F062
S3256020DBA004040BB144F00804794F0020C7F8304103F044FD0646012003F040FD08B146F003
S3256020DBC00206022003F03AFD08B146F00406032003F034FD08B146F00806DFF8AC81C7F86B
S3256020DBE0346158F8183C013348F8183C97F83831002B00F00682D7F83C91B9F1000F00F0BE
S3256020DC000082D8F83CA20021634ABAF810B0C7E950464C46614E6069002800F0D381084604
S3256020DC2003F043FA5C4A2369272BA8BF272323EAE37C5B4B03EB8C0CDCF8003833FB00FE29
S3256020DC400BFB00F046F804EF001333FB00F00131143430620829DED1D9F8003048465149D1
S3256020DC600C261B6B9847D5F83C31D8F8BC950093D5F8B031D5F8B4B10893464B5A6CD3F8FC
S3256020DC8038A009929A6C0A92DA6C0B921A6D0C925A6D0D929A6D0E92DA6D98F8B9354FF0D0
S3256020DCA000080F9203FB06660A23F6017343019306FB0AF302930B2308AA52F8284007EB46
S3256020DCC08402A100D2F888013A1992F8A851012D00F08281022D00F0A681002D40F08481A5
S3256020DCE02144009BC9B20A1D0331D2B2C9B203EB820203EB81011269097C039218F0E8FE64
S3256020DD00029B039AC0184FF00B0303D4019D8542A8BF0546B5FBF6FC06FB1C5532B11822FF
S3256020DD2062431BF80210002940F05381162202FB04924FEA4C0132F81C00002D00F05481DD
S3256020DD400A445288121A6A4392FBF6F210444BE115494FF480608861EEE6144BD3F8E401FA
S3256020DD60D3F8E81188423FF4EDAED3F8E831C7F8D42503F0010303F5407307EB8303D3F840
S3256020DD80DC35C7F8D835DDE6F8300120001000E0F0410120A0050120EC2201203443012045
S3256020DDA0800300203043012000003A40F84001200023DFF88882C5F804319D4BD3F8843472
S3256020DDC01B69BFF34F8F08F1200208F580744FF0E021944234BF012408244246013CC1F8C5
S3256020DDE05C2F02F12002F9D1BFF34F8FBFF36F8F97F8C025A3EB08030292002A00F0938025
S3256020DE004FF6F0761E40D5F80831F71A039317F0F00304933FF49EAE2022C7F30317214639
S3256020DE20A1460DEB0200A24630F09AFDA64606EB0713A4462046214605932346CDE9004433
S3256020DE40059A96424CD153B1009BCDF820A00B93019BCDE90ECECDE90C10CDE9099308ABE1
S3256020DE601A68013422EAE272082C43F8042BF7D108984000B0FBF7F001F065FB09984000FB
S3256020DE80B0FBF7F001F076FB0A984000B0FBF7F001F086FB0B984000B0FBF7F001F096FB2B
S3256020DEA00C984000B0FBF7F001F0A6FB0D984000B0FBF7F001F0B4FB0E984000B0FBF7F045
S3256020DEC001F0C4FB0F984000B0FBF7F001F0D4FBDDE903321344574ADBB2C2F8083139E641
S3256020DEE05FFA86FB58FA86F3019A103638F90BB0DA44B3F902B0D944B3F904B05A44B3F9E7
S3256020DF0006B00192009A5A44B3F908B05944B3F90AB000925844B3F90CB0B3F90E30DC44F3
S3256020DF209E44029B8CE7D5F80C614FEAE30AD6EBE30648BF2036002E3FF40CAE00210F4671
S3256020DF4089460A4614E002EB0A030132584203F01F0300F01F0058BF434238F8330008EB4B
S3256020DF60C3030444588881449888DB88074419449642E8DC24014FEA09193F010901B4FB28
S3256020DF80F6F4204601F038FBB9FBF6F9484601F047FBB7FBF6F7384601F058FBB1FBF6F12F
S3256020DFA0084601F069FB204601F0CDFA484601F0E1FA384601F0F4FA084601F007FBC5F865
S3256020DFC00CA1C7E53AF8110052F82130A0EB132029E602325A44ACE600280CBF524609229D
S3256020DFE003FB042239F81200114A08F1010880F3100002EB8404B8F1080FC4F844027FF4AA
S3256020E0005BAE0D4A52F8183CC3F30D032BB94FF0FF31C2F8CC35C2F8C81506A82DF0F6FD53
S3256020E02011B0BDE8F08F03FB04A239F812208DE600200120F0410120F830012000002020DF
S3256020E040D0F894322DE9F34704460D462BB1013B08BFC0F8FC32C0F89432B4F8C03004F5E7
S3256020E0602A70DFF8D48200272968434493F8102317F009FF0646D4F8EC22D4F8F0329A4257
S3256020E0800ED1F30740F153816B6858076DD500230127C4E99733C4F898324FF00109B5E082
S3256020E0A0D4F8F03203F00302013304EB8202D2F8DC22C4F8F03222B1012ADCD146F00106BF
S3256020E0C0D9E70127D7E702F17B427DE003F17B4387E021B104F51B7005F06DFAC8E0B94695
S3256020E0E0C6E0C4F8983284F8D83205E1002F40F003816B681A0700F1FF80D4F898320133F1
S3256020E100022B02D8C4F89832F6E00123C4F89872E9E730444946009004F1B00018F0FFF924
S3256020E12094F8C420D4F8FC32012A40F0FC80003B18BF0123AB6485F86820D4F80033EB6480
S3256020E140002385F86930D4F8042385F86A302A65D4F8082385F86B306A6502B0BDE8F087BB
S3256020E160BFF32F8F4FF00009C3E0002F8FD1D4F85CC2D4E92C12002A1346B8BFD31D5042CE
S3256020E18002F0070200F007004FEAE30358BF4242D1F1000E4FEA036308EB82020EF0070E54
S3256020E1A0D2F8300301F0070258BFCEF10002002908EB8202B8BF0731D2F83023C91062441F
S3256020E1C04FEA1C6C02EB0162B2F1A06FBFF47BAFD4F86012012A084498BF00220344C4F8E8
S3256020E1E05C22B3F1A06FBFF471AF012B98BF0023BCEB126FC4F860327FF44FAF1B0EB3EB41
S3256020E200116F14BF4FF001094FF0000904F53E73012153E8002F002AA2D143E80012002A5A
S3256020E220F7D1BFF35F8FB9F1000F55D094F8631294F85F3201EB8108D4F86422984403EB63
S3256020E24083030B44D4F8A4124FEA0810DBB202EB081843EA0123C4F8A4321FB9115C06299F
S3256020E2607FF637AF94F8B81004F51B7008F012FED8F80430C4F89C32D8F80830C4F8A032B9
S3256020E280D8F80CA01AF0010F07D023F011FB002100F0070240462DF0E9FB1AF0020F0BD0D5
S3256020E2A023F006FB19230121B0FBF3F202FB130240460C3A2DF0DAFB1AF0040F0CD023F0FA
S3256020E2C0F7FA07230221B0FBF3F3C3EBC303C01AC21E40462DF0CAFBBFF35F8F0023C4F8D4
S3256020E2E0F832B9F1000F04D094F8C420032A3FF4F8AEB1073FF5FAAEB3073FF411AF032106
S3256020E30005F1080008F0DDFA94F8C410AA6A0429D4E9A7367FF4FDAED4F88032DB01C4E94A
S3256020E320BF33C4E9C133D4F8FC32002202E7002F7FF4ADAEB94669E7E81E0020000000004D
S3256020E3402DE9F04F0B688FB0044600F5FE7005934B68019103F0020B414B1B6801EB830325
S3256020E360996817F029FE3F4B019A04F500701B6802EB8303996817F01FFE3B4B019A04F525
S3256020E38001701B6802EB8303996817F015FE374B019A04F502701B6802EB8303996817F0EF
S3256020E3A00BFEB4F8B030D4F8FC210133D4F8B8901B041B12013B03EB0213B4F9B42003EB17
S3256020E3C04203D4F8002283F310030493B4F8D4300693A4F80431B9F1000318BF012384F826
S3256020E3E05831B4F8BC3001331B041B12013B03EB021383F310039BB20293A4F80631B4F9CC
S3256020E400C43081331B041B125A1ED4F8043202EB031383F3100313F4004F9BB209BFA3F579
S3256020E4200043A3F5004A03FB03F2D21304BFA2EB8202D21894F8FC3008BF4FEAA20A013BFB
S3256020E440D4F80822C4F80CA1052B00F2FA81DFE813F00F00D601DD01E301EA01EF0100BF2E
S3256020E460AC050120B0050120B4050120B8050120002311011F469C4618461E461A46B4F96B
S3256020E480C8E00EF1800E4FEA0E4E02EB2E22013A82F3100292B2A2F5004202FB02FE002AE9
S3256020E4A04FEAEE3ED8BFCEF1000E0EEB4E0E96444FEAAE1E0EEB8E0E4FEA4E0E0FFA8EF226
S3256020E4C00392A4F81021B4F9C0208032120401EB2221013981F31001A1F5FF417F3941F34F
S3256020E4E04E0294F81C110792A4F80821B4F8CC200132120406EB2226B4F9D0200132013E06
S3256020E50086F310061204B6B200EB222094F8D820C4F81461914294F81D1100F1FF301CBFFE
S3256020E52084F81C21012280F3100018BF84F8252100B294F8DC20C4F81801914294F81E11C0
S3256020E5401EBF84F81D21012284F8252194F8E02091421EBF84F81E21012284F8252194F851
S3256020E560E42012B1C2F11002D2B284F81F2194F8E82012B1C2F11002D2B284F8202194F860
S3256020E580EC2012B1C2F11002D2B284F8212194F8F020624482F30702520084F8222194F8C2
S3256020E5A0F4203A4482F30702520084F8232194F8F820134483F307035B0084F82431A54B1C
S3256020E5C01B78362B00F28882A34A190102EB03135258DB6892681A4200F07E824FF0FF3218
S3256020E5E0D2B284F8F921BBF1000F40F0EE8094F8F831002B40F0E980D4F85C11059B01319E
S3256020E6005807C4F85C111BD5B9F1000F18D0934B994212D8A629D4F8E8E100F225810EEBC3
S3256020E6204E000844800870451FBF4FF0FF33C4F8E801B3FBF0F3C4F8EC310023C4F85C31B3
S3256020E640059BDB0704D494F82531002B00F063811022002104F59C7030F082F9002384F867
S3256020E6602531002394F81F2104F59A7E04F592708DF8303004F24B1C8DF834304FF6FF79DB
S3256020E68094F822318DF831208DF8353094F82331B4F820218DF8363094F82431DFF8C481A0
S3256020E6A08DF83730D4F81431ADF832200493B4F818310593039B5B420693039B5EF8042FC1
S3256020E6C0002B40F3FD810BF10103039903F0030304EB4303B3F8263113FB0122029B160E1A
S3256020E6E05F4922F07F421B0B771C029D03EB03230B44995D03F2011ADB5D5B1A090253430A
S3256020E700A1F5004101EB23411AF806301AF807A0AAEB030A1B0202FB0AFAA3F5004303EBC2
S3256020E7202A430FFA81FA1BB2A3EB0A034FEA051A1FFA8AFA0AFB03F31B1413FA81F399B20F
S3256020E7401BB281F40041438103F5004318F8066018F807701B12BF1B36025743A6F50046FA
S3256020E76006EB274620F8026F0CF8013F0CAB13F80B303BB1B4F92E2102F500421A419A4095
S3256020E7804A4091B24185BBF1000F0BD0038D0DAAA9EB030312F80B205343A9EB23234B43B6
S3256020E7A01B144385438D0BF1010B049ABBF1040F02FB03F3059A02EB2343079A4385029BBC
S3256020E7C013449BB202937FF478AFB4F85031019A01999364032382F86830B4F8522181F8B7
S3256020E7E06930CA64B4F8542181F86A300A65B4F8562181F86B304A650FB0BDE8F08F00233D
S3256020E80016011F469C461846194637E6002310011F469C461E46F7E70F3200234FEA621C62
S3256020E8201F461846F6E70F32002357119C46F8E700270F32BC46531138463E4639463A4656
S3256020E8401DE6002312011F469C4618461E46194615E600BFDE05012090030020D70802003F
S3256020E860D0920020E1A30020D4F8E0314FF0FF3704EB8300C0F8601103F12000CDE908BB72
S3256020E8800B90C7F1000803F140065FFA88F00A90002006F01F0C0B9D04EB8C0CDCF86081CD
S3256020E8A007EB060C013E0CF01F0C04EB8C0CDCF860C1A8EB0C0CBCF1000FB8BFCCF1000C45
S3256020E8C0BCEB181F3CBF0130C0B2B542E1D1089D013FA84224BF0A9DCDE9080517F1080F52
S3256020E8E0CFD10133099803F01F03C4F8E0311B1A03F01F0304EB8303D3F86001D4F8E4316F
S3256020E900C4F8E401CB1A002BB8BF5B42B3EB111F28BF084687E6B9F1000F6AD0D4F8EC3160
S3256020E920FF2AC4F8483108D0022A95BFC2F10302023AD3409340C4F84831D4F838110DF179
S3256020E9403408D4F8483104F59C7694F81CE104F5A279194494F81DC194F81E71C4F8381121
S3256020E9608DF835E08DF836C08DF8377018F8012F56F8040F132A40F081801844B1453060DF
S3256020E980F4D1BAF1000FC0F28580BEF1130F4FEACA3016BFD4F83C310B18D4F8F421C4F8E9
S3256020E9A0F0011CBF9B1A1B18BCF1130FC4F83C310FBF01EB4003D4F84031D4F8F4219B1A55
S3256020E9C018BF1B18132FC4F840310DBF00EB4000D4F84431D4F8F421401817BF9B1AC4F880
S3256020E9E044011B18C4F84431D4F8F031C4F8F43137E6049B41F2B030394E3A49069D93FB10
S3256020EA00F0F006FB0036771101EB870301EB8701D3F8FC33D1F800140B2D09D8DFE805F03B
S3256020EA2006101316191C1F222508282BDB0AC90AC91A06F01F06714303EB511383406FE746
S3256020EA405B0A490AF4E7DB09C909F1E79B098909EEE75B094909EBE71B090909E8E7DB0894
S3256020EA60C908E5E79B088908E2E75B084908DFE75B004900DCE79B008900D9E7194D05EB5B
S3256020EA808202D2F87826A3FB0252120242EA1562104473E71B0CD4F83C210AFB03F3D21A76
S3256020EAA0C4F83C21D4F84021A2EB430203EB4303C4F84021D4F84421D21AC4F8442193E7AF
S3256020EAC00BF10303069903F0030304EB4303B3F9263101FB032201E694F9002180E500BF04
S3256020EAE050ECFFFFF064002030B504460D4689B0896900F52E7017F05FFAE96904F52F7058
S3256020EB0017F05AFA296A04F5307017F055FA696A04F5317017F050FAD4F8B8322A6829461D
S3256020EB20049304F1D800D4F8BC3203920593D4F8C0320693D4F8C43207930023009304ABEC
S3256020EB400DF081FA0123039A294604F5A870009304AB0DF078FA0223039A294604F5E47047
S3256020EB60009304AB0DF06FFA0323039A2946009304F5107004AB0DF066FA09B030BD2DE961
S3256020EB80F04FD1E900A32DED048B03F0080B7E4B91B004461B6800F5B470019101EB8303B0
S3256020EBA0996817F009FA794B019A04F5B8701B6802EB8303996817F0FFF9754B019A04F5FA
S3256020EBC0B6701B6802EB8303996817F0F5F9714B019A04F5BA701B6802EB8303996817F025
S3256020EBE0EBF9B4F8B080B4F8B49008F10108D4F8683109F10109D4F870114FEA08484FEA65
S3256020EC0009494FEA28284FEA292908F1FF3809F1FF3908EB0318D4F86C3188F3100809EBA8
S3256020EC20031989F310031E46B4F8B83004F1D80901331B041B12013B03EB0113B3F5FE4F22
S3256020EC40A8BF4FF4FE43B3F5806FB8BF4FF4806383F310052DB26D0307EE905A9FED489BE7
S3256020EC60B8EEE77B37EE097B51EC170B33F0D8F80391074605F5C023C4E94801B4F8BC10DF
S3256020EC80D4F8740101310493DB17090405930912049B0139C4F83831059B01EB0011C4F8DB
S3256020ECA03C31B1F5FE4FA8BF4FF4FE41B1F5806FB8BF4FF4806181F3100109B24B0308EED1
S3256020ECC0103AB8EEC87B37EE097B51EC170B33F0A7F818EE103A0546029103F5C02308930D
S3256020ECE0DB170B93089BC4E94A01C4F84031D4F8C8000B9B84F80C014846C4F8443119F0AB
S3256020ED007BFED4F8CC0084F80D01484619F074FED4F8D00084F80E01484619F06DFED4F8D4
S3256020ED20D40084F80F01484619F066FE1AF0040F13BF01220AF0010CCAF340029446DDE93A
S3256020ED400213BBF1000F27D0B4F84831019A01999364032382F86830B4F84A2181F86930B4
S3256020ED60CA64B4F84C2181F86A300A65B4F84E2181F86B304A6511B0BDEC048BBDE8F08F49
S3256020ED80000000000000B841AC050120B0050120B4050120B805012094F860010028D3D1DB
S3256020EDA0A6F30826A8F30828D4E930E00996BCF1000F07D0DFF8F8C3C4E93ABBC4E936CB5A
S3256020EDC0C4E938BC42B10022DFF8E4C3C4E94022C4E93CC2C4E93E2C94F80821002A00F0D9
S3256020EDE0CD815FFA8EFEDFF8C4C3CEF105025CF828E0D4E936BC2EFA02FE4FF02062ACEBAB
S3256020EE000B0989FB0229120E42EA09224FEA2969A2FB0E2A0EFB09AA120ED4F8E09042EA4E
S3256020EE200A22B7EB09074FEAEB7A5A4463EBE97307FB0AFA0BFB03AAA7FB0B3757441B0E27
S3256020EE4043EA07233F16B3EB0C0367EBEC77A3FB0E3A0EFB07AA1B0E43EA0A239C448BFB95
S3256020EE600C733F0E4FEA236B47EA0327CE4B89FB033A1B0E43EA0A23FB1AA3FB0E376BEB73
S3256020EE802A6A1B0E0EFB0A7743EA072348F201074B44C4E9362CC4F8E03002EB42020CEB7A
S3256020EEA04C0C03EB430307EB2C4607EB22421B1402960A9394F80A31002B00F06281BB4B57
S3256020EEC0C0B2099EC0F1050053F82670D4E93C9EC7404FF02060AEEB090383FB0003000E6B
S3256020EEE040EA03201B16A0FB070C07FB03CC000E40EA0C20D4F8F8C0B5EB0C05484461EB1E
S3256020EF00EC734FEAE971694309FB0311A5FB09350D441B0E43EA05232D16B3EB0E0365EBC6
S3256020EF20EE75A3FB073107FB05111B0E43EA01230EEB030589FB0513090E4FEA236941EADC
S3256020EF400321994B8CFB033E1B0E43EA0E23CB1AA3FB073169EB2E6E1B0E07FB0E1143EAB2
S3256020EF60012348F201016344C4E93C05C4F8F83000EB400005EB450503EB430301EB20404D
S3256020EF801B1401EB25410790039194F809110693002900F0F980854BD4F8EC7053F82850B3
S3256020EFA0DFF80CE2049ED4E93938C8F100004FEAE379C01B4FEAE07CA0FB050105FB0C11BA
S3256020EFC0000E40EA012088FB0E1C090E184441EA0C214FEA2C6CC9184CEBE37CA1FB051AD7
S3256020EFE09B1B059E05FB0CAA4FEA116141EA0A21414469EB06084FEAE77903FB09FC07FBF6
S3256020F00008C9A3FB073CCC441B0E43EA0C234FEA2C6C13EB0E03A3FB053E4CF1000C1B0EF0
S3256020F02005FB0CEE48F2010543EA0E233B44C4E93901C4F8EC3005EBA0309B1305EBA13144
S3256020F0400490059394F80B71002F00F0A080574B0998D4F804C153F82070DFF85481089EB6
S3256020F060D4E93F39C9F100004FEAE37AA0EB0C004FEAE07EA0FB070507FB0E55000E40EA13
S3256020F080052089FB085E2D0E184445EA0E254FEA2E6EED184EEBE37EA5FB075B9B1B0B9E0D
S3256020F0A007FB0EBB4FEA156545EA0B254D446AEB06094FEAEC7A03FB0AFE0CFB09EAA3FBBB
S3256020F0C00C3ED6441B0E43EA0E234FEA2E6E13EB0803A3FB07384EF1000E1B0E07FB0E88F6
S3256020F0E048F2010743EA08236344C4E93F0507EBA030C4F8043107EBA5379D13AB1882EAF8
S3256020F100000604F20B1C04F21318C3F34F030F96049E0E93831882EA060B079EC3F34F0370
S3256020F12082EA060A029E0D93069B82EA06091344C3F34F030C93039B1344C3F34F030B93D8
S3256020F140059B1344C3F34F030993049B1344C3F34F03089304F5A4731CF801EFBEF1150F0E
S3256020F16019D8DFE80EF0171D27292B2D2F31333537393B3D3F414345474A4D5013460292A4
S3256020F18097E60393079300E7CDE904115AE738463D46B3E71A80E04503F10203DCD1D3E591
S3256020F1A0029E1E80F7E700BFAAAAAA02A8BA2060999919000A9EF4E7079EF2E7039EF0E748
S3256020F1C0069EEEE7049EECE71980E4E7059EE8E71880E0E71F80DEE71D80DCE7089EE0E755
S3256020F1E0099EDEE70B9EDCE70C9EDAE70D9ED8E70E9ED6E7A3F80090CDE7A3F800A0CAE7A8
S3256020F200A3F800B0C7E70F9ECBE72D4B1B6801EB830330B5044689B00D4600F2E4409968D1
S3256020F22016F0CAFE274B04F59D601B6805EB8303996816F0C1FE244B04F2EC401B6805EB4F
S3256020F2408303996816F0B8FE204B04F59E601B6805EB8303996816F0AFFED4F8E4342A6860
S3256020F2602946049304F1D400D4F8E83403920593D4F8EC340693D4F8F0340793002300935F
S3256020F28004AB0EF015FF0123039A294604F5EC70009304AB0EF00CFF0223039A294604F52D
S3256020F2A03770009304AB0EF003FF0323039A2946009304F5787004AB0EF0FAFE09B030BDEE
S3256020F2C0AC050120B0050120B4050120B80501200548064B1B1AD90F01EBA301491002D0D2
S3256020F2E0034B03B118477047C01A0120C01A01200000000008B5054B1BB105490548AFF364
S3256020F3000080BDE80840FFF7E3BF00BF0000000024F8012000482560AA234381034B1B6837
S3256020F32003EB43035B02C381704700BFA005012090F8A6342BB9B0F8863443FA01F101F06E
S3256020F34001031846704709494B68002B0CDB084A482000FB032392F8400292F84122D8701B
S3256020F3609A704FF0FF334B60704700BFA00501200020012003681847012A02D1016000201B
S3256020F3807047022A05D0032AF9D0002AF7D10260F5E70B680360F2E770477047704770477E
S3256020F3A003680171BBB103F1BF230B4A03F5770302EB23131972137A517A8B4228BF0B46D6
S3256020F3C0917AD27A8B4228BF0B46934228BF1346024A82F87A307047A005012000E400E085
S3256020F3E0006910B10368DB6818477047044B03EA0111044B41EA005040F04070586670472C
S3256020F400F0FF0F0000003A40464A2DE9F84F92F86432D2E99115D2E99346002B5ED092F809
S3256020F4206502D2E995BAD2E99798A0B30020FFF7DDFF29460120FFF7D9FF21460220FFF7C9
S3256020F440D5FF31460320FFF7D1FF59460420FFF7CDFF51460520FFF7C9FF49460620FFF748
S3256020F460C5FF41460720FFF7C1FF2F4C0021D2F8683204F1280000EB430054F8045B20F8D0
S3256020F480115008314029F8D1013303F00703C2F86832BDE8F88F4FF6FF77791AFFF7A6FF80
S3256020F4A0791B0120FFF7A2FF391B0220FFF79EFFB91B0320FFF79AFFA7EB0B010420FFF733
S3256020F4C095FFA7EB0A010520FFF790FFA7EB09010620FFF78BFFA7EB0801C3E71348036E78
S3256020F4E003F0784343F4002343F0170303664FF6FF73591A5D1B1C1B9B1B89B2ADB241F46A
S3256020F5008011A4B29BB245F49015416644F4A0144FF4806143F4B013456644664161436602
S3256020F520A3E700BF002001204422012000003A4070477047036818470B68036070470B6882
S3256020F540036070477047094B0009094ADB68000202EB8302D2F80C33C2F8EC0203EB430308
S3256020F56003449B08C2F80C33704700BFA005012000200120084B0009084A1B69000202EB84
S3256020F5808302D2F80C33C2F8EC0203EB430303449B08C2F80C337047A005012000200120DA
S3256020F5A0084B0009084A5B69000202EB8302D2F80C33C2F8EC0203EB430303449B08C2F856
S3256020F5C00C337047A005012000200120084B0009084A9B69000202EB8302D2F80C33C2F8BF
S3256020F5E0EC0203EB430303449B08C2F80C337047A005012000200120084A0009D2F82C333E
S3256020F600000202EB8302D2F80C33C2F8EC0203EB430303449B08C2F80C3370470020012030
S3256020F620084B0009084ADB69000202EB8302D2F80C33C2F8EC0203EB430303449B08C2F855
S3256020F6400C337047A005012000200120084B0009084A1B6A000202EB8302D2F80C33C2F8BD
S3256020F660EC0203EB430303449B08C2F80C337047A005012000200120084B0009084A5B6ACE
S3256020F680000202EB8302D2F80C33C2F8EC0203EB430303449B08C2F80C337047A00501202B
S3256020F6A0002001200120704700207047006910B103681B6918477047006910B103685B694C
S3256020F6C018474FF0FF307047006910B103689B691847704707B5006920B94FF0FF3003B052
S3256020F6E05DF804FB002301220DF107018DF8073003689B6898470028EFD09DF80700EEE783
S3256020F70007B500698DF8071028B1036801220DF10701DB68984703B05DF804FB4FF0FF309E
S3256020F7207047C06870B1426B002A0ADBD0E90B31890302D5934238BF1346002B01DB981A51
S3256020F740704700207047C06820B1406B20EAE070C117704701467047C06858B1D0E90B32E3
S3256020F760920303D5426B934238BF134623EAE370C117704701467047C36823B9006900382F
S3256020F78018BF01207047012070470069003818BF01207047F8B52A4CA4F556752746A4F183
S3256020F7A0280614F8043C143C4BB16368627A5B7A9A4204D272B62268D3685BB962B6D5F8E9
S3256020F7C058333A461BB19C42D96835D11160B442E7D1F8BD9C42D96827D1D1606368627AE4
S3256020F7E01B6953F8220040B121F030FA72B663680021627A1B6943F822102268937A013BB2
S3256020F800DBB2937203B913726268937A013BDBB2937203B9137200232374D5F85833C5F8DA
S3256020F8205843E360CAE7002BD8D01A46DB689C42F9D1E368D360D1E703F10C020B46C1E764
S3256020F8405823012038B5437A0446E3B1036900221D681A602DB1294621F022FA284621F078
S3256020F860F5F9637A012B0ED9236900225D685A604DB120462946012221F012FA2846BDE8D1
S3256020F880384021F0E3B938BD036810B504465B699847094B227B03F1080102F00102900137
S3256020F8A0002A08BF0B4608221C21C0F16000BDE810402AF023BE00BF80030020054B084618
S3256020F8C0114693F85C3303F0FF020BB123F055BF104670470020012010B40446C06813467D
S3256020F8E030B10A460146A0685DF8044B1DF064BB5DF8044B70472349234B244A48681B6B59
S3256020F900B3FBF2F30A2253432DE9F0414A68121A9342FBD8322600241D4F1E4D97F88034A9
S3256020F9205BB1DFF87C80AB6C1A0625D4D8F8483013F0800320D187F88034174AD2F80033E2
S3256020F94003F44051B1F5805F03D123F48053C2F800330A232B602B6ADB0710D56B6A013E41
S3256020F9601C44DBD107EE904A9FED0C0AF8EE677A27EE800ABDE8F08123F05EFCD3E723F0CE
S3256020F9805BFCE8E7001000E0A005012040420F000020012000400C4000801F40D54C8738E8
S3256020F9A000800C40724BDFED736AD3ED0D7A724BF8EE677A7149DA8B87EEA67A22F00802F4
S3256020F9C01204120CF6EE007A2DE9F041DA83052200250226A3F86E204122694C4FF001086E
S3256020F9E0A3F87420A3F86A50A3F86650E7EE277A644F07F28440FDEEE77A17EE902A92B277
S3256020FA00A3F86020A3F8702043F22302A3F86C20A3F87860A3F86A50DA8B92B242F00802EC
S3256020FA20DA83A3F56C231A6F42F440021A67B1F88020D2B242F41C52A1F8802014211A6AD7
S3256020FA4042F4C0121A629A6A22F00E2242F002229A625A6F42F003025A6703F57C23042286
S3256020FA60C3F86C21C3F86421C3F88021C3F86821C3F840114449C3F830132946C3F87C217A
S3256020FA80A36823F00103A360A3683343A360A36823F00203A36041F60373C4F800353B4BED
S3256020FAA0C4F800343A4BC4F880344FF6FF73C4F80435384BC4F804344FF48853C4F8843426
S3256020FAC043F60173C4F808354FF44013C4F80884C4F88834304BC4F80451C4F884304FF069
S3256020FAE0AA33C4F804322D4BC4F80851C4F888304FF0CC33C4F80832294BC4F80C51C4F833
S3256020FB008C304FF0F033C4F80C32264BC4F80051C4F88030236B43EA0803236321F0F2F816
S3256020FB20D7F88434204A6FF0FF01DD601A601F4A99619E821E49C3E901261E4A1A618022F6
S3256020FB40DA82DA8397F888249D831346B34003F1804303F56C231D601960174BDA76FF23B7
S3256020FB6023616361A361C4F80880BDE8F08100BFA0050120007C924800801E4000C03B4065
S3256020FB8000001B4000200120C00001000110830022260001830B030002110302020A0302EB
S3256020FBA0020C03020101800080021B4000000101010000800000202000800E4037B50025AB
S3256020FBC00C4601AB00F1180163228068019526F0AFFE042818BF0195019818B1214621F05E
S3256020FBE087FD012003B030BD37B500250C4601AB00F118016D228068019526F099FE04283B
S3256020FC0018BF0195019818B1214621F071FD012003B030BD37B58B7904460846503B1B06B4
S3256020FC2011D421F0E5FD2368A5685B6B01902046984701AB01466322284626F089FFC043AB
S3256020FC40C00F03B030BD0020FBE737B58B7904460846503B1B0611D421F0CAFD2368A56824
S3256020FC605B6B01902046984701AB01466D22284626F06EFFC043C00F03B030BD0020FBE77B
S3256020FC80C16811B180681EF049B9704710B5C46813463CB10A46806821461DF067FB20EAF5
S3256020FCA0E07010BD2046FCE7C16808B5029B39B1022B05D880681DF0CFFBC043C00F08BD8B
S3256020FCC00020FCE72DE9F041C46886B015461CB9002006B0BDE8F081002A8668F8DB676B19
S3256020FCE0D4E90B32920302D5BB4238BF3B469D4226D2214630461DF0CEFAF0B904F13C033D
S3256020FD0004F140013046029304F13803CDE90053D4E90A2327F052FF78B9A36B6563C4E9DD
S3256020FD200A35236B43F4A023236300233A46214630461DF091FB00EAE070C043C00FC8E71C
S3256020FD40F3D902230022214630461DF085FB0028BEDB4FF00008636B9D42E6D901230DF10A
S3256020FD601702214630468DF817801DF025F90028F1DAADE7C16810B5044639B180681EF021
S3256020FD8017F9E0682FF08CFB0023E360206960B1A36803F128029B6A1BB19842196805D1B4
S3256020FDA011602FF07DFB0023236110BD1A460B46F2E7044B10B504460360FFF7DBFF2046C0
S3256020FDC010BD00BF0807002010B50446FFF7F1FF20462FF065FB204610BD10B500F1180403
S3256020FDE02F21204631F0D9FD00B1441C204610BD80EAE0730028A3EBE0734FEA833393FB49
S3256020FE00F1F102FB01F34FEAA333B8BF5B4218467047036810B591B142683229A3EB020446
S3256020FE200FD88900C1F1FB0184EAE473A3EBE4738B42A8BF0B46002CB8BF5B4213444360B5
S3256020FE4010BDD1F16501EFD50023F4E7002830B515DD20304FF4C0650C2390FBF5F405FB0B
S3256020FE60140063430028B8BF7F3003EBE0130C20194410FB021080F30700C0B230BD18BFBD
S3256020FE802038E7E773B512F0800F084415461E4618BF90F8EC5501F1010108BF80F8EC55DE
S3256020FEA01B062804CCB203F0FE4300F4FE001843631E1B0203F47063184340F4104040F0F9
S3256020FEC0090023F0BBFB33462A469021094800942AF0FEFF33462A469021074800942AF09D
S3256020FEE0F7FF234632462946902002B0BDE870402CF00DB820AA012060BB012010B54378F7
S3256020FF00B0F90E4003F0E003202B0AD1064B4FF40051B0F9100093F82A29D201FFF768FFBC
S3256020FF200444204610BD00BF0020012008B5007800F0E003802B25D005D8402B12D0602B63
S3256020FF4018D0002015E0A02B1FD0E02BF9D100F01F0008302AF032FFB0F5F06FD4BF002046
S3256020FF60012006E000F01F000D4B41F288020344985C08BD0B4B00F01F00184441F2880351
S3256020FF80C05CF6E700F01F00E4E700F01F00064B00EBC00003EB4000FFF7B0FFDCE700BFA8
S3256020FFA00020012004200120A02401202DE9F04FCBB28246C1F307462DED028B8DB002933C
S3256020FFC0C1F307230B9100930B0E0193029B5F1E009BFFB2A3F1F80280F88874072A00F256
S3256020FFE08B80DFE802F0048947475089895090F8AB240AF51074C049C04851430132B0EB9D
S32560210000B10F50468AF8AB242CBF012100218AF8A814A0429AF8AB2409D1182A02D10022F2
S325602100208AF8AB240DB0BDEC028BBDE8F08F417801F0E001602917D190F90010042913DD1F
S32560210040052902F1FF3207D006290FD007290FD0082907D1032100E0182192FBF1F501FB1E
S3256021006015220AB9FFF758F91230D2E70C21F4E70621F2E70122002180F8A92480F8AB14F5
S3256021008080F8A724CEE70122014600F1C00480F8AA24002280F8A7240246D2F8AC040C3217
S325602100A0D2F8A454A84218BFC2F8A404A242F4D1BAF884040022012505FA02F40132102A47
S325602100C020EA0400F8D1AAF8840400220AF1180081F88C24033181F88A248842F8D15346B3
S325602100E00AF5107100228B429CD0DA81123323F8022C23F8082CF6E73946FFF719F90546B7
S3256021010000288FD00C24009B04FB07A9802B09F2AC4900F00F81902B40F083803146484649
S325602101202AF0C7FD04FB07A1D1F8B024D1F8B40482421ED0019B023202F8026C02F8013C74
S32560210140C1F8B02439465046FFF7F2F8002868D09AF8A30401280AD09AF8A424012A00F085
S32560210160C480022A00F0C380002A00F0B38000224BE0D1F8AC14A2EB010B6FF04042B2EB1B
S325602101806B0F4FEA6B0402D15D482DF02BF9012C204638BF012024182BD264B3944228BF45
S325602101A01446600003912FF073F90399804608EB0B02019BBBF1000F08F80B60537005DD16
S325602101C05A464046039130F0A1F903990BF1020BC34411B108462FF063F90C2108EB440485
S325602101E001FB07A1C1F8AC84C1F8B0B4C1F8B444A8E71446D5E7A046D9E702EB42040C5D36
S325602102001CB101328242F8DB421ED2B2019B012102EB4202524482F88B6482F88C3482F83A
S325602102208D1472B24FF00C080AF1120442EAE273A6F500520993019B02EBC3127BB20FFA70
S3256021024082FB0122049302FA03F1C9438BB202FA07F108938BB2B6FBF8F108FB1161079332
S32560210260C9B208FB07A88A4093B2DA43039393B2002206930AF252230593A4F1120308EE5F
S32560210280103A059BA34274D1002A3FF4CBAEDAF8B827029B501C02F2E712CAF8B8070AEBD0
S325602102A082010AF822300728009B8E704B70019BCB7009D118220AF5F4610AF29C7030F0F6
S325602102C025F90622CAF8B8270E4A52F8182CCAF88024A7E60AF28D4194E702EB42040C5DF6
S325602102E0B44292D001328242F7DB002416E000220AF28B41F7E700BFABAAAAAA55555515F8
S3256021030084C10020F8300120D1B201EB4101514491F88D1400293FF478AF01349AF8A52425
S32560210320013252B29042D8BF0022A0428AF8A524EADC6AE7314648462AF0BBFC3946504645
S32560210340FEF7F6FF00283FF46CAF00219AF8A3C452460846CCB2A4457FF663AF92F88B446F
S3256021036001310332B44204BF82F8890482F88A04F0E714F9121C002926DA009B14F8111CB8
S32560210380B02B01F0E00139D0E02B41D0902B1BD1C1B9202004F80C1C04F8110C7F2004F8CB
S325602103A00D0C14F80D1CB14228BF314604F80D1C14F80C1CB14238BF314604F80C1C04F83D
S325602103C0107C01E02029ECD014F8111C11F0E00112D014F8100C874201D010280CD1009BB5
S325602103E0B02B00F0A9811CD8902B2FD0A02B00F0F881802B00F0F38012343EE709B1A029A3
S32560210400E2D1A021099B04F8111C04F8123CD6E70029D9D1802104F8111C042104F8121C21
S32560210420CDE7009BD02B00F0F981E02BE4D1802940F0048214F9121C0429DDD14FF4905227
S325602104404FF40051584624F802BC97E114F80D0CB042D1D814F80C0CB042CDD334F8062CBD
S325602104606029039B42EA030224F8062C65D005D820291ED0402974D02A46BDE78029FBD1D0
S3256021048014F9122C002A00F09580012AF4D114F80F2C02EB42020AEB020C9CF88D04D0B14A
S325602104A0A44A4FF4C0619CF88C0412684A437F218FE014F9122C052ADED8DFE802F0030F2E
S325602104C0242C3037D9F804209A4912F8020C91F838102AF0EFFC24F8040CCDE714F80F0C11
S325602104E000EB4000504490F88D240A92002AC3D0904990F88B0491F838102AF0DBFC0A9ACE
S3256021050024F8040C78E748462AF034FC894AC0B292F83810DDE748462AF020FCF6E7D9F8A4
S3256021052000208449107891F83810D2E7D9F8042012F8020CC0F17F00E8E714F9122C012AB3
S3256021054007D032F0020397D118EE100AFEF7E4FE92E7D8F8B024D8F8AC14521A022A8BD116
S32560210560F2E714F9122C032A86D8DFE802F0DA11020D34F9042C002A40F3D380012204F866
S325602105800A2CAA2224F8082C002224F8042C73E714F80F2C02EB4202524492F88D24002A47
S325602105A03FF46AAF6349096801EB4101490224F8041C21E7D8F8B014D8F8AC2491420CD0AB
S325602105C048462AF0BAFB5B4A4FF4C06112684A437F21FFF70DFC00B27DE700207BE714F8E4
S325602105E00D0CB0423FF608AF14F80C0CB042FFF403AF34F8062C069B14F9120C1A40002816
S3256021060024F8062C1CDA20291CD12AB9202204F8112C002204F8122CD8F8AC04D8F8B024FB
S3256021062082420FD0BAF884243A41D1070AD414F9122C052A06D8DFE802F00E1A2931353A03
S325602106402029E9D014F8112C02F0E002602A35D114F9122C82E7D9F80420364912F8020C24
S3256021066091F838102AF026FC24F8040CEAE714F80F2C02EB4202524492F88D140029E1D0D6
S325602106802C4992F88B0491F83810EBE748462AF071FB284AC0B292F83810E3E748462AF066
S325602106A05DFBF6E7234A007892F83810DAE7D9F8042012F8020CC0F17F00EAE7402A0DD0B1
S325602106C0802A7FF4D9AE14F9120C80BBD8F8B014D8F8AC2491427FF473AFFCE6BAF88424B1
S325602106E03A41D2073FF5C8AED8F8B004D8F8AC1414F9122C884204D132F002010FD124F856
S32560210700041C012A7FF4B8AE14F80F2C02EB4202524492F88D24002A7FF4AEAE35E7032AA3
S32560210720EFD1044A126802EB420252022DE70128ACE600BFA0050120402E0CD1019BBAF838
S3256021074084043F2B1DD940FA07F1CB0703D4079B1843AAF8840414F8111C01F0E001A02954
S325602107607FF44AAE14F9121CB1427FF445AE364A4FF4C061019812684A437F21FFF738FBA6
S32560210780A9E6049B002B19DD089B1840AAF8840414F8111C01F0E0014029DCD1D8F8B004B9
S325602107A0D8F8AC148842D6D114F9121C022910DC0029D0DB002124F8041CCCE700214FF01B
S325602107C0010E0EFA01FC0131102920EA0C00F8D1DCE70329BFD11C49096801EB4101490266
S325602107E0E9E780297FF408AE14F9121C03297FF403AE9AF8A31400220AF28B408A42BFF692
S325602108003BAE02EB420C10F80CC0B44501D00132F4E714F80F1C9142A9D02DE680297FF4CF
S32560210820EBAD14F9121C02297FF4E6AD064A4FF4C061304612684A437F219FE720297FF41A
S32560210840DBAD24F802BCD7E5A0050120836810B5044613B1032201469847204610BDF0B54C
S32560210860002480F83A404E68A5B290F83A30AE4208D8B1F90020426113B1131E18BF0123AF
S325602108800370F0BDD70708D504355F1C0C3331F9155080F83A7020F8135052080134E3E77E
S325602108A010B50446B0F9000016F098FC0146A28804F10800BDE81040D1E7234B00F10C0CCD
S325602108C019442DE9F04F91F8DC634FF001080021DFF878E046FA01F3DB070FD40131072924
S325602108E0F8D190F85B3090F85C20002B0CBF0A230423134480F85C30BDE8F08F0D2390F810
S325602109005C9090F85DA0002403FB01F5E3B21CF9052001349342E1DA05EB43025EF8147C18
S325602109208318825C5B784A4453444FEAE30B03F0070302EBCB1208FA03F317F802B043EAEB
S325602109400B03BB54E2E700BF80030020F83001202DE9F041264F88B09C46054603AC80F837
S325602109605C1080F85D200E9E0FCF0FC43B68002203AF604623609646144657F8041BB142FB
S325602109800DDC61451CDC04F12008013490FBF1F3E844E4B208F81C3CDBB201FB130001329F
S325602109A0052AEAD14CB101AF0026013617F8011B2846FFF782FFB442F7DC08B0BDE8F08115
S325602109C0012908D104F12001631C0DEB010404F81CECDCB2E3E795F85B3095F85C10002B63
S325602109E00CBF0A2304230B4485F85C30D7E700BF68070020F8B544780546194A002304F0BF
S32560210A00E00412F8010BA04201D00133F9E70029CCBF01224FF0FF3213445A1C1BD0062B5E
S32560210A2008BF05230F4A134493F8FC63A64214D195F90070002F10DB20462AF021F9431EC6
S32560210A40BB42A8BF3B4606F0E0006E702B70001B18BF0120F8BD0023E4E70023F3E700BF69
S32560210A607C0700208003002010B50C4611462246FFF7BEF96342984203DBA0420346A8BF37
S32560210A802346184610BD70B50A4D860005EB800454F8083C53B908202EF0FAFC48F21003A0
S32560210AA044F8080C03804FF0FF334360354455F8080C70BDF83001201FB52AF0F1F988B167
S32560210AC0002369460A4801930A4B00930A4B03930A4B02932BF043F96846FFF7B7FE05B0B5
S32560210AE05DF804FB05B05DF804EBFEF72CBC00BFA8320120DF1A00000D1B0000111B00003E
S32560210B0010B4114C6368002B104B09DA4822606002FB0030827883F84122C27883F84022B3
S32560210B2093F840221144226849B25042814283F8401204DA83F840025DF8044BBCE7914290
S32560210B40C8BF83F84022F7E7A005012000200120024B43E9040110462AF00AB8F8300120CC
S32560210B60024B43E9040110462AF02AB8F830012029F0FEBF2AF024B8F8B506230C460025BC
S32560210B80064FB0FBF3F6AE4203D12046BDE8F840F0E738460135FFF7EBFFF4E79CBE00201E
S32560210BA0CB1001F0070100EBC310044B53F8142C01238B40115C0B4313547047F830012031
S32560210BC029F0AEBE13B50124009429F023FE02B010BD10B49DF8044001945DF8044B29F0E0
S32560210BE019BE29F08BBC10B50B46044681B1012108220846FFF7F5FF092022460121FFF778
S32560210C00A7FF0A237F2200201946BDE81040D9E70120F2E770472DE9FF41851802270C4686
S32560210C209846013D0B46009706462A46FFF7D1FF04EB0803611C3246013B304600970293DA
S32560210C400391FFF7C6FF029B2A46039928460097FFF7BFFF029B2A46304619460097FFF7ED
S32560210C60B8FF04B0BDE8F081027B084B03EBC20292F8D81181F0010182F8D811027B03EB36
S32560210C80820341F28832C3F818227047F830012038B504464FF4AC65605908B12EF000FC4F
S32560210CA00C3DB5F5946FF7D1204638BD10B5044678302AF0B5FF204610BD13B5044608467C
S32560210CC001912DF0A8FE23680246019920465B6802B0BDE810401847EFE738B50546FFF798
S32560210CE0ECFF0446284620F003FC204438BD10B5044620F0D5F8204610BD43688B428368E0
S32560210D0088BF41608B42036838BF8160C3EBC3031944C908016070472DE9F74F846B0D46FC
S32560210D201746002C00F0BB80A37898071BD5190713D46369DB1916D2B84604F1100A636946
S32560210D40B8F1000F15D1E2699A4280F09E80E361A37863F07F03A3709DE0E169204618F03D
S32560210D6094FE0028E5D1637843F001036370002791E0A068C3F30806216990F8059019EA89
S32560210D8053290AD14EB9002935D0A278520626D5E2699A4223D901312161A068216983796E
S32560210DA002399940436919444944002E2FD1B8F5007F2CD3B8F5806F58D2436B2A469942EA
S32560210DC002BF4FF0FF3380F828604363C06A03685B6A98470028C6D04FF400793BE052464E
S32560210DE018F037FD0028BEDBD7D1204618F011FF0028D2D1B7E7236A3BB9204618F009FFE9
S32560210E000028B0D023692362C7E72361C5E7C6F50079C14528BFC14626BB6269E3699A42B8
S32560210E2022D2A37813F0200F0CBF01220522283018F0C0F8002896D030444E444A4629462A
S32560210E402CF014FCB6F5007FA06804D1283018F048F8002887D063694D44A8EB09084B4429
S32560210E6063616CE70122E2E70522E0E703794FEA58222830A3EB0903934228BF13462A4654
S32560210E804FEA432917F0EAFFE3E7844BD3F83832002B7FF45DAF384603B0BDE8F08FC46B3A
S32560210EA0002C00F0F98094F83330990721D51A0718D4B94604F1180A4FF0010BD4E9006303
S32560210EC0B9F1000F1CD1D4E90212B1429A4180F0DC80C4E9026394F8333063F07F0384F828
S32560210EE03330D8E7D4E90423204618F071FA0028DFD194F8323043F0010384F8323036E794
S32560210F00206AA169D0F838341E40C6F3080826BB002957D094F833305B064CD590F84504E8
S32560210F20D4E902320930013BC0B242F1FF32C0F1200EA0F1200CC34002FA0EFE22FA0CFC23
S32560210F40E26943EA0E0343EA0C0313448B422FD8204618F0C9FA0028CBD0206A4FEA562CE1
S32560210F60A16990F845240239D0F82C34914001EB56211944B8F1000F30D1B9F5007F2DD315
S32560210F80B9F5806F71D2D0F81C322A46994202BF4FF0FF3380F81082C0F81C32D0F8140269
S32560210FA003685B6A98470028A3D04FF4007641E00131A161D1E7524618F08CF8002898DB7B
S32560210FC0C6D0CAE7E3693BB9204618F08DFA00288FD0A369E361C0E7A361BEE7C8F50076B4
S32560210FE04E4528BF4E46B8F1000F3CD16368226900936369019323689342DDE90032934122
S3256021100031D3052200F5047017F0D4FF00283FF470AF4044B044324629462CF027FBB8F517
S32560211020007F206A06D100F5047017F05AFF00283FF45FAF3544A9EB0609D4E90032D4E94F
S325602110400401F31842F10002984291413CBF94F8331061F07F01C4E900323CBF84F83310E4
S32560211060C4E904322AE70122CCE70BFA02F34FEA592200F50470A3EB0C03934228BF134656
S325602110802A465E0217F0EAFED1E7044BD3F83832002B7FF420AFFEE62746FCE6F8300120E5
S325602110A0183039E6103037E67047064BD3F83C3233F81020044B03EB8003D3F80C03A2EB22
S325602110C010207047F83001200020012003790F2B0DD8074A937672B60649012203799A4033
S325602110E0B1F8403223EA0203A1F8403262B6704700800E40F830012008B5022129202DED08
S32560211100028B20F0BFFFFEF7F6FB03212920B0EE408A20F0B7FFFEF7EEFBF0EE408A0521C0
S32560211120292020F0AFFFF0EE047A38EE680AB4EEE70AF1EE10FA05DCBDEC028BBDE80840AD
S32560211140FEF7D9BBBDEC028B9FED010A08BD00BF0000000037B502AB03E90600C27C0B4614
S32560211160002A39D072B6C27CD10708D54FF0E0244569D4F8801129408162C4F88011950717
S3256021118008D54FF0E0248569D4F884112940C162C4F88411540708D54FF0E024C569D4F807
S325602111A0881129400163C4F88811110708D54FF0E024056AD4F88C1129404163C4F88C1177
S325602111C0D20608D54FF0E021446AD1F8902122408263C1F8902162B68268934228D01D4A84
S325602111E0836092691C49C2F30114C2F3826201EB84010132D1F80444B4FBF2F12BB38B42D0
S325602112000BD8B1FBF3F2B1FBF2F18B4200D20132B2F5817F03D2022A03D8002302E040F2B8
S325602112200112931E59080A0442EA01221343C360036800221A6103225A62C2681A64019A00
S325602112401A6601221A6103B030BD9442EAD30A46DDE700BF00C00F408003002000210246C8
S32560211260084610B5136914321C1E52F8103C18BF0124003B18BF01235B0043EAC40352F877
S32560211280144C132C18BF43F0010312F8084C003C18BF012443EA84038B400431202940EA5D
S325602112A00300DFD110BD10B400F110020023064C54F823100633F02B42F8041BF8D103688B
S325602112C05DF8044B9B68184794070020012910B508BF0023054C08BFC4F85C3203689B691C
S325602112E09847002384F8B83510BD00BFF83001200E4BD3F85C2210B49AB153F8184CD3F8FC
S325602113000C15D3F80425611AC3F80C4540F6BA7404FB0122D3F808158A4288BF0022C3F84C
S32560211320042503685DF8044BDB691847F8300120103010B5FFF792FF08490822002391F84F
S325602113407C461831002C14BF4FF07F444FF07744013A44EA1323F2D1184010BD0001202038
S32560211360704700224FF47A71C0E901210249027301600261704700BF5C0B0020002201610F
S3256021138002734B6810B54FF47A740133C0E90124014A4B60026010BD5C0B0020006910B1D0
S325602113A003681B6B1847704710B5044600694368013B43603BB90368DB6A9847206910B1D0
S325602113C003685B6898470023236110BD044B10B50360044603690BB1FFF7E6FF204610BD0E
S325602113E05C0B002010B50446FFF7F0FF20462EF057F8204610BD10B50446006930B1036821
S32560211400DB6A98472046BDE81040CDE710BD43688B4203DC83688B42A8BF0B461846704769
S3256021142038B5831C00F1C2040025A34200D138BD184603F8025C162200212DF091FA034611
S325602114401833F2E70F4B93F8B92530B5541C0E4D91FBF4F4AD6B2C44D3F8BC550B234343E2
S32560211460181935F810005AB111F0010208D00029B8BF52422244134435F813301844401083
S3256021148030BD00BFF8300120A005012000220280C0E90122C0E90322704782684368084632
S325602114A00232023310B4034C44E904325DF8044B29F05EBBF830012070B504460D46D168AC
S325602114C01646FFF7EAFFA3680F4A0233216942E90413336993B153F8250025F0E7FB6378C3
S325602114E02BB133462A46D4E9021015F02AFD237843B12046BDE8704014F0E9BF284625F02C
S32560211500EDFBECE770BD00BFF830012070B504460D46D1681646FFF7C0FFA368124A0233AC
S32560211520216942E90413336993B153F8250025F0BDFB63782BB133462A46D4E9021015F0C7
S3256021154000FD23787BB12046BDE8704014F0BFBF0DB90648EBE7FF2D01D10548E7E7284696
S3256021156025F0BCFBE5E770BDF83001209EC10020A3C10020F7B504460D46D16816461F4690
S32560211580FFF78BFFA368114A0233216942E904133369A3B153F8250025F088FB637833B126
S325602115A073682A460097D4E9021015F0C9FA23784BB1204603B0BDE8F04014F088BF2846ED
S325602115C025F08CFBEAE703B0F0BD00BFF830012073B504460E46D9681D460192FFF75DFF60
S325602115E0A368206902330C4941E90403304625F05DFB6378019A23B12B46D4E9021015F0A3
S32560211600A0FC23782BB1204602B0BDE8704014F05EBF02B070BD00BFF830012003780BB184
S3256021162014F055BF70478368426802330249023241E90423704700BFF83001201C4A92F80B
S32560211640C035032831D8DFE800F00215282C92F8C115362909D8174A02EB01121169D26902
S325602116608968114214BF01200020834214BF002001207047104A92F83C1036290AD80D4A33
S3256021168002EB01121169D2698968114214BF0122002200E000229342E8E7074A92F83D10E4
S325602116A0EBE7054A92F83E10E7E70020704700BFF830012080030020A005012010B51AB104
S325602116C04FF0FF33036006E0036823B1034C6143994201D9026010BD5B1AF3E7F47E1D00D5
S325602116E038B504461546212230F044F984F8215038BD212230F03EB938B543780446456856
S32560211700FF2B1DD185F0010523780122E90703F1FF3302FA03F24FEA55034CBF1343934322
S3256021172033B920F0C5F8227800F00103013A934022784FF0FF306360904023EA000038BD30
S3256021174020F0B6F8FF236278B0FBF3F3C3EB0323C01A8242D6D8D7E738B5037804460D46D4
S325602117608B4208D220F0A4F8237800F001009840636803436360257038BD0F2810DC0D2875
S3256021178010DC0B2810DC092810DC072810DC052810DC094B094A0328C8BF1346184670479F
S325602117A0074BFBE7074BF9E7074BF7E7074BF5E7074BF3E7074BF1E7A0430120E40501207A
S325602117C0FC050120F8050120F4050120F0050120EC050120E8050120CB0801F007014133B2
S325602117E0313103702D23817043700023C37070470022002317F0ECBDF7B5044617F0E8FDB5
S3256021180020B194F83320930702D4002003B0F0BDE369002BFAD012F04002A16938D0206A80
S3256021182090F84554D4E902260935013AEDB246F1FF36C5F1200CA5F12007EA4006FA0CFCC6
S3256021184026FA07F742EA0C023A430132E9B1013B4D1C5B1A01951A442AB10023019917F0B2
S32560211860CFFB0028D1D02046D4E90023C4E90223C4E9042394F8333063F07F0384F83330BF
S3256021188003B0BDE8F04017F07ABC0193E161E3E7B1B1019201AA206A17F01CFC0028B4DB5C
S325602118A007D04FF0FF32A169206A17F000FE0028ABD001990029D6D0206A17F0CAFED0E7A5
S325602118C00193E161F5E70A46D0F8801400B58FB039B100236846009319F030FB0FB05DF899
S325602118E004FBD0F884040028F8D00B460C910146684618F031FFF1E7836B10B55BB11878E0
S3256021190010F008001EBFD8695B69C01A0028B8BF6FF0004010BDC06B0028FBD090F831306A
S3256021192013F008030ED0D0E90413D0E90024881A63EB0403B0F1004F73F1000328BF6FF0F3
S325602119400040E7E71846F5E7836B33B11B7813F0700F14BF012000207047C06B0028FBD0E8
S3256021196090F8313013F0500FF3E7F7B5846B8CB101220DF107012046D4E9045617F0C8FF6F
S32560211980012814BF4FF0FF309DF80700C4E9045603B0F0BDC46B94B101220DF10701204650
S325602119A0A569D4E9006717F075FC01280CBF9DF807004FF0FF30A561C4E90067E8E74FF0D0
S325602119C0FF30E5E7836B13B1184617F0A1BFC06B08B117F05FBC4FF0FF30704730B4856B0F
S325602119E0114625B143B9284630BC18F04EB8C06B10B130BC17F0ECBC002030BC7047836B97
S32560211A0013B1184617F0A5BEC06B08B117F0B7BB70472DE9F74FD0F838B0174698469DF8C3
S32560211A2030609DF834909DF838A09DF83C400191BBF1000F45D09BF800301B0740F183803D
S32560211A40A2F2BC737F2B7ED808F1FF330B2B7AD8731E1E2B77D8B9F1170F74D8BAF13B0F4F
S32560211A6071D83B2C6FD8584617F073FE00286AD00121584617F05EFE0546002863D032462F
S32560211A804146384617F0A0F9224607465146484617F0ABF9019B9E0706D514F001042F82BF
S32560211AA0E88118BF64246C73019B590748BFE882DBF8080048BF2F8303B0BDE8F04F17F059
S32560211AC066BAC56B002D3ED095F831301A073AD5A7F2BC737F2B36D808F1FF330B2B32D8EB
S32560211AE0731E1E2B2FD8B9F1170F2CD8BAF13B0F29D83B2C27D8284617F041FB18B341464B
S32560211B00324638464FF0000B17F05EF922465146804648465F4617F068F914F00104019B9B
S32560211B20814618BF642403F0020A00225FFA8BF1284617F0EFFA30B10278852A07D0403251
S32560211B40D2B2012A1FD9002003B0BDE8F08F95F83120296A02F03702828091F8102242F0D5
S32560211B60010281F81022BAF1000F04D00475A0F80890A0F80A80019B5B0742BF4475A0F887
S32560211B800C90A0F80E800BF1010B394617F078F995F830205FFA8BF307469A42C5D2012266
S32560211BA005F12401286A17F07BFA0028CBD04780286A03B0BDE8F04F17F0D6B940F8031BD6
S32560211BC011448A4200D1704712F8013B00F8013FF7E72DE9F0430D46C1F1FF21002395B0A3
S32560211BE001F57F0155F803CB1A461C46FD314FF0010E4E19B4452DDD072A15F8016F16D190
S32560211C0003F1500203AF6A4402F83C4C01229C180DF15009013217F8018B59FA84F4082A1C
S32560211C2004F83C8CF3D108330022DBB21446370642BF0EFA02F706F07F06E41902F1500750
S32560211C4002F1010248BFE4B26F44342BD2B207F8446CCED95D1C50336B44EDB203F83C4CB1
S32560211C6003AC0023E9189A42C9B207DC05AA0190FFF7A4FF019815B0BDE8F083503114F8F4
S32560211C80016B0133694401F83C6CEBE710B5044625F07CF848B1064B93F8B831F02B05D1B6
S32560211CA0236820465B689847012010BD0020FCE7F0410120314B2DE9F041164693F8BA2142
S32560211CC0BEB005467D2A0F4654D193F8BB21622A50D193F8BC21B24249D1684603F5DE7322
S32560211CE00021024613F8014FF72C05D0013100F8014BC9B23C29F5D12EA8FFF75FFF002338
S32560211D00DDF8B8800DF1BB0E19461C46184643450FDB0FAA1EA8FFF751FF1E9A1FA9384614
S32560211D2022EAE2722BF0A2FC01202E713EB0BDE8F0811EF8012F94B104F1FF3C40FA0CFC42
S32560211D401CF0010F01F1010C01F1F80118BF42F08002694401F8BC2C5FFA8CF1024601348A
S32560211D603D2904F00704D4D001331046CFE702710020DBE7002318462B71D7E7F041012011
S32560211D8037B502AB03E90600012311461C461A46994211D8009CD0E90035C4F12000A4F13C
S32560211DA02001E34005FA00F025FA01F103430B4303EA020003B030BD04FA03F501332A439E
S32560211DC0E6E730B581EAE17500230A24A5EBE1758542BCBF0633DBB2132890FBF4F206DC3C
S32560211DE0002902DA0BB1063BDBB2184630BD1046EEE72DE9F843064629F06FFD80460F461A
S32560211E00701C29F067FD0C468146B01C29F062FD02462302F01C090443EA196341EA124128
S32560211E2015040B4345EA092543EA070429F052FD090645EA080541EA102145EA0065301D2F
S32560211E400C4329F04AFD0443701D29F043FD44EA0024B01D29F03EFD44EA0044F01D29F014
S32560211E603CFD0146284644EA0161BDE8F883F0B50371C3F30724C3F30747C2F30746150E1A
S32560211E8012F47F4F4FEA1363C2F3072102808670C57044718771C37116D011F0E00F13D113
S32560211EA04B1E172B58D8DFE803F00C1B1E2124272D30332A2A2A4548544B4E512A36393CA7
S32560211EC03F424FF40053038006F01F0605F01F058670C570002C41D10FB97F238371F0BD39
S32560211EE042F20103EFE742F20203ECE742F20303E9E742F20403E6E742F20503E3E74FF4E6
S32560211F008043E0E74FF4C043DDE746F20103DAE746F20203D7E746F20303D4E746F2060374
S32560211F20D1E746F20703CEE746F20803CBE746F20903C8E74FF40043C5E748F20103C2E76A
S32560211F4048F20203BFE748F20303BCE748F20403B9E7A0234370B7E70023FBE7BC4288BFF3
S32560211F608471BCE770B50024034602467F262146C4F34205013451701232202C02F8121CB0
S32560211F8002F80E1C22F8041C22F8021C02F80D1C02F80C6C02F80F5CEAD100217F240A465B
S32560211FA083F84312013183F841221233202983F82E2283F83222A3F83C22A3F83E2283F823
S32560211FC0332283F83442EBD180F8AB2470BDF8B506780546154A002306F0E00712F8010B19
S32560211FE0B84201D00133F9E7012918BF4FF0FF3119444B1C18D0062908BF05210C4B06F0F6
S325602120001F060B4493F8A048204628F0F3FD01388642D4BF34430443E4B22C7004F0E00488
S32560212020E01B18BF0120F8BD0021E7E7200C002080030020704738B5046841F2BB039C42B4
S3256021204027D8154D95F8DB320BB920F06EF8A2083F2304F00304FF20B2FBF3F3C3EB8311C9
S3256021206044EA8304521A05EB420502F5C021B5F8DC2201F5F86152000B0302EB01329A4253
S3256021208000D838BD33F8021BCDB2AC4208BF080AF5E7FF20F5E700BFF0410120F7B505467F
S325602120A00C468E18B44201D103B0F0BD14F8017B01A80195FFF7BFFF874203D03946284675
S325602120C020F0ECF80135EDE773B58D180C46461AAC4204EB060301D102B070BD01A8019328
S325602120E0FFF7A9FF04F8010BF2E72DE9F04FA04DC1B032209F4E21F08DFA40F2EE27D5F83C
S325602121005C4325F032FE002800F01E812FF044FFA0B140F6B73425F028FE18B9D5F85C3361
S32560212120A342F8D9944901F110002FF0E9FE92481FF0DEF940F2DC5021F06CFA2FF01CFFAE
S325602121408E4816F071FD95F800318D4C1BB104F1C40016F069FD4FF0E0228A4EDFF814A280
S32560212160D2F8FC3D43F08073C2F8FC3D336843F00103336014F010FC2FF012FF9AF86432EF
S325602121804BB381497C48FEF7A8FD804B0322804F7F49C3F83C217F4B78481A46CDE90873D8
S325602121A0FEF7D8FF7C4A7D49136E03F0784343F4002343F01F0313667068236BB3FBF1F3F1
S325602121C00A214B437168091A8B42FBD8744B0520536621F01FFADFF8E0B19BF8C035002B41
S325602121E000F0C1806F4E4FF40068012109201FF049FF01210820C6F884801FF043FF4FF47D
S32560212200803302210C20C6F888301FF03BFF40F28A2021F0FFF95B49C6F8888064224868F1
S32560212220236B1B0C534343F69A32B3FBF2F34A68121A9342FBD84FF48061524A4FF0190C8A
S3256021224043F69A3E57484FF48036D2F80480236B1B0C0CFB03F3B3FBFEF3D2F80490A9EBBD
S3256021226008094B45F9D8C0F88460D2F80480236B1B0C0CFB03F3B3FBFEF3D2F80490A9EB38
S3256021228008094B45F9D80139C0F88860DDD1052021F0C0F9D5F85C13424840F2ED228368DC
S325602122A09E0704D4D5F85C335B1A9342F7D9354964224868236B1B0C534343F69A32B3FBF2
S325602122C0F2F34A68121A9342FBD8364B4FF40062C3F88420344E4FF0FF382FF045FEE0222B
S325602122E0002106F50460C6F83C882CF039FBE02208A90020C6F84488FFF7E6FEDFF8BC80BB
S32560212300089B43455CD1BDF82830D42B58D1BDF82A9008A814F097F9814551D1D6F84438C4
S32560212320099A9A4201D201334AD10023E02208A91E48C6F83C382BF099F9D4221C491D489A
S325602123402BF094F9012345E0D5F85C3396F85C231B1B32B1B3F5FA6F3FF6D8AE20F06CFF3C
S32560212360CFE6BB42F8E74FF4C87021F053F9B1E7F0410120002001200006012014060120E0
S32560212380A0050120001000E0BFC1002000801F4000366E010700004000003A4040420F008A
S325602123A0010000080040004200002020400820204C08202050450120F8300120014C4143DF
S325602123C0D6F83C380133B8D1D423C6F84088A6F84838002385F83434B5F820341BB94FF4BC
S325602123E07053A5F8203495F82C3413B9192385F82C3495F83534CBBBBF4ADFEDC07A92EDC6
S32560212400007AD5F82824B4EEE77A12F0080200F0A983F1EE10FAC0F283830F2284F83E30BB
S32560212420012384F814210E2284F83D30172384F815211C2284F83C30162384F816211D22EA
S3256021244084F817211E2284F829201F2284F82A20182284F81821242284F82B20252284F876
S325602124602C20192284F819218BF8C135A44AD4F83081936BA34E23F47C0343F4802393635F
S32560212480D8F80020D8F8041013680B4313600222D4F82C311A6124F0CFFB94F834319A4A2A
S325602124A008EB0310017A06EB01118F693A604A69C168116002690AB14369136094F835111B
S325602124C0914A08EB011090F8283006EB03139F695B693A60C26A1A60036B0BB1426B1A6052
S325602124E024F0AAFBD5F82834180711D5A769DAF82C33CAF82C736769616AD4E90720E76105
S3256021250027692762E768C4E905236762C4E903107E4B7F4ACBF83C3208237E49013B42F843
S32560212520041BFBD14FF008097B4B7A4AB9F1010943F8042BFAD19BF8C035002B00F06183DF
S32560212540FDF730FA754AD5F82834CBF8BC251907734AC5F8B42111D5E76DD5F8B031C5F836
S32560212560B071A76DE16CE365D4E911206764676DA764276DC4E91502C4E91371012194F83B
S325602125805C021FF0AFFD0A2021F044F894F85D02012100901FF0A6FD012100981FF052FDBD
S325602125A0002180225F48CAF868122CF0D9F99AF864321BB95C4B0322C3F83C219BF8C03598
S325602125C033B1594B1422C3F84021584AC3F83023574900234FF6FF7282F31002013341F87D
S325602125E0042B082BFAD1FCF70FFF95F824344FF40062002184F84030D5F8283403F004036C
S32560212600002B14BFA023A12384F86A3214BFC023C82384F86B32474B18462CF0A1F900F541
S32560212620806300F624270121C7F8E0310023C7F8DC0194F87702C7F8E831C7F8E43187F80E
S32560212640EC3187F8ED311FF04DFD94F87852012128461FF047FD012194F879021FF042FD30
S32560212660362D05D806EB05152B69EA69C3F88420012020F0CFFF94F87832362B05D806EBDE
S3256021268003131A69DB69C2F888300A2020F0C2FF94F87832362B05D806EB03121169D2693A
S325602126A0C1F8842094F87722362A05D806EB02121169D269C1F8842094F87922362A05D859
S325602126C006EB02121169D269C1F88820362B05D806EB03131A69DB69C2F88830142020F096
S325602126E099FF94F87832362B26D806EB03131A69DB69C2F884301FE028460120CDCC4C3D3A
S3256021270000C00F408003002061F8010000460120EC22012000AA0A000C23012050450120D6
S325602127207C0720206C22012000801F40C000010044220120D4360120142020F06BFF94F814
S325602127407742362C05D806EB04131A69DB69C2F888301921D34814F09BFF362C05D806EB96
S3256021276004142369E269C3F88420CF49CF4E4868CF4B326BB2FBF3F24B681B1A9A42FBD8BF
S32560212780CC4C4FF47C51DFF874B394F80001CA4A002800F03982C94B00209861596103210D
S325602127A09965CBF8C8204FF0E0230422C4493020C3F8842281F82200C3F8042114F0AEFF97
S325602127C0DFF83C830023C8F8D435C8F8D835D7F8E421D7F8E8319B1A0233F8D0D7F8E431D1
S325602127E003F0010303F5407308EB8303D3F8DC050028ECD04FF0000A24F00DFFB14D48F800
S3256021280014AC25F0B9F946F2A813D4F83C24C5F86CA3C5F87033D207D4F85C33C5F87C34BE
S3256021282096F828301CD496F81421C4F85034C4F8402496F81621C4F8442496F81921C4F8AB
S32560212840482496F81821C4F84C2496F81521C4F8542496F81721C4F858240122C4F83C245D
S32560212860FF2BDFF8A0A20CBF042307230093964B53F8040B022109F101090AF1080AC0B2FE
S325602128800193CAF800001FF02DFC009BFF229945019B8AF80420EBD14FF0000910220021F0
S325602128A08A482CF05DF84FF6FF7A022196F82900C5F8C893A5F8CC9385F8CE931FF012FCA7
S325602128C0022196F82A001FF00DFC022196F82B00A5F8DCA3A5F8D093C5E9F5991FF002FC3D
S325602128E0022196F82C001FF0FDFBD4F82834C5F87894494603F00102C3F34003A5F8ECA3D2
S3256021290085F8E133C5F8749485F8D1232022704885F8E093C5F87094C5F87C94DFF8E8A191
S32560212920C5E9F999C4E950992CF01AF82022494668482CF015F82022494667482CF010F8BE
S32560212940664BC4F8A89102A9C3F8049008A8644BCDF808A0049329F03AF940F29F5208A9CD
S3256021296060481EF027FA08A829F037F902A829F034F950215B48FCF713FD042020F04AFE7D
S32560212980F36905EB8303D3F8EC22D5F82C33120A05EB8303D3F8EC12736A090A05EB830318
S325602129A0D3F8EC02336A05EB8303D3F8EC321B0A03EB102301FB02330BB1C4F85C344A4BC7
S325602129C002A908A8CDF808A0049329F000F908A945F6BF5245481EF0EDF908A829F0FDF8C3
S325602129E002A829F0FAF880214048FCF7D9FCD7F8E421D7F8E8319B1A0233F8D0D7F8E43158
S32560212A0003F0010303F5407308EB8303D3F8DC050028ECD024F0FFFD01261C23344848E961
S32560212A200463002628F0A4F848F8146C25F0A4F894F860344BB3324647F612212D481BF0D7
S32560212A4071FED4F8B834324647F6122118680368DB6998474FF6FF73A4F8BC64C4F8CC34A3
S32560212A60C4F8D034D4F85C3384F8BE64C4F864350323C4F8C864C4F8C46484F85C65C4F8D6
S32560212A80D864C4F8606584F8D4341B4B40264FF480314FF480574FF4005C4FF4404E43F2EF
S32560212AA0420933E0FE070120001000E0A005012040420F00F0410120F979010000C03940C6
S32560212AC000E400E00020012030460120AC23012038430120584301207843012098430120B3
S32560212AE04D0200001C0801202100000024080120D3C100202C08012000800D40001801203E
S32560212B00F83001206C230120280C00201A6A900740F18B80C3F828E05962C3F82890F5E7BD
S32560212B20042284F83E30012384F81421052284F83D30022384F81621162284F83C300323FB
S32560212B4084F82A20152284F82920172284F81821102284F82C200F2284F82B200E2284F8A0
S32560212B60192181E4F1EE10FA29DB1D238BF8C12584F814311C2384F815310E2384F81631E3
S32560212B800F2384F817311E2384F82B301F2384F82C30182384F81931242384F82930252321
S32560212BA084F82A30192384F81831012384F83C30172384F83D30162384F83E3056E4052303
S32560212BC08BF8C12584F81431042384F81631162384F82B30152384F82C30172384F819313A
S32560212BE0102384F829300F2384F82A300E2384F81831012384F83C30022384F83D30032308
S32560212C00DAE72FF0ADF99DE4124B9861596103219965CBF8CC204FF0E02308220E49302032
S32560212C20C3F8842281F82300C6E5900402D4C3F824C06BE7D00401D45F6267E7002ABFF673
S32560212C4065AF12F4803001D099625FE7520605D45E625BE700003A4000E400E0D14AD24E65
S32560212C60D2F8803043F00303C2F880304FF04042CE4B9A634FF440425A630522186003F5C0
S32560212C808F130A20C3F8B4200822C3F8A422C84B5A6842F080625A604FF08062C3F8842084
S32560212CA020F0B8FCD6F8403143F00203C6F84031D6F8407117F00207FAD1D4F89C35D4F860
S32560212CC01026C4F87435BB4BC4F8B02503F13C0203F1BC09C4F89C35C4F810263A4609EB5D
S32560212CE0020000921DF0E8F8009A4032B2F5807FF5D1B14B00224FF001091946013241F822
S32560212D00049B202AFAD14FF480720021AB482BF027FE0021A84B84F8901FC6F890904FF093
S32560212D200309C6F8A891C6F84811C6F85431A44BC6F84C11C6F85811C6F84031D6F88431CC
S32560212D4043F48053C6F88431D6F85831D6F854319C4BCBF800324FF0E0234FF48032C3F8F7
S32560212D600C21994BC6F84831D6F8483143F01203C6F84831D6F8483143F44023C6F84831A6
S32560212D80924B934EC8F83832924BA6F16400C4F8943FFE2386F8693418F043F9044686F815
S32560212DA068042E2086F86A04002C00F03A82DFF88C9299F8753389F87443002B40F0428289
S32560212DC0D9F8F433DFF8788293B9B9F8F83308A8013BA8F8403708F54073C9F8F4337E4B17
S32560212DE008937E4B0A9328F0FCFE08A828F0F5FE99F874331BB17A497A4828F05BFA7A4BC3
S32560212E000024B3F5F80F88F84449C9F8FC434CD2C3F5F803B3F5002F47D3744F7822744E6A
S32560212E2021463846C9F8FC632BF09AFD1C22214607F1A8002BF094FD6E4B4FF4803207F1BD
S32560212E407801C8F8C43938466B4BC8F8DC290822C8F8C839694BC8F8E0294FF44872C8F897
S32560212E60CC39674BC8F8C069C8F8D0398023C8F8E429C8F8D439C8F8D839C8F8E839C8F8B3
S32560212E80EC39FF23C8F8FC39012388F844391AF02FFBA04207F17801C0F2218201235949AC
S32560212EA0594888F8453928F005FA584E584CD6F85C33584F0093B5F8C83313F0040F14BF63
S32560212EC04FF0030A4FF0010A13F0080F03F0030318BF4FF0020A01934F49D1F8E421D1F8DD
S32560212EE0E8319B1A0233F7D0D1F8E43103F0010303F5407304EB8303D3F8DC050028EBD0FD
S32560212F0024F089FB4FF0020B12F0DBFF434A444B97F86502002814BF1046184627F028FE6C
S32560212F201123404844E904B327F022FEBAF1030F05D10C2380220F21584627F0F1FC0222D9
S32560212F401D23394844E9042327F012FEBAF1020F05D10C2380221B21504627F0E1FC292339
S32560212F604FF0020B44E904B3019B032B07D12F4827F0FEFD352344F810BC44F80C3C2C4817
S32560212F8027F0F6FD2B4827F0F3FD2B4827F0F0FDDFF8B0E00DF1200CBEE80F00ACE80F00C6
S32560212FA0009A51E000C00F4000022E4000A00D400080004264470120005001208050012063
S32560212FC0158B01007130020004000003B7A30100F0510120A1B50100380C0020995C0200B0
S32560212FE0E9C100208851012000480500E80E012000007460ADA60100B1A70100D1A7010028
S32560213000411E0000F1C10020E00E0120F0410120F830012000200120F8400120A7C100202C
S32560213020B7C10020FEC100200FC2002020C2002033C200209CBE00203EF60020E852012061
S32560213040A0050120480C0020D6F85C339EE803009B1A32228CE80300B3FBF2F102FB113377
S3256021306043B91EF025FC0623B0FBF3F202FB1300C9F800044FF0000BD9F8003440AA584639
S325602130800BF1080B02EB83033821082253F8E03C27F034FABBF1800FEED1009B3821D6F83C
S325602130A05C230020D21A4FF4FA63D201B2FBF3F2D2B20823802AC8BFC2F5807227F030FC2D
S325602130C027F0F3F8D7F87024D7F874349A4240F014814FF0000B44F814BC24F04DFDD6F86A
S325602130E05C33009A9B1AB3F5FA6FFFF4E4AEB7F8C833BAF1030F4FF47A728948A7F8CA33D2
S3256021310008BF012596F82C3418BF88F80CAA02FB03F3DFF8389212BFCDF800B088F80C5A80
S3256021312000959342DFF828A238BF1346DFF824B2C7F87033D6F85C33C7F87C3424F0A4F822
S32560213140019B80F00100032B5FFA80F80CBF012040462EF0E1FED6F85C330193D9F8E421A6
S32560213160D9F8E8319B1A0233F8D0D9F8E43103F0010303F5407304EB8303D3F8DC0500285B
S32560213180ECD024F048FA1C2527F08FF816234A221B20194627F038F9172244E90452B8F1CB
S325602131A0000F00F0AE805F4827F0E2FC21235E4844F8105C44F80C3C27F0DAFCD7F8702459
S325602131C0D7F874349A4240F0A680002344F8143C24F0D2FC052020F01DFAD6F85C33019AEA
S325602131E09B1AB3F57A7FB9D3B7F8C833A7F8CA33009B73B1D6F8283443F00043C6F82834A7
S325602132004A4BD3F850329A88C6F83C31484BA3F808210121D6F83C0141B0BDE8F04FFEF7AA
S3256021322055B849461EF02EFF4249434B4868434A1B6BB3FBF2F303EB83034A68121A93429A
S32560213240FBD8B4E599F87633002B3FF4B9AD72B600243B4B702209F560702146A9F87C4384
S32560213260C9F878332BF07CFB214601244A0901F01F03013109EB820204FA03F3FC29D2F84A
S32560213280800343EA0003C2F88033EFD12C4B5F80013703F58273FC2FF9D199F8F063E6B9D4
S325602132A008202CF0F5F88023044602A90371254B066008A80493CDF808A028F088FC4FF6DF
S325602132C0FF1208A920461DF075FD08A828F085FC02A828F082FC1DF0F7FC62B670E538464C
S325602132E01AF07FFE0028FFF6E0AD174938461AF0FFF80028BFF6D2ADD7E502A824F09AF9CE
S32560213300E0E6504627F034FC2123584644F8105C44F80C3C50E708A824F08CF94EE700BF01
S325602133203CC2002048C2002054C2002058A7012000002020001000E0A005012040420F00E1
S3256021334020092020FF0D0200600F0120F840012061C200206DC20020704700BF194A0023F8
S3256021336070B5026005465C324360486805F11804AA608A68E8602A610A7B2A758E6CC5E966
S32560213380143376B12B83AB762C650FCE0FC40FCE0FC4336823600C4B2846AB600023AB6557
S325602133A070BDCB6C002BF6D003F1340285F84960A5F84A606C6553F8041B934244F8041B2F
S325602133C0F9D1E8E7F80D0020800E0020036D13B1586900217047436D13B1D3E90001704745
S325602133E01846F6E7036D13B1D86900217047436D13B1D3E9040170471846F6E7036D23B94B
S32560213400406D003818BF01207047012070470148704700BF08C4002000487047700E002071
S32560213420F0B5124D95F965202A3535F8280CD11740EA4220490241EAD251102215F9013FA1
S32560213440A2F12007C2F120062033DC1703FA07F723FA06F693409440063218433C43402AD5
S3256021346044EA060441EA0401E8D1F0BD303201204FF492707047094B012283F8462083F8A5
S325602134808E2083F8D62083F81E2183F8662183F8AE2183F8F62183F83E227047002001201B
S325602134A0A0F1B000E7E708B513F098FE4068002808BF0C2008BD002070478022002100F509
S325602134C0A0702BF04DBAD1E90030C01A7047D1E90030C01A704740687047008A7047012379
S325602134E080F870307047022300F26C4280F86C34032380F86D34012380F86E34042380F87D
S325602135006F34072380F87034062380F87134052380F87234092380F87334082380F8743419
S325602135200A2380F875340B2380F87634436A022B15D0032B25D0012B05BF0C230E2100F244
S32560213540774380F8773401BF0D2380F8791480F8783400F27A439B1AC0F8683470470F234D
S32560213560132180F87734102380F87B1480F87834112380F87934122380F87A3400F27C43AA
S32560213580E9E714231A2180F87734152380F87D1480F87834162380F87934172380F87A341C
S325602135A0182380F87B34192380F87C3400F27E43D1E71A2070472DE9F047074686B00C4640
S325602135C090F804C0054601AE0CEB440ECCF101084FEA44094FF0030A5FFA88F80FCF0FC6B1
S325602135E03B6801461C4F3360002307EB0E1E0EF1040ECA1806A8B2FBFAF606EB4606921BF3
S32560213600023200EB82025EF82300013352F8146C032B064442F8146CEBD109EB0C002E46A7
S325602136208DF8088000013A5801AF1144B1FBF3F303EB4303C91A01910FCF0FC63B6833603A
S325602136403CB12B790BB944F080046B6A44EA03246C6206B0BDE8F0873010012025207047AF
S325602136606A20704710B504694CB104F12C0204F10801806819F0A0F908B9A080A06210BDF8
S3256021368010B50446806D18B12BF00AFF0023A365236D0BB9636D2BB104F11800BDE810408D
S325602136A016F0B1B810BD38B5074D044605F1080390350360FFF7E4FF04F11800A56016F0A2
S325602136C0A2F8204638BD00BFF00D002010B50446FFF7E9FF20462BF0E3FE204610BD1830C8
S325602136E0FEF743B91830FEF707B91830FEF787B91830FEF767B937B5046D1146002C37D094
S3256021370013B1002003B030BD204616F0BEF90028F7D0A3789B07F4D5236A002BF2D0216902
S3256021372019B3002301AAA068019316F092F80028E7DB07D06FF070422169A06816F001FAD7
S325602137400028DED0019921B1A06816F0F3FA0028D7D063692046E361A37863F07F03A3705D
S3256021376003B0BDE8304015F0F4BF01932162E9E7406D0028C5D003B0BDE83040FEF73CB840
S3256021378030B40446029811461D4620B904F1180030BCFEF723B901280ED1236D04F11800D8
S325602137A013B15A69002303E0636D93B1D3E900238A1843EB0503EBE702280CD1236D04F1CC
S325602137C018000BB1DA69EDE7636D13B1D3E90423EEE71A46ECE7002030BC70472DE9F04FE0
S325602137E0D0F858A006462DED028B8DB0BAF1000F1AD14FF480702BF04BFE0546B06500288E
S3256021380000F0FE80346D80F800A0002C00F0A380CDF80CA02778002F3FD0E378BBBB17F095
S32560213820600707D02F230380B06D0DB0BDEC028BBDE8F08F3946204615F07CFF68B30146F3
S325602138403A460824082A0B780BD1202B1CD010242E23FF2FBC4620D0013705F80C30FFB2A6
S325602138600FE0A3F1410C0131BCF1190F07D890F80CC014EA0C0FECD02033DBB2E9E7202BE7
S32560213880E7D101320C2ADDD10023EB55CCE7214603A815F00CFB002855D100232B70C3E7E8
S325602138A0A18803A8A1EB080189B216F03EF981460028F2D0C17A0F29EFD1017801F01F0132
S325602138C05945EAD14FF0000B5FFA8BF1484623F00CFEBAF1000F26D000F5105189B2B1F557
S325602138E0806FDAD2484BC0F3090003EA8A22104300F58030394618EE102A16F011FC0746A7
S325602139000028CAD04FF0000A0BF1010BBBF10D0FDAD108F101081FFA88F85FFA88FBE178CA
S325602139205945BDD207E000F5205292B2B2F5006F04D30028DED100233B7075E7B2F5806FBD
S32560213940ABD28246E0E705F1FF032F464FF0010808EE103AE1E7D6F854A0BAF1000F3FF468
S3256021396063AF9AF83130002B97D080464FF002099AF830304B4539D300224946504615F03F
S32560213980C9FB002889D00378C12B86D1074600F11E0B05F1FF0237F8020FFCB100F51051FC
S325602139A089B2B1F5806FBFF478AF174BC0F3090003EA8424204300F580304146019216F0FB
S325602139C0AFFB804600283FF468AF0024019A5F45E1D109F101095FFA89F9C9E700F5205174
S325602139E089B2B1F5006F05D30028E6D1002388F8003019E7B1F5806FBFF44FAF0446E6E709
S32560213A00024BB36510E700BF00FC0F00B4E801201830FDF799BF10B504461830FDF794FFCA
S32560213A2050B1206D10B1002116F02FF8606D18B1BDE81040FDF7DCBE10BD026D10B50C46F6
S32560213A4088B00AB36946104615F0C2FEF8B1BDF81030BDF80E2053EA020117D002F01F0166
S32560213A60012049002170C2F34511D20A6170A27003F01F022271C3F343125B0A013A03F5B0
S32560213A80EA636271A37102E0436D13B9002008B010BD03F12401186A15F002FB0028F5D0DE
S32560213AA043890289D7E7026D10B50C4688B00AB36946104615F08CFEF8B1BDF81830BDF800
S32560213AC0162053EA020117D002F01F01012049002170C2F34511D20A6170A27003F01F0217
S32560213AE02271C3F343125B0A013A03F5EA636271A37102E0436D13B9002008B010BD03F1DE
S32560213B002401186A15F0CCFA0028F5D0C3898289D7E71FB58A79A2F150031B0612D40C7862
S32560213B2002F26C724B79183003944C7801330294DBB28C780194097900910221FDF769FF43
S32560213B4004B010BD0020FBE71FB58A79A2F150031B0612D40C7802F26C724B79183003949E
S32560213B604C7801330294DBB28C780194097900910421FDF74EFF04B010BD0020FBE70A46BE
S32560213B80D0F8841400B58FB061B1002368460093012317F0D3F910B1684616F03AF90FB076
S32560213BA05DF804FBD0F888040028F8D00C9101230146684616F0D0FD08B90020EFE76846F8
S32560213BC015F074FD0028F8D0E9E72DE9F04F04239D4D8BB0044695F82C9C037395F8A884B9
S32560213BE09A4EB8F1000F04D00023C14685F8A834F37295F8A93483B10027384685F8A97405
S32560213C00F77224F0D5FB924A0220924B126883F86070C3F8102126F0D9FF95F8AA344BB1EF
S32560213C20002385F8AA3424F0F7FB01230220F37226F0CCFF737A83B1B9F1000F0DD0002016
S32560213C4024F0B6FB834B0022022083F86020804A1268C3F8102126F0B9FF27F021F901904B
S32560213C60002800F07A817C4B1F68B8F1000F00F0F9800023C846F3720225FBE0DCF800309F
S32560213C803EDD029800FB03FA0498BAFBF1FA8244039888B1BEF1080F0ED0002B03F0010B4C
S32560213CA0B8BFCBF1000BBBF1010F05D19942C2BF0598B0FBF1FBDA4457452CBF4FF0010A2E
S32560213CC04FF0000A86F800A007D25AB9DCF800208A42D4BF0022012205E00133012BCCF869
S32560213CE00030F2D1019AB9F1000F00F0DD80DCF800308B42D4BF4FF000094FF00109D3E001
S32560213D00002B02980CBF4FF0000A824604988244574512D30133C1F1010193FBF1FBCCF872
S32560213D20003001FB1B33591E4B424B41337012B1B9F1000F0FD1019A05E04FF0000333708E
S32560213D40002AF5D191463378002B00F0AD800123CCF80030A8E057454A4634BF4FF000091B
S32560213D604FF00109EFE7D6F89020D6F880309A4200F0C680DFF8E890D6F88000D6F8903064
S32560213D80834200F0BD8083680BB929F04AFBC3689847484612F0A6FAEEE7317B081D56F86F
S32560213DA02030002B3CD0002D3AD0FB1A2B4A05FB03FC944584BF0022C6E90422C1F1050269
S32560213DC056F8222062B35BB356F820000344B0699B1A224A5B086B43934228BF13460F2B5A
S32560213DE038BF0F23B2FBF3F2B3FBF5F592B273604FEA650C328072803A1AB2EB650FC8BF98
S32560213E00D21A82EAE273A3EBE2739C4506DD042B04DD002A0BDD013A0244B2610123737307
S32560213E2081F001013173043146F821707FE018BF0132F1E71A68002A00F09C80013A1A6032
S32560213E4098E00023C4E000BFA0240120303201204C4501206C230120E030012040420F0051
S32560213E60A832012096F80B80B8F1000F3FF404AFB56EC846B369DDF804900493736802934C
S32560213E80029A96F964305B4E5A430393642306F1180CB2FBF3F300220593964696F90B108B
S32560213EA000297FF4EBAE31700EF1010E01360CF1040CBEF10B0FF1D14F4EB9F1000F1CD086
S32560213EC0F36906F12A0106F138004FF0010C0133F3614A4B1B68B361002311F901EFBEF1E2
S32560213EE0000FC8BF40F823C001330B2BF5D196F86C3083F0010386F86C30002A7FF433AF20
S32560213F00B8F1000F7FF449AF737B83B17DB1337B043356F823207368BA1A5B00B3FBF5F391
S32560213F209A4204D924F078FA012024F041FA26F0B7FF90B1F37A83B196F828306BB1002378
S32560213F402F4806A9CDE906332E4B09932E4B089327F005FF06A8FCF779FC2C4904F11403EA
S32560213F6004F134004FF4FA7511F8012F002A3FF461AF1D6004338342F6D11F4D95F82930A7
S32560213F8023B1207BAA21400023F098FF95F82A302BB1207BAA214000013023F08FFF26F025
S32560213FA07FFF20B11A4B18684FF4C0635843237B0001184D05EB0313C3F8540826F070FF9F
S32560213FC000287FF43EAF124B4FF4C0621B685343227B1B0105EB0215C5F85C38636B0BB15C
S32560213FE0013B6363A36B0BB1013BA3630BB0BDE8F08F00BF5032012030320120E030012037
S32560214000B8E8012093790100417501004F320120A0050120A0240120A94AC16B13685B1A38
S32560214020B3F57A7F88BF40F6C4132DE9F04F88BF83638DB013680446C3630369232B01DDC2
S3256021404022F0DCFAA56B2269002D39D01723232A03FB05F5A3F6DB1395FBF3F505F117068F
S3256021406005F1180514DC00212B468022084626F0CBF932463146207B26F096FF7F232A4613
S325602140800021207B009527F012FE0DB0BDE8F08FC6F13F072B4680220020394626F0B4F9CE
S325602140A03A46207B7F230021009727F000FEC6F14002207B11460DB0BDE8F04F26F074BF1A
S325602140C0232A00F3AB8018238022294628467D4F26F09AF90C2334221821284626F094F9F0
S325602140E007AE0FCF0FC63B682946207B3360232632233246009627F0DAFD32231722207BCE
S325602141001946009627F0D3FD22690021207B131F48BFD31C032A0CAA4FEAE30303F10103D3
S32560214120D8BF002302EB8303192253F8143C27F0EFFD1522207B114626F036FF16227F23A4
S325602141400021207B009227F0B2FD2369032B00F3CB8026F0A5FE03465B4D207B002B00F06C
S325602141608B805A4E95F86C2006F10803002A18BF33460122114626F025FF06F14803012257
S325602141800C21207B26F01EFF6B88642019460293FDF717FE029B00F116010122207B27F0AF
S325602141A0A9FD2369022B74D0494826F0E1FC207B484B01224F2127F0ABFDA86E26F000FDA8
S325602141C02169CBB2232B00F3C281013B222B00F2D881DFE813F0E301EC01F001F401F40183
S325602141E0F401F401F401F401F401F4010A020A020A020A020A020A020A020A0226022602CA
S325602142002602260226022602260226020A020A020A020A020A020A020A020A02284617231F
S325602142208022292126F0F0F828460C2334221D2126F0EAF81E222946207B0092322327F09C
S3256021424036FD2923207B1E2200933223194627F02EFD2946207B21221F4B27F059FD2A2284
S325602142602946207B00927F2327F021FD2B22207B114626F099FE68E70122184B114626F016
S32560214280A1FE174A697A02F10803002918BF134675E701220D4B2C21207B26F093FE95F969
S325602142A065300A2019460293FDF78BFD029B00F134010122207B27F01DFD0A4875E700BF29
S325602142C0E0300120D00E002030320120A00E00201CC4002021C4002013C40020700E00203D
S325602142E0B00E00202ED900200B2B28DCDFF898830127DFF89893DFF898A318F9016F1EB972
S325602143002B1D22699A4212D105F0030139EA260328BF5346207B3A464901013127F0F8FC1D
S32560214320002EB8BFC6F10106304626F049FC0135082D3FF445AF042D08BF0A37DDE7132BF5
S3256021434000F39380DFF84C9304F110080127D9F800A05046D9F8041005AB05F00306042D1A
S325602143604FEA461608BF0A3706F1010B03C39C46BC4B0FCB8CE80F001C23BB4A6B43D25CEA
S32560214380002A70D00CA802F0E001B84B00EB52100392029110F81C0C83F8E000084626F03E
S325602143A029FC039A029902F01F0CB04B6045A8BF6046802944D01BD802F0C002402A4BD165
S325602143C0013000F0FF00092889BF0A222022B0FBF2F2303288BFD2B283F8E1200A22B0FB40
S325602143E0F2F102FB1100303083F8E200A04B09E0A029E5D0E0292FD10CABC0B203EB800096
S3256021440050F8143C3A465946207B27F081FC994B3A4606F11701207B26F0D4FD58F8043FA7
S3256021442053B1207B16360823092200F00100394606EB801026F074FA0135082D89D1BFE6D5
S325602144408D4AC0B2E03302EB8000D0F8102112785A7020229A70D5E72A2283F8E1202022AD
S3256021446083F8E220C2E7854BCCE71B2B1EDC844F0126A7F1080805F00301042D636B4FEAF9
S32560214480411108BF0A36043173B12369A3F11402AA420CBF43463B4601353246207B26F08D
S325602144A091FD082DE7D18BE63B46F5E7232B25DCDFF8E4810127DFF8E49105F0030618F81F
S325602144C0013F042D4FF064004FEA4616194608BF0A370293FDF775FC711C029B3A4601445C
S325602144E00135207B27F006FC4B463A4606F11701207B27F00DFC082DDFD161E62B2B3FF7B8
S325602145005FAEDFF89C812D27DFF8909105F0030618F8013F042D4FF064004FEA46161946B1
S3256021452008BF0A370293FDF74CFC711C029B3A4601440135207B27F0DDFB4B463A4606F164
S325602145401701207B27F0E4FB082DDFD138E6243B072B3FF69AADA1F12403002B1A46B8BF60
S32560214560A1F121020A2192104A43594203F0030301F0030102F1350258BF4B4259011323BE
S325602145804DE0207B0A23002100F001001A4680010B300DB0BDE8F04F26F020B91323092280
S325602145A0162120460DB0BDE8F04F23F046BC0D2309223421F5E70D2309226D21F1E70B1FAA
S325602145C0002B1A46B8BF01F1FF320A2192104A43594203F0030301F0030102F1090258BF37
S325602145E04B4259010C230831DBE70C394B4201F0070103F0070358BF59420A2300290A4603
S32560214600B8BFCA1C92105A434B4201F0030103F0030302F1090258BF59421323490101319A
S32560214620BFE7636B002B7FF430ADA1F11403207B002B1A46B8BFA1F111020A2192104A43BF
S32560214640594203F0030301F0030102F1010258BF4B4259010B4B0C310DB0BDE8F04F26F00C
S32560214660B1BC00BFF00E0020103101203010012010110120D00F0020F00D002093EB0020AA
S32560214680C80E0020D80F00205A320120F5EB002011C4002027C40020632C01202ED9002012
S325602146A0832C012038B5284B0446027B13F8323063BB0269EAB923F0CFFE2369012B24D156
S325602146C0226D224892B1216C03689B1A04EB810253641F4A93421DD900232364226C0323AF
S325602146E092FBF3F303EB4303D21A2264036823650BE0A2F11403072B08D8164B13440122A5
S3256021470083F859204FF49663436338BD2046FCF7ABFAD2E7013103292164DFD1D4E91135FA
S325602147202B44E56C2B44B3FBF1F39342094928BF13460F2B38BF0F23B2FBF3F292B24B60E6
S325602147400A804A80CAE700BFD0320120E030012040420F00303201202DE9F041694C002387
S32560214760027B036414F832400365036974B919442B290B4641F28831A8BF2B2323EAE37349
S325602147800361614B43F82210BDE8F081DAB2232A16DC013A222A23D8DFE802F084927AA4C5
S325602147A0A4A4A4A4A4A4A4262626262626262664646464646464646D6D6D6D6D6D6D6D003E
S325602147C0243A072AE0D8514A134493F8E4270A44642AA8BF642222EAE27283F8E427D3E71A
S325602147E0BDE8F04123F038BEA3F10C041C27484E6743F55D07EB060805F01F056D180BD55C
S325602148004FF0FF314046FDF7E2FB28B1F05D00F0E00026F0EFF9451E1C236343F05C00F0D3
S32560214820E00026F0E7F9A84203DD002D08DA002510E001214046FDF7CAFB0028F5D00025BA
S325602148401C236343F05C00F0E00026F0D3F9A84200DC451E1C236343F25C22F01F022A43F2
S32560214860F25491E72B4A1344012283F859204FF49663436388E7284A134493F8C4270A4432
S32560214880642AA8BF642222EAE27283F8C4277BE7204A936E0B44182BA8BF182323EAE373EC
S325602148A0936671E71B4A53880B441C499BB2012B38BF0123B1FBF3F113805160538063E7A7
S325602148C0144A92F86530194449B2002908DB6329A8BF632149B282F8641082F8651053E7E7
S325602148E00021F7E70E4A134493F92B200A446FF01E01182AA8BF18228A42B8BF0A4683F8EF
S325602149002B2041E7D0320120103301207C24012010310120303201208424012040420F0016
S325602149202C3201202DE9F04188B0254CCDE9002326F0B6FA88B909230146029068461A468E
S325602149400393FDF71DFA1F4B80B2012838BF0120B3FBF0F3208063606080072309220921FF
S325602149606846CDE904231A46FDF70AFA40B2002824DB6328A8BF632040B2134D4FF00608A0
S3256021498006AE84F864006FF01E0784F8650010246846CDE9064896E80600FDF7F1F92038F7
S325602149A006341828A8BF1820B842B8BF3846402C05F8010FECD108B0BDE8F0810020DBE782
S325602149C03032012040420F005A32012008B503482DF0EEFABDE808402DF0E2BAE0E80120F3
S325602149E0A0F1B000F2E72DE9F0410446144D00264FF005084FF6FF7705F10800013612F0C0
S32560214A005BFF2846A5F80080483525F8447CFBF747FF082EF0D1204604F180020023A0F809
S32560214A206631103080F8553180F8583180F85431C0F8503180F85A319042F0D1BDE8F08137
S32560214A4000200120002310B5C0F86C3101230446C0F87C310223C0F88C310323C0F89C3139
S32560214A600423C0F8AC310523C0F8BC310623C0F8CC310723C0F8DC3104482DF099FA2DF040
S32560214A808FFA2046BDE81040ADE700BFE0E80120A0F1B000D6E72DE9F84FC421D0F8C43073
S32560214AA0344A07464B43D418D35813B9BDE8F84F99E7314D064604F1C0084FF6FF7ADFF8AB
S32560214AC0BCB04FF0030963682846A5F804A0942BA8BF942323EAE3732B80FBF7E1FEB5F9B4
S32560214AE00000FEF7E0FCA368A3F5FA73A6F86631E3683F3B86F8653123693C3B5BB293FBA2
S32560214B00F0F286F8683172B1DBF800C0CCF100018A4203DB94456146A8BF114600FB123379
S32560214B20E97086F86831636948351036C3F3C01286F85A21C3F3011203F00F03B2FBF9F109
S32560214B400B2B01EB4101A8BF0B23521A86F8542105F8463C54F8183FA04525F8443CB2D14F
S32560214B603B6838465B6C9847002387F8D430BDE8F88F00BF24E9012000200120A005012021
S32560214B802DE9F04F074687B00024DFF84882894E22F0FCF8054620B9874E8146DFF81CA2BE
S32560214BA038E098F8005096F88023F02D96F88133EED096F882138DF80D5005F0EF058DF8B5
S32560214BC00C108DF80E208DF80F3003997B48FBF7EDF9802D08BF0124DAE796F8568096F838
S32560214BE05720B8F1F00F96F8583013D096F8551050468DF8118008F0EF088DF810108DF85E
S32560214C001220B8F1800F08BF5C468DF813300499FBF7CCF9304622F097F983460028DCD168
S32560214C2006F58A56B9F1000F7CD0DFF8ACA1DFF88C9123F090F90646002876D1002C40F042
S32560214C408780DFF898913C4607F1E0085C4EA9F6C33A5C48FEF7B9FF94F8643119F801BFDB
S32560214C6013B1BBF1000F03D094F8682184F86921BAF80C201AB14FF0000284F86921022B23
S32560214C804FEAC503019302D1BBF1000F1CD04E4BEA00981826F0B0F894F86A3101461BB153
S32560214CA015B1D4F85031194436F9082C94F96931042A6AD101EBC31316F9052C4FF4C061A4
S32560214CC001FB0233C4F86031D7F8C830D4F8602103EB83030433DBB207EB83031B693BB993
S32560214CE042F21071B4F966310B44534393FBF1F294F96531E9001344344A1B015350BBF192
S32560214D00000F51D04FF4FA73C8F800300135103408F104084836082D0AF1120A9CD107B0CF
S32560214D20BDE8F08F4FF0010974E79AF87580B8F1F00F3FF47EAFDAF8741008F0EF084846C2
S32560214D400591B8F1800F08BF3446FBF72FF970E7DFF8688008261E4C4FF00109DFF880A0B5
S32560214D60B8F80C206AB1514604F10800FBF777FD013E84F8469008F1120804F14804EFD116
S32560214D805FE72046FBF78CFDF2E716F9062C3046D20113F0CBFA16F9053C4FF4C06202FB88
S32560214DA00300C4F860018FE7D8F80030002BADD0013BA9E7B4E8012020AA0120A0240120D5
S32560214DC00820012038EC0120F0310120E42C012000200120A843012054460120633001208F
S32560214DE028A42060A0F1B000CAE6F8B50C46084E0025084F01353046234631223946C4363D
S32560214E0013F029FE042DF5D1D4E90030C01AF8BD24E90120E00F002010B50C460B461B228C
S32560214E200349B43013F017FED4E90030C01A10BD7814002010B50C460B462522034904481C
S32560214E4013F009FED4E90030C01A10BD001700208CEC01202DE9F04105460C460A4F0026FA
S32560214E60DFF8288001363846234631224146C43713F066FE042EF5D12846FFF70CFED4E9AF
S32560214E800030C01ABDE8F08124E90120E00F002010B50C4600220C4904F5C670FCF720FC62
S32560214EA004F5D77000220949FCF71AFC04F5E87000220749FCF714FC04F5F9700022054916
S32560214EC0BDE81040FCF70CBC30C400207AEF002070E2002099EF002010B50C4636492046E8
S32560214EE0FCF707FC04F121003449FCF702FC04F142003349FCF7FDFB04F163003149FCF74E
S32560214F00F8FB04F184003049FCF7F3FB04F1A5002E49FCF7EEFB04F1C6002D49FCF7E9FB4F
S32560214F2004F1E7002B49FCF7E4FB04F584702A49FCF7DFFB04F229102849FCF7DAFB04F53A
S32560214F40A5702749FCF7D5FB04F26B102549FCF7D0FB04F5C67000222349FCF7C1FB04F580
S32560214F60D77000222149FCF7BBFB04F5E87000221F49FCF7B5FB04F5F97000221D49FCF7D3
S32560214F80AFFB04F5057000221B49FCF7A9FB04F2362000221949FCF7A3FB04F51670002253
S32560214FA01749FCF79DFB04F27A2000221549BDE81040FCF795BB00BF35C400203DC400203E
S32560214FC045C400204DC4002055C400205CC4002063C400206AC4002071C4002078C4002031
S32560214FE07FC4002086C400208DC4002091C4002095C4002099C400209DC40020A1C400207B
S32560215000A5C40020A9C4002010B50C462C492046FCF76FFB04F121002A49FCF76AFB04F1CE
S3256021502042002949FCF765FB04F163002749FCF760FB04F184002649FCF75BFB04F1A50001
S325602150402449FCF756FB04F1C6002349FCF751FB04F1E7002149FCF74CFB04F5C6700022E1
S325602150601F49FCF73DFB04F5D77000221D49FCF737FB04F5E87000221B49FCF731FB04F53A
S32560215080F97000221949FCF72BFB04F5057000221749FCF725FB04F2362000221549FCF7C1
S325602150A01FFB04F5167000221349FCF719FB04F27A2000221149BDE81040FCF711BB00BFCC
S325602150C0ADC40020B5C40020BDC40020C5C40020CDC40020DBC40020E0C40020E5C40020D8
S325602150E0EDC40020F3C40020F9C40020FFC4002005C500200BC5002011C5002017C50020F5
S32560215100A0F1B0002CF00CBF012021F083BB002021F080BB2DE9F843BA4E04460D464B883B
S32560215120D6F89884B8F1000F00F0C280B3F5007FB1F9047096F8A44415D0B34B04EBC404BF
S32560215140B84433F9340012F049F8B8F1000F436807DD03334345A8BF4346C6F89834BDE805
S32560215160F8830123F9E7B8F1010F17D14822A64904EBC40002FB04F301EBC000CB5A3B4438
S325602151801BB2942B08DC002BB8BF942362438B52BDE8F843FBF784BB0023F7E7B8F1020F71
S325602151A040D19A4A1368002B994B09DA14604821954A01FB042291781970D178954A1170ED
S325602151C01A783A44D1B252B20B2A1A700BDD9148914C90F900202468A242BFBF0132027018
S325602151E0A1F10C021A7093F90020002A0CDA8A48884C006894F9001040428142C1BF01F1E0
S32560215200FF310C3221701A7093F90020002A05DA00221A70BDE8F843FBF74EBC0B2AF9DD36
S325602152200B22F6E74823784E04EBC405B8F1030F04FB03F306EBC50506EB0302B2F8049055
S3256021524024D1F05E11F0CAFF4FF6FF724368002F02FA03F26FEA020291B202EA09020FDAB9
S325602152603B44784242FA00F09A4040EA02039BB2482263EA010302FB04629380284687E7DF
S32560215280DB1B42FA03F3BA401343F0E7A8F104080123002F03FA08F39BB2CCBF49EA030931
S325602152A029EA0309482303FB0466A6F80490E5E7B3F5807F08D190F8DD30B1F904109BB158
S325602152C006F56170FFF748FA6B88B3F5007F7FF446AF94F8DD30B5F90410002B4DD04F4887
S325602152E0BDE8F843FFF738BAD0F8D03073B10029CCBF0122002280F8CC207FF730AF052B91
S325602153007FF42DAF0423C4F8D03028E70122D0F8C83080F8D42090F8CC209AB948203A4AC3
S3256021532000FB0322D37819443B4B1B6849B25842D170814201DAD07011E799427FF70FAF5A
S32560215340D3700CE703EB83020432D2B200EB82021269002A7FF403AF00EB0313B3F96621F6
S3256021536011442F4AB1F5FA7FA8BF4FF4FA719142B8BF1146A3F86611F1E6D4F8D02094F8D2
S32560215380CC3052B11144002905DDC3F105038B42A8BF0B46B7E70123B5E7012284F8D420F5
S325602153A0D4F8C8201601002B3CD1A31993F96851154B0D4448214A43985E9F18FEF773F8AE
S325602153C03C2D29466FF03B03A8BF3C219942B8BF194691FBF0F26AB1FB780F4D13442D6818
S325602153E05BB2C5F1000CFB70634507DA87F803C000FB1211264486F86811B0E6AB42C8BF98
S32560215400FD70F5E7B4E8012000200120A40501204122012040220120A005012038EC0120E2
S325602154200CFEFFFF344494F9653119446FF03E034029A8BF40219942B8BF194684F8651171
S325602154408DE62DE9F8430022466801F10E0501F18E048046360213461146A5F110094FEA12
S32560215460011C39F8020F0131ACF12007CCF1200E042900FA07F720FA0EFE00FA0CF047EAF3
S325602154800E0742EA000243EA070307D1B0B2771C11F078FF00223E46134611464D45DED12F
S325602154A01035AC42D9D10123034888F80030BDE8F84325F099BE00BFC2C500202DE9F04F62
S325602154C0D0F8CC3087B0DFF87C8004464FEAC30B00F5A77608EBC30300F5E77A0025D3F815
S325602154E0AC743F02A6F1100945B97A1C02A9B8B2019211F07BFFF8B1019A174610232A015E
S3256021550002A8013505936B44049205F0030593E80600FCF735FC29F8020F4E45E4D11036E5
S325602155205645DFD1D844012388F8A834002384F8E03007B0BDE8F08F204607B0BDE8F04F72
S32560215540FDF7BBBFB4E8012073B50C4E002405460B4821F099FE200274600134694600F4DF
S325602155607F4011F043FF042C06F8080BF3D12846FFF7A4FF2CF0DCFC02B070BD5CED012059
S32560215580C2C50020A0F1B000DEE72DE9F74F0446BE48FAF7CBFC002800F02E810023C4F8CD
S325602155A0D830BB4825F028FCB0F5406FCCBF0123002384F8E33040F34B8194F8E870A7B928
S325602155C004F1E80504F5947828F084F9064628F081F945F8086F40EAE67045456860F3D1A0
S325602155E0012384F8307184F8E830AA4B93F8C73B33B194F83031013303F00F0384F83031E6
S32560215600012021F0D5F8D4F8D031C4F8D0000220C4F8D43121F0CCF8002814DD022021F0A7
S32560215620C7F89D4B7F2293F8C8144FF4C053594301F51051FAF7DCFBD4F8D431184480F383
S325602156400700C4F8D401002004F5E07521F0B0F8002800F03B8191484FF4C06725F0CCFB11
S3256021566000284FF0600204F1F008B4BF4FF0FF33012390FBF7F607FB160790FBF2F0D4F815
S32560215680D820002FC4F83C011644B8BF7F420836724206F0070602F0070258BF56423344BB
S325602156A006F1140A03F0070B04EB0A1A04F5E8730BF11409019304EB091994F8E3303AF952
S325602156C002CB39F9022BBBB3032E19D194F830118900D8E9003EC1F1200CA1F12000CB409E
S325602156E00EFA0CFC2EFA00F043EA0C030343C3F3810103F0030303EBC103A03334F913C0C3
S32560215700BBF1030F18D194F830219200D8E9003EC2F12000A2F12001D3400EFA00F02EFA33
S3256021572001F103430B43C3F3810203F0030303EBC203A03334F91320C7F5C06107FB02F370
S32560215740574A0CFB01334FF4C06CD4F8D0101278544893FBFCF30B4453490068096802FB67
S325602157600111A1EB8101B3EB412F4FEA412205DB0CFB00F098420246A8BF1A462946204643
S3256021578010F0B2FA0235019B08F10808AB4294D10025454E454FDFF8088194F8E230002B33
S325602157A000F00B81032D40F008813A4B93F8C42B42B993F8C52B2AB993F8C62B12B993F8D3
S325602157C0C73B1BB16421032022F078FB0135082DE3D1B4F83831102B8ABF03F1FF33102336
S325602157E09BB2A4F83831D4F8C83013B1013BC4F8C83003B0BDE8F08F2D48FAF797FB08B1D0
S325602158000123CCE62B48FAF791FB08B10223C6E62948FAF78BFB08B10323C0E62748FAF7E4
S3256021582085FB08B10423BAE62548FAF77FFB08B10523B4E62348FAF779FB08B10623AEE648
S325602158402148FAF773FB00283FF4ABAE0723A6E600230F4884F8E83025F0CEFA10F5406FF0
S32560215860BFF6CEAE0B4B93F8C73B002B3FF4C8AED4F8D83001335A4203F0070302F007021D
S3256021588058BF5342C4F8D830BAE600BF1031012008320120A0240120B4E80120F031012011
S325602158A0B1360120A0050120D8050120E42C01202C310120483101206431012080310120C4
S325602158C09C310120B8310120D431012094F8E330D4F8D860434FDFF81081DFF81091002BE3
S325602158E044D0032E42D104F1E80604F5947A4FF4C06B94F8302156F8083F9200D6F804C0DB
S32560215900C2F12000A2F12001D3400CFA00F02CFA01F10343D9F800000B43C3F3810203F0C7
S32560215920030303EBC2033A78A03334F91310D4F8D0301944D8F8003002FB0333A3EB8303E2
S32560215940B1EB432F4FEA432204DB0BFB00F28A42A8BF0A462946204610F0C6F9B24505F139
S325602159600205C6D10023C4F83C3111E7143604F5E87A4FF4C06B04EB0616D4F8D03036F9A5
S32560215980021B3A781944D8F80030D9F8000002FB0333A3EB8303B1EB432F4FEA432204DBB1
S325602159A00BFB00F28A42A8BF0A4629460235204610F09AF95545E0D1D4E733684FF4C06141
S325602159C098F8002002FB0332B3FA83F35B095A4304F5E07333F9153001FB02331B0147F8F1
S325602159E03530F3E6B1360120D8050120A0050120A0F1B000C9E5A0F1B0002CF09DBA0A4623
S32560215A000430032110F086B938B5436804460D4699421AD0084611F0E1FB4FF6FF714068E6
S32560215A20236981409AB223EA01039BB20BB942F0010204340321204610F06CF92A462046F2
S32560215A400021BDE8384010F065B938BD37B504460B461B220D46B4300F4913F071F8D4F8E3
S32560215A60B41004F1B000C4F838150190FFF7CCFF0023019884F82331D4F8C030A4F82C319A
S32560215A80FDF731FDD4F81835013BC4F84435D5E90030C01A03B030BD781400202DE9F8436E
S32560215AA000F1B40204460023554850F823100633A22B42F8041BF8D100254FF0FF3304F180
S32560215AC0B00704F5B8760521C4F828313846C4F8205184F8245104F5A769FFF795FF304681
S32560215AE0A4F82C5111F0E8FEB4F8C080D4F8B400A4F82C81C4F8280111F070FB424604F598
S32560215B00836801463046FAF7AAFEC4F8D053C4F8B051C4F8CC53C4F8C85308F120064E45BD
S32560215B2060D138464FF48035FDF7DDFC04F5DA7010F008F948F21003324A0021A4F8C031AF
S32560215B404FF0FF33D4F80C01C4F8C431D4F8E430C4F8EC1384F8D4332B4BA4F8F413A4F8F0
S32560215B601614C4F80C14C4F84015C4F84815C4F8FC53C4E9F6237F2302B284F8E0330D2388
S32560215B80A4F80224A4F8E2334FF07F43A4F80024C4F8F033D4F81031013B9BB2A4F80634FF
S32560215BA0034404F5AA60A4F80434184BC4F80834174BC4F81034012384F814340523C4F8B7
S32560215BC038351A23C4E9F911C4F844352CF0B8F93846FDF788FCD4F81835013BC4F844355B
S32560215BE0BDE8F88308F10C001422002146F8205C28F0B6FE46F81C5CC8F80850B0468CE7E5
S32560215C00781400200000A67F01007F7F0300010000000101012910B504460DD002D90239FB
S32560215C20012908D804F1B000FDF75DFCD4F81835013BC4F8443510BD002300F5AA6000F870
S32560215C40143CBDE8104011F045BB70B50C46064636492046364DFBF74CFD364904F121007C
S32560215C60FBF747FD344904F14200FBF742FD04F163003249FBF73DFDD6F8D43004F58470C4
S32560215C8005EB8302022BD2F8982F3DD0032B42D0012B47D196F8EC3005EB8303D3F8A83FE7
S32560215CA0002B3FD0264910F033FF04F229102549FBF71FFD04F5A5702349FBF71AFD96F8C6
S32560215CC0D83004F26B10214905EB8305D5F8E42F10F01EFF04F5C67000221D49FBF700FD3F
S32560215CE004F5D77000221B49FBF7FAFC04F5E87000221949FBF7F4FC04F5F97000221749D4
S32560215D00BDE87040FBF7ECBC96F8003105EB8303D3F8B83FC4E796F81C3105EB8303D3F84F
S32560215D20CC3FBDE70E4910F0F3FEBEE7D6C50020F00D0020DCC500208DC50020E3C500206D
S32560215D40E8C50020F3C50020FAC5002001C6002005C600200EC6002017C6002020C600206F
S32560215D60EFC5002037B5D0F85025044632B100F5AA6003B0BDE830402CF01EB90A78022A0A
S32560215D804AD14B88013B072B1ED8DFE803F004171D1F1D1D1D2A90F82231B430D4F8B82035
S32560215DA083F0010380F86E3033B10132012103B0BDE830400FF0AEBF013AF7E790F823316D
S32560215DC083F0010380F8233103B030BDD0F83815D0F8B4309942F7D0B03003B0BDE830404E
S32560215DE012E6D0F84835034493F81C35032B0CD1D0F8B420042AE7D000F1B00104F5AA608B
S32560215E0003B0BDE8304011F025BA90F83C3583F0010380F83C35D7E7032AD5D14B88042B67
S32560215E200DD1D0F8382500F1B005114628460192FFF7EAFD019A042AC6D02946DEE7022B3D
S32560215E4002BF90F8213183F0010380F82131BBE7D0F8502538B504462AB100F5AA60BDE84A
S32560215E6038402CF055B84A88B2F5807F0CD1B1F90420D0F838351344942BA8BF942323EA61
S32560215E80E373C0F8383538BDB2F5007FFBD190F83C2562B3D0F84825024492F81C55032D75
S32560215EA0F1D000EB8503B1F90420B4302946D3F8B4301A440FF02EFF10B1012384F820311B
S32560215EC0082DE0D104F1B000FDF70DFBD4F81835013BC4F84435D4F8D430002BD3D1D4F8BF
S32560215EE0481504F23C50BDE838400FF05ABFB1F90410F6E72DE9F04F8BB000F21C474FF048
S32560215F0000080DF1140A052455465146384610F024FA286810F00AFE013C45F8040BF8D1F5
S32560215F20059C404657F8043C4FF0010BC4F305244FEA5379C4F1400409EB08064A46214602
S32560215F4024F028FC30460322214624F0DFFB30465AF82B50082203942B12C5F305250290DD
S32560215F60C5F140040193214624F014FC039B02989C422FD1022221460BF1010B24F0C6FB03
S32560215F800298BBF1040F00F10800E1D106F11800099E0223C9F108024FEA262BC6F3052669
S32560215FA0C6F14001CDE9020124F01CFD019B83EA0B0313F03F0FDDE9020115D1032208F147
S32560215FC0200824F0A3FB2037B8F5807F9BD10BB0BDE8F08FB5BF1B1BE21A21461946B4BF33
S32560215FE05A1C01320290C7E7B542B3BF721BAA1B21460132A8BF0132E1E738B5094D0B46E6
S325602160000C462522084905F5767012F099FD20F061FAD5F86C34013BC5F8D434D4E90030D1
S32560216020C01A38BDB4E801200017002008B50B78022B27D14B88013B072B1AD8DFE803F0C4
S325602160400F0419121919191A012102201FF044FF78B100211448BDE808400FF00BBF4FF0E5
S32560216060FF31F2E7114A92F8F43483F0010382F8F43408BD0D4A92F8CC3483F0010382F8D3
S32560216080CC34F6E7032BF4D14B88042BF1D10023074A084850F823100633DE2B42F8041B0B
S325602160A0F8D10121D6E700BFD8ED0120B4E801208CEC0120001700204B88B3F5807F70B5E0
S325602160C00CD1B1F9041005201FF006FF00283CD000212048BDE870400FF0CCBEB3F5007FA3
S325602160E033D11D4CB1F9041094F8CC3473B3D4F8D8546319284693F871641FF0EDFE20B32D
S325602161000E2E06D120F0E6F9D4F86C34013BC4F8D43400210F480FF0ADFE042E12D00E2E18
S3256021612013D120F0D7F9D4F86C34013BC4F8D43494F81034022B08D029460848BDE87040BF
S325602161400FF02FBE012384F8703470BD04F2CC40F4E700BFD8ED0120B4E8012080ED01208E
S325602161600B784FF0000C2DE9F04F03F00103B54D0F46824685F82C3C8DB04B6805F53460FC
S32560216180C5F8C01707F1440603F0010224314FF0010E85F8E82BC3F3400285F8E92BC3F33A
S325602161A08002C3F3C00385F8EA2B05F6EB3285F8EB3B51F8044FB4F5F06FD4BF0023012392
S325602161C002F8013F50F8043FE31A002BB8BF5B42202BCABF82F820E082F820C00460B14238
S325602161E0E7D1994820239949401B51F8042F002A04DD013A0A600AB940F81120013BF4D1A6
S32560216200934A904E126802EB42025102324609B2B2F90A00002807DD013880B2508118B93D
S32560216220147A4CB31072D18101331232202BEFD1884B6FF4BF74DFF824824FF0000903EBD7
S32560216240040B854C019324F02BFEB8B198F92B30A3B198F82030002B40F03E8198F86D3036
S3256021626043B10023484688F86D3024F08FFD002840F03881002340E1D481D5E7774B9B7AF8
S3256021628023B10023A371A360E375A3612046F9F74DFEE37D94F90420002BE0750CBF844646
S325602162A04FF0000C002AD9D06D4B1968BCF1000F00F0DE80E068002AA1EB0000C4E9031038
S325602162C040F3EE81A3790133DBB2581ED0F1000C4CEB000C9342A8BF0023A371BCF1000F03
S325602162E040F0E880BAE70120F0E0A02B40F0A681574B4FF4C06288EAE87005EB070B1B6875
S325602163007F21A0EBE8705A43FAF7AEFB9BF81C36C2B2934200F0928196F840122046039230
S3256021632025F0B8FE039A8BF81C2687E196F947224C4999F8003001EBC20252681211B2F5BF
S32560216340C06F27DD03930021474B40461A78F9F77DFD039B834663B9642302462146504669
S32560216360F9F790FD89F800B005EB8703C3F86C4564E1834200F062811A462146504625F0B3
S32560216380EBFD64235A4621465046F9F77BFD89F800B053E1002B00F051811A462146504653
S325602163A025F0DAFD002389F8003047E196F9403299F80020002B0DDB0F2BA8BF0F232B4962
S325602163C0B8F5C06F0B4493F8F8BF05DD002A40F03581D6E70023F2E7002A00F02F815A46B4
S325602163E0DCE71B4B4FF4C06288EAE8707F211B68A0EBE8705A43FAF737FB96F94032C1B284
S32560216400022B09D0042B0BD0002B40F017810AEB070383F81C1611E1204625F00FFE0DE1DE
S3256021642043F6FF724FF4105108F59050F9F7E0FC43F6FF7180B28142A8BF0146204625F017
S32560216440BFFDFBE0A0240120BCF5FFFFE02D0120A0050120633001201031012030320120FD
S32560216460E0300120E42C0120D8050120F00D0020002ABFF6F3AEA06800283FF42FAF814294
S32560216480FFF42CAFA379524201339342BFF626AFD9B223694FF0640CA171C90793FBF2F349
S325602164A0627903FB02F292FBFCF24CBF9B1A9B180344A36094F9140000287FF714AF01301D
S325602164C0A369A27D617DC0B211F0E6F9A3690133A36100283FF4C2AE484624F057FC0028AE
S325602164E03FF4BCAE7649DBF800200B689B1ACBF880300B68CBF80030012309F10109019A02
S325602165000BF1040B08F10108B9F1080F02F8013F04F11C0401927FF496AEDAF810305046E5
S32560216520DFF8C4810024013B4FF00A0908F1410B13F57A6FB8BF4FF47A63CAF81030DAF865
S3256021654000304FF0240A5B6898475E4B1B6804935D4B1B6805935D4B1B6806935C4B1B6801
S3256021656007935C4B1B6808935B4B1B6809935B4B1B680A935A4B1B680B9318F8011F584616
S32560216580F9F747FC072C1EDC98F9202004AB53F8241082EAE273A3EBE27307EB8100394481
S325602165A0DBB213FB02F3DBF8042009FB03F3121193FBFAF353434FF47A7293FBF2F3836416
S325602165C0002381F8683001340BF1080B202CD4D1DFF818910023A9F2FC5A019396F84132A2
S325602165E013F0E00351D096F843721F2F4DD83D4A07F5D47196F8424202EBC70205EB810155
S3256021660052684FEA2218B8F5C06FD4BF002201220292CA69A8EB0202002AB8BF5242202A35
S32560216620C8BFC1F81C80802B3FF4DBAE3FF65DAE202B3FF47BAE402B3FF4B8AE96F84132A4
S3256021664003F0E003202B10D107F5C47205EB8202D369002B09DD013BD36133B92B192146B7
S32560216660504693F8EC2525F077FCEA19B8F5C06F0299574492F85C37D8BF002382F85C1700
S32560216680C8BF83F0010387F83C37019B123609F101090133202B0193A0D10DB0BDE8F08F36
S325602166A000234FF0640EA371534290FBF3F06379434393FBFEF303440B44A360DBE600BF6E
S325602166C0E0300120A0430120E4050120E8050120EC050120F0050120F4050120F805012086
S325602166E0FC050120E42C0120A32C01209C2A0120B03035E5B03033E54FF47A62036802610A
S325602167001B681847B030F7E7B030F5E703689B68184738B504464FF480701BF0EBF8B4F9C4
S325602167201A3000B2A17D8342C2BF237E83F001032376A38809B9227E22B301331BB2B4F9B1
S325602167400850B4F906209D421846A38001DAD9B1A280B4F904309342BFBF0233A3800123F0
S325602167602376B4F90430991A4A424A41E275B4F90020092A22D8DFE802F00B11161A2E4A80
S325602167804F54595E013BD9E7831E2176A380E0E72B4A134413F8F03CA3810FE0284A13441B
S325602167A013F8703CF8E7264A13441B7CF4E7E08910FB03F0C1172BF07FFBA081B4F90C00D5
S325602167C0B4F9023090FBF3F203FB12000002A08100F47F4038BDE1892022012511FB03F136
S325602167E000232161237505FA02F0DBB288430BBF207D5B421B185BB204BF23750123013A8E
S32560216800F1D294F91420637513440C33C4E70C4A134493F89030BFE7094A134493F8103140
S32560216820BAE7074A134493F89031B5E7044A134493F81032B0E7024A134493F89032ABE715
S32560216840E81E00207E294389B0F90420A8BF7E2121EAE1710B44C1801BB2012BB8BF0123C4
S325602168607F2BA8BF7F238A42B8BF8180B0F9042003819A42C8BF838070477F29B0F90620B5
S32560216880A8BF7F210129B8BF01218B184181B0F904101BB2012BB8BF01237F2BA8BF7F233E
S325602168A09142B8BF8280B0F9042003819A42C8BF8380704750F82100000100F2FF700013B9
S325602168C0704750F82100C00000F2FF700013704750F82100400100F2FF70001370470A68DF
S325602168E02DE9F04F02F00105044691B000F5D8702A468A460121FAF7E1FE04F5DA700090F7
S325602169000FF025FA00983DB1B4F8CC203F4B134493F810130FF029FAD4F8B431D80740F142
S325602169208581DAF804300AF10809D4F8C4200621C3F34003DAF8386048460493D4F8BC30A1
S3256021694000939DF900300293DAF81C309B0103F2FF7302EB23330593D4F8B8300193D4F8B2
S32560216960C8309DF90450039394F820319DF90C700693002384F82031FFF79CFFD4F8B4B0DF
S32560216980B4F8C08048B10790584610F027FC079A4168404610F07AFC8046069B3BB9D4F8C6
S325602169A028319B4503D1B4F82C3143450CD05846C4F828B1A4F82C8110F010FC424601467F
S325602169C004F5B870F9F74BFF94F8D830042B0DD8DFE813F005000E001E000C0038010721C5
S325602169E04846FFF76EFF019B184445B200231DE007214846FFF75EFF009B184440B20B28EB
S32560216A00A8BF0B2020EAE0730293EFE7E81E002007214846FFF75CFF6FF00B0340B20C28D5
S32560216A20A8BF0C209842B8BF18460346049A009394F823311A43D4F8D430019284F82421B2
S32560216A40002A40F0D981022B00F01E81032B00F05381012B31D194F8EC1094F8E43094F86B
S32560216A60E82002299846914600F0FB80032900F00481012903D13F3607EBE61677B204F518
S32560216A80E0705FFA88F10390FAF766FE84F8D483039884F8C191FAF72FFEB8F10B0FCBBFBE
S32560216AA0A8F10C08C8F10C080FFA88F800FA08F0C8BF40FA08F0C0F30B06272F059A01994E
S32560216AC0A8BF272782F3050227EAE773002900F0AB8194F8D80094F8D01003280CD1DAF8A4
S32560216AE02400800100F2FF7001EB20311F29A8BF1F210829B8BF0821D4F8C803D4F8D06376
S32560216B00411AD4F8C803864201D2D4F8D013C4F8D013D4F8D0130131C4F8D013511CD4F85A
S32560216B20D0030138801AC0B204EB4000B0F9C801089094F821010028D4F8D00318BF00220F
S32560216B40013892B212FA81F1013289B2401A11FA82F1C0B289B204EB400011FA82F2B0F969
S32560216B60C8010990D4F8D0030138401AC0B204EB4000B0F9C8010A90D4F8D0030138821AD9
S32560216B8002F0FF0204EB4202B2F9C8210B92DAF80420510740F1538101356DB2029A05EBE3
S32560216BA0450508AFAD49D20104F5836651F823306D0204F5A36BB84604F5B8790193D8F804
S32560216BC00010019B33FB01F1009B4846039211F0ADFB41193046203602910FF0D2F80299DE
S32560216BE0B345039A48F8041BE9D10AF144080AF1670604F598754FF0000A57F8043B284666
S32560216C0008351B0145F8083C94F82E11F9F701F955F8043CA9454FEA231348F8043F06F8F3
S32560216C2001AFEAD18E4B0122C3F8E82004F587638C4904F5A7648C489C4240F0058111B0BE
S32560216C40BDE8F08FDAF82430039A9B0103F2FF7302EB23335BB2272BA8BF272323EAE37709
S32560216C60C4E6FF3603EB66231BB2202BA8BF2023012BB8BF0123984601E7073602EB261385
S32560216C801BB283F30809FAE6D4F80011D4F8F030D4F8FC2011F0FC0F4FEA03334FEA0222B0
S32560216CA003F47F23C8B292B209D111F0FE0F11D101280BD03F3607EBE61677B20AE0042886
S32560216CC0F8D102EB061282F3100203E003EB061383F310039BB20221121204F57670A4F856
S32560216CE0D8331B0B84F8DE23A4F8F633012384F8F43311F00FFCDEE694F8043194F808E1CD
S32560216D009B460493D4F81031D4F80C01013BCDF80CE001B29AB20FFA83F8D4F81831069271
S32560216D20D4F814210FFA83F9003A18BF0122079294F81C21013A042A59D8DFE802F0032436
S32560216D402E404C00FF36049B03EB662B0FFA8BFBBBF1080FA8BF4FF0080B2BEAEB7B04F520
S32560216D607F70FFF76FFD4146FFF787FD039BA4F8FCB3A4F8FE33079BA4F80A9484F81234E6
S32560216D80FFF7C7FC97E60F3600EB661000B27E28A8BF7E2020EAE071E1E70F36069B03EB3C
S32560216DA0661C0FFA8CFCBCF17F0FA8BF4FF07F0CBCF1010FB8BF4FF0010CE046CFE70F362C
S32560216DC003EB66131BB27F2BA8BF7F23012BB8BF01239946C3E70F360EEB66131BB2792BCD
S32560216DE0A8BF7923022BB8BF02230393B7E73F3607EBE61677B2B2E7022B12D0032B0DD0CD
S32560216E00012B7FF45AAE94F8EC30002B7FF455AE06F13F0307EBE3135FB24EE694F81C31BC
S32560216E20F3E794F80031F0E7D4F8C813C8B2013104EB4000A0F8C861C4F8C8136CE6120718
S32560216E407FF5ACAE013DA8E653F8202C20338A428CBF1218002243F8402CEDE6800B00209F
S32560216E603010012059761F00A689E0FF084B0C22017102FB0131D1F818338360D1F81C33FD
S32560216E80C360D1F82033036100230360704700BFE81E002038B50C46FFF7E8FF436AB4FA2F
S32560216EA084F14909C90141EA0321416238BD0023264A274870B550F823100633DE2B42F8B5
S32560216EC0041BF8D11FF006FB224C2423002504F5A86604F2FC40C4F8D4340123294684F84D
S32560216EE07054C4F8D054C4F8D85484F8F434C4F8F854FFF7CFFFC4F8205570190C350EF016
S32560216F0021FF302DF9D14FF400220021124BC4F880254FF400621148C4F884251022C4F80E
S32560216F207C35C4F88835C4F8701584F87415C4F87815A4F88C1527F013FD1FF0CBFAD4F80D
S32560216F406C34013BC4F8D43470BD00BF8CEC012000170020B4E801200800000844EE01202E
S32560216F60012908B50CD002D90239012907D81FF0B1FA094AD2F86C34013BC2F8D43408BD6E
S32560216F800548002390F8E81300F2FC4000F8303CBDE808407EE700BFB4E801202DE9FF47BB
S32560216FA00024002A9A4606680394CDE9014437D006F1020E4FF0030401ADBEFBF4F707EB84
S32560216FC04707AEEB070E06F10107B7FBF4FC0CEB4C0CA7EB0C074FF00C0C3BDD02F102082D
S32560216FE055F82630B8FBF4F80CFB083845F8268002F1010855F82730B8FBF4F80CFB083818
S3256021700045F8278055F82E3092FBF4F732440CFB073745F82E70B2FBF4F404EB4404161B4F
S3256021702000240327321904ABB2FBF7F505EB4505521B951C03EB820250F8255052F80C2CDF
S325602170400D442A444AF824200134032CEAD104B0BDE8F0876FF00208C2F1020955F82E30A3
S3256021706099FBF8F90CFB093945F82E90C2F1010E55F827309EFBF8FE0CFB0E3E45F827E034
S32560217080C2F1000E55F826709EFBF8FE0CFB0E7745F826706FF0010505FB0262BBE72DE956
S325602170A0F04F0E46A84C09682DED028B83B0D4F83435D4F838259A4240F09480B4F80C241D
S325602170C0A24BA348134493F810230EF0DCFE10F00103054600F09B8094F8E81304F2FC4051
S325602170E0FFF7D8FE002384F87034D4F8D833D4F8E023D4F8EC934FFA82FB94F8F48394F8B4
S32560217100FC7300931DB994F80434002B5CD194F8DC33A3B106EB8303596AD4F8F83403F1DF
S325602171202000814203DCA3F12000814202DA0B46C4F8F81400993F3301EBE313009394F88E
S32560217140E41339B1013906F10800FFF7BAFB10444FFA80FB5A466FF0020394F8F013032A0B
S32560217160A8BF03229A42B8BF1A46934629B1013906F10800FFF7A5FB8144B9F1030F6FF0E7
S32560217180020394F8F813A8BF4FF003099945B8BF994639B1013906F10800FFF792FB4044BC
S325602171A05FFA80F8B8F1050F94F8001428BF4FF0050831B1013906F10800FFF782FB3844DD
S325602171C0C7B2052F28BF052794F81034002B40F09F80B8F1050F00F25B83DFE808F02A594F
S325602171E06A7B858FD4F8383503F00302013304EB8202C4F83835D2F824252AB1012A7FF482
S3256021720056AF41F0110152E741F010014FE794F87024002A3FF469AF10F00E0F3FF465AFF5
S3256021722094F8E81304F2FC4084F87034FFF732FE5BE7AF0703D501214648FCF7BCF9680731
S3256021724003D502214348FCF7B6F9290740F1208303214048FCF7AFF9009B0C2194F8087464
S325602172604A4611FB0B313C4BA3F11800C4F81015FFF794FE002F00F00F83012F00F021839E
S32560217280002D00F0B380354B0122C3F8E820ADE06A0703D502212F48FCF78DF92B0703D5BE
S325602172A003212C48FCF787F9AF0740F1F1820121CFE7280703D503212648FCF77CF9A90759
S325602172C003D501212348FCF776F96A0740F1E0820221BEE7AB0703D501211E48FCF76BF92B
S325602172E02F07F2D50321EDE7280703D503211948FCF761F96907D7D50221D2E76A0703D5F8
S3256021730002211448FCF757F9AB079ED5012199E7012B65D1052F00F2BB82DFE807F00321B6
S3256021732032434D57AF0703D504210A48FCF743F9680703D505210748FCF73DF9290740F133
S32560217340A782062185E700BFB4E80120E81E0020F4ED0120B0ED0120C8ED01203010012051
S325602173606A0703D50521BE48FCF725F92B0703D50621BB48FCF71FF9AF0740F189820421AA
S3256021738067E7280703D50621B548FCF714F9A90703D50421B248FCF70EF96A0740F17882B0
S325602173A0052156E7AB0703D50421AD48FCF703F92F07F2D50621EDE7280703D50621A8483A
S325602173C0FCF7F9F86907D7D50521D2E76A0703D50521A348FCF7EFF8AB07AFD50421AAE727
S325602173E09DB994F80434002B3FF436AF9D4906F14802A1F1200024F099FC0023B366F36692
S3256021740003B0BDEC028BBDE8F08FD4F82434964A84F87C35D4F8283484F87D35D4F82C3425
S3256021742084F87E35D4F8303484F87F35D4F8343484F88035D4F8383484F88135D4F83C342B
S3256021744084F88235D4F8403484F88335D4F8443484F88435D4F8483484F88535D4F84C34BB
S3256021746084F88635D4F8503484F88735D4F8543484F88835D4F8583484F88935D4F85C344B
S3256021748084F88A35D4F8603484F88B35D4F86434116884F88C35D4F8683484F88D3506F1D7
S325602174A008031846FFF706FA7049024618460968FFF700FA6E4908EE100A18460968FFF79A
S325602174C0F9F96C49824618460968FFF7F3F91146019094F814041EF005FF18EE101A94F8AB
S325602174E018041EF0FFFE514694F81C041EF0FAFE019B94F8200419461EF0F4FED4F8703579
S3256021750003F1010AC4F870A5B8F1050F00F2EB80DFE808F00338618AB2CD534694F87E25CE
S3256021752094F87D1594F87C0510F0B6F918B101214B48FCF740F8534694F8812594F8801555
S3256021754094F87F0510F0A8F918B102214448FCF732F8534694F8842594F8831594F8820559
S3256021756010F09AF918B103213D48FCF724F8052F3FF672AEDFE817F0BF00E80011013A0125
S3256021758055017001534694F8812594F8801594F87F0510F081F918B102213148FCF70BF8CC
S325602175A0534694F8842594F8831594F8820510F073F918B103212A48FBF7FDFF534694F861
S325602175C07E2594F87D1594F87C0510F065F90028CDD00121C8E7534694F8842594F8831570
S325602175E094F8820510F058F918B103211C48FBF7E2FF534694F87E2594F87D1594F87C0589
S3256021760010F04AF918B101211548FBF7D4FF534694F8812594F8801594F87F0510F03CF962
S325602176200028A4D002219FE7534694F87E2594F87D1594F87C0510F02FF918B10121084828
S32560217640FBF7B9FF534694F8842594F8831594F8820510F021F90028D9D00321D4E700BF6B
S32560217660B0ED012064EE01202C230120BC050120C0050120C4050120534694F8842594F8D6
S32560217680831594F8820510F007F918B103219248FBF791FF534694F8812594F8801594F8F7
S325602176A07F0510F0F9F8002888D0022183E7534694F8812594F8801594F87F0510F0ECF8E1
S325602176C018B102218448FBF776FF534694F87E2594F87D1594F87C0510F0DEF800283FF4E0
S325602176E038AF012132E7052F00F2D280DFE807F0032C557E99B4534694F8872594F8861564
S3256021770094F8850510F0C8F818B104217248FBF752FF534694F88A2594F8891594F888050A
S3256021772010F0BAF818B105216B48FBF744FF534694F88D2594F88C1594F88B0510F0ACF875
S3256021774000283FF489ADFCE5534694F88A2594F8891594F8880510F09FF818B105215E48ED
S32560217760FBF729FF534694F88D2594F88C1594F88B0510F091F818B106215748FBF71BFF24
S32560217780534694F8872594F8861594F8850510F083F800283FF460ADF1E5534694F88D25C4
S325602177A094F88C1594F88B0510F076F818B106214948FBF700FF534694F8872594F8861521
S325602177C094F8850510F068F818B104214248FBF7F2FE534694F88A2594F8891594F888053B
S325602177E010F05AF800283FF437ADD9E5534694F8872594F8861594F8850510F04DF818B197
S3256021780004213548FBF7D7FE534694F88D2594F88C1594F88B0510F03FF80028D9D0062129
S32560217820D4E7534694F88D2594F88C1594F88B0510F032F818B106212748FBF7BCFE534618
S3256021784094F88A2594F8891594F8880510F024F8002895D0052190E7534694F88A2594F87D
S32560217860891594F8880510F017F818B105211A48FBF7A1FE534694F8872594F8861594F855
S32560217880850510F009F800283FF451AF04214BE7002D3FF4A6ADDFE4D4F81035DB01C4F805
S325602178A09035D4F81435DB01C4F89435D4F81835DB01C4F89835D4F81C35DB01C4F89C3502
S325602178C0DEE4D4F81035DB01C4F89035C4F89435C4F89835F2E700BFB0ED012000F1140385
S325602178E02430834200D1704753F8042B41F8042BF7E72DE9F04F87B026480827264E0DF105
S32560217900040BD0F8205502A900F2FC40FFF7E6FF02ACDA465A21214A54F8048F4FF00C09F9
S3256021792008F1780393FBF9F009FB10330BF8013B02EB8303D3F8C00CC6E9011723F018F95A
S32560217940103798FBF9F0013023F03AF9382F134A4FF05A01E0D100244FF04208104F15F046
S32560217960800F14BF2B202D20C6E901841FF080F905F07F0310342D0A3B4493F850031FF06C
S3256021798077F9402CEBD1202150461EF0E3FD07B0BDE8F08FB4E80120E4300120F00D002019
S325602179A0E81E0020F8B500F11C0300F5D675144E1C461846002256F822700632182A40F847
S325602179C0047BF8D11033AB42F3D101290BD0022912D0F8BD19F06CFF00F007022046103406
S325602179E0002124F043F8AC42F4D1F2E7204610340122032124F03AF8AC42F7D1E9E700BF88
S32560217A00402200202DE9F34100F1B006044600234348324650F8231006332A2B42F8041B9A
S32560217A20F8D104F1CC0304F517753E4F9C461946002257F822000632182A41F8040BF8D1C1
S32560217A4010339D42F3D1002504F51B7704F5367829463846C4E99755C4E999C5FFF71AFAC7
S32560217A60C4F8905204F52A7545454CD10025102204F53F7004F54378C4F8F4522946C4F8C2
S32560217A80F05284F8D852C4F8EC52C4F89C52C4F8F852C4E9A85526F063FF01213046FFF71D
S32560217AA081FFD4F8A43294F8B81038461B02C4E99755C4F8A432FFF7EDF9D4F86422C4F819
S32560217AC0985294F8C41053680429C4F89C329268C4F8A0221CD1D4F88032DB01C4E9BF3305
S32560217AE0C4E9C13330220021404626F039FF00230322C4F81833C4E9CC230622C4E9C7236D
S32560217B0002B0BDE8F08128460C350EF01BF9ABE7009201212A4630460EF001FDE2E700BFA5
S32560217B20A022002040220020044A0023017B02F83130027A02B10372704700BFD0320120D5
S32560217B400B692DE9F04F0646E3B00D46002B00F09880DFF880815D4F4FF48472002120A8CA
S32560217B6026F0FEFE2C69D5F80890A36A002B5ED1022341468DF8803022A828F0C5FDA36A79
S32560217B800133A362414622A826F04DFF0028E3D0394622A826F047FF0028DDD0802205F185
S32560217BA01801684626F07FFE684626F034FF78B10DEB000313F8013C2F2B09D07D2807D8CA
S32560217BC0431C2F220DF80020002218460DF80320C0F1800222A9684426F065FE9DF8804029
S32560217BE0012C55D1542027F053FC0746002848D0014623466A46A86816F0BCFB002861DBB3
S32560217C00982027F045FC0023AA6804463049436001600361C0E902276946802204F118003D
S32560217C2026F041FE21463046F9F7A8FB2CE0012B20D004F1200A04F1080BA288A38B9A4275
S32560217C4008D1E37FEBB152465946484614F0B4FEA8B9A08020ABA2885946484615F076F835
S32560217C6008B1831C0BD1A388023003F10103A380E3D084E7022339468DF880307CE700284F
S32560217C8080DC3046F9F76DFB304663B0BDE8F08F342027F0FDFB07460028F2D001466A46F5
S32560217CA0A86815F047F900280CDB982027F0F0FB0023AA6804460649436001608260C0E9C2
S32560217CC00337A9E7384627F0EBFBDAE7E1EA002008070020E2EA00202DE9F0414FF47A739A
S32560217CE096B000240F46064606A88DF81440CDE903433B4BCDE91444029311F084FD3D6D1A
S32560217D00002D53D006AB069414932B7813F0700F3BD06C6914F01F0437D12746002128466A
S32560217D20D5F8148011F092FE78B302786AB32E2A21D0E52A1FD0C17A11F0080F1DD11CB1B3
S32560217D401FF0E7FBB84220D10023C8F34F12294606A8009412F010F8B8B1149BBBB15C20C6
S32560217D6027F096FB044602A9FBF7F8FA21463046F9F704FB11E00024D0E70F29FBD1510608
S32560217D80CCD502F01F04477BC8E700231493159B002BE4D13046F9F7E4FA124B06A80293F7
S32560217DA011F031FD304616B0BDE8F081796D0029D3D006AB1295159391F8313013F0500FBD
S32560217DC002D100231593C8E70B6813F01F03F8D11A4606A812F0AAFA0028BED1F1E700BF6C
S32560217DE0800E0020800E0020012B70B5044696B00E464FF000052CD0022B40F2022318BFD0
S32560217E002B464FF47A7106A80395049120498DF814500291CDE90032CDE9145511F0F3FC85
S32560217E20D6F88414DDE90032B1B106A80695149013F084F8E0B91490159BE3B92046F9F7B0
S32560217E4090FA144B06A8029311F0DDFC204616B070BD44F20223D4E7D6F8880440B1129138
S32560217E6006A91591014606A812F076FC00B91590149B002BE0D05C2027F00AFB054602A947
S32560217E80FBF76CFA29462046F9F778FAD9E700BF800E0020800E00202DE9F04391B0554DC5
S32560217EA00446F9F745FA01900EF008F9202101980FF075F86B68D4F8386506336B604E4B13
S32560217EC003EB8603D3F8540222F052FED4F8B4309E4205D1494B04220221012022F00EFBA2
S32560217EE094F8233113B994F824312BB1444B04220221662022F002FB94F8223133B16E22D2
S32560217F0002234048C5E9012322F032FE94F8213173B33B4B04220221762022F0EFFAD4F8E9
S32560217F20B0311B0F03339A0808D0374A23F0030302217C201344042222F0E0FA04F23C51BA
S32560217F4008A8DFF8C8804FF018090EF0F1F903A8F9F79CFADDE90D239A420BDDD4F8503547
S32560217F601BB104F5AA602AF00BF811B0BDE8F083224BCFE703A908A80DF03EFF204490F810
S32560217F801C3504EB8302032B09FB0385D2F8B47007D0082B14D02A46394603A8F9F78CFAEF
S32560217FA0D8E7D4F8B4000FF019F9B4F82C11426805981EF090F8294603A81EF07FF8C9E7D5
S32560217FC0D4F8D430012BE6D194F8D4338020D4F8C4210F2B0599D4BF03EB430630260DF08E
S32560217FE027FF2A46C6F17F06394603A806960EF0BFFFAFE7E4300120589F206048230020D9
S325602180004C2300208EE6002050230020781400202DE9F0433C4C93B00C273C4D01A904F207
S32560218020FC40D4F8E863FFF759FC0DF04AFF019BDFF8E880F6B2783393FBF7F207FB1233E9
S3256021804005EB8303D3F8F80C22F092FDD8F804300633C8F804302E4B03EB8603D3F87C0447
S3256021806022F086FDD8F804300633C8F8043094F8F4344BB301AE4FF00109D8F8043009F10B
S3256021808001090633C8F8043056F8043F783393FBF7F207FB123305EB8303D3F8F80C22F0D1
S325602180A067FDB9F1040FE8D11A490AA81A4D18260EF03EF905A8F9F7E9F9DDE90F239A421D
S325602180C011DD13B0BDE8F08301AD0126D8F80430013655F8040F0633C8F804301DF0D0FFD7
S325602180E0042EF3D1E0E705A90AA80DF085FE204490F8712405A804EB820306FB0252D3F89A
S32560218100D813F9F7D9F9D8E7B4E80120F00D0020E81E002080ED012000170020E430012072
S325602181208900C9B20A442549F0B501EB4212059C051D0021A1421ADB00F1080500224FF6F2
S32560218140FF719BB2944218DC294600226FF0404C94421ADC04F18043013B55F823204FF600
S32560218160FF739A4208BF04F1FF348470F0BD32F9026B013145F8046FDCE743FA02F6F6072B
S3256021818058BF45F822100132DCE7631C00EB83038B4202D101320431DAE753E90167B74286
S325602181A007D104EB0C06013C55F826601E60043BEEE7B8BF43E90176F9E700BFF0E0012013
S325602181C0C0697047808D7047012380F8F5307047022908D0032909D0012914BF90F844002B
S325602181E090F84800704790F84C00704790F850007047022905D0032905D0012905D1406BAB
S325602182007047806B7047C06B7047006B704790F8F13030B500F5D6743BB1012B00F09E8087
S325602182202246121BC0F8A82130BD062380F8AC310A2380F8AD310F2380F8AE31036C032B8D
S3256021824003D8DFE803F0272D313500F2AF121421134603F8021B416D072933DC14BF1525F5
S3256021826017250729557027D1D31C18259570042203F8012B07221A7008225A701A229A70E3
S325602182800022DA700279042A1FD8DFE802F0292D303F540000F5D8720B2380F8AF31D6E7F7
S325602182A000F5D8720C23F8E700F5D8720D23F4E700F5D8720E23F0E7856D052DD7D1D31C9E
S325602182C01925D3E716255570D4E71A1D0729A8DC1346032103F8021B012151701A46A0E71A
S325602182E05A1D05251D71F1E75A1D0925FAE72F2236251A7130225D725A7131229A71322295
S32560218300DA7105221A7203F10A02DFE72F2236251A7130221D735A7131229A713222DA7131
S3256021832005221A7233225A7234229A723522DA7203F10D02CAE72F2235251A713022DD7252
S325602183405A7131229A713222DA7105221A7233225A7234229A7203F10C02B7E71D2380F840
S32560218360AC31232380F8AD31222380F8AE31036C032B03D8DFE803F010161A1E00F2AF111F
S3256021838028230B70456D072D35DC17D1242325224B70CB1C8A7017E000F5D8710B2380F8AC
S325602183A0AF31EDE700F5D8710C23F8E700F5D8710D23F4E700F5D8710E23F0E726234B70A3
S325602183C0836D052B14D08B1C1A461C2302F8013B1F231370202353701B2393702E23D370F6
S325602183E00379042B0BD8DFE803F01B1F22313100CB1C2722CEE72E238A1C4B70E8E7131D5A
S32560218400072D06DC1A46022102F8021B0121597013462E211A1D197059709970D97000E7D0
S32560218420531D1E211171EBE7531D2121FAE72923392113712A23517253712D239371372373
S32560218440D3713823137202F10A03D9E72923392113712A23D17253712B2393712C23D3714E
S325602184602D231372372353723823937202F10C03C6E77020704780897047012380F8D030CF
S3256021848070470023032180F868314368042B1BBF0123022200F2691380F869311CBF00F2FD
S325602184A06B1380F86A211A4630B502F8011B00F5B474017C0A290ED8DFE801F006060606D6
S325602184C00A0A0A2E3C465D0090F8EB508D4202D004219A1C597005231370037E032B9BBF2E
S325602184E006230721531C53709CBFD31C917009221A7008225A700A229A700B22DA700C22A3
S325602185001A7131225A7190F8C820002A54D19A1D121BC0F8642130BD0D2211215A700F2202
S3256021852099719A701022DA700E221A7113225A71DA1DD0E7142217215A70152219719A70B8
S325602185401622DA705A1DC6E7182221215A70192299729A701A22DA701B221A711C225A7101
S325602185601D229A711E22DA711F221A7220225A7203F10B02AFE7222230215A702322D9733D
S325602185809A702422DA7025221A7126225A7127229A712822DA712B221A722F225A722922AB
S325602185A09A722A22DA722C221A732D225A732E229A7303F110028EE73221DA1D9971A7E7DF
S325602185C0B4207047022905D0032905D0012905D180687047C068704700697047406870478B
S325602185E0022905D0032905D0012905D1808D7047008E7047808E7047008D7047012380F845
S3256021860080307047022905D0032905D0012905D180697047C0697047006A7047406970476A
S32560218620022905D0032905D0012905D1C06C7047006D7047406D7047806C7047406A704743
S325602186404420704738B50C4605460022214904F5C670F9F745F895F80C31042B0AD8DFE864
S3256021866003F003181B1E210001221B4904F5E870F9F736F80022194904F5D770F9F730F839
S3256021868095F86433042B24D8DFE803F00F171A1D200000221249E9E702221249E6E7022210
S325602186A01149E3E702221149E0E70122104904F5F970BDE83840F9F713B800220D49F6E7BF
S325602186C002220D49F3E702220C49F0E702220C49EDE738BD30D9002034D900205ED9002080
S325602186E03DD9002046D900204DD9002055D9002062D900206BD9002074D900207BD900204A
S3256021870083D9002038B50C46054624492046F8F7F0FF234904F12100F8F7EBFF214904F161
S325602187204200F8F7E6FF204904F16300F8F7E1FF1E4904F18400F8F7DCFF1D4904F1E70020
S32560218740F8F7D7FF95F8C430032B09D8DFE803F0021C1F220022174904F5C670F8F7C0FFC5
S3256021876004F5D77000221449F8F7BAFF04F5E87000221249F8F7B4FF04F5F97000221049BE
S32560218780BDE83840F8F7ACBF01220E49E4E700220349E1E700220C49DEE700BFD6C50020AA
S325602187A08CD900205501012090D9002097D900203DC90020A2D9002091E300207BE200204B
S325602187C0EEE200204EEA002091D900202DE9F04F89B0044600F51B704FF0050B04A94FF0AD
S325602187E00308FFF77BF8059BD4F8A4720C2478336021FDB20DEB04003F0A93FBF4F204FB39
S3256021880012338DF80C30069B783393FBF4F204FB12338DF80D30079B783393FBF4F204FB45
S3256021882012338DF80E301DF095FE0822B5FBFBF606EB860304FB06F0ED1A0330164B04FB35
S3256021884005F1594421F05AFEFBB2304629463F0A6043614306300831B3FBFBF606EB8605E9
S3256021886004FB06F95D1B012309F1060204FB05FA00930AF1080321F0CDFF084B08220AF1E9
S32560218880050109F1030021F039FEB8F10108DBD109B0BDE8F08F00BF5826002060260020C8
S325602188A0F8B504460C4F0B460D4604F1CC0604F5177407220949B03010F0CDF83046103614
S325602188C02B460422394610F0C6F8A642F6D1D5E90030C01AF8BD00BF40220020A0220020EE
S325602188E0F8B50D4600F1F40600F2F474074F304606F5E0762B463322394610F0ACF8A642BE
S32560218900F5D1D5E90030C01AF8BD00BFD82B002038B50C46054608491F222346F03010F006
S325602189209AF823461F22044905F51C7010F093F8D4E90030C01A38BDA0300020F8B5044673
S325602189400C4F0B460D4604F1CC0604F5177407220949B03010F0F4F8304610362B460422AC
S32560218960394610F0EDF8A642F6D1D5E90030C01AF8BD00BF40220020A022002001290CD1B6
S32560218980064B93F874201AB1002283F87420DA67002100F537700DF06DBA70476C2301205B
S325602189A038B50B780446022B23D14B88013B072B0DD8DFE803F038040C060C0C0C0D0121D4
S325602189C032E090F8103383F0010380F8103338BD90F8103333B190F8283383F0010380F88B
S325602189E02833F4E790F8143383F0010380F81433EDE7032BEBD14B88042BE8D1B03004F563
S32560218A003E7353E8002F002AFBD143E80025002DF7D1BFF35F8F94F8C810FEF7C3FFBFF30C
S32560218A205F8FC4F8F852002104F53770BDE838400DF020BA4A88B2F5807F38B504460CD17A
S32560218A40B1F90410D0F80C230A44182AA8BF182222EAE272C0F80C2338BDB2F5007FFBD17B
S32560218A6090F81023B1F90410C2B190F828237AB1D0F80C23D0F86402D4F8343300EB021030
S32560218A8050F823200A441946BDE8384022F0EEBF00F54A70BDE838400DF083B990F8142377
S32560218AA09AB1D0F82023062AD6D800EB8204084B1820D4F8B05000FB02302944F8F7A7FC07
S32560218AC08542C9D0C4F8B000C6E700F54570E1E7A02200200A460A2110B5044604300DF087
S32560218AE00BFA012384F8F53010BD032A11D8DFE802F002070A0D0A46102104300DF0FCB902
S32560218B000A461121F9E70A461221F6E70A461321F3E770472DE9F84F0F46D0F89C10054686
S32560218B2090469B469DF828A09DF82C60D0F80491846D49B960B24FFA89F4052833D8DFE852
S32560218B4000F0232F458DBE45013907F10800FDF7B8FE204440B2002816DB0528EBDD95F9A1
S32560218B60A02095F86830002A45D11FB24FF4807018F0C0FE8742C1BF95F93E31B3FA83F316
S32560218B805B0985F83E3123E00EB100240BE009F1010464B24445F8DC0CBF0120002003E0CC
S32560218BA076B14FFA88F40020C5F8044130B195F93D31012B04BF022385F83D31BDE8F88F18
S32560218BC009F1FF3464B2002CE6DAEAE70528C6D095F93E015FFA89F460B3002ED5D101348C
S32560218BE064B244457DDBD34516D34FFA88F485F83E61304611E007EB82077A68120202F249
S32560218C00FF7203EB22373FB2B7F5807FA8BF4FF4807727EAE777A9E70120D5F83C3123F06B
S32560218C207F4323F0FF03B3F5807FBDD1022385F83D31B9E7002EB4D1013C64B2002CB3DC30
S32560218C40BBF1000F4AD1012385F83E3195F93D31012B04BF022385F83D3196E795F93E0162
S32560218C60002395F8EF20A0B112B909F1010464B285F8EF30002E88D1444532DBD3454FF06D
S32560218C800100CAD34FFA88F485F83E6185F8EF00AFE71AB909F1FF394FFA89F485F8EF3065
S32560218CA0002E7FF47EAF002C3FF77EAFBBF1000F14D1012385F83E3185F8EF30C6E708F1DE
S32560218CC0010018F017FE002E7FF45FAF44B2A04507DC18F0EDFD00F0010065E74FF0FF30E5
S32560218CE062E7304660E7D0F824312DE9F0411B010F4690F870100446154600F5A678C66E1E
S32560218D00C0F84C31D1B1013902F108000DF00CF930446428A8BF642020EAE070C1B24046A0
S32560218D20F7F777F8D4F8503105EB8702E9191B119364002381F86830BDE8F081F1B2EEE7A2
S32560218D4038B5144642680D46D3B2012B40D012F0FE0F01D16BB338BD023B022BFBD8002333
S32560218D60B0F81C2180F81F314FF6FF739A4290F81E310CBF0122002280F8202130D1B3FADE
S32560218D8083F35B095B0043F0010380F81F31164B80F81E2190F81F1190F8EC20702000FB29
S32560218DA002300FF063FD04EB85032C44986402230BE004EB8102B0F81C314FF6FF712C441C
S32560218DC0591A4B424B419364012384F86830C2E704EB8103D0F828210C449A640023F4E7D8
S32560218DE0002BD4D00423D0E7F0E40120012905D10023C83000F8143C0EF06CBA70470129E2
S32560218E0005D10023C83000F8143C0EF063BA704710B5044600F5847029F0C6F804F5587030
S32560218E20BDE8104029F0C0B838B50A4604460D46043002210DF08AF80123A4F8D85084F811
S32560218E40D03038BD2DE9F34104460E4600F1F40500F2F477DFF83C80334633224146284611
S32560218E600FF06EFE281F2989002205F5E0750190FFF7DAFF0198FFF704FBBD42ECD1D4F820
S32560218E805432013BC4F8BC30D6E90030C01A02B0BDE8F081D82B0020F8B5D0F8C830044676
S32560218EA00A4623B1C830BDE8F84029F031B84B88B3F5807F12D1D0F8B020B1F90430134406
S32560218EC04FF4E07283F30203C0F8B03002FB0303D3F85432013BC4F8BC303AE0B3F5007FEA
S32560218EE037D190F8B430D0F8B070002B43D04FF4E073D0F8C0507B43C118294491F85852AC
S32560218F00022D26D003F1F006032DB2F90420064420D0052D07D1317E032904D1317C0329EF
S32560218F2088BF02EAE27203F1F4002946204450F825301A440DF00AF828B14FF4E0730122DC
S32560218F4007FB0333E254052D09D82923EB40DB0707D4F8BD317C0329E5D1317EDFE7312DBE
S32560218F60F7D13046FFF78DFA4FF4E07303FB0747D7F85432AEE7B1F90410B430BDE8F84064
S32560218F800CF00FBF2DE9F8430F7804460E46032F0ED14B88022B0BD1D0F8B0004FF4E0730F
S32560218FA000224FF6FF7103FB0040F030FFF73CFFD4F8C85035B1314604F1C800BDE8F843E6
S32560218FC028F0FABF022F58D17388013B072B17D8DFE803F01804162316161634D4F8B06026
S32560218FE04FF4E07505FB0640D0F81821F430013209210CF0ABFF18B106FB055501236355E4
S32560219000BDE8F883D4F8B0604FF4E07505FB0640D0F81821F430013AEAE7D4F8B0304FF4CF
S32560219020E072013303F00303C4F8B03002FB0343D3F85432013BC4F8BC30E1E74FF4E073B8
S32560219040D4F8B010D4F8C02059436318134493F85832022B0AD1F03121444A68042ACFD0C1
S3256021906004F1C800BDE8F8430EF0F4B894F8B43083F0010384F8B430C2E7032FC0D1738874
S32560219080042BBDD1D4F8B0304FF4E07204F1F4064FF6FF7902FB0343D3E93D78D4F8B0303F
S325602190A0AB421ED04246012130460CF04FFF33689F4216D038460EF091F84168B36809FAB6
S325602190C001F19AB223EA01039BB20BB942F00102022130460CF03AFF3A46002130460CF093
S325602190E035FF013506F5E076042DD7D188E72DE9F04F037E0D460446096890F810B02DEDA0
S32560219100028B89B008EE102A90F8EB900593043BDBB2012B019370D90123059A93400B427F
S3256021912014BF01230023BBF10A0F02930AD194F8C4200123013A93400B4214BF0123002350
S3256021914084F8E93004F1F40003900CF000FE029B3BB1238CBF4A0398D15C00294FD00CF030
S3256021916004FED4F8F430DB070DD594F8E830227F0133DBB2934284F8E8304FF00003C0F051
S32560219180738484F8E830019B012B40F27284029B002B40F06E840023029394F8C8004FF098
S325602191A0480ED4F8CC2094F8EB100228039308BF524201EBC10AA84B16BF52B24FFA82FC2E
S325602191C04FF0000C03EBCA0608BF00220EFB0133D4F8DC7006F1080A83F8430083F844C07B
S325602191E083F84520ABF10703032B00F2AF82DFE813F018004A01A200DB01002393E7ABF12D
S325602192000403DAB2022AACD84B45A8BFABF103039945BEBFD4F8F43043F00203C4F8F43088
S325602192209FE74846F7F72FFC019B8146012B40F2FC8394F83810F8F78FFA94F8482094F86E
S325602192403C304AB105EB82025268120202F2FF7203EB223383F3080389F80130029B002B3B
S3256021926062D04846F8F748FA94F85010804694F844B069B1013905F108000CF055FE584407
S32560219280C0B2782828BF7820012838BF01208346337AD4E909769BB394F84C1094F8403091
S325602192A079B1013905F1080003930CF03DFE039B1844C0B2792828BF79200228034638BF01
S325602192C0022399F800205FFA88F807F140015046082A0BFB08F801EB5B0128BF082228FAD6
S325602192E002F8B8FBF3F203FB1288A1EB08010FF0EBF8A3680C2202FB063300EBC31713E01F
S3256021930094F838304FEACB1BABFB08B8C3F120022BFA03FB0C2308FA02F85E4348EA0B0843
S3256021932008EBC71707EBC617D4F8DC30BB4200F0ED823E4681E3019B012B40F27683636E26
S3256021934094F878101B0303F47F2841B1013905F108000CF0F0FD08EB001080F310081FFAFC
S3256021936088F8E36E94F880101B02A4F820814FEA1838A4F83E811FFA83F841B1013905F185
S3256021938008000CF0D8FD08EB001080F310084FEA282394F8841084F82631236F1B021FFAA0
S325602193A083F841B1013905F108000CF0C4FD08EB001080F310084FEA282394F8881084F812
S325602193C02731636F1B021FFA83F841B1013905F108000CF0B0FD08EB001080F310084FEA91
S325602193E0282384F82831029B002B9DD00123022104F5907084F83C310FF08CF894F87C10CD
S32560219400804694F8689069B1013905F108000CF08BFD4844C0B2782828BF7820012838BF68
S3256021942001208146337AD4E90967BBB106F140014FEA182801EB590109FB08F85046A1EB5A
S3256021944018210FF041F8A36800EBC3100C237B4353E700BFF821002000200120062FC9EB02
S3256021946009494FEA084818EE100AA8BF06274FEAD91927EAE771F7F7E5FFA9FB08984044A8
S3256021948000EBC6178DE0019B012B40F2CE82D4E94032A3F5F60313431FBF4FF4F602002374
S325602194A0C4E94023C4E9442394F85C2094F854304AB105EB82025268120202F2FF7203EB59
S325602194C0223383F3080303F54073029A190443F3C033C4E94213002A3FF426AF94F85890FA
S325602194E0D4E94402D0F1807762EB420C7A4300FB0C22A7FB007002443F0E47EA0227121682
S3256021950007FB03F801FB0288A7FB017188443F0E94F8601047EA08274FEA2868C4E9467884
S32560219520C4E9447869B1013905F108000CF0FCFC4844C0B2782828BF7820012838BF012097
S325602195408146337AD4E9096B93B1A9FB07734036504609FB08333F0E06EB590147EA03273F
S32560219560C91B0EF0B1FFA3680C2202FB0B33C4E6BBF1060FC9EB094918EE100AA8BF4FF027
S32560219580060B4FEAD9192BEAEB71F7F75BFFA9FB07974FEA196900EBC61049EA072900EB43
S325602195A0090787F31007BFE6019B012B40F23D82D4F8983094F8B410003B94F88C9094F8D2
S325602195C0B08018BF012384F85A31D4F89C30A4F85E31002978D10FFA89F00B2894F8B81094
S325602195E094F89090A8BF0B2020EAE070A4F84401002971D10FFA89F094F8C030A4F846011F
S32560219600002B77D10FFA88F8B4F9A010B8F17F0FA8BF4FF07F08B8F1010FB8BF4FF001088E
S32560219620A4F8528104F5A2784046FDF70BF9D4F8A4104046013909B2FDF71FF994F8E930F7
S3256021964033B1B4F84A31A4F84831002384F8E930029B002B3FF468AE94F85B31F3B14FF49B
S32560219660807094F8A890D4F8AC7018F043F9C0B2484513D2FFB2781C384418F03BF9D4F8D6
S32560219680A010C01B0144404609B27E29A8BF7E2121EAE171C4F8A010FDF7D4F84046FDF782
S325602196A038F894F8BC10804694F8949059BB0FFA89F9337AD4E90967C3B306F140014FEAC5
S325602196C0181801EB6901B7E6013905F10800FDF7F1F8484400B280E7013905F108000CF0F2
S325602196E023FC484400B27928A8BF79200228B8BF022081E705EB83035B689B0103F2FF737E
S3256021970008EB23387EE7013905F108000CF00CFC81440FFA89F9B9F1780FA8BF4FF078092B
S32560219720B9F1010FB8BF4FF00109C2E7062FC9EB094918EE100A4FEA0858A8BF06274FEABE
S32560219740D91927EAE771F7F77DFE96E6039B002B00F06781636ABBF1030F94F9F22094F9EA
S32560219760F17002EB0306A36A94F9F3801F44A368984422D805EB8B039B6A626908EE903AAC
S32560219780D3B20493049994F9F03084F8F02099421FBF0023C4F8EC3084F8EA30A4F8F23048
S325602197A0019B012B19D9CB4517D0049B013B032B13D8DFE803F051580C5FABF10403994231
S325602197C0D8BFABF1030305EB83039B6CD5E7494605F10800FDF77CF80644042F6FF00303B9
S325602197E06FF00B0218EE901AA8BF042750469F42B8BF1F46B8F10B0F3346A8BF4FF00B08EC
S325602198000C2EA8BF0C2328EAE8789342B8BF13464FEAC81207930EF089FD94F9EA600C22A4
S32560219820019B3E440690012B02FB06F600EBC61600F2FD80D4F8DC20B24200F01381CB4542
S32560219840079B00F0EB80049A013A032A00F2E680DFE802F0A2BA1BD2494605F10800FDF7A3
S3256021986029F88044B9E7494605F10800FDF729F80744B2E7494605F10800FDF71BF80021A1
S325602198800246204622F049F9A7E7494605F108000493FDF71DF894F9F220049B824200F092
S325602198A0BD80636A6FF00B0284F8F20003440C2BA8BF0C239342B8BF1346012202FA09F963
S325602198C06A6819EA020906D0059A042A0CBF4FF001094FF0FF39039994F9EA2084F8EA90CA
S325602198E0002900F0BC804FEAC81218EE901A50460EF01CFD06900C234F445F43069B03EB93
S32560219900C717D4F8DC30B34240F09380002694F8341004F1E008276B002900F09780013903
S3256021992005F108000CF000FB38446428A8BF642020EAE070C1B24046F6F76BFA18EE103AC3
S3256021994005EB8302D4F8E4301B11936418EE103A1D44002385F86830029B23B9019B012BDE
S3256021996076D8002E74D0D4F8DC1004F5CE700CF008FA4FF0FF33C4F86031434BD4F89C21DE
S325602199809A428ABF414B00239B18C4F89C3109B0BDEC028BBDE8F08F494605F108000493F9
S325602199A0FCF788FF94F9F320049B824236D0A26884F8F30000EB0208B8F10B0FA8BF4FF0C6
S325602199C00B0828EAE87878E7494605F108000493FCF777FF94F9F120049B82421ED0A76A8F
S325602199E06FF0030284F8F1000744042FA8BF04279742B8BF174660E7494605F108000493E7
S32560219A00FCF758FF94F8D0100246C4F8EC00204622F083F800230393049B4EE700220392E2
S32560219A204BE7019B012B3FF67FAC002669E737467AE4019B012B88BF3E46E36AC4F8DC601C
S32560219A4001263B441B01C4F8E03060E7F9B272E70022012104F5B070F7F730FE8DE74A452A
S32560219A607FF449AF37464CE7019A012A3FF693AB0293D4F8EC20204694F8D01022F04DF875
S32560219A800123FFF78ABB00BF59761F00A689E0FF38B504460D460022F030FFF728FB2946D1
S32560219AA004F52C700122FFF722FB294604F58E600222FFF71CFB294604F5C6600322BDE875
S32560219AC03840FFF714BB2DE9F84F074600263223DFF88CB107F1F4044FF0030A31462DEDBC
S32560219AE0028B9FED5D8BC0F8B060C0F8B860C0E92F36C83028F024FAA4F10409F5B2224659
S32560219B0000235BF823100633B3F5997F42F8041BF7D13246032120464FF001080CF016FAA5
S32560219B203246052120460CF011FA4FF0FF3384F8E750002504F1F000C4F8D03084F8CC80E1
S32560219B40A4F8D450C4F8D85084F8E45084F8E55084F8E650C4F8E85084F8ED5084F8EE5060
S32560219B6084F8EF5084F8EC500CF0ECF84FF480320023D4F89C104846A4F81C51A4F82081A7
S32560219B8084F83951C4F8305184F83851A4F84051A4F84281A4F84CA1A4F84E81A4F85A512F
S32560219BA084F8568184F8578184F85881C4F8505184F85451C4E93F23C4E9432347F6A6732C
S32560219BC00AB2A4F81E314FF07F43A4F84621C4F834317F23A4F844212A4684F8223184F8D4
S32560219BE0233184F824310D23A4F82631D4F8A030013B9BB2A4F84A310B444146A4F848316F
S32560219C0084ED418BC4E94A5584F8555121F085FF4846C4F85C51FEF734FC04F5D270C4F86A
S32560219C2098511422294604F5E07424F099FE4FF4E07344F8245C03FB06734644042EC3F8D7
S32560219C4094527FF459AFD7F85432BDEC028B013BC7F8BC30BDE8F88F9999990300000000B0
S32560219C60D82B00202DE9F7430E4600F1F00500F5FE642227DFF83480DFF83490A54202D130
S32560219C8003B0BDE8F08395F8EB3000216A6805F5E07507FB0360013358F8222000F5C67032
S32560219CA000924A461CF0A6FFE8E700BF589F2060AAD90020B0F5705F38B50D460146A8BF40
S32560219CC04FF470514FF4C0640C23284621EAE171B1FBF4F46343A1EBC31141F35811C1F1AF
S32560219CE03C0120F057FD204638BD2DE9F04186B004460D4600F5D07001A9DFF840810CF054
S32560219D002CFB6E1CD4F86011062394F89F713046090F5F431CF080FF207C3F0AC31F032B59
S32560219D206BD8DFE803F002565A5E94F8EB00F6F7AAFE94F83820416805F11F001CF05AF982
S32560219D4005F11A0E3C234FF0010CD910D8F8000003F00702043B0EEBC1110CFA02F20C2BC3
S32560219D60445C42EA04024254EFD101980CF0DEFE3A4631463E44FFF79DFF02980CF0D6FE4E
S32560219D8031460622FFF796FF03980CF0CFFE0622B118FFF78FFF04980CF0C8FE06F10C01D7
S32560219DA00622FFF787FF05980CF0C0FEC7F1060206F11201FFF77EFFC0F10F001E4B022297
S32560219DC0810005F11C00013920F098FB06B0BDE8F0812022D4F81011AEE70822B4F82A11EB
S32560219DE0AAE705F10803B4F94801C8F804300423C8F8083020F0E4FEA2E7D8F8002005F1E0
S32560219E000F04135D43F010031355F7F74EF918235843022300F2FF700013002805DA42425B
S32560219E200621204420F0DEFD8AE714BF0246012206212046F6E700BF8A330020E43001203B
S32560219E4010B504460021F030FFF74FFF04F52C702021FFF74AFF04F58E604021FFF745FF50
S32560219E6004F5C6606021BDE810403EE738B504460D46032A0AD8DFE802F0020D151D0A46BE
S32560219E80043009210CF080F8A4F89450012384F8803038BD0A4604300A210CF075F8A4F8F0
S32560219EA09650F3E70A4604300B210CF06DF8A4F89850EBE70A4604300C210CF065F8A4F84E
S32560219EC09A50E3E72DE9F843DDE908980F46044641461546FEF776FBB8421E460CD1204608
S32560219EE0FEF77EFB904207D1D4F8AC30B34203D1D4F8B0304B4561D038460DF06FF94FF6BD
S32560219F00FF734268934035EA030308BF45F00105B8F1020FC4E92B692A4604F104041AD052
S32560219F20B8F1030F28D0B8F1010F36D10A2120460CF02AF83A46414620460CF025F832467A
S32560219F40052120460CF020F84A4612212046BDE8F8430CF019B80B2120460CF015F83A46E9
S32560219F60414620460CF010F83246062120460CF00BF84A461321E9E70C2120460CF004F846
S32560219F803A46414620460BF0FFFF3246072120460BF0FAFF4A461421D8E7092120460BF0CB
S32560219FA0F3FF3A46002120460BF0EEFF3246042120460BF0E9FF4A461121C7E7BDE8F883C3
S32560219FC02DE9F04F8FB0D0F8D450044688460D93013590F8403005920893043B0A68DBB224
S32560219FE0C0F8D450012B01934DD9012308998B40134214BF0126002604F1E00002900BF0B1
S3256021A000A6FE02982EB1B4F84430AA4AD15C0BF0ACFED4F8E03013F001030B930BD0002337
S3256021A020C4F8D850C4F8D430012384F881304FF6FF73C4F8C430A26B5AB3059B2BBB9E4BB4
S3256021A0401B78362B23D89D49180101EB03130958DB688968194214BF0123002394F9B91029
S3256021A06084F8B9308B4294F8BA30BCBF012184F8B8109BB1002384F8BA30636AC4F8B4308E
S3256021A080C4E928330AE00026B6E78D4BD8E70023E4E7636AD4F8B4109942EFD194F9B83092
S3256021A0A0B3B1D4F89C300132013393FBF2F1C4F89C3002FB1133626A1344032BC8BF043B65
S3256021A0C0C4F8A030002384F8B830012384F8BB30019BD4F8C010012B0B9B98BF0123029341
S3256021A0E0E36D0C939DF830300393029B002B00F07782D4F83CA0A26E5FFA8AF30993D3B2FF
S3256021A1000793059B0799002B94F9CE300CBF012603268B420AD00023C4F8BC3084F8CC3023
S3256021A12084F8CF30A4F8D03084F8D230D4F8A030204694F9D2B084F8CE209B445946C4F84E
S3256021A140B4B0C4F8A4B0FEF75DFA94F9D15005442046FEF765FAA36D94F9CF9094F9D0703E
S3256021A1609944019B0744012B22D9079B013B042B15D8DFE803F00355646B5C00314608F1C6
S3256021A1800800FCF79EFB0BEB00012046C4F8A410FEF738FA05462046FEF742FA074694F8F5
S3256021A1A0BB302BB1012384F88030002384F8BB30D4F8A430002B50DA0023C4F8A430B9F125
S3256021A1C0040F6FF0030394F8A4202046A8BF4FF0040994F880109945B8BF99460B2D6FF030
S3256021A1E00B03A8BF0B250C2FA8BF0C2725EAE5759F42B8BF1F46D4F8BC3021F04DFC1AF01C
S3256021A200FC0314BF06F1FF32099A08EB8202926A049233B3099B042B54D04FF0000A28E0E3
S3256021A220314608F10800FCF745FB0544B7E7314608F10800FCF73EFBC4F8BC00AFE73146DC
S3256021A24008F10800FCF73DFB8144A8E7314608F10800FCF72FFB0744A1E7032BAFDD0323AF
S3256021A260ABE73B46EA01049904F1EC000EF05EF8824694F9CC3003EB090B0A930C2303FB6A
S3256021A2800BFBD4F8C03006930AEBCB1B019B012B00F24D81069B5B4500F04B81079B013B9E
S3256021A2A0042B00F23F81DFE813F0690000011A01E5003301F8210020DC05012090030020E0
S3256021A2C0DE050120019B012BA7D994F874C094F86C2094F87000BCF1020F94F8781093462C
S3256021A2E003468A4611D0BCF1030F3FD0BCF1010F17D104983F3001EBA01109B27829A8BFFF
S3256021A30078210129B8BF01218A460499FF3102EB212212B2202AA8BF2022012AB8BF012211
S3256021A320934604F598705FFA8BF10A930690F7F713FA0A9B069884F8313184F838B1F7F745
S3256021A340DBF994F83031C0B207F14001082B0AFB00F001EB6A0128BF0823D840091A04F149
S3256021A360EC000EF0B1F800EBC51A82E7049B0F3300EB23131BB283F30803D2E7314608F117
S3256021A3800800FCF79EFA94F9D230834200F0CA80D4F8A430C31869D50023C4F8A430012385
S3256021A3A0D4F8A41084F8D2002046FEF72BF905462046FEF735F9074684F8BB3094F8BB30CA
S3256021A3C053B1D4F8BC30012194F8A420204621F063FB002384F8BB30013E0123F6B203FA61
S3256021A3E006F6D8F804301E4005D0089B042B0CBF01264FF0FF36029B84F8CC60002B00F00B
S3256021A40079813B46EA01049904F1EC000DF08EFF82460C2306EB09015943039B022B0AEBF9
S3256021A420C11140F08280069B5B1A18BF012384F881309DF83030C4F8A850012B7BD0022B06
S3256021A44000F08580002B40F09580099A042A40F0918094F87C20012A00F0BC80022A40F023
S3256021A4608980069A914240F085806DE0032BC8BF032392E7314608F10800FCF729FA94F9E8
S3256021A480D020034682424DD0D4F8A4102046FEF7C7F8C7186FF00B0284F8D0300C2FA8BF18
S3256021A4A00C279742B8BF174688E7314608F10800FCF700FA94F9D1200346824232D0D4F808
S3256021A4C0A4102046FEF79EF8C51884F8D1300B2DC4F8A850A8BF0B2525EAE5756EE731463E
S3256021A4E008F10800FCF7EDF994F9CF30834219D0A36D84F8CF0000EB03096FF00303B9F160
S3256021A500040FA8BF4FF004099945B8BF994655E7314608F10800FCF7CDF90123C4F8BC00B1
S3256021A52084F8BB300023029348E700237FE759467FE706997DE794F9CC30626E4B44134476
S3256021A5400C2253430AEBC313C4F8C43012E094F881307BB10023626E84F8813094F9CC3031
S3256021A5604B4413440C225343D4F8C82002EBC312C4E9312A019BD4F8C000012B33D8BBEB27
S3256021A580000018BF012098B101225F4B1A60019B934288BF8B469342C4F8C0B008D8039BA4
S3256021A5A033B94FF6FF73C4F8C430039BC4F8D430039AD4F8C430002A40F09380002B4BD053
S3256021A5C0B4F960308BB9019B012B4FF001037DD8039D0EE0D4F8343113F00103CAD1B3E718
S3256021A5E0DDF808B0C6E7081ACBE7A3F1FF067542754194F8CD20D4F8D4609A4200D19EB943
S3256021A60055B94AF6AB2232FB03F202F30F0202EB0312C4F8DC2007E0D4F8D820FF2B4FEAA8
S3256021A62052074DD1C4F8DC7084F8CD305DB9D4F8D850D4F8DC206B08B2EB550F24BF43F03F
S3256021A6400103C4F8DC30D4F8DC30B34294BF00234FF6FF73C4F8C430D4F8C4304FF6FF7287
S3256021A6609D1A01226B426B410D9D08EB8505AB640D9B434483F86820059B08EB83039964A2
S3256021A680059B9844002388F868300B9B1BB9019B012B28D838B304F5B0700BF072FB4FF08F
S3256021A6A0FF33C4F82C31194BD4F860219A428ABF174B00239B18C4F860310FB0BDE8F08F8A
S3256021A6C01A0232FB07F202F30F02A2E794F840209340D8F8042013424FF6FF7308BF002379
S3256021A6E0B8E70022C0E70022012104F59670F6F7E5FFD8E70A9BB3427FF48BAE039B594615
S3256021A7009A1E5342534192E61811012059761F00A689E0FF70B504460D4602230022EC30EE
S3256021A720FFF74EFC294604F51B7003230122BDE8704045E401EB4202012330B5558802463A
S3256021A74091F9004000F120010370002322F8023F2B448A429BB2F9D1012380F823404370A1
S3256021A76030BD83682DE9F04FDAB2D0F854905BB2D0F8FC704FFA89F68A46013790F8F5104F
S3256021A780072E04462DED048B8BB0C0F8FC70D4BF4FF000084FF00108059343680392089316
S3256021A7A09DF92030079321F0F7F9059B022B64D0DAF80050002B5DD005F00405003D18BF04
S3256021A7C00125072E0FDC04F5AA7004900BF0BFFA049825B1A389AD4AD15C0BF0C6FAD4F808
S3256021A7E0545105F00105059B012B48DC25B994F8F630059A934245D0A54B4FF0010B059A4F
S3256021A80053F83230C4F81031B4F80C31013BA4F80C31039B072E84F8F63000F3AA8094F8EB
S3256021A8207410636981BB5BB2039394F82C2103999DF80C308A4284F82C3134D0039BD4F809
S3256021A8401021132B69DDD4F814314FF0404BA3FB0B3B904B039903EBC10353F8A03CA2FB10
S3256021A86003236FF07042C4F81431A3FB0232C4F800211BE005F00105A0E70025A1E74FF001
S3256021A880000BC6E7AB46C4E701390AF108000393FCF710F8039B184440B21A28A8BF1A2040
S3256021A8A020EAE073C0E7BBF1000FC7D1D4F8143113B90123C4F8143194F91010012913DCF2
S3256021A8C094F8F83083B9DAF8043091BBC3F3400394F8F72084F8F7309A4281BF0022A4F896
S3256021A8E00C21012284F8F82094F8483123BBB4F90C310398D4F814211328A4F80C3134DC60
S3256021A9004DB1002B1ADC644B034493F8183EA4F80C31C4F8FC20284613E003995F4B03EB74
S3256021A920C10353F8083CA2FB03234FF0000B9B0197E7C3F3C003CBE70023DAE70020A4F84B
S3256021A9402201D4F8FC20D4F814319A4200D340BBB8F1000F00F09381002D36D10339032952
S3256021A96050D8DFE801F03CA1B1B5002DD1D10120E7E70B2E0CDC6DB1D4F810310027C4F840
S3256021A9801431C4F8FC70BB46384639460397D8E70027F8E7A8462846AB462F46294603959D
S3256021A9A0CFE7B8F1000FD7D1D4F80031C4F8FC80BB4205D85F45CFD294F8F830002BCBD12B
S3256021A9C00BB0BDEC048BBDE8F08F94F84831002BC4D0002384F84831C4F80431BEE7304BEC
S3256021A9E01B78362B72D82F4A190102EB03135258DB6892681A4214BF0123002383F0010328
S3256021AA00002BDDD194F8901041B301390AF10800FBF750FFA58D0FFA80F8E769B8F1000F7D
S3256021AA2008D038460CF0DAFB4246416828460CF02DFC0546B4F84431AB420FD000233846CB
S3256021AA40C4F8407184F8F530A4F844510CF0C6FB2A46014604F5F470F5F701FF94F8F830BF
S3256021AA605FFA89F994F94080049394F93331434537D094F8EE307BBBA9F10403022B01D889
S3256021AA8084F83281012304932BE000BFF821002090E801209833002058260020D8330020F5
S3256021AAA0DC05012090030020A74B1B78362B11D8A64A190102EB03135258DB6892681A423B
S3256021AAC014BF012300239BE7A14B89E7002395E79F4BEAE7002393E7072E02DC012384F84D
S3256021AAE03D3194F93D3184F83381012B2CD194F9328194F88C10B1B301390AF10800FBF712
S3256021AB00E0FE40444FFA80FB8BF3020894F8A4702FB1791E0AF10800FBF7DAFE47B2B9F179
S3256021AB200F0F24D8DFE819F02100D600D600D600180118011801280060016001600160010A
S3256021AB40A801A801A801A801022BD2D1002384F83D31A9F10403022B4FF0010398BF84F809
S3256021AB6032810493C5E78B46D0E784F832810025B0462B462A4637E000235FFA88F1204633
S3256021AB8084F83D31FDF724FBC51994F932316DB2102DA8BF1025022DB8BF0225434507D13E
S3256021ABA094F93431AB4203D194F847319E420BD020464246FDF71DFB94F8EC10034600953C
S3256021ABC004F5B070FDF7ACFA049B84F8328184F8345113B10023A4F8603107234FF0FF38B8
S3256021ABE084F8473100231A464FF00109B8F1070F94F832B124DC59462046FDF7E9FA384488
S3256021AC0045B22FB1102DA8BF1025022DB8BF0225D4F80411002980F283810021C4F80411BE
S3256021AC200499681ED2B20191DBB200925146C2B22046FDF76FFF003818BF012084F8F000C6
S3256021AC405946204684F82EB1FDF7D3FAB8F1070FA4F8300184F8345100F07281D4F80431DB
S3256021AC6080B2184140F30003C707A4F8223103D5B9F1000F40F06B81002384F8F830079BB9
S3256021AC80012B3FF49DAEB4F81C31002B3FF498AEB4F91820002A40F0EC83039B132B00F369
S3256021ACA015840B2E00F31284059B002B40F04584284B1B78362B00F23884244A190102EB64
S3256021ACC003135258DB6892681A4214BF0123002300F02CBC94F8F050D4F8383115B30133A5
S3256021ACE020469E42B8BF0023C4F838314344DAB25BB2032BC8BF131F84F83231012394F832
S3256021AD003211FDF765FA514602462046CDE900930023FDF7FFFE049594F938313246B04677
S3256021AD20002561E7BBF1000FF6D094F832315B445BB2002B02DA84F83251EDE7032BC8BF74
S3256021AD40032384F83231E7E7DC05012090030020DE050120B936012094F8EC2084F84791E4
S3256021AD605ABB724B1B78362B0AD8714A190102EB03135258DB6892681A4214BF0122002271
S3256021AD8094F93C319A421EDAD4F83831A9F1030901335FFA89F94B45C8BF0023C4F8383115
S3256021ADA04344D9B25BB2032BC8BF0B1F84F832310123049384F83C21D9E65E4B1B78362B3F
S3256021ADC0D3D90022DCE7BBF1000FF3D094F832315B445BB2002B03DA002384F83231E9E768
S3256021ADE0032BC8BF0323F8E75FFA88F12046FDF7EFF9C51994F934316DB2D4F85CB0102DFA
S3256021AE00A8BF1025022DB8BF0225AB4207D194F846319B4503D194F847319E420AD005EB18
S3256021AE204501454B5FFA8BF204F50A7003EB4101FFF780FCA6F1080304F50A7084F8328186
S3256021AE4084F8345184F846B184F84791BBF1000F0AD10AEB830399680BF0C4FDB0460023BC
S3256021AE60C4F804011A46BFE6344A40F6FF7152F82330A1EB1321EFE75FFA88F12046FDF702
S3256021AE80A7F9C51994F934316DB2D4F85CB0102DA8BF1025022DB8BF0225AB4207D194F8CD
S3256021AEA046319B4503D194F847319E420AD005EB4501214B5FFA8BF204F50A7003EB410107
S3256021AEC0FFF738FC04F50A70A6F10C0384F8345184F846B184F8328184F84791BBF1000FF6
S3256021AEE012D10AEB830399680BF07CFDD4F80831C4F8040183424FF000030DD0B046C4F89C
S3256021AF00FC30C4F80801ADE70C4A40F6FF7152F82330A1EB1321E7E7B0461A46994665E67E
S3256021AF20A942C8BFC4F804517AE600BFDC05012090030020DE050120843400200C23012007
S3256021AF404FF6FF73A4F822310023C4F804314FF6FF7394F88010256AA4F81C31002940F00C
S3256021AF60DB806BB294F878100493002900F0DC8001390AF10800FBF7ABFC6FF00B0340B27D
S3256021AF800C28A8BF0C209842B8BF184608EE100A94F88410656A002940F0C9806BB206935D
S3256021AFA0072E049B03EB43054FEA452500F0CC8094F8EC3094F804219B00DBB25B4402EB14
S3256021AFC00313CB4A32F913302B44C4F8243104F5F473D4F8241108EE903A069BDB0118EE2D
S3256021AFE0900A09EE103A18EE103A19EE102A0DF09DF9D4F8C03094F8EC9003F10108D4F83E
S3256021B000C83006905F1CD4F8D0304FEA0848C4F824015D1CD4F8D4303F0401332D044FEA40
S3256021B02028281B043F1208F1FF381B122D12013F013B1FFA88F8013DBFB21FFA83FB079B30
S3256021B040ADB2023B022B5BD894F9A81031B101390AF108000AF06FFF08EBC00894F9AC109D
S3256021B06031B101390AF108000AF065FF07EBC00794F9B01069B101390AF108000AF05BFF1B
S3256021B0804FF6FE7305EBC0059D42A8BF1D4625EAE57594F9B41031B101390AF108000AF042
S3256021B0A04AFF0BEBC00BD4F8DC3094F8B8105B029BB289B101390AF1080009930AF03BFFE2
S3256021B0C0099B4FF6FE7203449342A8BF1346B3F5807FB8BF4FF480737021854AC3F34623E1
S3256021B0E001FB0922D4F8E01082F85214D4F8E41082F85314D4F8E81082F8503482F85414C1
S3256021B1009DF82030013B032B3FF6B6ADDFE813F0F20026014D01860101390AF10800FBF7DA
S3256021B120D0FB284443B21DE708EE101A30E701390AF10800FBF7BEFB284440B20B28A8BF41
S3256021B1400B2020EAE0732AE794F89810676E00294DD17FB207F1010894F89410D4F8609061
S3256021B1604FFA88F884F8668100294DD14FFA89F394F965219A4204D0012B5BD052DC002B9D
S3256021B18054D094F8629184F86531B9F1000F00F0AB80B9F1010F4FD1B8F1010F4CD10023CC
S3256021B1A084F8613184F8633194F8612194F9633103EB430104EB8203D3F8683103EB41235F
S3256021B1C094F864110A4484F8612194F86021013284F860211D446FF07F439D42C4F82451CC
S3256021B1E002BF0023A4F82231A4F81C31EFE601390AF10800FBF765FB07447FB2042FA8BF92
S3256021B200042727EAE777A5E701390AF10800FBF758FB00EB09035BB2042BA8BF042323EA31
S3256021B220E373A5E79A1ED2B2012AAAD8012284F86421A6E7FF22FAE7032B3AD009F1FF30A8
S3256021B240A9F1020140B249B294F96121914501DD002A0CDA94F9642194F863C1002A944446
S3256021B260D4BF0246002284F863C184F8612194F96321904501DD002A96DA94F96421002A12
S3256021B280D2B2D4BFBC464FF0000C022B84F863C18AD1524252B2002A84F86421D5BF8C4672
S3256021B2A04FF0010C3A46002284F861C184F86321CAE716F0FDFA4FF6FF7394F96621B0FB57
S3256021B2C0F3F3C3EB0343C01AC3B2C0F3072093FBF2F102FB113384F86331B0FBF9F309FB87
S3256021B2E0130084F861015FE76FF07F4372E700BFF0E00120A56A049B94F888101D44EDB294
S3256021B30031B101390AF10800FBF7DBFA2844C5B26DB2072E05EB45054FEA45251BD094F835
S3256021B320EC3094F82E219B00DBB2134494F8042102EB0313844A32F91330591918EE103A5E
S3256021B34019EE102A18EE900AC4F828110CF0EEFFC4F8280190E406992944EFE770217A4B16
S3256021B36000207A4D01FB09F15A1803F580630B44C2F80054A2F85A040225A2F80404A2F864
S3256021B3801084A2F81274B3F856101986D96D19624FF40031C3E91251D4F8C43082F85634BA
S3256021B3A0D4F8CC3082F8573466E47021664A02206D1001FB09F1531802F58062A3F85A04DC
S3256021B3C00A446248A3F80454C3F800040020A3F81084A3F80604A3F8127493F85804A3F8A5
S3256021B3E014B4B2F85610118683F83204B3F86014D06D10620320A3F824144FF40031C2E9C3
S3256021B4001201D4F8C42083F85624D4F8CC2083F85724D4F8D82083F858242DE470214A4A4E
S3256021B42002206D1001FB09F1531802F58062A3F85A040A444548A3F80454C3F80004002006
S3256021B44093F85854A3F80604A3F81084A3F81274A3F814B4B2F85610118683F83254D16DF0
S3256021B460B3F8605411623A49A3F82454C2E91210C7E7A2F1FF035942594194F87C3083B12C
S3256021B4800AEB83035B685B0203F2FF7302EB23331BB2F1B9FF2BA8BFFF23012BB8BF0123EF
S3256021B4A01A4694F82D31D4F8FC50934200D1F5B909B10B2E13DD4AF6AB2333FB02F303F345
S3256021B4C00F0303EB0213C4F8183110E0FF220121D3E740F2C7129342A8BF1346DDE7D4F8AE
S3256021B4E01401FF2A4FEA500019D1C4F8180184F82D2159B9D4F81421D4F818115308B1EB76
S3256021B500520F24BF43F00103C4F81831D4F81831AB420FD80023A4F81C31FFF751BA130219
S3256021B52033FB00F303F30F03CDE7059B83F00103002BEFD04FF6FF73EDE7064B1B78362BD6
S3256021B5407FF6BBAB1346F1E7F0E001200000FF7F03000200DD050120F8B5254F0C46254BFE
S3256021B5600546D7E90026D3F8B8070132D3F8BC1700F1010046F100060131C3F8B807C3F822
S3256021B580BC17C7E900262268D60741BF0026C3F8A007C3F8A467C3F8B867520705F584769F
S3256021B5A005F5587542BF00221348C0E902122146304648BFC3F8BC27FFF7D3F821462846EA
S3256021B5C0FFF7CFF8224630460021FDF78CFB224628460121FDF787FB224630460221FDF74A
S3256021B5E0AFFB224628460321BDE8F840FDF7A8BB18100120F0E0012090E80120022A00F1FC
S3256021B600040007D0032A08D0012A0A4608D10C210AF072BC0A460D21FAE70A460E21F7E75E
S3256021B6200B21F5E713B5044680F8F4200AB1A0F83011636D072B10D194F832112046FCF73E
S3256021B640D8FD034620460A46FCF7C2FD94F8EC10009004F5B070FCF763FD02B010BD416A2F
S3256021B66038B5044600F5A07503291FD8DFE801F00212161A00F24112002384F84031204628
S3256021B680FCF7A0FF04282ED0032929D8DFE801F0101F222500F241120123EEE700F2411289
S3256021B6A00223EAE700F241120323E6E72A46E6E71346092203F8012B0D221A7008225A7040
S3256021B6C01A1D03290ED8DFE801F02E33373B13460A22EFE713460B22ECE713460C22E9E704
S3256021B6E01346E9E79A1C152313700E23537094F83C30042B28D0911C19230B700F234B70C5
S3256021B70094F84030032B97BF10228B1CCB1C8A7016221A70E26D42B3013A012A20D89A1C4E
S3256021B720182159701DE0042199701121D970DAE7052199701221F9E7062199701321F5E797
S3256021B740072199701421F1E71D23D11D93701A23D3701B2313711C2353711E239371CBE7B7
S3256021B7605A1C521BC4F83C2138BD9A1C1721D8E72DE9F74F064600271E23DFF844A106F1E1
S3256021B780F004C0F8B070C0F8B8700121C0E92F37C83026F0D5FBA4F10409224600235AF8E8
S3256021B7A023100633BA2B42F8041BF8D17A000E212046002501920AF0E7FB019A0F212046BB
S3256021B7C04FF0FF380AF0E0FB4FF6FF734FF0010B04F1DC00A4F89230642384F87CB084F8BB
S3256021B7E0C9304FF47A73C4F88080A4F89080C4F88480C4F88880A4F89480C4F88C80A4F899
S3256021B8009680C4F8C45084F8C850C4F8985084F8B65084F8B45084F8B55084F8B750C4F8C1
S3256021B820B85084F8CB5084F8CC5084F8CD5084F8CE5084F8CA50C4F8D050C4E92F55C4E9C7
S3256021B8402755C4E92955C4E92B55C4E935330AF079FA04F1E8000CF02FF82B462A4659468B
S3256021B860484620F019F94846C4F82851FFF7F7FE102304F5B470C4F8308184F82C318023AA
S3256021B880C4F85C51142284F82D312946A36E04F5C07404F84C3C23F063F84FF4C07344F857
S3256021B8A0205C03FB0763C3F854523FB1D6F828324344C6F8BC3003B0BDE8F08F5F466AE7A6
S3256021B8C0A0300020F8B5044600260B460D4604F1EC071F221A49F0300DF032F9314632466D
S3256021B8E038460136FCF77CFE01463846FEF7BEFA042EF3D13846002604F51B77FFF7AFFE65
S3256021B9002B461F220E4904F51C700DF019F93146324638460136FCF763FE01463846FEF751
S3256021B920A5FA042EF3D13846FFF799FED4F82832013BC4F8BC30D5E90030C01AF8BD00BF9A
S3256021B940A03000202DE9F04F00258DB00446914E2F46A8464FF00C09D4F864222B0109FB57
S3256021B96007FA09FB08FB0AF1030070600BF10500B060D35C884AD05C1BF07AF9D4F80C33A3
S3256021B980AB4206D14B464A460BF1020150461EF025FF042F05F1010513BF013708F1010839
S3256021B9A00027BFB208BF1FFA88F8192DD2D194F863120C2794F85F020A23794378431A46FA
S3256021B9C0033101301EF0ACFF94F81033002B55D00AF084FA71481FF0CBF80525D4F80C039B
S3256021B9E04FF03E0A4FF0650B90FBF5F001301FF0E7F82C201BF03CF9D4F80C0390FBF5F51F
S3256021BA0005EB8505401B01301FF0DAF8D4F80C33D4F8647204F54A7094F8289307EB031705
S3256021BA20D4E9CD83A8EB03050AF077FC064607A82C460F25F5F72AFDA642594B02DA0DB091
S3256021BA40BDE8F08FA045CDF828B007A80CBF012200228DF81C200CBF4A4600228DF81D20FA
S3256021BA607E220B921822CDE908A502FB043257F824100C350134F5F71FFDDDE703AD4FF07E
S3256021BA800109DFF820A103A904F51B7094F87082FBF724FF0AF022FA55F8043F09F1010910
S3256021BAA0783393FBF7F207FB12335AF823001FF05FF87368B9F1040F03F103037360EBD19A
S3256021BAC0B8F1000F5ED12B201BF0D2F80F2604F54570DFF8D4A0DFF8D4B00AF01EFC814674
S3256021BAE007A894F81483D4E9C875F5F7CFFC7D1BA945A4DBAF424FF065020CBF012300238E
S3256021BB008DF81C300CBF43460023012D8DF81D304FF03E03CDE908364FF07E03CDE90A233F
S3256021BB2004F1B00353F825104FF0180303FB05A32ADC00298C4601F00702B8BF01F1070CDF
S3256021BB40484200F0070058BF42425FEAEC0C0BEB8202D2F8AC2E106801909288ADF80820F3
S3256021BB6001F0070200D11AB90CF1300C8DF804C0602207A80A920A4601A9F5F729FD0C3603
S3256021BB800135B5E72D209FE71A4607A8F5F794FCF5E700BFE430012038220020B2D90020F9
S3256021BBA040220020E81A0020A0220020582600202DE9F04F044693B0412606252746DFF822
S3256021BBC0E4914FF00208F5F7B3FB00900AF046FA202100980BF0E3F93046C9E901581BF080
S3256021BBE047F8D9F804300233C9F80430D7F8180108B11AF045FAD7F85012681F2035013622
S3256021BC00090F07F5E0771BF007F8862DF6B2E3D1D4F8B0000AF0B2F94FF4E073D4F8B06086
S3256021BC2004F1B4010AA85E430AF082FB05A806F1F00806F1F40A2644F5F728FCA044A24434
S3256021BC40DDE90F239A4209DDD4F8C8301BB104F1C80026F095F913B0BDE8F08F05A90AA86B
S3256021BC600AF0CAF830444C4D182290F858325AF8237002FB0355052B7BD8DFE803F0037A34
S3256021BC801D377A2C05A8F5F7CEFC9DF8153053B12B463A46079906200BF053F9D9F80430DF
S3256021BCA00633C9F804303D4B53F827001EF060FF05A8F5F7B3FCC3E7D8F804000BF08EFA1F
S3256021BCC0B6F8C811426807981AF005FA294605A81AF0F4F9B4E798F81030032B56D9032303
S3256021BCE02A46394605A8F5F745FCA9E7D8F81030DAB2062A18DC13F0FC0F37D0284B96F88E
S3256021BD00DB1118681B79039005A88DF81030131F8B4203A9A8BFD31E3A4641338DF80F30DC
S3256021BD202B46F5F755FC8BE7072A1FD1D8F83820079912F0F00FD3B296F8DB010CBF03EBCA
S3256021BD40430B4FF0300B01930091F4F79CFE019B4268802000990AF06BF8CBF17F032A4660
S3256021BD60394605A808930BF003F969E798F81830B3E7302B08D80C2B02D8063B012B05D826
S3256021BD80069B0233069301E0322BF9D02A46394605A8F5F791FB53E7D82B0020ACA1206068
S3256021BDA0EFD90020E43001201620704738B50222002314210446C0F81C2280F80C32C0E9EA
S3256021BDC0852100F1B002224850F8231006337E2B42F8041BF8D109230025102204F59C7022
S3256021BDE0C4F804314FF466432946C4F80C51A4F80851A4F81051A4F82251A4F82451C4F889
S3256021BE005C5184F85851C4F8E851C4F82651C4F82A51C4F82E51C4F83251C4E9453541F296
S3256021BE201333A4F81C31132384F81E3122F098FD8022294604F5B070C4E9785522F090FD61
S3256021BE404FF44073C4F8F451A4F8F83138BD00BFF0640020012904BF002380F810327047F6
S3256021BE6009207047704702780A2A0CD80123934040F2B672134208D113F0490F14BF012044
S3256021BE80002040007047002070470420704750F8210030B5441E0A2C24D8DFE804F00606A9
S3256021BEA00606102424242C343C000F3932F9211053F8202002EB011243F8202012E00F39F3
S3256021BEC0586832F9214000EB04105860986832F9214000EB0410986032F921101A6902EB89
S3256021BEE001121A6130BD0F3952F8211053F8202002EBA112E0E70F3952F821105A6A02EB17
S3256021BF00A1025A62EEE70F3952F821109A6A02EB41129A62E6E70F3952F82110DA6A02EBA2
S3256021BF208102DA62DEE7002300F5BA7180F87431052380F87531062380F87631037E10B5C2
S3256021BF40002B4FD100F277120A23137090F82830002B53D1531C1B22163303F8162C1C2245
S3256021BF6003F8152C1D2203F8142C1E2203F8132C1F2203F8122C202203F8112C0F2203F8EA
S3256021BF80102C102203F80F2C112203F80E2C122203F80D2C132203F80C2C142203F80B2CD6
S3256021BFA0152203F80A2C162203F8092C172203F8082C182203F8072C192203F8062C1A22B6
S3256021BFC003F8052C212203F8042C222203F8032C232203F8022C242203F8012C5B1AC0F8C9
S3256021BFE0703110BD072300F5BD7280F87731082380F87831092380F87931A5E70C230E2457
S3256021C00053700D23D4709370131DA4E74FF48470704750F82100032810B510D0052810D070
S3256021C02060B10D2406390138C4F1100452F8211053F82020A1400A4443F8202010BD0C2449
S3256021C040F0E70E24EEE72DE9F74F90461A460378044645690E461B02062101350C9FFF33CB
S3256021C06001922D044FF00B0B436603792D121B02013DFF334567714D8366037A1B02FF3310
S3256021C080C366037B1B02FF33036700F16403FFF7C0FF019A07212046FFF7BBFF019A08210F
S3256021C0A02046FFF7B6FF019A09212046FFF7B1FF606E80F310006066C043A26EC0F3072E05
S3256021C0C0E36E82F3100205EB4E05A2665FFA80FE94F810A0B5F8F89192B2B5F8FA5152439C
S3256021C0E0616FA5EB090583F3100C0EFB05F540F6FF7EC4F86CC009EB25204FF00109150D77
S3256021C100236FAEEB1252D4F828E009FA0AFA80B262634B4A83F3100302EA8C3CBEF10002B4
S3256021C1202367A3F5004318BF01221AEA080F1BB2206384F8582018BFC846726808BF4FF0F5
S3256021C140000881F310011AEA020F4FEA03136167C1F3072114BF4A46002208FA09F8C4F87F
S3256021C16038C084F86020374AE363D2F800A0364A216512680BFB07223AF81220D2431FFAD2
S3256021C18082FA91B1626D91420FDC002184F859906165002184F85910BEF1000F46D0236420
S3256021C1A04FEAEC73C4E912C306E0B8F1000FF0D194F859100029ECD1236C1B1AD4E9120110
S3256021C1C02364181841EBE3710128C4E9120171F100010BDA616D00201B130131616500213B
S3256021C1E0C4E91201A5F6FF714B4323644FEACA320023D4E91201824273EB010107DAA5F610
S3256021C200FF75C4E91223236C1B136B43236406EB87023E44D4E91231DB0B43EA41439364C5
S3256021C220022386F8683003B0BDE8F08F216C19449942D4BF21642364BEE700BFF064002029
S3256021C24000C0FF3FB4360120D805012024207047012904BF002380F8C0307047002300F112
S3256021C260A80280F8A830012380F8A930022380F8AA30032380F8AB30042380F8AC30052335
S3256021C28080F8AD30062380F8AE308369C3B900F1AF030D21063303F8061C0E2103F8051C69
S3256021C2A00F2103F8041C102103F8031C112103F8021C122103F8011C9B1AC0F8A4307047D3
S3256021C2C0072100F1B50380F8AF10082180F8B010092180F8B1100A2180F8B2100B2180F802
S3256021C2E0B3100C2180F8B410D3E750F8210048B101380F3932F9211053F8202002EB011207
S3256021C30043F820207047402070472DE9F047D4300021DFF8E0C0354C402901D1BDE8F0878C
S3256021C320D0F8C03000F1C405314E00F58270C3F140022B44374683424DD1BB1863454FD13E
S3256021C34001F10802CD103F23D210ED01D20105F17F0E02F17F0817F803A0A8EB030926689C
S3256021C36006F809A04FEA5A09266809F00809164449EACA1906F803A04FEADA0606F0040631
S3256021C38049EA06094FEA5A1606F0020649EA06094FEA4A1606F0400649EA06094FEACA06CB
S3256021C3A006F0200649EA06094FEA4A0606F0100649EA0609266849EADA19AEEB030A5FFA0E
S3256021C3C089F906F80A9026682E4406F80390013BC1D21031A0E713F801EB06F801EBAAE722
S3256021C3E015F8012B03F8012BA8E700BFE4300120F4EE012034EF0120012380F88030704789
S3256021C40090F9983000F5927110B533B1012B33D00A46521AC0F8202110BD0323092480F827
S3256021C42024314368042B0CBF1E23012380F82531022380F82631112380F82731062380F8AF
S3256021C4402831C369062BD7BF072200F2291300F5957380F82921026A052A04BF082203F870
S3256021C460012B0A221A700B225A7004229A700522DA709A181C71CCE71323172480F824318B
S3256021C4804368042B0CBF1E23122380F82531192380F82631112380F827311C2380F828310D
S3256021C4A0C369062BD7BF1A2200F2291300F5957380F82921026A052A04BF1B2203F8012B17
S3256021C4C014221A7015225A7016229A701822DA705A1DCFE7192070475820704738B50C46C3
S3256021C4E005460022194904F5C670F5F7F9F8D5F84831012B1DD0022B1ED02BB901221449FC
S3256021C50004F5E870F5F7ECF80022124904F5D770F5F7E6F8D5F8C832012B10D0022B11D00B
S3256021C5209BB901220C4904F5F970BDE83840F5F7D7B800220949E3E700220949E0E7002213
S3256021C5400849F0E700220849EDE738BD30D90020C4E000205ED90020DEE00020CDE0002001
S3256021C560D6E00020E7E00020F0E0002010B50C460222184904F5C670F5F7B2F804F5D770E6
S3256021C58002221549F5F7ACF804F5E87002221349F5F7A6F804F5F97002221149F5F7A0F843
S3256021C5A004F5057002220F49F5F79AF804F2362002220D49F5F794F804F5167002220B4957
S3256021C5C0F5F78EF804F27A2002220949BDE81040F5F786B830D900205ED90020F8E00020C5
S3256021C5E0FCE0002000E1002004E1002008E100200CE1002010B50C4600220C4904F5C670DF
S3256021C600F5F76EF804F5D77000220949F5F768F804F5E87000220749F5F762F804F5F970D6
S3256021C62000220549BDE81040F5F75AB8A2D90020EEE20020F2E2002009E300202DE9FF4729
S3256021C64091F8008004460E46B8F1030F21D14B88022B1ED14FF4C073D0F8B05003FB0505CA
S3256021C660EC356F6A28463946FBF7ACFF394681462846FBF7C7FF394603902846FBF7D0FF02
S3256021C680039B4FF6FF724946CDE900072846FDF719FCD4F8C8703FB1314604F1C80004B020
S3256021C6A0BDE8F04725F088BCB8F1020F60D17388013B072B17D8DFE803F01904162416163E
S3256021C6C01635D4F8B0504FF4C0735D4305F1F0002044426D0132152109F056FC18B12544C7
S3256021C6E0012385F86C3104B0BDE8F087D4F8B0504FF4C0735D4305F1F0002044426D013A8F
S3256021C700E9E7D4F8B0304FF4C072013303F00103C4F8B03002FB0343D3F82832013BC4F87A
S3256021C720BC30E0E74FF4C073D4F8B050D4F8C0205D436319134493F82C32093B032B10D81B
S3256021C740EC352544696A2846FBF73CFF04280246C9D0294604F1C80004B0BDE8F0470AF097
S3256021C76079BD94F8B43083F0010384F8B430BAE7B8F1030FB7D17388042BB4D14FF4C073AC
S3256021C780D4F8B05003FB0545D5F81011EC3528460391FBF717FF039906462846FBF720FF7E
S3256021C7A0039980462846FBF72DFF039981462846FBF736FF3D46824604F1EC0704F51B7451
S3256021C7C04B46424631463846CDE900A5FDF77AFB4B46424631462046CDE900A50135FDF785
S3256021C7E071FB042DECD17EE7F8B5D0F8C860044626B1C830BDE8F84025F08ABB4A88B2F58D
S3256021C800807F1ED1D0F8B020B1F9043013444FF4C07283F3010302FB03F5C0F8B03005F164
S3256021C820EC002044FEF71BFF63193146D3F82832013BC4F8BC3004F1B400BDE8F84009F097
S3256021C840B0BAB2F5007F4FD190F8B430D0F8B070B1F90410002BEED04FF4C0737B4303F17E
S3256021C860EC06E2180644D0F8C000024492F82C520E2D2ED00F2D09D196F84020032A05D1E5
S3256021C88096F83C20032A88BF01EAE17103F1F000204450F825200A44294609F075FB30B19A
S3256021C8A04FF4C073012203FB074383F86C21082D1ED015D8032D17D83046FEF7D0FE4FF45D
S3256021C8C0C07303FB0743D3F82832013BC4F8BC300AE096F83C20032AD8D196F84020D1E7FD
S3256021C8E00F2D02D80D2DE7D8F8BD162DE4D0FBE73046FEF7B4FE4FF4C07303FB0747D7F866
S3256021C9002832013BC4F8BC30012387F8A631EBE7B0F5705F4FEA420238B50D460146A8BF27
S3256021C9204FF470514FF4C0640C23284621EAE171B1FBF4F46343A1EBC31141F35811C1F122
S3256021C9403C011DF027FF204638BD2DE9F04786B007460D4600F5B27001A94FF0060809F05B
S3256021C960FCFC6C1CD7F82C1105F13A09204697F86361090FDFF8F4A01AF04EF997F83C0013
S3256021C98008FB06F604284FEA16264ED197F838310121D7F83421484609F04AFA38353C237C
S3256021C9A04FF0010CD910DAF8000003F00702043B05EBC1110CFA02F20C2B475C42EA0702E3
S3256021C9C04254EFD101980AF0B1F8324621463444FFF79EFF02980AF0A9F821460622FFF79A
S3256021C9E097FF03980AF0A2F80622A118FFF790FF04980AF09BF804F10C010622FFF788FFB5
S3256021CA0005980AF093F8C6F1060204F11201FFF77FFFC0F10F00144B0222810048460139A6
S3256021CA201DF06CFD06B0BDE8F087DAF8002005F11F07D35D43F01003D355F4F736FB142328
S3256021CA405843022300F2FF70C012002805DA4242414638441DF0C6FFA0E714BF0246012237
S3256021CA6041463846F6E700BF8A330020E430012010B504460021EC30FFF767FF04F51B7050
S3256021CA804021BDE8104060E738B50C46054621492046F4F72EFE04F121001F49F4F729FE71
S3256021CAA004F142001D49F4F724FE04F184001C49F4F71FFE04F1A5001A49F4F71AFE04F16A
S3256021CAC0C6001949F4F715FE95F8FC20174B04F1E700174903EB8203D3F814270AF018F8DF
S3256021CAE004F5C67003221349F4F7FAFD04F5D77003221149F4F7F4FD04F5E87003220F49B4
S3256021CB00F4F7EEFD04F5F97003220D49BDE83840F4F7E6BD55010120DCC5002010E10020E7
S3256021CB201BE1002020E1002026E10020F064002001C6002030D900205ED90020F8E0002037
S3256021CB40FCE0002070B50C4606462B4920462B4DF4F7CFFD04F121002949F4F7CAFD04F157
S3256021CB6042002849F4F7C5FD04F163002649F4F7C0FD04F184002549F4F7BBFD04F1A5003B
S3256021CB802349F4F7B6FD04F1C6002249F4F7B1FD04F1E7002049F4F7ACFD96F8C83004F5ED
S3256021CBA0C670032205EB8303D3F83017F4F798FD96F8CC3004F5D770032205EB8303D3F85B
S3256021CBC03017F4F78DFD96F8D03004F5E870032205EB8303D3F83017F4F782FD96F8D4308A
S3256021CBE004F5F970032205EB8305D5F83017BDE87040F4F775BD00BF2DE10020F0640020C8
S3256021CC0035E100203DE10020DCC5002047E100204DE1002052E1002058E10020114B18683A
S3256021CC2010B500EB40100C460F492044F4F761FD04F5C67000220D49F4F752FD04F5D770F5
S3256021CC4000220B49F4F74CFD04F5E87000220949F4F746FD04F5F97000220749BDE81040E7
S3256021CC60F4F73EBDEC0501205DE1002030D900205ED90020F8E00020FCE0002010B50C464C
S3256021CC800B4615220349B0300BF0E5FED4E90030C01A10BDF064002010B50C460B460A22DF
S3256021CCA00349B0300BF0D7FED4E90030C01A10BD786C0020F8B50D4600F1E00600F5807499
S3256021CCC0074FA64203D1D5E90030C01AF8BD2B462522394656F8040B0BF0BDFEF1E700BF5D
S3256021CCE0686D0020F8B50D4600F1D80600F52E74074FA64203D1D5E90030C01AF8BD30464D
S3256021CD002B460B22394678360BF0A5FEF1E700BFE0700020F8B50D4600F1D40600F2E44437
S3256021CD20074FA64203D1D5E90030C01AF8BD30462B461322394606F582760BF08CFEF0E7F3
S3256021CD40E871002010B50C460B461F220349B4300BF081FED4E90030C01A10BDB0730020A9
S3256021CD60F8B50D4600F5887600F50D64074FA64203D1D5E90030C01AF8BD30462B460A2231
S3256021CD803946F8360BF067FEF1E700BF9876002010B50C460B4615220349B0300BF0D0FEA6
S3256021CDA0D4E90030C01A10BDF064002010B50C460B460A220349B0300BF0C2FED4E900307C
S3256021CDC0C01A10BD786C00202DE9F84304460D4600F1E00600F58078DFF8349046450BD16D
S3256021CDE0D4F8E030D3F87031013BC4F8C830D5E90030C01ABDE8F88356F8047B2B46252207
S3256021CE00494638460BF09CFE3846FFF78CF8E5E7686D0020F8B50D4600F1D80600F52E74CA
S3256021CE20074FA64203D1D5E90030C01AF8BD30462B460B22394678360BF082FEF1E700BF89
S3256021CE40E07000202DE9F04104460D4600F1D40600F2E447DFF83080BE4209D1D4F8783139
S3256021CE60013BC4F8C830D5E90030C01ABDE8F0812B461322414630460BF062FE3046FFF7F3
S3256021CE80EDF906F58276E7E7E87100200AF0BCB80B78022B27D14B88013B072B2BD8DFE8CA
S3256021CEA003F0040B2A112A2A2A1BD0F8B81011BB2022B03009F089B8D0F8B810D9B96FF0DC
S3256021CEC01F02F6E7D0F8B830ABB990F80C2202B9012380F80C32704790F8103283F0010376
S3256021CEE080F810327047032B05D14B88022B04BF012380F8253170474B88B3F5807F09D176
S3256021CF00D0F8B830B3B9B1F9042090F80C12B03009F05BB8B3F5007F0CD190F81032B1F996
S3256021CF20042013B1D0F81C12F1E7114600F5047008F037BF704710B500F1B0020023104C68
S3256021CF4054F8231006333C2B42F8041BF8D100230C4AC0E93A33C0E93623C0E93832C0E9BC
S3256021CF603C23C0E93E32C0E94033092280F86031C0F878310223C0E96032C0F8883110BD63
S3256021CF80786C002099991900F8B5314C256D284619F00FFE0822002304F14001013A53D298
S3256021CFA0626D6FEAD303681C02EB4511C3F38523284D04EB4101A1F85830414200F0070383
S3256021CFC001F0070158BF4B420021236543074FF0010002BF013202F01F026265636D013328
S3256021CFE00B44013103F01F031F2904EB430204EB4306B2F89820B6F858604FEAE20702F084
S3256021D000070206EBC7162F6800FA02F217F806C042EA0C02BA5504EB430204EB4303B2F8FC
S3256021D0201821B3F8D8304FEAE20602F0070203F1400300FA02F203EBC6132E68F75C42EA60
S3256021D0400702F254CAD1F8BD31F8020B0344A5E7F4EE0120E43001200A780346022A24D17D
S3256021D0604A88013A072A20D8DFE802F00C041F121F1F1F19B030D3F87811202201B1012139
S3256021D08008F0BCBFB030D3F878116FF01F02F5E7D0F87821C2F10102C0F87821704790F85F
S3256021D0A07C2182F0010280F87C2170474A880346B2F5807F08D1B1F90420B030D3F878116F
S3256021D0C001B1012108F09ABFB2F5007F0DD1B1F9042090F87C1119B1D0F88811B030F1E7DA
S3256021D0E0114600F5BE7008F05CBE70472DE9F84F044600F1DC0B00F1FC090027DFF89CA0B7
S3256021D100DFF89C805BF8046F76BB4FF4D07022F0BFF93346054602465AF823100633DE2B7E
S3256021D12042F8041BF8D13A4605212846002608F07DFFD8F85832314605F1A8005A1CC5F8F6
S3256021D14094300B23C8F85822C022A5F89830C5E9276621F005FC2846C5F89C61C5E95A66F2
S3256021D160FEF7E1FECBF800500137CB4507F00307C8D10023D4F8E02084F8B030D2F87021B9
S3256021D18084F8BC30013AC4F8CC3084F8DC30C4E92D33C4E93132BDE8F88F00BF686D002028
S3256021D1A0F4EE01202DE9F04F04469DB00E4600F580750F1D00F592782846043545457BD113
S3256021D1C0D4F800313746A44D0893D4F804310993D4F808310A93D4F80C310B93D4F81031CF
S3256021D1E00C93D4F814310D93D4F818310E93D4F81C310F9357F8443B0193D4F8E430D3F8DA
S3256021D2009420702303FB025292F86C10D4F8E820D2F8942003FB025292F86C20120442EAEC
S3256021D2200122D4F8E010D1F8941003FB015191F86C100A43D4F8EC10D1F8941003FB0151F4
S3256021D24091F86C1042EA01620592D4F8F020D2F8942003FB025292F86C10D4F8F420D2F8C0
S3256021D260942003FB025292F86C2041EA0221D4F8F820D2F8942003FB025292F86C2041EAC8
S3256021D2800241D4F8FC20D2F8942003FB025393F86C3041EA0363039306F16703029304F1D2
S3256021D2A0DC03009306F164036C4E0493049B9F4207D11DB0BDE8F08F57F8041F08F07CFE99
S3256021D2C07AE7009B4FF000084FF47A7153F8044FCDF8408000932046A38801331B041B128F
S3256021D2E0013B1193238901331B041B12013B1293A38901331B041B12013B1393238A01334B
S3256021D3001B041B12013BCDE9143894F82830169394F82C30179394F830301893D4E908324F
S3256021D32001FB023308AA0F211993D4F884305B029BB21A93D4F88C305B029BB21B9310AB35
S3256021D340FEF7A5FD08AA10212046FEF7A0FD08AA11212046FEF79BFD08AA12212046FEF7BD
S3256021D36096FD08AA13212046FEF791FD08AA14212046FEF78CFD08AA15212046FEF787FD32
S3256021D38008AA16212046FEF782FD129B83F3100E149B83F31009169B11994345139A81F3C0
S3256021D3A0100182F310021191CDF848E01392CDF8509031DACDF85880179B002B31DA0023C2
S3256021D3C01793189B002B30DA00231893199B002B2FDA002319931A9B002B30DA00231A93F5
S3256021D3E01B9B002B31DA00231B93D4F894C0702394F800A003FB0C58BAF10A0F43D8DFE802
S3256021D4001AF02F002701480167018201AD01D801EE011002600232021F2BC4BF1F2316931A
S3256021D420CAE7202BCDDD2023CAE7202BCEDD2023CBE7B3F5803FCEDB4FF6FF73CAE7B3F5C0
S3256021D440803FCDDB4FF6FF73C9E7B3F5803FCCDB4FF6FF73C8E700BFF0E401200000FF7FD1
S3256021D46003FB0CF30020EA18A2F85A00EE50B2F8563090801386D36D118213620223A2F8F4
S3256021D48012E0C2E91230D4F888301A9A191E4FF0700318BF012103FB0C53A3F8622083F817
S3256021D4A0641094F8982052450BD084F898A0B3F84820B3F938109142C1BF00221A871A646C
S3256021D4C09A877023E26D03FB0C5383F85220226E83F85320626E83F85420E26E83F85620FA
S3256021D4E0226F83F85720626F83F85820A26FA3F85C20E26FA3F85E20D4F88020A3F8602045
S3256021D500BDF86C20520A83F850206069032800F305820123019A8340C0B2134214BF4FF033
S3256021D520010B4FF0000BF4F789F8814604F5CE70BBF1000F40F00E8294F899200121F4F7D7
S3256021D540BDF8BBF1000F04D0D4F89C300133C4F89C3094F834309DF858A09DF85C109DF899
S3256021D56060209BB1013B0120DBB200FA03F3019803420BD0D4F8A03094F83800013383426C
S3256021D580C4F8A03024BF0023C4E92733BBF1000F0ED094F828305BB10AF10100D4F89C304E
S3256021D5A0C0B2CDE906120AF077F98346DDE9061284F8A4A084F8A51084F8A620BBF1000FA5
S3256021D5C014D0207E90B1199B4FF47A725A430DD00128D4F86831E16940F0BE818B4203D2BB
S3256021D5E004EBC303C3E92A224FF0000B0021182320464FF0FF3C8E46C4E95A31013B80F0B9
S3256021D600B081002940F0CD814FEA4B01C9B2B9F1000F40F0C881A36E002B40F0C48194F83C
S3256021D6209930002B40F0C281404684F899900BF01DF9D4F8903013B1C0F5FF407F30029A31
S3256021D6404000022347F8040F02F8013F02922DE603FB0CF352104FF0020BE818A0F85AB05E
S3256021D660EE500023828090F85820018280F83220B0F85610C26D01860262B0F86010C04A29
S3256021D680C380A0F812E0A0F8149081848264C364F9E603FB0CF352104FF0020BE818A0F8C6
S3256021D6A05AB0EE5000238280018290F85820B0F8561080F832200186C26DB0F860100262E9
S3256021D6C00322C380A0F812E0A0F814908184DDE703FB0CF30020EA18A2F85A00EE5092F8F1
S3256021D6E05630908082F8303092F85830118282F83130B2F85C30A2F812E01384B2F8603020
S3256021D7005384A04BBDE603FB0CF352104FF0020B89B2E818A0F85AB0EE5047F6FF738280A6
S3256021D72090F85620018280F8322090F85820818280F83320B0F85610C26DC380002301861F
S3256021D7400262B0F85C10B0F860200381C284A0F812E08D4AA0F81690818497E703FB0CF3B9
S3256021D76052104FF0020B89B2E818A0F85AB0EE5047F6FF73828090F85620018280F832205D
S3256021D78090F85820818280F83320B0F85610C26DC380002301860262B0F85C10B0F860206A
S3256021D7A00381C2840422A0F812E0A0F8169081846CE703FB0CF30020EA18A2F85A00EE5081
S3256021D7C0B2F85630118202211386D36D908013624FF40033A2F812E0C2E9121353E603FB75
S3256021D7E00CF34FF0020B5210E818A0F85AB0EE5000238280C38090F85830B0F8562080F807
S3256021D8003230C36D028603620323B0F8602083644FF440330182A0F812E0A0F814908284C8
S3256021D82035E703FB0CF34FF0020B5210E818A0F85AB0EE5000238280C38090F85830B0F89A
S3256021D840562080F83230C36D028603620323B0F8602083644FF400330182A0F812E0A0F884
S3256021D8601490828413E703FB0CF34FF0020B5210E81889B2A0F85AB0EE5047F6FF73828006
S3256021D880C3800023B0F85620038190F85630028680F8323090F85830B0F85C2080F833307A
S3256021D8A0C36D01820362B0F86030A0F812E0C3840423818283644FF48023A0F81690828485
S3256021D8C0E5E603FB0CF34FF0020B5210E81889B2A0F85AB0EE5047F6FF738280C380002319
S3256021D8E0B0F85620038190F85630028680F8323090F85830B0F85C2080F83330C36D0182CD
S3256021D9000362B0F86030A0F812E0C384042381828364A0F816901D4B8284B8E6A0F1040B17
S3256021D9200599DC45D8BFA0F1030B4FEACB0BCBF12002ABF1200321FA0BFB039901FA02F213
S3256021D94021FA03F34BEA020B4BEA030B0BF0010BD946EBE55A46F1E58B4228BFD4F86C3121
S3256021D9603EE6D0F86421CAB13C2A11D93C3A62453CBF9446C4F86C31C0F8642108383DE6F9
S3256021D98003000200020001000400020001000300C0E958EE0121C4F86831EFE7C4F868315D
S3256021D9A0ECE7022133E641F001013DE641F004013AE60B78022B31D14B88013B072B2DD82D
S3256021D9C0DFE803F00D042C132C2C2C3AD0E92D3120223833013150F8230008F053BBD0E9D8
S3256021D9E02D316FF01F023833F4E790F8B030012B1BD190F8C03093B1D0F8B430D0F8CC20E0
S3256021DA00383350F82330134493F874310C2B06D190F8DC3083F0010380F8DC30704700237B
S3256021DA2080F8B03080F8C0307047012380F8B030002380F8BC30704790F8B03023B990F862
S3256021DA40BC3083F00103F4E790F8C03083F0010380F8C0300023DFE74B88B3F5807F70B522
S3256021DA60044665D190F8C030B1F90420D0F8B410F3B301F1380350F82300D4F8CC30034480
S3256021DA8093F874310C2B33D194F8DC3090F8285013B31544002D2ADD2A460A2108F0C6FA56
S3256021DAA0D4F8B430383354F8230090F82C30AB4203DD6A1C0B2108F0B9FAD4F8B43038332C
S3256021DAC054F8230090F830309D4210DA2A460C21BDE8704008F0AABA90F82C309D4204D3B7
S3256021DAE00B21BDE8704008F0CDBA002AF8DB70BD0A44D4F8B85082F30302002DC4F8B4201C
S3256021DB0002F1380254F8221008DA0023C4F8B830D1F87031013BC4F8C830E8E70846FEF7BE
S3256021DB20A2F98542A4BF00F1FF30C4F8B800EFE7B3F5007FDBD190F8B030B1F90420BBB9B2
S3256021DB40D0F8B430D4F8B810383350F8230094F8BC300BB10131C4E7511807D4FEF783F962
S3256021DB60884200DC411EC4F8B810C0E71946FAE790F8C0303BB3D0F8B430383350F8235076
S3256021DB80D0F8CC302B4493F874610C2E0FD195F8281095F83030994204D93146284608F00A
S3256021DBA071FA01E0002AF8DBD5F87031B2E73146284608F067FA062E01D00A2EF4D12846E0
S3256021DBC0FEF7B1F9F0E71146C030BDE8704008F0E8B8F8B5D0F8E03004466C4ED3F894002C
S3256021DBE01DF0B0FB402828BF402085B20020A8426BD1D4F8E430654ED3F894001DF0A2FB1E
S3256021DC00402828BF4020203085B22020A84268D1D4F8E8305D4ED3F894001DF093FB4028F3
S3256021DC2028BF4020403085B24020A84265D1D4F8EC30564ED3F894001DF084FB402828BF29
S3256021DC404020603085B26020854262D1D4F8F0304E4ED3F894001DF075FB402828BF402089
S3256021DC6085B20020854260D1D4F8F430474ED3F894001DF067FB402828BF4020203085B245
S3256021DC80202085425DD1D4F8F830404ED3F894001DF058FB402828BF4020403085B24020D1
S3256021DCA0A8425AD1D4F8FC30384DD3F894001DF049FB402828BF4020603084B26020A042C4
S3256021DCC057D1BDE8F84009F09FB936F9021B471CC1F384214A1CC1F11F011CF017FD384689
S3256021DCE085E736F9021B471CC1F384214A1CC1F11F011CF00BFD384688E736F9021B471C41
S3256021DD00C1F384214A1CC1F11F011CF0FFFC38468BE736F9021B471CC1F384214A1CC1F1D4
S3256021DD201F011CF0F3FC38468EE736F9021B471CC1F384214A1CC1F13F011CF0E7FC384681
S3256021DD4090E736F9021B471CC1F384214A1CC1F13F011CF0DBFC384693E736F9021B471CDB
S3256021DD60C1F384214A1CC1F13F011CF0CFFC384696E735F9021B461CC1F384214A1CC1F17B
S3256021DD803F011CF0C3FC304699E700BF50F101202DE9F84F1E4A0027054600F1D80402F5DF
S3256021DDA03F6B02F545684FF0280A40F6FF793E46204600215BF821200631422940F8042BC7
S3256021DDC0F8D139464046F3F722FB22690137114B9042E663A36318BF2061042F84F85960E7
S3256021DDE084F86060C4E90CA9C4E9146604F17804DED10123C5F8B460C5F8C46085F8B03084
S3256021DE000A23C5E92E66C5E93236BDE8F88F00BFF064002000C0FF3F304B2DE9F047064685
S3256021DE2000F1D404002703F6F84903F563682246002359F823100633722B42F8041BF8D167
S3256021DE4039464046F3F7E3FA636B00250137984247F6A673A4F84C50A4F84E304FF001037F
S3256021DE6018BF60632046A4F850309A464FF07F4384F86950256663667F2384F8685084F843
S3256021DE80523084F8533084F854300D2384F87050A4F85630C4E91655FEF7E0F904F1C4004D
S3256021DEA04022294620F05CFD042F84F8BC5004F5827444F8445CBAD1D6F87831C6F8B45057
S3256021DEC0013B86F8B0A0C6F8C450C6F8CC50C6F8C830C6E92E55BDE8F08700BFF0640020CE
S3256021DEE00B78022B20D14B88022B0BD0082B15D0012B19D17822D0F8B83002FB03036FF045
S3256021DF001F0205E07822D0F8B83002FB03032022D0F8BC1003F1D8001DF092BD90F8C030B1
S3256021DF2083F0010380F8C03070474B88B3F5807F09D1B1F90420D0F8B830134483F3020320
S3256021DF40C0F8B8307047B3F5007F13D190F8C030B1F9042053B1D0F8B830782101FB030343
S3256021DF60D0F8CC1003F1D8001DF06ABD1146C03007F017BF70472DE9F04F00268DB00546A8
S3256021DF800C461D22314604A80396DFF818A120F0E7FCDFF814B105F1700301930DF10C087F
S3256021DFA04FF00009474609F101097823019A03FB09F3D35CB34208D1B8454A465FD1404691
S3256021DFC00DF11108594623F055FCB9F1040FEAD1002306EB461001363946204488F80030F4
S3256021DFE0F3F787FB042ED9D104F5847304F184080193A9464FF0000A3E46DFF8B0B0D9F889
S3256021E000F0300AF1010A73B1204ABE42304602EB830318BF5946524608BF1D49D3F8A03105
S3256021E02023F028FC0644BAF1040F09F17809E6D100234046394608F1210833700435F3F7D8
S3256021E04058FB019B9845D4D104F5C67002221149F3F746FB04F5D77002220F49F3F740FB0F
S3256021E06004F5E87002220D49F3F73AFB02220C4904F5F970F3F734FB0DB0BDE8F08F4046D4
S3256021E080514608F1020823F0F5FB9EE7E87500207BE1002081E1002087E100208DE1002046
S3256021E0A093E1002076E100206FE100207AE100202DE9F04116461A4603798EB00D4601686A
S3256021E0C01B02044609030192FF33DDF8508001F47F210393037BFF311B0202910F21FF33F1
S3256021E0E00493037C1B02FF330593037D1B02FF330693037F1B02FF33079390F820301B02D4
S3256021E100FF33089390F824301B02FF33099390F828301B02FF330A9390F82C301B02FF33E5
S3256021E1200B9390F830301B02FF330C93037A1B02FF330D9302ABFEF7D8F8019A10212046D4
S3256021E140FEF7D3F8019A11212046FEF7CEF812212046019AFEF7C9F804F1700104F1A000A5
S3256021E1601A6882F3100241F8042F884243F8042BF6D1BDF8083004F14C00A76BA4F84C3050
S3256021E1801B0B003FA269A4F86A30049B18BF0127B2F1000E079A4FEA2323DDF80CC018BF6B
S3256021E1A04FF0010E84F8687084F852301FFA8CF1059B6FEA0C0CA4F84E10490B1B1284F89A
S3256021E1C069E000291FFA8CFC84F85330069B4FEA232384F85430089B4FEA032303EB024351
S3256021E1E0099A13440A9A23660B9B4FEA032303EB02430C9A134494F8342063660D9B4FEAB2
S3256021E2002323A4F8503001F1010308BF02235CFA03FC4FF0010308BF4FF0010C9340A4F819
S3256021E2206CC033426A6814BF0121002113404900002B14BF0123002323D041F0010184F84B
S3256021E24070300AF067F905EB8803454498640323C0F30F2085F8683094F8BC3083420DD006
S3256021E260D4F8C030C0B25A1C23443F2A83F8C4000ED90023C4F8C03084F8BC000EB0BDE813
S3256021E280F08194F87020002AD9D041F00401D6E7C4F8C020F0E70B78022B22D14B88022B8E
S3256021E2A00CD0082B17D0012B1BD14FF48272D0F8B83002FB03034FF0FF3206E04FF4827252
S3256021E2C0D0F8B83002FB03030122D0F8BC1003F1D4001DF09FBB90F8C03083F0010380F8B7
S3256021E2E0C03070474B88B3F5807F73B5044613D1D0F8B820B1F9043013444FF4827283F39E
S3256021E3000203C0F8B83002FB0303D3F87831013BC4F8C83002B070BDB3F5007FFAD190F811
S3256021E320C030B1F90420CBB1D0F8B8504FF482735D43D4F8CC3005F1D40025442B442044A6
S3256021E34093F87C61019031461DF064FB062E0198E0D1FDF783FFD5F87831D8E71146C030EA
S3256021E36002B0BDE8704007F01CBD2DE9F04F00258FB006460C461D22294606A80595DFF81B
S3256021E3801CA120F0EDFADFF818B1331D03930DF114084FF00009474609F101094FF4827391
S3256021E3A0039A03FB09F3D35CAB4208D1B8454A4662D140460DF11708594623F05BFAB9F136
S3256021E3C0040FE9D1002305EB451001353946204488F80030F3F78DF9042DD8D104F584737E
S3256021E3E004F18408B1460393CA464FF0000B3D46DAF810310BF1010B73B1234ABD42284692
S3256021E40002EB830318BF21495A4608BF2049D3F8B83123F02FFA0544BBF1040F0AF5827AFE
S3256021E420E6D14FF0000A4046394608F1210885F800A009F10409F3F75CF9039B9845D3D1AC
S3256021E44004F5C674134D303E134F0AF1010A4FF4827320463A4603FB0AF303212234F35CEA
S3256021E46055F823300093534618F0C4FBBAF1040FEBD10FB0BDE8F08F4046514608F1040803
S3256021E48023F0F8F99BE700BFE87500207AE100207BE1002074240020AAD9002099E1002047
S3256021E4A09AE1002038B50A4604460D460430032107F0ECFD0123A4F8885084F8803038BD6F
S3256021E4C038B5436804460D4699421AD0084608F085FE4FF6FF714068236981409AB223EAEF
S3256021E4E001039BB20BB942F0010204340321204607F0CCFD2A4620460021BDE8384007F0BE
S3256021E500C5BD38BD38B504460B461F220D46B4300A490AF015FB04F1B000FDF771FFD4F8CB
S3256021E520B410C4F84812FFF7CBFFD4F8D031013BC4F8FC31D5E90030C01A38BDB0730020C8
S3256021E5402DE9F84F06469A464B688B469DF82C009146C3F3C00396F86C109DF8288040EAA5
S3256021E560030596F99340376A39B978B2052836D8DFE800F033430E6B970E01390BF1080029
S3256021E580F8F79FF9384440B2002826DB0528EDDD052F12D196F9703096F82470002B35D146
S3256021E5A03FB24FF4807013F0A5F98742C2BF96F8993083F0010386F8993096F89930E4B2C3
S3256021E5C0B3B35DB9013464B24C4509DBC24576D34FFA89F486F8995002E035B100240025EA
S3256021E5E0284686F89340BDE8F88F013464B24C45F4DC0CBF01250025F2E715B14FFA89F482
S3256021E600EDE7013C64B2002CF3DAF7E70BEB830BDBF804305B0203F2FF7307EB23373FB2E9
S3256021E620B7F5807FA8BF4FF4807727EAE777B8E7002DE3D1013C64B2002CD1DCBAF1000F32
S3256021E6403FD1012386F89930C8E796F89910002396F8962099B10AB9013464B286F89630CF
S3256021E660002DBBD14C45BBDBC2454FF0010326D34FFA89F486F8995086F89630B0E70AB925
S3256021E680013C64B286F89630002DB7D1002CA7DCBAF1000F15D1012386F8993086F89630A9
S3256021E6A09CE709F1010013F025F9002D96D144B2A14595DC13F0FCF800F0010590E70125C9
S3256021E6C08EE74FF0FF358BE72DE9F0410446B43000234549024651F823500633BA2B42F8D7
S3256021E6E0045BF8D104F1B0060246002351F823500633BA2B42F8045BF8D1002504210127A7
S3256021E7002A4684F8485107F0C1FC05213046FFF7D7FE4FF0FF3304F5A870A4F83071C4F857
S3256021E7203431324BA4F8385184F84971A4F84A5184F84C51C4F83C51C4E9503507F002FB56
S3256021E7404FF47063A4F89C71A4F8BE3104F5CE73C4E9705523F8025F8035ADB2B5F5006F93
S3256021E760F8D104F5AE770025384609F0A5F808F0E1F8D4F8B400B4F8C08084F83051C4F8FC
S3256021E7803401A4F8388108F029FD424601463846F2F765F83046C4F8C851FDF731FE1E2308
S3256021E7A0294604F50270C4F8F851C4E97F3523F0C7FB4FF4E0633046C4F82C52A4F8443275
S3256021E7C00523A4F83452C4F84832C4F8405284F84652C4E98E55FDF713FED4F8D031013B32
S3256021E7E0C4F8FC31BDE8F081B073002001010100012938B504460DD1002500F5027000F88A
S3256021E800145C08F067FD044BC4F82C52B3F85C20A3F85E2038BD00BF6C2301202DE9F04131
S3256021E82090F94351002490F947712E0190F840810536A5420AD13B462A4606213046013497
S3256021E84018F022F9A045F4DABDE8F08120013B46224604210630F2E7F8B5076E04462C4A25
S3256021E860B7F5005F967984BF2A4B036516B900263046F8BD92F83C0092F83D10C3B28842DB
S3256021E880CAB238BF0C339B1ADBB2002BEFD0A56D17F03CFBB4F86820E36D2844012A03F1B4
S3256021E8A00103A0650CBF4FF400628022E3659742DDD9194AB0FBF3F0D2ED006A07EE900A36
S3256021E8C0D4F8BC30F8EE666AF8EE677A5A1C04EB8303092A86EEA77A84ED127A83ED307AB2
S3256021E8E04FF0000311D9C4F8BC300122A36584ED2E7A84F85420094AC4E9173382F8603035
S3256021E900074B1B68C2F81031B2E7C4F8BC20ECE7E0E801209FE10020D40501206C23012069
S3256021E9204C4501202DE9F04F0F46054600F5E47400F688190021DFF85C832DED028B8BB00C
S3256021E940A145A4F1B80637D1CC4C002940F00182CB4A9379002B00F0FC8192F83C0092F8F2
S3256021E9603D10C3B28842CAB238BF0C339B1ADBB2002B00F0EE8105F50D6696ED008B17F084
S3256021E980C5FA07EE900AD5F8E018B8EE676B2268D5F8D838521A40F2EE2136EE086B013386
S3256021E9A08A4286ED006BC5F8D83800F2DF810BB0BDEC028BBDE8F08F54F8B03C54F8B8CCEA
S3256021E9C0002B4BD054F8842C54F8AC0C3C3208FB00F044F8842C824208D354F8802C002066
S3256021E9E0C2F1010244F8840C44F8802C54F8802C02FB03CC54F8B43C0C2202FB0C3354F870
S3256021EA00902CDB0107EB82003A4444F87C3C8364002382F8683014F878BCBBF1000F00F0EA
S3256021EA20968154F8683C002B74D114F8633C002B70D114F8773C013B0D2B6BD8DFE813F081
S3256021EA40110055006A0087008700870087008700870087008700870087004A0144E921334D
S3256021EA60C8E73046FFF7F8FE002853D054F8543C0A2B36D954F8703C6946204644F86C3CA2
S3256021EA8007F02AFB0A23DFED7F7A6A46B2EC017A013B77EE877AF9D114ED1C7AF2EE066AC5
S3256021EAA0FF2244F8543C37EE877A44F8743C04F84E3C24F84A3CC7EE267A24F84C3C24F893
S3256021EAC0502C04F8643CB6EE007A77EE877AFCEEE77AF8EE677A44ED1C7A14F8773C013347
S3256021EAE032E0013344F8543C14E034F9483C664A06EB830654ED1C7A02EB8302013392EDB2
S3256021EB007B7A1BB267EE877A092BC6ED1D7A17DC24F8483CD5F8F03042F28D02013393428C
S3256021EB20C5F8F03009D9D5F8F430013303F00703C5F8F4300023C5F8F030F8345946FFE6DC
S3256021EB40002324F8483C032304F8773CE2E73046FFF782FE0028DDD054F8542C40F2DC51E1
S3256021EB6014F8773C8A4252D9052B0FD9B7EE047A54ED1B7A67EE877A14ED1C7AF4EEC77A37
S3256021EB80F1EE10FAC4BF414B44F8683C54F874AC46F2666120460AF54C5233328A426946C8
S3256021EBA084BF3B4B44F8683C07F096FA0A22DFED357A6946B1EC017A013A77EE877AF9D1C5
S3256021EBC014ED1C7AF2EE066A14F8771C77EE877A54F8683C01F14C0087EEA67A04ED1B7A79
S3256021EBE026F810A0002B95D1FF23013144F8542C44F8742C04F84E2C24F84A2C24F84C2CA7
S3256021EC0024F8503C04F8642C04F8771C82E706EB830354ED1C7A013293ED197A44F8542CF1
S3256021EC20B4EEE77AF1EE10FA36DD14F84E3C33B934F8503C5B0843F0010324F8503C0123AE
S3256021EC4034F8502C04F84E3C012A54F8743C134444F8743C34F94C3C02D1013324F84C3C35
S3256021EC6034F94C3C052B7FF755AF34F94A3C052B7FF750AF40F6B83334E700BF4C450120A9
S3256021EC80E0E8012000000000E8750020A4E10020AAE1002040420F00E2D514F84E3C33B175
S3256021ECA034F8503C5B0843F0010324F8503C002334F8502C04F84E3C012A54F8743CA3EBCD
S3256021ECC0020344F8743C02BF34F84A3C013324F84A3CC5E754F8583CB3F5FA6F14D934F9BC
S3256021ECE0483C54F88C2C03F15001580032F8132036F911100A44B2F5803F0ED32B4B44F874
S3256021ED00683C0F2304F8773C34F9483C0A2B7FF701AF012304F8633CDFE654F8901C0A2B2A
S3256021ED2003F1010307EB81063944B2644FF0030681F8686054F8881C0844428004BF0122DB
S3256021ED400A70002224F8483C44F8582CDCE78B46F3E6D5F8E02823689B1A154A93427FF605
S3256021ED6026AE05F6DC0500232B6020E607EE903A104A0023B8EE677BD2ED004A05F6DC0202
S3256021ED80F8EE644A86EE075BBCEEC55BB8EE455AC4EE857AC2ED007A0022C6E90023002382
S3256021EDA0C5F8D8382368C5F8E03800E6B0E10020A0860100D405012003290BD8DFE801F020
S3256021EDC002040608806B7047C06B7047006C7047406C7047002070470B682DE9F04F0446A5
S3256021EDE089B000F5A87003F001050E46029006F0AEFF02982DB1B4F8D8304A4AD15C06F0E1
S3256021EE00B4FFD4F8502112F0010200F0F982D4F8C430D4F8BCA00593D4F8DC304FFA8AF8E8
S3256021EE20D4F8CC500293D4F8E0306FB294F800210693D4F8B83004932AB1511E06F10800F7
S3256021EE40F7F738FD0246002194F83031D4F8B4B0B4F8C09084F830115AB1584603930792F1
S3256021EE6008F0BCF9079A4168484608F00FFA039B81463BB9D4F834319B4503D1B4F8383132
S3256021EE804B450CD05846C4F834B1A4F8389108F0A5F94A46014604F5AE70F1F7E0FC94F906
S3256021EEA04B31434503D194F94A31BB4204D0002384F8478184F84431D4F8181184F84A7196
S3256021EEC084F84B8149B3013906F10800F7F7F9FC50444FFA80FA8AF30208D4F82411F1B1CA
S3256021EEE0013906F10800F7F7ECFC4FFA80FB04F1B0090E2F00F26E82DFE817F016006F0197
S3256021EF006F016F01B601B601B601FB01FB01FB01FB0143024302430243028A46DDE78B46FC
S3256021EF20E5E700BFF821002084F847813A46B8463D460397062F94F947A13EDC94F8C8305F
S3256021EF40012B40F04C82C34B1B78362B00F24A82C149180101EB03130958DB68896819422B
S3256021EF6014BF012700275FFA8AF14846FFF724FF584445B2BBF1000F01D085F3030594F941
S3256021EF804331002B80F23082002384F8433195B194F84131BB420ED99DF80C3002F0010226
S3256021EFA0314648460192EAB200935FFA88F3FFF7C7FA84F8450184F8417194F94331A74997
S3256021EFC003EBCA0384F8405103EB8303CA1811F903A092F9023092F904500393069B92F981
S3256021EFE003801D446FF0050392F90170062DA8BF06259D42B8BF1D46B8F1000F00F0F981A3
S3256021F000D4F8B4004FF0000908F0E8F890F90430029A4345A8BF4346013B1A44029294F83E
S3256021F020FC1049B1013906F10800F7F743FC049B034483F30403049394F8081169B10139EA
S3256021F04006F10800F7F73DFC05446FF00303042DA8BF04259D42B8BF1D4694F8041189B100
S3256021F060013906F10800F7F725FC029B03440F2BA8BF0F2302936FF00E03029A9A42B8BF16
S3256021F0801A46029294F80C1159B1013906F10800F7F717FC504440B20828A8BF082020EAB9
S3256021F0A0E07A94F8143153B106EB83035B689B0003F2FF7307EB23335BB283F3020794F8FE
S3256021F0C0101169B1013906F10800F7F7FAFB039B184440B20428A8BF042020EAE0730393BC
S3256021F0E0049B04F5AE7849464FF00C0BDA014046029B069209F01AF9594A494602EB870797
S3256021F10097F92C322B440BFB03F300EBC3134046049302EB8A03069A93F93DA20593029B77
S3256021F1209A44534609F002F9059B069A494693F93E32029040465344079309F0F7F8059B41
S3256021F1408246069A404693F93F12079B0B44494609F0ECF8424A039B97F92EC202EB8301E5
S3256021F16097F92D3291F961222A441A44029B0BFB02F203EBC21291F9623291F963122B445B
S3256021F180F264294497F92F526344049A29440BFB03F30BFB01F10AEBC31300EBC11004994A
S3256021F1A03365B1640021706586F8681086F8691086F86A1086F86B10D4F83C319A4205D05D
S3256021F1C0284B01221A60049BC4F83C314FF0FF33C4F8C83109B0BDE8F08F94F9452194F94D
S3256021F1E044312AB31344EDB248465BB29F42B8BF002384F8443143444FF00108DAB25BB2D1
S3256021F200032BC8BF131F84F8473194F84711FFF7D3FD0023C2B231464846CDF80480009568
S3256021F220FFF78EF9424694F944810397002581E694F94731BAF1000FF5D053445BB2002B77
S3256021F24002DA84F84721EEE7032BC8BF032384F84731E8E7DC0501209003002010092120E5
S3256021F260E875002018110120694B1B78362B29D81901684A02EB03135258DB6892681A4285
S3256021F28014BF0121002194F842318B421CD994F84431033D01336DB25BB29D42B8BF0023F6
S3256021F2A084F844314344DAB25BB2032BC8BF131F012284F847314FF0000884F84211CDF8DD
S3256021F2C00C80B3E70021DEE794F94731BAF1000F01D10022EFE753445BB2002B03DA002244
S3256021F2E084F84721E7E7032BC8BF032384F84731EFE7474B1B78362B3ED8464A190102EBFD
S3256021F30003135258DB6892681A4214BF4FF0010A4FF0000A94F84231534530D95FFA88F135
S3256021F3204846FFF749FD584445B2BBF1000F01D085F3030594F94C3104F5CE70AB4209D0D6
S3256021F3400621354B0022039005FB01111944FBF7F1F9039806EB870384F84C5184F847810C
S3256021F36053F8141C07F03EFB84F8430184F842A1002290460392DDE54FF0000ACAE70025CE
S3256021F380F4E75FFA88F14846FFF716FD584445B2BBF1000F01D085F3030594F94C3104F500
S3256021F3A0CE70AB4209D006211B4B0022039005FB01111944FBF7BEF9039806EB870384F8D6
S3256021F3C04C5184F8478153F8241C07F00BFB84F84301CDE70022904615460392AAE501232E
S3256021F3E084F841310027BEE5AB42C8BF84F84351CDE5BDF9143006EB8303D3F828900EE6B0
S3256021F400012104F5E47009B0BDE8F04FF2F756B9DD0501209003002084340020F7B50F78A0
S3256021F42004460E46032F3ED14B88022B3BD100F1B40500221221284606F028FE002213217B
S3256021F440284606F023FE00221421284606F01EFE00221521284606F019FE0022162128462F
S3256021F46006F014FE00221721284606F00FFE00221821284606F00AFE00221B21284606F0A9
S3256021F48005FE00221A21284606F000FE00221921284606F0FBFD00221C21284606F0F6FDB5
S3256021F4A0002384F8F431D4F808323BB1314604F5027003B0BDE8F04022F07EBDD4F82C322E
S3256021F4C0002B53D0022F3ED1738804F50B70013B072B38D8DFE803F00414371C373737411F
S3256021F4E094F8353201335BB2042BA8BF002394F9381284F8353203B0BDE8F04006F07EBF23
S3256021F50094F83532013B5BB2002BB8BF0323EEE794F84632CBB994F84532D4F838120133B6
S3256021F520DBB2994206D2012349B284F8463284F83412E0E707D101390123C4F8381284F8B0
S3256021F540463284F8341203B0F0BD002384F8463294F93432C4F83832F5E7644BB3F85C20A8
S3256021F560A3F85E200023C4F82C32ECE7022FEAD17388013B072BE6D801A252F823F000BF09
S3256021F580391D01007B1D0100DF1C0100991D0100DF1C0100DF1C0100DF1C0100BF1D010070
S3256021F5A094F948319BB994F8313104F1B400D4F8E02083F0010384F8313133B101320B216F
S3256021F5C003B0BDE8F04006F061BD013AF7E7002504F1B00084F84851FCF712FF84F8F4514B
S3256021F5E0B1E794F9483104F1B000B3FA83F35B0984F84831FCF704FF002384F8F431A2E782
S3256021F600D4F84812D4F8B430994201D105299AD104F1B0000190FEF753FF019803B0BDE8D9
S3256021F620F040FCF7EDBED4F80032234493F8D431112B1ED006D8032B0DD094F8F43183F049
S3256021F6400103DAE71D3B012BF7D8002304F1B00084F84831E2E7D4F8B420042A3FF473AF62
S3256021F66004F1B00104F5027003B0BDE8F04007F0F1BDD4F8E4201F2A3FF765AFD4F8BC508A
S3256021F68004F1B006E9B23046FFF796FB184B02EBC10184F845026DB2C4F82C62C9B284F86B
S3256021F6A0355202EBC5051F2950B205EB850598BF01EB810184F834021D44C4F8380298BF9C
S3256021F6C05B18C4F830521A7884F840229A7884F841225A7884F84222DA7884F843221B7918
S3256021F6E084F84432002384F846322CE76C23012010092120D0F808220B4670B504462AB1D0
S3256021F70000F50270BDE8704022F002BCD0F82C024A88002800F0D480B2F5807F26D194F879
S3256021F7204632B1F90420B3B9D4F8381294F94502521803D4431C9342A8BF134659B298428C
S3256021F740C4F8383284F834120FDB04F50B70BDE8704006F053BED4F83C321344042BA8BF59
S3256021F760042323EAE373C4F83C3270BDB2F5007FFBD194F94512D4F838624A1C94F935526B
S3256021F780D2B296427FD294F9342202EBC505D4F83C22042AE9D8DFE802F003182E446000DC
S3256021F7A09A8894F8403213445BB2002B09DA002384F8403205EB850594F840226B4B5A5552
S3256021F7C0D3E7082BC8BF0823F2E79A8894F8413213445BB2002B0ADA002384F8413205EB94
S3256021F7E08505624B1D4494F84132AB70BDE7042BC8BF0423F1E79A8894F8423213445BB2F1
S3256021F800002B0ADA002384F8423205EB8505574B1D4494F842326B70A7E7032BC8BF03237E
S3256021F820F1E79B8894F843621E4476B2002E84F84362406803DA002384F8433205E007F0C7
S3256021F840CDFC4368DAB29642F6DC484B05EB85051D4494F84332EB7087E79A8894F844321B
S3256021F86013445BB21A1D0ADAFC2384F8443205EB85053E4B94F844222B441A7175E7042BF7
S3256021F880C8BF0423F1E7B3F904200A4482F30302531C84F84522C4F83832032D3FF665AFD2
S3256021F8A0DFE805F002080A0C0D210430BDE8704006F0ECBB0E21F8E70F21F6E71021F4E76A
S3256021F8C0B2F5807F0DD1B1F90420D4F848321344942BA8BF9423052BB8BF0523C4F84832D0
S3256021F8E043E7B2F5007F7FF440AF94F8F421AAB3D4F80022224492F8D451032D3FF435AF87
S3256021F90004EB8503B1F9042004F1B4062946D3F8B43030461A4406F0B9FB072D0CD8052D86
S3256021F9207FF623AF04F1B000FCF76AFDD4F8D031013BC4F8FC3118E70C2D7FF416AF94F80C
S3256021F940BC1004F1B000FFF737FAD4F8E43083427FF70BAF42B229463046A7E704F5FA70E9
S3256021F960B1F90410BDE8704006F01BBA1009212038B5002300250446162283642946C36494
S3256021F980FF23A0F8405045640565A0F85450A0F8683080F86A50C566A0F87050C0E916554E
S3256021F9A0C0E91855A0301EF0DBFF294604F174002C22BDE838401EF0D3BF01292DE9F0419E
S3256021F9C00FD002D90239012909D800F5887500F50D642846F835FFF7CBFFAC42F9D1BDE890
S3256021F9E0F081704B0024704A1126704D1A6040F2031280F8FC409A806D4AC2F81C33AA6920
S3256021FA0022F00052AA616B4A9A60C83AC2F8C860694EC2F82C16326F42F44002326706F5FD
S3256021FA203016B6F85820D2B242F48852A6F85820AA6942F00802AA618522604DDA71604A86
S3256021FA40C2F854525D791A79002D6CD11C6801FA02F6B4F88C7106F00F0C4FEA061EBFB2ED
S3256021FA605FFA8EFE47EA06373602BFB206F47066A4F88C71B4F88E71BFB247EA0C07A4F89E
S3256021FA808E71B4F88871BFB247EA0E074FF4005EA4F8887102EB420704EB4717A7F804E048
S3256021FAA04FF4806EA7F806E04FF6FF7E7D80602707FB02425581A2F80EE05582D582558319
S3256021FAC0D583B4F8882192B24CEA020CDA7946EA0C0602F16042A4F8886102F564423024CA
S3256021FAE014701C791A6807FB04224FF4A054D48483F83C50DD871D6483F83D5009259586F0
S3256021FB009484DC79620904F01F0402F1382201FA04F44032920014600122B030BDE8F041DE
S3256021FB209A7106F0F3BA1D6801FA02F74FEA421E4FF6FF78EE8BB6B226EA0706EE8305EB63
S3256021FB404216D201B48102F4C072748125F80E8049F6404E42F44052A6F802E0F480B48237
S3256021FB60F4823483B28144F24042F28183F83C4083F83D40EA8BDC871743DA791C6430242B
S3256021FB8002F16042BFB202F56442EF831470DC79620904F01F0402F13822A140403292003C
S3256021FBA01160B9E7E0E8012000C01D4000C00A40F4EE0120C8801F4000C00F4085770100E7
S3256021FBC000180120002300F1EC0180F8EC30012380F8ED30022380F8EE30032380F8EF309F
S3256021FBE0082380F8F0300F4B1A68836A9A4211D10423072280F8F130052380F8F42080F81F
S3256021FC00F230062380F8F33000F1F5035B1AC0F8E8307047092200F1F30380F8F12080F87F
S3256021FC20F220F3E7EC0501202DE9F0470027044600F58875DFF8C090DFF8C0803E46DFF8F6
S3256021FC40C0A0294600235AF8232006333C2B41F8042BF8D12846C5E90A79C5E90C86C5E938
S3256021FC600E660137FFF784FE284609F11609FFF7A9FF082F05F1F80508F11808E1D11C4B58
S3256021FC80F822002000211B6802FB0342C4F8F830D2F8F821C4F80861013AC4E9406204F54E
S3256021FCA00D62C2E9000104F6DC020021C4F8D8681048116004F1BC02C4F8B860C4E92C6321
S3256021FCC0002350F823100633182B42F8041BF8D100250323102204F1E0002946C4F8D850BC
S3256021FCE0C4E934531EF03CFEC4E93C55BDE8F087EC0501205C780020504501207C07202028
S3256021FD00987600202DE9F04104460D4600F5887600F50D67DFF83080BE4209D1D4F8F83198
S3256021FD20013BC4F80431D5E90030C01ABDE8F0812B460A224146304608F002FF3046FFF732
S3256021FD4041FFF836E8E700BF987600202DE9F04F05462DED028B8DB006F0B3F8D5F8B83018
S3256021FD60FBB17F481AF004FF95F8103205F50470D5F820424FF00F090593D5F81C32DFF82F
S3256021FD80F8811C1B029306F0C8FA039007A8F1F77DFB039B9C4256DD0DB0BDEC028BBDE8F6
S3256021FDA0F08FD5ED527A95F8F931B8EE676BFF2B9FED677B9FED685B26EE076B86EE058B0F
S3256021FDC0B7EEC88B05D0674B042202217A201AF095FBDFED657A182195F80C22B4EEE78AEE
S3256021FDE0624B01FB0233F1EE10FADA6814DBDFED607A642028EE277ABBFE477AFDEEC77AFD
S3256021FE0017EE901A91FBF0F300FB13110091594959481AF0BFFEA7E7B7EE007A4FF47A70A9
S3256021FE20C7EE087A9FED557A67EE877AFBFE677AFDEEE77A17EE901A91FBF0F300FB1311F0
S3256021FE4000914F49E4E7029B00205F229C420CBF012300238DF81C30059B18BF0346032C39
S3256021FE608DF81D304FF07E03CDE90A2305F1B003CDE9080953F824100AD018223B4B02FB00
S3256021FE80043207A809F10C090134F1F715FB80E7C1F303163B4BDFF8F0C006EB06261E44FA
S3256021FEA00B0306F2011B03F470430493030E20F07F4E00F1FF6003F1010AF25C1BF8033087
S3256021FEC0B0F17F4F16F80A701BF80AA0A7EB02074FEA0222AAEB030A4FEA03230EFB07F7E7
S3256021FEE0A2F500420EFB0AFAA3F5004302EB274203EB2A4397B21BB212B2A7F50047A3EBBE
S3256021FF000203049A02FB03F307EB23472CF8027BCCD15F221C4F4FF0010C099B37F8020B12
S3256021FF200833D8F80060A3EB5033D81003F0070302EBC0100CFA03F3013216F800E07F2A56
S3256021FF4043EA0E033354E8D15723104A0B9398E7000000A0AA46D0400000E0FFFFFFEF41FE
S3256021FF60B5E1002048230020CDCCCC3DF06400200000C842C9E10020E430012000007A44DC
S3256021FF80E0E10020D092002020F20120386500202DE9F04F044687B005F093FF31481AF0A7
S3256021FFA0E7FDB4F8B030D4F868210F2701334FF0000A4FF0540B1B041B12013B03EB021319
S3256021FFC083F3100318121AF0FBFD4221264B02222648C3E901121AF0CBFDB4F8B430D4F892
S3256021FFE06C2101331B041B12013B03EB021383F3100318121AF0E4FDD4F8780105F0A0FFB7
S3256022000004F5BE7006F089F9064601A894F87C91D4E96285F1F73AFAA8EB0505AE42144B7F
S3256022002002DA07B0BDE8F08FA84504F1B00101A8CDF810B00CBF0122002251F825108DF8AD
S3256022004004200CBF4A4600228DF805207E220592182202FB05320135CDE902A70C37F1F768
S325602200602BFADBE7F5E10020E4300120FCE10020786C00202DE9F04F044602274FF0410895
S32560220080794E04F1EC05BA46DFF8E89191B005F018FF781EC6E9017AD5F82C11090F16F0A6
S325602200A0BBFD736840460533736016F0E1FD736823200233736016F0DBFDD5F8A40001300A
S325602200C01AF07EFD73680C33736095F86830022B3AD1D5F8A83059F823001AF049FDA86D4B
S325602200E008B115F0CDFF403708F1010805F5C075822F5FFA88F8CCD1D4F8B0004FF4C07729
S3256022010005F01EFFD4F8B0B004F1B40108A807FB0BF706F00DF903A807F1EC09F1F7B6F990
S3256022012007F1F0032744A144E3180193DDE90D239A4211DDD4F8C8301BB104F1C80021F04F
S325602201401FFF11B0BDE8F08FD5F8A4102846F8F759FA59F82000C0E703A908A805F04CFE30
S325602201603844019A90F82C32404D52F82380032B4FF0180202FB035523D803A8F1F753FAC9
S325602201809DF80D3043B12B4642460599062006F0D8FE736806337360354B53F828001AF0A4
S325602201A0E7FC03A8F1F73AFAC0E70E2B0DD8DFE803F0121212120C372C0C0C0C0C0C0C0C83
S325602201C05500093BDAB20E2AEFD92A46414603A8F1F772F9AAE7D7F8908148464146F8F708
S325602201E0F1F906F0FBFFC023426803FB0BF3059853FA88F804EB4808B8F8801115F06BFFBB
S32560220200294603A815F05AFF90E799F83C30032BDBD903232A46414603A8F1F7ABF985E7C8
S3256022022099F83C30042B16D197F824328020D9F834210F2B0599D4BF03EB430A4FF0300A59
S3256022024005F0F6FD2A46CAF17F03414603A8069306F08EFE6AE799F84030D8E72A4641462C
S3256022026003A8F1F753F961E7E4300120A0300020ACA12060E81A00202DE9F04F05464126B4
S325602202800624BD4F05F1DC084FF00209ABB005F0E5FE3046C7E9014916F0EAFC58F8043F5A
S325602202A0601FD3F89C11090F16F0B6FCD8F80030D3F86C2103EBC203D3F8A82062B1D3F873
S325602202C0AC1004F11600C900B1FBF2F102224B1CC1F109011AF086FB10340136862CF6B2D0
S325602202E0D7D1D5F8B40005F0C7FED5F8B43095F8B0403833002C40F0828122A855F8236001
S32560220300F1F7C4F80F22602322A823948DF88840CDE924237E23994A269395F8BC308DF8F7
S325602203208930D5F8B830964D03930399954B03EB8103D3F8D432D3600B46013336F8231076
S325602203400793F1F7B9F8D6F8941070224A43AB1835F90280B3F93800B3F848900A90B3F832
S325602203604A000490B3F85A000890186C049B002B00F08B804FEA49034FF480720133B2FB96
S32560220380F3FA4FEA5A0300277D4C0B93030E384605970C93702359436B1861180293B3F88F
S325602203A04E30119106930AF4FF730F93029B30330E93754B03F1100203F12006B9B284B2C8
S325602203C0894566D8069919B1894508BF23F8024B6E4F4FF6FF7100253E461180198037F9AE
S325602203E0021B2846013589124A1CC1F13F011AF08DF9059B9D42F2DD1A465F4D013206EBB3
S325602204004200114601268C4200F3C880A01A9442B8BF002084187F2C05DCC4F180023F21A5
S3256022042020461AF0B7F95A4D1A21039B4FF6FF77584E05EB430306F10208B3F87C03079B30
S3256022044005EB4303B3F87C234FF6FF739A424FF002030BBF241A121A621C01324A4C042A14
S32560220460B8BF04221AF0BEFA002334F8020BB84240F0AA80484C4FF6FF7634F8020BB0426C
S3256022048040F0B3802BB0BDE8F08F8023B3FBF9FA77E7069D35B1119DB5F84CC08C4508BF48
S325602204A023F8024B049D02F1020C002D3BD08D4239D114800B9A14440F9A20B2B2189642EB
S325602204C02ED1624602993CB20A9D80B2098A22F8020B0AFB01F10914012938BF0121A54293
S325602204E005D10C9C4C4300EB1424A4B205944FF07F44029D08444FF0000EB4FBF1F40D94E6
S3256022050000B235F9024F06EB41010994A4EB0804029510948E420DD10137DDF824804DE7E9
S3256022052026F8028BCBE7089D002DCBD08D42C9D11480C6E70E9C4FEA1E6B124DE45D05EBC3
S325602205408404109DD4F8E8C23CF81B400CEB4B0CCEF30F2BBCF802C0ACEB040C0BFB0CFC65
S3256022056004EB1C44C4F34E046C4308EBE43426F8024B0D9CA644CDE7E43001203C1101208C
S32560220580F0E40120E875002060F2012080F20120F4EE01208833002070F2012030F9023B94
S325602205A0D5F800C09B12C3F13F03DF1003F0070301EBC71706FA03F301311CF807E043EA7D
S325602205C00E030CF807301EE703F10109DB0749BF4346334602221C214EBF00F1FF300222A6
S325602205E01C2119F08BFF4B463FE705EB4003B3F98C239212C2F13F011AF088F83DE705F123
S32560220600C00122A84FF00008DFF8E8B1DFF8E891DFF8E8A155F8234005F08AFE12A8F0F792
S3256022062035FFDDE927239A4255DDB8F1000F3FF429AF1A2380221921002019F0E5FE1A23BB
S3256022064080221921002001271AF0C8F894F89C1094F82C3005F1D40094F82820019194F848
S32560220660301000911B2115F06DFC17A8F0F70EFF4FF480732620ADF85C302723CDE918738C
S325602206803A23CDE91A0395F8DC301CAD002B00F09680534E0FCE0FC596E80300514B1CAADA
S325602206A085E803001D9717A894F828101F93F0F703FF01236A214C4A17A88DF85D303C23FB
S325602206C018937E23CDE91A1394F8283094F83010F0F750FFD6E612A922A805F08DFB20445B
S325602206E0182390F87411052954F8216003FB01B31ED00C2942D0002953D112A80293F0F7C5
S3256022070092FF9DF84920029B3AB132461499062006F017FC7B6806337B60344B03EB8603F9
S32560220720D3F814031AF024FA12A8F0F777FF78E7032E05DC1A46314612A8F0F7BDFE70E715
S32560220740D9F80000321FB9F804101C9012A8ADF87410D4F894108A421CA9A8BFF21E4132B0
S325602207608DF87020BAF80020ADF872209AF802208DF874203246F0F72BFF52E79DF8493036
S32560220780DBB994F89C1005F1D40094F8A53094F8A420019194F8A6100091149915F0D2FBA6
S325602207A0C2E7092905D80629C4D9139A02321392C0E70B390329BDD8F7E7984631E70C4ECD
S325602207C00FCE0FC596E803001CAA85E8030094F8283017A894F82C100133F0F7CBFE68E78B
S325602207E0586E002007E20020886E0020E8750020706E0020686D00200BE2002003E20020EA
S3256022080070B58EB00446214D022605F027FC06234120C5E9013616F02BFA26234220C5E902
S32560220820013616F025FA46234320C5E9013616F01FFA66234420C5E9013616F019FAD4F84D
S32560220840B80005F09BFB04F1C00106A8D4F8B85005F06EFD01A8F0F719FE7823182603FBB7
S3256022086005440B4DD834DDE90B239A4201DD0EB070BD01A906A805F0BFFA06FB005254F805
S32560220880201001A8F0F718FEEDE700BFE4300120E070002070B58EB00546274C05F0DEFBD3
S325602208A0022606234120C4E9013616F0E1F926234220C4E9013616F0DBF946234320C4E958
S325602208C0013616F0D5F966234420C4E9013616F0CFF9D5F8B80005F051FB05F1C00106A8BB
S325602208E0D5F8B84005F024FD01A8F0F7CFFD4FF48273634303F1D4042C441D44DDE90B23CA
S325602209009A4201DD0EB070BD01A906A805F074FA28440A4A90F87C31182054F8231000FB48
S325602209200322073B01A8052B9EBF029B02330293F0F7C2FDE2E700BFE4300120E87100204F
S325602209402DE9F04FB14D91B0044605F0B7FB6B68D4F8486205336B60AD4B53F826001AF0CB
S3256022096007F9D4F8B4309E4205D1AA4B04220221012019F0C3FD02236A21C5E9011394F863
S32560220980313143B3A4481AF0F3F894F9470101301AF016F9D4F8C8311B0F03339A080BD0D5
S325602209A0D4F82C2242B99D4A23F00303022179201344042219F0A2FD04F5FA7108A805F0B0
S325602209C0B7FC03A8F0F762FDDDE90D239A4204DD11B0BDE8F08F9248D5E703A908A805F06C
S325602209E00BFA2044182690F8D43104EB8302112BD2F8B4708B4A06FB032626D009D8032B99
S32560220A0018D00C2B4AD03246394603A8F0F754FD07E01D2B19D01E2BF5D1314603A815F0ED
S32560220A204DFBD4F80862002E45D004F5027021F0A7FAC9E7D4F8B40006F0D0FBB4F838116A
S32560220A404268059815F047FBE7E794F840914FF00008059FA9EB890094F8433104377C3066
S32560220A6001937FB24FFA80FA07F1030B0223394650461A4619F0B6FF019B434505D10223E9
S32560220A80594650461A4619F0ADFF08F101080AF10300C8454FFA80FAE8DDBEE794F8BC10F2
S32560220AA004F1B000FEF788F9324603B2394603A8F0F760FDB5E7D4F82C32002B84D0402350
S32560220AC080223146304619F09FFC40238022314630464FF0130919F081FED4F82C3294F9CF
S32560220AE04572062294F935A293F89380013793F997B008230AF10100C5E901231AF060F827
S32560220B00B742A9F1020039D80D26022306217E431A4606F11100019019F060FE02230A21B7
S32560220B2001981A4619F05AFE02230E2101981A4619F054FED4F838329F4206D10E230622E4
S32560220B40042106F10F0019F049FED4F82C325A6F002A39D1344B07264FF000091E27DFF85B
S32560220B60B4B0019309F1FF3306F1FF3806F1060A032B5BD8DFE803F08B959FC6D3450BD100
S32560220B80B04509D10A2306211A4619F027FE0623082148461A4606E094F84632002BF6D100
S32560220BA00A2306211A4619F01DFFD4F838329E4206D10E230421A9F104001A4619F00EFE7E
S32560220BC0013609F10D099BE7D345C3D193F890300133DB1B002BBDDDA8EB070816360027C9
S32560220BE05FFA83F95FFA88F84F45B3D20623B8454FF0080130461A4604D119F0F3FE01375B
S32560220C000A36F1E719F0EAFDF9E700BFE4300120ACA12060482300208EE6002050230020F1
S32560220C2062FF0020B07300202879002094F940323E4A02EB8303D3F85403C5E9016719F06C
S32560220C4097FF3123C5F804A0AB60019B53F8040B019319F08DFFD4F83C32172140464B450F
S32560220C604FF015031A4658D119F05AFE94F84632002B54D00E2315222D21404619F050FEC5
S32560220C80183609F101097F2E7FF46CAF9CE694F94132264A02EB8303C5E90167D3F878037E
S32560220CA0CDE794F94232214A02EB8303C5E901A7D3F88C03C3E794F94332092BCCBF324686
S32560220CC0F21CC5E90127194A02EB8303D3F89C0319F04EFFD4F82C32586806F07FFA94F92C
S32560220CE0432203799A42ACDD5B46B01C0422302119F004FC5B460422302106F10D0019F014
S32560220D00FDFB9EE794F944020028B4BFF31C5346C5E9013719F054FF93E719F05FFD0E2366
S32560220D2015222D21404619F059FDA9E7E87500200E4A00F58463002170B500F24244164666
S32560220D4000F588604FF0FF3543F8045F83429D6302F1080224F8021FA4F87810C2F83C18EC
S32560220D60F2D14FF0000386F8AB3470BDA024012000220F21C0F8E02080F8E420C0F8D02049
S32560220D80C0F81C24C0F82024C0E93512D0E7A0F1B000EDE7002070470820704703685B6C33
S32560220DA01847A0F1B000F9E790F8EC30D0F8CC20194449B2002980F8EC10B8BF02F1FF3342
S32560220DC0D2B2B8BF80F8EC3090F9EC309342A8BF002380F8EC3018467047012902D10368E7
S32560220DE05B6C184711B903681B6DFAE770479620704713290B4AA8BF132102EB810332F8BC
S32560220E00212080F82413A0F8262310B5DC785B88A0F82833012380F82A3314B1022380F82F
S32560220E20DB3B10BD3CF80120F0B40024B0F80A6400F58A672246A5B2AE4221D81346B0F984
S32560220E40D62BFF2180F80C349A42A4BF03F1FF32A0F8D62BB0F9D62B002ABCBF0022A0F82B
S32560220E60D62BC3F16402642B03F2A113D2B200EB43004FEA420288BF0022F0BC1DF070BD19
S32560220E8017F82430B1EB931F08D1531C00EB4202DBB2A2F84253632BD1D81A460134CAE769
S32560220EA038B5044690F8D81BFFF7A3FF0246234600F5A0702146D1F8CC505033103183F81F
S32560220EC08C5AD1F8C05083F88D5AD1F8C45083F88E5AD1F8C85083F88F5A8342EBD1B4F8B7
S32560220EE00A3404F1800094F80C1199422346C8BFA4F80A14D2F810510433103283F84C54CA
S32560220F00D2F8045183F84D54D2F8085183F84E54D2F80C5183F84F548342EBD104F6CF300F
S32560220F2091231A46013304EB8202DBB2D2F8CC20952B00F8012FF4D149B9236820461B6C04
S32560220F409847002384F8DA3BA4F8D63B38BD00212046FFF769FFF4E7A0F1B000A0E7B0F8A4
S32560220F600E24B0F810349B1A44F21A129BB2934298BF0023A0F810340023A0F80E34704788
S32560220F80D820704700F25350002303F003020133102B00F8012FF8D17047A0F1B000F1E73A
S32560220FA0F0B5034600F590770546D5F8CC200C33203583F82C24D5F8B02083F82D24D5F826
S32560220FC0B42083F82E24D5F8B82083F82F24D5F8BC40803C64B283F8304414F1800FD5F88A
S32560220FE0C01008BF0024803949B283F8311411F1800FD5F8C42008BF0021803A52B283F8D7
S32560221000322412F1800FD5F8C86008BF002283F83044803E83F8311483F8322476B216F115
S32560221020800F08BF002683F83364BB42BDD100F5727300F2535200F5816053F8041F984280
S3256022104002F8011FF9D1F0BDA0F1B000A8E74B88B3F5807F30B512D1B1F9043090F82D24AE
S325602210601344062BA8BF062323EAE37380F82D34002380F82C344FF47A63C0F8C0304B88FE
S32560221080B3F5007F5CD190F82D54B1F90410052D90F82E2490F82C3400F2838002EB420293
S325602210A005EB42050C22EDB202FB050292F83844D3B90C4482F834340B2CA8BF0B2424EA01
S325602210C0E47482F838440C22032B02FB050292F838441FD1012C81BF92F83B44641884F37B
S325602210E0040482F83B4415E0012B0BD0022BEAD1012C0FD992F83A440C4484F3040482F81D
S325602211003A4407E0E4B192F839440C4484F3040482F839440C2202FB050292F838040B2855
S325602211200ED1042B0DD192F93C340B446FF00801092BA8BF09238B42B8BF0B4682F83C3443
S3256022114030BD052B11D0062B1DD0072BF8D192F93F340B446FF01A011B2BA8BF1B238B4271
S32560221160B8BF0B4682F83F34EAE792F93D340B446FF00801092BA8BF09238B42B8BF0B4652
S3256022118082F83D34DCE792F93E340B446FF00801092BA8BF09238B42B8BF0B4682F83E341D
S325602211A0CEE703EB820350FA83F090F854350B44052BA8BF052323EAE37380F85435BFE799
S325602211C00023A0F8CA30052380F8CC30044BB3F90830C0F8D0300123C0F8DC30704700BFED
S325602211E054EE0120A0F1B000EAE7D0F8C83010B50446C0F8CC30642010F07CFB32284FF0DB
S325602212006400CCBF80236FF07F03C4F8E83010F071FB322841F6FC00CCBF80236FF07F03F7
S32560221220C4F8EC30D4F8E830002BCCBF4FF480534FF44053C4F8E03010F05CFB40F25233EE
S3256022124000F28250C4E9353340F64853C4F8E400C4F8DC3010BD4FF4C872C0F8C8200022E8
S32560221260C0F8F420C0F81021C0F80821C0F82421BBE71B22C0F8D020012280F814214FF4B9
S325602212806852C0F81821E6E7A0F1B000F1E7012902D103685B6C184770470B78022B29D146
S325602212A04B88013B072B25D8DFE803F0041024172424241E90F8F03083F0010380F8F0301E
S325602212C00023C0F8F430C0F81031704790F8F03083F0010380F80C31F2E790F8F83083F007
S325602212E0010380F8F830704790F8143183F0010380F81431704770477047B03004F016BF3C
S3256022130038B50B4C02460D460A49204619F042FC63682E20013B636015F0AAFC63682A4668
S3256022132020460549023B6360BDE8384019F032BCE4300120F4E90020F9E9002070B5D0F83C
S32560221340B0400346D0F8F850002C4ED00A78022A41D14A88B030013A072A1ED8DFE802F0E5
S3256022136004041D0C1D1D1D1093F8C83023B92046BDE87040FEF7FCBABDE8704004F0C6BEBB
S32560221380D3F8D8204AB1032A1ED193F8C850012D0BD003D9023D012DE9D970BD2046FEF7AC
S325602213A0E7FA012384F84030F7E794F84130002BF3D184F84150D4E90B06B21C00F1160139
S325602213C01AF0B4FC3570E8E793F8CC2082F0010283F8CC20E1E7032ADFD14B88022BDCD1B2
S325602213E02848BDE87040F0F71BB8F82255434A8805F58870012A184404D12146BDE8704058
S3256022140004F016BF022A02D14FF0FF32F5E7082AC3D1D3F808211D442A4492F8FC21082ACE
S3256022142008D0092AB9D093F8FC2082F0010283F8FC20B2E7D5F8381103F1B006114AC3F86E
S32560221440B0001820C3F8B41000FB01220E48C3F8D040C3F8B8200322C3E9352403F1BC02EF
S3256022146050F824100634182C42F8041BF8D11022002103F1E0001DF073FA3046BDE870405C
S3256022148004F054BE7C0720205C7800200346D0F8B0004A8870B538B3B2F5007F1DD193F8C5
S325602214A0CC207AB1D3F8D800B1F9041003EB8002D2F8BC20BDE870400A44014603F1BC007C
S325602214C01AF00EBA93F8C82052B9B1F9041003F1CC00BDE8704004F064BCB2F5807F26D1B0
S325602214E0BDE87040FEF744BAB2F5807F20D1D3F8F850F82404FB0532D2F8F861B1F904202F
S325602215002A4482F30302C3F8F82004FB0232D3F80841D2F8F811042C01F1FF3205DD8E4269
S32560221520C4BFC3F80001C3F80801C3F8042170BDB2F5007FFBD1B1F9042093F8FC10C1B14A
S32560221540D3F8F840F8214C43D3F8081104F588751C440C441D4494F8FC11092908BF83F860
S32560221560FC00284604F064FE2846BDE87040FEF729BB114603F1FC00ABE72DE9F8433D4ED2
S3256022158001F21A240D4602EB820237684FF4C0680332395DD2B241F004013955C76B13F874
S325602215A02210384605F094FA04463846AF1C05F0BDFA0C2290FBF8F802FB08F2A0EBC21331
S325602215C0DB11C3F11109052B4FEA4909D4BFA9F107024A46C6E90172274A52F8230019F03F
S325602215E0C7FA4946082205F1100019F0D3F8C8F11101224B0222490005F11C0042F210789C
S32560221600013918F07BFF204605F090FAB0F5705F4FF4C0634FF00202A8BF4FF47050776043
S32560221620B26020EAE07008FB00F4B4FBF3F40A230534B4FBF8F8B4FBF3F4A3F2F23303FBD6
S3256022164008440F4BD3F80090B8EB090604D421463046BDE8F84353E60521284619F09AF852
S325602216601CB1C4F57A71F043F3E72146A9EB0800EFE700BFE4300120B01A00208A330020D0
S32560221680D8050120002200F1100370B50446114600F58870704D714E2DED068B84B00393FA
S325602216A0FFF76BFF039B0122202104F50270FFF764FF039B0222402104F54070FFF75DFF5E
S325602216C0039B0322602104F57E70FFF756FF02212C23F822C5E9011304F6DC0393ED009ACB
S325602216E0336802FB0343D3ED4A7A93F82C21B8EEE76B092A9FED525BC8BFF2EE009A86EE4F
S32560221700057BD3ED496ADCBF554B03EB8203B8EEE66BD8BFD3ED009A37EE067B9FED4A6BD1
S3256022172027EE067BF7EEC78B89EE280A1CF038F8B5EEC09AB0EE408AF1EE10FA76DDB7EE29
S32560221740C9AA4849444853EC1A2B19F023FA02223823C5E901233368F82202FB034494F8F1
S3256022176020312BB3B7EEE96A94F82C019FED387B09282AEE07ABDCBF394901EB80013648BF
S325602217808AEE067BB7EEC77BB7EEC77A53EC172BCCBFB2EE007A91ED007A3349B7EEC77A7B
S325602217A08DED007B19F0F6F904B0BDEC068B70BDB4EEE89AF1EE10FAF6DBDFED2C7A42F611
S325602217C0E0629FED2B7A4FF47A7428EE270A2948B2EE045BF8FE407A77EE877AFDEEE77AC4
S325602217E017EE901A91FBF2F2023A52B2931C4343581803F50C43A0330B4493FBF4F104FB82
S3256022180011331D49A3F5FA7307EE903A1B4BB8EEE77B90FBF4F087EE056B40B253F8203083
S325602218200D488DED006B19F0B5F9BDE7144804B0BDEC068BBDE8704019F09AB9AFF300806E
S32560221840000000000000594008B7310AFE06A33F0000000000004E40E4300120EC050120B2
S32560221860A8370020FEE900200BEA002000803B460000FA4320D1FFFF1FEA0020E81A00204D
S325602218802EEA0020F8B50546154F0026D5F8E8403846F0F7AEFA024606EB441401360B46EB
S325602218A0123704F50074A4B2204605F06BFD202EECD10C4F0026D5F8E8403846F0F799FA58
S325602218C0024606EB441401360B46123704F58064A4B2204605F056FD202EECD1F8BD00BFBE
S325602218E0A0240120E0260120D0F8E8308B42F7B504460E4615462AD0FFF7C4FF224F0022BC
S325602219000023C4F8E8600026CDE90023D4F8E800694606EB401000F5007080B205F066FD86
S32560221920E8B91948F0F71EFB184F0026D4F8E800694606EB401000F5806080B205F056FD9D
S32560221940B8B91148F0F70EFB2046FFF7F1F96B1C08BFD4F8E050C4F8E05003B0F0BD013632
S3256022196038461237DDE90023F0F781FA202ECDD1DAE7013638461237DDE90023F0F777FAE1
S32560221980202ED3D1E0E700BFA0240120E026012013B50446094815F077FC0022002369466C
S325602219A00020CDE9002305F021FD009900222046C4F8E81002B0BDE8104095E73BEA002056
S325602219C0A0F1B000E4E790F8E5203AB1D0F8F0200A4482F30202C0F8F0207047D0F8E830FD
S325602219E04FF0FF32194481F302017DE74B88082B2DE9F74F04460D4612D10B78022B40F0F5
S32560221A008D8090F8E530002B00F08280D0E93B68B04535D103681B6D9847002384F8E5309A
S32560221A206B88042B20D12B78032B13D10026DFF83C912046FFF77CF900275FFA86F8F9B212
S32560221A400137424648461AF087FA102FF7D10136802EF1D12B78022B06D194F8E530002B04
S32560221A607CD0002384F8E5306B88012B56D12B78022B70D14FF0FF312046FFF7A4FF4DE0EC
S32560221A80760100224FEA481A0023B6B21FFA8AFA06F5007706F50879AAEB060BBFB21FFA44
S32560221AA089F9CDE900236946384605F09FFCB8B906F5806706F58169AAEB060ABFB21FFA1F
S32560221AC089F96946384605F091FCA8B920464FF0FF324146FFF708FF236820465B6C9BE758
S32560221AE007EB0B000137BFB280B2DDE9002305F049FCB945D7D1DBE707EB0A000137BFB256
S32560221B0080B2DDE9002305F03DFCB945D9D1DDE790F8CC3083F0010380F8CC306B88022BF9
S32560221B2019D12B78022B03D101212046FFF74BFF2B78032B0FD194F8E53083F0010384F882
S32560221B40E530D4F8E830C4F8EC300133032BC8BF0023C4F8F03003B0BDE8F08F94F8E430CD
S32560221B6083F0010384F8E4307EE700BFA024012070B5B8B06FF00F0300200EA90A46013374
S32560221B8001F8010B182B1AD118AE28A828211CADF0F714F828A930466C46F0F71AF84D238D
S32560221BA00C930FCD0FC40FCD0FC495E80F0084E80F0096E80F0014F0F3FE38B070BD072BD0
S32560221BC08CBF00201820DAE7A0F1C400D0E72DE9F04FB9B00746DFF8D8904FF0000818AEB6
S32560221BE0D7F8CC30484603218DF83C808DF83D30D7F8D0308DF83E300FAB9A4630F9022BFB
S32560221C00023102335A702329C2F307229A70F5D1524628A84FF0440B1CADEFF7CFFF28A9CC
S32560221C2030466C46EFF7D5FFCDF830B008F1010809F120090FCD0FC40FCD0FC495E80F0086
S32560221C4084E80F0096E80F0014F0AAFEB8F1040FC6D1D7F8CC30524628A805218DF83D30AA
S32560221C601CADD7F8D0306C468DF83C808DF83E30D7F8D4308DF83F30D7F8D8308DF84030CB
S32560221C80EFF79CFF28A93046EFF7A3FFCDF830B00FCD0FC40FCD0FC495E80F0084E80F0062
S32560221CA096E80F0014F07CFE39B0BDE8F08F00BFF0E00120A0F1C40089E72DE9F0431B4E5D
S32560221CC0B1B04FF000084FF07209318810AFB27820A8F37814ADADF83A1006218DF83C208D
S32560221CE00EAA8DF83D306C468DF8398008F101088DF83890EFF762FF20A93846EFF769FF97
S32560221D00542304360C930FCD0FC40FCD0FC495E80F0084E80F0097E80F0014F041FEB8F10C
S32560221D20140FD2D131B0BDE8F08300BF3CF801202DE9F04FB0F80A844FF00009BBB00746BD
S32560221D404FEAD8084E464FF0730A08F101085FFA88F8C8452FDC74231AAE0EAA2AA88DF831
S32560221D603830052197F8D03B1EAD6C468DF8393097F8D13B8DF83A3097F8D23B8DF83B3032
S32560221D8097F8D33B8DF83C30EFF718FF2AA93046EFF71FFF54230C930FCD0FC40FCD0FC46F
S32560221DA095E80F0084E80F0096E80F0014F0F8FD3BB0BDE8F08F06F1E8033AA95FFA89F266
S32560221DC03AA86B443AAC03F8B0AC731C51FA83F3B7F80A1403F8B02CB31CD20050FA83F358
S32560221DE0F01C03F8B01C54FA80F0090A331D00F8B01CDBB2D1B200200A1803F1E8040DF173
S32560221E00E80C0130D2B26C440A2807EB820292F8505404F8B05C03F101043AAD55FA84F45C
S32560221E2092F8515404F8B05C03F1020503F1030403F104035CFA85F592F852C492F8532481
S32560221E40DBB205F8B0CC3AAD55FA84F404F8B02CD2D12C360DF1680B0EAA2AA8F6B21EADFB
S32560221E606C4609F101093146EFF7A8FE2AA95846EFF7AFFE54230C930FCD0FC40FCD0FC4A9
S32560221E8095E80F0084E80F009BE80F0014F088FD5FE76F2300F5A07170B5BAB08DF838303E
S32560221EA00EAB1A4690F8DC4A50305C7090F88D4A9C7090F88E4ADC7090F88F4A884203F84A
S32560221EC0044FEFD11AAE2AA811211EADEFF776FE2AA930466C46EFF77CFE54230C930FCD29
S32560221EE00FC40FCD0FC495E80F0084E80F0096E80F0014F055FD3AB070BD10B50446FFF7D2
S32560221F00DCFE2046FFF7C5FF2046BDE810400FE7A0F1C400F1E7F0B590F82E44B9B0002693
S32560221F204FF00C0C04EB44050EA96D000A46EDB2AB1901360631DBB2062E0CFB030393F8EC
S32560221F4038E493F8397447EA0E1793F83AE401F8067C93F83B7447EA0E1701F8057C93F896
S32560221F603C74A7F1800701F8047C93F83D74A7F1800701F8037C93F83E7493F83F34A7F1EB
S32560221F808007A3F1800301F8027C01F8013CCFD1A40018AE1CADE4B220446C4690F85415FE
S32560221FA090F8553543EA011390F856158DF85C3090F8573528A843EA011326218DF85D30C4
S32560221FC0EFF7FCFD28A93046EFF703FE4E230C930FCD0FC40FCD0FC495E80F0084E80F00F7
S32560221FE096E80F0014F0DCFC39B0F0BDA0F1C40091E770B5282190F9CA201A4BB8B001FBE3
S3256022200002F00321C418185AADF83C002346606806338DF83E000FA8024633F9024F023117
S32560222020023044702329C4F307248470F5D118AE28A8EFF7C3FD28A930461CADEFF7C9FD52
S3256022204045236C460C930FCD0FC40FCD0FC495E80F0084E80F0096E80F0014F0A1FC38B0C4
S3256022206070BD00BF54EE0120A0F1C400C1E730B58BB004464422C43001A9EFF71BFE20B34C
S325602220809DF80450032D22DCCC349DF805200021204604F00FF901219DF80620204604F02D
S325602220A009F91A4901AB002001EB45111C790130DA78023342EA0422B2F5F05FA8BF4FF4E6
S325602220C0F052102821F8022BF0D10BB030BD042DFBD1CC349DF805200021204604F0EAF83B
S325602220E09DF806200121204604F0E4F89DF807200221204604F0DEF89DF8082003212046EF
S325602221000BB0BDE8304004F0D5B800BFF0E00120A0F1C400ABE7F0B58BB004464E22C430C1
S325602221206946EFF7C7FD002856D094F82E1400206A464FF00C0C01EB410507466D00EDB2F0
S325602221402B18167801300632DBB24FEA161E06F00F060CFB0343062883F8396412F8056CAA
S3256022216083F838E44FEA161E06F00F0683F8347483F83B6412F8046C83F83AE4A6F180065B
S32560222180A3F8367483F83C6412F8036CA6F1800683F83D6412F8026CA6F1800683F83E64F3
S325602221A012F8016CA6F1800683F83F64C8D189009DF82430C9B21A0903F00F030C4484F86B
S325602221C055359DF8253084F854251A0903F00F0384F8562584F857350BB0F0BDA0F1C4002A
S325602221E099E7052B30B502D190F8E440B4B3D2B2A9B34132D0F81C44D2B2651C00EBC404A9
S32560222200C0F81C54652D84F8F6309DF80C3084F8F41084F8F730BDF9103084F8F520A4F8C3
S32560222220F830BDF91430A4F8FA3010D100F1F40300F21444194653F8082F0A60A3425A6829
S325602222404A60F7D1D0F81C34013BC0F81C34D0F81C34063B48BF0023C0F8203430BD313249
S32560222260C8E72DE9F04F8FB0044614F08FFDD0B1AF4B1D78AF4BF02D93F80080AE4B1F78F7
S32560222280AE4B1E7803D1236820465B6D98478DF830808DF831508DF832708DF833600C999C
S325602222A0A748EDF783FEA749204603F0D9FFA649204603F0D5FF15F04EFE70B1A34B5D6FD9
S325602222C093F87530F02B03D1236820465B6D984729469B480D95EDF769FE04F25443DFF81C
S325602222E060B204F25C45DFF870A2099300260BF6C413CDF810B00893304613F0CDFF059030
S32560222300002800F05081049B93F84272431EDBB2012B00F2F0808E4B1C2000FB0630EDF7C8
S3256022232005FE804628B1099B1B7813B96023089A1360089B089A1B68013B002B13600CBF6B
S3256022234001230023079302D02B6C002B79D0504618F052FD7F4B1A78049B93F94412EDF789
S3256022236075FD2B6C0690DBB12A68904200F0C180D2B295F82010724819F0EEFD002132468D
S3256022238020460291B5F90030019395F8203000930123FFF726FF4FF0FF332B6001230793E1
S325602223A0049A069992F845228A424AD8049A92F846228A4245D3079A002A42D05B46642201
S325602223C04FF000094846CDE90A2313F065FF0328DDE90A2310D193F84212B9420CD10A9302
S325602223E05D4B03EBC90018F007FD7F224FF4F051EDF7FEFC0A9B024609F101091233B9F107
S32560222400080FDFD182F307093946069A5FFA89F34B48EDF737FD32460FFA89F32046029351
S32560222420BDF91830CDE9007300231946FFF7D9FE069B2F622B60059B022B04BF01232B649E
S32560222440079BB8F1000F1DD1099A92F80090B9F1000F17D02A7895F82010394819F07CFDED
S32560222460CDF80880B5F90030324641462046019395F8203000930123FFF7B3FE4FF0FF3304
S325602224802B604B46099A82F80080B8F1000F01D1C5F84080314A925D002A00F08280059ACF
S325602224A0042A2AD1049B504693F8408218F0A4FC7F224FF4F051EDF79BFC08F01F0880F30F
S325602224C00709384641465FFA89F219F0E3FD02230FFA89F0324600210097CDE9018020462E
S325602224E0FFF77FFE04F2BC434FF4FA6223F8162059E0002354E70023CCE7059A052A2FD1C1
S32560222500504618F079FC7F224FF4F051EDF770FC80F3070838465FFA88F119F08FFD002123
S325602225200FFA88F003230290CDE900713246D6E7A843012036EC012034EC012035EC0120AC
S32560222540A024012020AA012060BB01205446012010310120D8050120F0310120AC3001208D
S32560222560059A062A1DD1504618F046FC43F6FF724FF4105100F59050EDF73AFC0FFA80F878
S32560222580384688F30E081FFA88F8414619F018FDA8F50051042309B202910021CDE90071BB
S325602225A0C4E7002B9ED1099B01360AF1080A04350133082E0993049B03F112030493089B45
S325602225C003F1040308937FF497AE04F242430E4904F2524433F8022F0AB1013A1A80B3F830
S325602225E0782012B1013AA3F87820BBF90E209C420BF1120B01F108014FEA0212C1F83C284C
S32560222600E8D10FB0BDE8F08FA0240120A0F1B00027E610B58EB04D220446C43004A9EFF720
S3256022262049FB024678B100224D23029201212046CDE900230523FFF7D4FD23685B6C0EB0D7
S32560222640BDE81040184794F8C8300290EEE7A0F1C400DEE7B030F4F74FB8B030F4F74CB8F8
S32560222660B030F4F749B8B030F4F746B8B030F4F743B8B030F3F774BDB030F3F771BDB030A4
S32560222680F3F76EBDB030F3F76BBDB030F3F768BDB030F3F765BD10B50C4602220C4904F547
S325602226A0C670EFF71DF804F5D77002220949EFF717F804F5E87002220749EFF711F804F509
S325602226C0F97002220549BDE81040EFF709B800BF47EA002053EA00205DEA002064EA0020B9
S325602226E010B50C4636492046EFF703F804F121003449EEF7FEFF04F142003349EEF7F9FF70
S3256022270004F163003149EEF7F4FF04F184003049EEF7EFFF04F1A5002E49EEF7EAFF04F1EE
S32560222720C6002D49EEF7E5FF04F1E7002B49EEF7E0FF04F584702A49EEF7DBFF04F22910AA
S325602227402849EEF7D6FF04F5A5702749EEF7D1FF04F26B102549EEF7CCFF04F5C6700022B3
S325602227602349EEF7BDFF04F5D77000222149EEF7B7FF04F5E87000221F49EEF7B1FF04F5F4
S32560222780F97000221D49EEF7ABFF04F5057000221B49EEF7A5FF04F2362000221949EEF7FF
S325602227A09FFF04F5167000221749EEF799FF04F27A2000221549BDE81040EEF791BF00BF7C
S325602227C06DEA002073EA002079EA00207FEA002055C400205CC4002063C400206AC4002063
S325602227E071C4002078C400207FC4002086C400208DC4002091C4002095C4002099C40020F7
S325602228009DC40020A1C40020A5C40020A9C4002010B50C4616492046EEF76BFF04F12100D3
S325602228201349EEF766FF04F142001149EEF761FF04F163000E49EEF75CFF04F5C670002254
S325602228400C49EEF74DFF04F5D77000220A49EEF747FF04F5E87000220849EEF741FF04F5A8
S32560222860F97000220649BDE81040EEF739BF00BF3EF600208DC4002091C4002095C40020B2
S3256022288099C4002010B50C4620492046EEF731FF04F121001E49EEF72CFF04F142001D490E
S325602228A0EEF727FF04F163001B49EEF722FF04F184001A49EEF71DFF04F1A5001849EEF706
S325602228C018FF04F1C6001749EEF713FF04F1E7001549EEF70EFF04F5C67000221349EEF789
S325602228E0FFFE04F5D77000221149EEF7F9FE04F5E87000220F49EEF7F3FE04F5F970002296
S325602229000D49BDE81040EEF7EBBE00BF35C400203DC4002045C400204DC4002055C40020CA
S325602229205CC4002063C400206AC400208DC4002091C4002095C4002099C4002038B50C461F
S32560222940204D20462946EEF7D4FE294604F12100EEF7CFFE294604F14200EEF7CAFE2946FD
S3256022296004F16300EEF7C5FE294604F18400EEF7C0FE294604F1A500EEF7BBFE294604F139
S32560222980C600EEF7B6FE294604F1E700EEF7B1FE04F5C67000220C49EEF7A2FE04F5D77006
S325602229A000220A49EEF79CFE04F5E87000220849EEF796FE04F5F97000220649BDE838406E
S325602229C0EEF78EBE3EF600208DC4002091C4002095C4002099C4002010B50C46094904F1B0
S325602229E08400EEF786FE04F5C67000220649EEF777FE04F5D77000220449BDE81040EEF7DF
S32560222A006FBE00BF85EA00208EEA00209BEA0020012013F0FFBE4A88B2F5007F38B5034667
S32560222A2040F0938090F8CC20B1F90410002A00F08780D0F8D8201220574C072AD3F8E030D7
S32560222A40C9BFA2F1080500FB024400FB054404F51074052B36D8DFE803F003404956616C1D
S32560222A60072A35DC94F900506D180BD54FF0FF312046EDF7BFFF28B1607800F0E00018F04A
S32560222A80FFF8451E607800F0E00018F0F9F8A84219DC01212046EDF7ADFFA0B1657805F099
S32560222AA0E005A02D4FF0FF3518BF0025607800F0E00018F0E5F8A84200DC451E00232570FF
S32560222AC0E381238238BD6B1CF0DA4FF0FF35F5E72046BDE83840EDF78DBFA3780B44102B78
S32560222AE0A8BF102323EAE373A370EBE794F904306FF02F020B44302BA8BF30239342B8BF6B
S32560222B0013462371DEE76279A379521804D49342A8BF13466371D5E70023FBE7A379627921
S32560222B200B44934203DB7F2BA8BF7F231A46A271C8E794F907300B4483F30503E371C1E7A9
S32560222B40CC30BDE8384003F02CB9B2F5807FB9D1B1F9042090F8E41069B9D0F8E0100A445A
S32560222B60D0F8E810052AA8BF0522BDE8384022EAE272FEF7B9BED0F81C140629A2DDD0F8F9
S32560222B802004121806D406398A42A8BF0A46C3F8202497E70022FAE7A024012038B500234E
S32560222BA090F8CC10044680F8F0304FF6FF73A0F80431A1B900F1CC051022284603F07AFB9F
S32560222BC005220221284603F075FB0B220421284603F070FB0C220521284603F06BFB0748CA
S32560222BE004F06AFE94F8D40004F0F8FA4FF6FF7201460248BDE83840EDF731BE082001202B
S32560222C00A0F1B000CAE7F8B54B8804460D46B3F5807F06D1B1F90420B0F80E1481B1FEF7E0
S32560222C209EF96B88B3F5007F70D1B4F80E34B5F90450002B41D02046BDE8F840FEF78FB96E
S32560222C4090F8D43BABB990F8D83B13445BB2002B0DDB142BA8BF0023D9B2204684F8D83B96
S32560222C60FEF7C7F84FF47A63C4F8C030D9E71323F2E7012B0CD190F8D93B13445BB2002B49
S32560222C80C0F28D81032B40F38B8180F8D91BE9E7023B012BE6D890F8DA3B13445BB2002BF0
S32560222CA009DB042BA8BF0023D9B2204684F8DA3BFEF7BAF8D6E70323F6E794F8D43B012B3F
S32560222CC054D0022B00F0BD80002B40F01F8194F8292394F9DB3B52BBCBB994F8283394F874
S32560222CE02A232B44102BA8BF1023012BB8BF0123DBB284F828332AB194F82413AA4A02EB11
S32560222D00810293704FF47A63C4F8C030F8BD012B0DD194F9D82B224492F82C332B44642B3D
S32560222D20A8BF642323EAE37382F82C33EAE7022BE8D194F82A33002BE4D0012DB4F826332F
S32560222D400ED103F001025B0843EAC233A4F8263394F82423B4F82613934B23F82210D1E701
S32560222D600135F5D15A0042EAD333EFE794F9DC3B9BB994F9D92B502101FB024393F8DC3A91
S32560222D800BB9002DBEDD2B4401FB0242DBB2032BA8BF032382F8DC3AB4E7012B19D0022BBB
S32560222DA02BD094F9DC3B032BACD194F9D92B502101FB024393F8DF3A0BB9002DA2DD2B447B
S32560222DC001FB0242DBB2102BA8BF102382F8DF3A98E794F9D92B502101FB024393F8DD3AD2
S32560222DE00BB9002D8EDD2B4401FB0242DBB2082B28BF082382F8DD3A84E794F9D93B502160
S32560222E0001FB034292F8DE2A12B9002D7FF77AAF2A4401FB0347D2B207F69426942A30469D
S32560222E20A8BF942287F8DE2A04F046FD97F8DE0A04F0D4F94FF6FF7201463046EDF70FFD94
S32560222E40AFE794F80C34002B3FF45CAF94F9DD2B002A16D1B4F9D63B002B02DC002D7FF70F
S32560222E6051AF2B44632B3FF64DAF04EB4302B2F842134FF6FF7291423FF444AFA4F8D63B0D
S32560222E8040E77FF73FAFB4F9D63B012A04EB4303B3F8423315D104EB830393F8502412F085
S32560222EA03F0102D1002D7FF72DAF294422F03F02C9B2272994BF0A4342F0270283F8502483
S32560222EC020E7022A4CD104EB830393F8512412B9002D7FF717AF2A44D2B2642A28BF642284
S32560222EE083F851240EE704EB830393F8522412B9002D7FF707AF2A44D2B2632A28BF6322E0
S32560222F00012A38BF012283F85224FBE694F9DE3BBBB994F9DA2B0135224492F8D01B01F064
S32560222F201F032B4413F0FF0309D0202BA8BF2023013B21F01F010B4382F8D03BE2E6012379
S32560222F40F6E7012B7FF4DEAE94F9DA2B224492F8D03B990654BF43F0200323F02003EBE744
S32560222F60032AC0D0042A7FF4CDAE04EB830393F853143039CAB249B22F3102DA002D7FF7CA
S32560222F80C1AE2A446FF02F0152B2302AA8BF30228A42B8BF0A46303283F85324B2E6032381
S32560222FA084F8D93B5EE600BF3CF801202DE9F04700F21F4800230446064600F2164700F201
S32560222FC02349454600F58A6AC0F81434A5EB0801B4F80A040023C9B29AB2904202D84FF65B
S32560222FE0FF7205E01AF823C00133B1EB9C1FF3D1002327F8022F05F8013F2B712B722B7328
S3256022300096F8DF3ABBB1D6F8D42A002A0DDB013B12041B0202F4FE0203F47063134343F47B
S32560223020104040F0090010F009FB4FF0FF33C6F8D43AC6F8D83A4D4506F15006C6D1BDE853
S32560223040F0872DE9F047044600251422002100F54B7004F6942704F6CF384FF00509AA46BB
S325602230601BF07EFC2946204684F8D85BFDF7C1FEEEB2384687F84A9007F8046C87F84860FF
S3256022308087F84BA004F018FC052004F0A7F84FF6FF7201463846EDF7E2FBA5B9022384F843
S325602230A0DD3A013518F8013FB6015037042D88F80060DDD12046FFF779FF20460021BDE8EE
S325602230C0F047FDF7B1BE012D05D0022D06D0082384F8CD3BE5E784F82D9BE2E7072384F898
S325602230E07D3BDEE7A0F1B000ABE7F8B5282390F9CA7004460F4A7B431421D0F8DC000126DC
S3256022310032F903C094F9CB300B4D01FB073385F84660043332F91310002300FB0C111A46E0
S3256022312005F1080005F002F985F84660C4F8D800F8BD00BF54EE01200020012010B504463B
S3256022314090F9CA0004F04AF84FF6FF7201460348EDF785FB2046BDE81040C6E70820012061
S32560223160A0F1B000EAE7F0B58BB004464522C43001A9EEF79FFD002839D094F9CA00282332
S325602231801C4903FB00F2BDF804508D529DF80620032A2AD9102AA8BF102203FB00152B4628
S325602231A06A6001AA0325063317790235D6780232232D46EA072623F8026FF5D1002384F8CA
S325602231C0CB30282303FB0011B1F90830C4F8D03004F004F84FF6FF7201460748EDF73FFB1A
S325602231E020460BB0BDE8F0407FE70422D5E70BB0F0BD00BF54EE012008200120A0F1C400E1
S32560223200B1E738B590F9CA5004460D4485F3020580F8CA50284603F0E1FF4FF6FF72014614
S325602232200F48EDF71CFB2046FFF75FFF0D4A282394F9CB1003FB05235B68D8B288424FF074
S325602232401401DCBF03F1FF3384F8CB3094F9CB3001FB0533043332F91330C4F8D03038BD87
S325602232600820012054EE01202DE9F04F87B0044613F08CFD70B1774B77491B78774A91F838
S3256022328000A0F02B764912780D7807D1236820465B6D98470025AA46A94607E0902BF9D13D
S325602232A094F8E4309342F5D14FF001096D4E96F8C43B002B00F0B6806B4BD4F8FC101A6859
S325602232C094F8E800521A1B68C4F80021C4F8FC30002800F0A4806421ECF78AFD01906348D7
S325602232E0ECF724FE0028204614BF4FF0FF310121FDF75AFD012384F8F83096F8C63B7BB181
S32560223300594AD4F8FC1013685B1AC4F800311368C4F8FC30002384F8EC30012384F8F830E7
S3256022332094F8EF3063B9022013F042FA002807DDF022012190FBF2F204F1CC0002F0BAFFC2
S3256022334094F8CC204FF0000894F9EC3093FBF2F102FB113394F9D02013445A4203F01F0346
S32560223360029302F01F03029A58BF5A4202929DF80830039304F1EC030493049A46469DF89C
S3256022338008B012F8013F04929BB194F8E430002B52D0B9F1000F0CD0B8F1000F45D1344BF2
S325602233A05046197817F086FD82B23146584612F05DFF3146584612F063FF0746032013F041
S325602233C0F7F90028B8BF7F30C611B8F1000F55D1D4F8D820394633462648D201214F02F40F
S325602233E0FF4204F0A3FF039B00014146C7F84408D4F8CC00184400F01F0012F041FFD4F82C
S32560223400D82001463346D2011A4802F4FF4204F08DFF0001C7F84C084FF00108ADE711235C
S3256022342001935CE71123019367E74FF4F0527F212846ECF7DDFCB7E70F4B03EBC80017F013
S32560223440DBFCB0F5F05FA8BF4FF4F05020EAE070AAE700BFA843012034EC012036EC0120F5
S3256022346035EC0120A0240120E03001202C310120D805012008200120F031012094F8F830B1
S32560223480002B00F0B88000234FF4F05084F8F8300EF030FA874204DC7B48ECF747FD002824
S325602234A04AD00199022014F009FD94F90431002B0DDB94F806010138000200F4706040EA13
S325602234C0034040F4004040F0080010F0B7F894F8DC308BB3002184F806315846059312F0E4
S325602234E0CFFE6A4B31461A78ECF7B0FC7F224FF4F051064684F804013846ECF779FC059BC2
S325602235003604013B000606F4FE061B0200F0FE4003F470633343184340F4104040F0090006
S3256022352010F08CF85A49D4F808210B689B1AC4F810310B68C4F80831C7F5F0574FF4F050D4
S325602235400EF0D8F9874204DC4F48ECF7EFFC002851D00199032014F0B1FC94F90531002B61
S325602235600DDB94F807010138000200F4706040EA034040F4004040F0080010F05FF894F84C
S32560223580E060C6B3039A0021D4F8CC3084F80761013E1344360203F01F0B06F47066584627
S325602235A012F06EFE394B00211A78ECF74FFC0746012184F805013F04584612F061FE7F22DC
S325602235C04FF4F05107F4FE07ECF712FC00063E4300F0FE40304340F4104040F0090010F009
S325602235E02DF82B49D4F80C210B689B1AC4F814310B68C4F80C31B8F1000F3FF40DAF04F27F
S32560223600031504F5847604F20517DFF8848048F2080A4FF0FF0B15F9012F002A14DB3368A3
S32560223620D8F80010C91AB368B1EB430F0CD9A8780138000200F4706040EA024040EA0A0092
S325602236400FF0FCFF85F800B0AF4206F10406E2D1D4F8F430013BC4F8F4300E4B93F8C43B27
S325602236607BB9B9F1000F0CD094F8ED3013B994F8EE3033B10121204607B0BDE8F04FFDF7DF
S3256022368093BB07B0BDE8F08F64310120D8050120E0300120A0240120A0F1B000E4E52DE98F
S325602236A0F04F182785B0054688464F43002600EB010B0F3795F8CC904E4502DB05B0BDE80E
S325602236C0F08F95F9EC40414695F9D0A0344494FBF9F309FB13445444634204F01F0403F00F
S325602236E01F0358BF5C42204612F0CAFD9BF8ED3016224FF4F0510293ECF77AFB802307F148
S325602237001801B3FBF9F3091A4FEA930E16FB03FC5A10C9B2C3B25EFA8CF05FFA8CF916BB84
S32560223720039217F05FF9029B53B1D5F8C030002B06DD039A1823394648465200EDF740FA4C
S32560223740A2450ED195F8EF3083B1D5F8C030002B07DC01234A460F21484600933F2317F002
S3256022376059F80136A6E717F039F8E9E70F24631C214604344A464846EDF724FA3F2CF6D101
S32560223780EFE710B50C460B4608220449CC3005F062F9D4E90030C01A10BD00BFDC3700201A
S325602237A010B50C460B4696220349CC3005F053F9D4E90030C01A10BD9C38002010B50C4639
S325602237C00B46D8220349CC3005F045F9D4E90030C01A10BD504C002010B50C460B460822B9
S325602237E00349CC3005F0ACF9D4E90030C01A10BDDC37002010B50C460B4696220349CC3030
S3256022380005F09EF9D4E90030C01A10BD9C38002010B50C460B46D8220349CC3005F090F9E4
S32560223820D4E90030C01A10BD504C0020A0F1B0001EF07ABB0148EDF79BB900BF6EEB002073
S3256022384038B54B880446B3F5807F29D1B1F9043090F8F010D1B9D0F8CC502448E91AEDF70E
S32560223860D6FD854201D0C4F8CC0094F8D40003F0B5FC4FF6FF7201461D48ECF7F0FF94F809
S32560223880F03013B11B4BC4F8F43038BD013100EB8102CC30D2F8CC201A4402F00BFDE4E70C
S325602238A0B3F5007FF1D190F8EF30B1F90410D3B190F9D020521814D4202AA8BF00220121EE
S325602238C004F1CC0002F0F6FC0B4BD4F8FC201B689B1AD4F80021934284BF012384F8F83078
S325602238E0D3E71F22EBE7FDF75FFAEDE7DC370020082001200B8B0200E03001202DE9F04FB8
S32560223900044685B0C4309C4FEEF7C0F904F26358B4F86C6500254FF00109DFF864A2032D7A
S3256022392052D81C2000FB05A0ECF700FB002851D009FA05F333439EB201230135083708F878
S32560223940013F082DEBD194F82E344FF0000E0C224FF0010C03EB4303F3465B00DBB202930F
S32560223960029B46F480477344DBB202FB034A9AF839049AF83A540CFA00F0AAF836740CFA5C
S3256022398005F581B21FFA85F9019110EA07019AF83B049AF838A4009114BF012100210AF166
S325602239A0FF3A3D40039014BF4FF001084FF00008BAF10A0F00F2CD80DFE80AF0124E5560FB
S325602239C0656C787D889AA800384617F015FAB0F5905FADDC09FA05F326EA03060023ACE754
S325602239E0009802FB0341B0FA80F0400981F8340402FB03430EF1080193F834340CFA01F11C
S32560223A00002B00F0AB8031438EB20EF1010EBEF1060FA5D1002259490C254FF4F05094F8D8
S32560223A202E3402EB830C03EB430754FA8CFC9CF8543503EB4703DBB205FB034393F83434F7
S32560223A4043431B0141F832300132042AE7D1A4F86C6505B0BDE8F08F02FB034001EA08010E
S32560223A6080F83414C4E7019802FB034140EA090917EA090F14BF01200020B7E702FB034032
S32560223A8081EA0801ECE702FB034001EA080181F00101E5E7019902FB034041EA09010F4284
S32560223AA00CBF0125002580F83454A1E702FB034081EA0801EBE7002D53D102FB034191F83F
S32560223AC03504002894D081F8355491E702FB0341002DF4D091F83554002D89D1009881F843
S32560223AE035C4002884D091F8340480F001007DE7009919B102FB034181F834B4002D3FF4CE
S32560223B0077AF02FB034181F834C471E740F2344002FB034912FB0305254495F9090095F95B
S32560223B2008A008FB00F001FB0A0003990CFA01F10F4295F90A7014BF0121002107FB010056
S32560223B4095F90B108842D4BF0020012089F834044EE702FB034181F834B449E726EA0106BF
S32560223B6053E702FB034090F83554002D7FF440AF80F835C474E700BFD0310120E42C0120C5
S32560223B8010310120A0F1B000B8E610B50446C430EEF77CF8094817F02FF9002301460848C6
S32560223BA01A4604F0C3FBD4F8D830064A00011B01C2F84408C2F84C3810BD00BFF031012018
S32560223BC008200120A0240120A0F1B000DDE790F8B63013B1B030EEF759B8704770B58CB00A
S32560223BE004465422C4306946EEF764F830B19DF80030722B04D1684612F0DCFA0CB070BD12
S32560223C00732B06D0742B2CD1DDF80130C4F8D03BF4E79DF801106A46BDF802300020C9003E
S32560223C20A4F80A34C9B20B18157901300432DBB2082804EB830383F85054557883F8515451
S32560223C40957883F85254D57883F85354EBD100212046FDF7E9F8002384F8DA3BA4F8D63BC6
S32560223C60CCE76F2B1ED0312BC8D194F8D43B1BB994F8D83B8DF80130144D9DF8013005EBB1
S32560223C808303DE78002EB9D1684612F093FA9DF80110204605EB8105EE700CB0BDE87040DA
S32560223CA0FDF7A7B86B4604F5A0725978503484F88C1A997884F88D1AD97884F88E1A13F842
S32560223CC0041F84F88F1A9442EFD197E73CF80120A0F1C40082E7A0F1B0001EF075B9A0F1DF
S32560223CE0B0001EF045B9A0F1B0001EF051B91EF01FB91EF01DB9022310B504461A46D0E910
S32560223D003801C911C01116F069FD94F8F0301BB104F1F00002F0FAFB94F80C312BB104F5E9
S32560223D208670BDE8104002F0F1BB10BDA0F1B0001EF012B990F8B6302DE9F0470746B8B01B
S32560223D408BB980F8B7300DF1600990F8B530002B15BF002607264FF0070A4FF0850A4FEABB
S32560223D604618564502D138B0BDE8F0870FAD00248DF83C6087F8B76008EB0403013428A855
S32560223D809BB22893EEF757F9202C0FAA05F8010FF2D1212128A8EDF711FF28A948461CAD5B
S32560223DA0EDF717FF42236C4601360C9308F12008F6B21FFA88F80FCD0FC40FCD0FC495E857
S32560223DC00F0084E80F0099E80F0012F0E9FDC8E7A0F1B000AEE72DE9F0418AB004464222A5
S32560223DE0B03001A9EDF766FFE8B19DF8046001AD00274FEA461884F8B76008EB07000137A5
S32560223E0015F8011F80B20EF049FA202FF5D1062E01D0842E07D1002084F8B6000AB0BDE825
S32560223E20F0411EF079B80AB0BDE8F081A0F1B000D1E710B50C4CD4F8C820002A08DA01F0F3
S32560223E4027FFD4F8C83023F00043C4F8C83010BD90F8C520002AFAD090F8C630002BF6D148
S32560223E60BDE8104001F014BF50450120A0F1B000DFE790F8C52038B50446404B002A67D0B4
S32560223E8090F8C600002863D11B68D4F8DC50C4F8DC305D1BEDF7D2FB024604F1CC0029460C
S32560223EA0EDF70CFC0120EDF7C9FB2946024604F1D000EDF703FC0220EDF7C0FB29460246EE
S32560223EC004F1D400EDF7FAFB0320EDF7B7FB2946024604F1D800EDF7F1FBD4F8E4301A7D34
S32560223EE0062A2BD8DFE802F00409041F21232B000020BDE8384012F00EB91878EDF73DFCFC
S32560223F00D4F8C83002680B21D4F8E80001FB02321B4921F812001B4A1068181A1A4B1B7845
S32560223F2003FB0000E5E70120E3E70320E1E794F8E830134A82F8C430144A537038BD0020B4
S32560223F4012F0E9F8D4F8E8200D4B83F8CC20F5E71B684FF44862B3FBF2F102FB1133002B1A
S32560223F60ECD10DF0A5FC00F00700C4F81C010DF09FFC00F00700C4F82001DFE7E03001202B
S32560223F8050450120D8050120B1360120DF050120A0F1B0006DE72DE9F04104790546B0F88C
S32560223FA002800E46013C477948FA04F404F0010437B963200DF09EFC8642C8BF84F00104A1
S32560223FC004EB4804AB79A4B26C8023B11FB92A78024B23F82240BDE8F08100BF3CF8012076
S32560223FE0F8B50E4690F84D10044604293DD8C81C00234FF0010CC0B21D460CFA03F701336B
S325602240003D43DFB2B842EDB2F7D8042905EA060594F84F000CBF00233C23002A1D44B8BF4E
S325602240207F3205EBE21585F3070500284AD0626C002A0DDB01381204000202F4FE0200F47F
S325602240407060104340F4104040F009000FF0F6FA94F84F303648013B1B0203F4706343EA30
S32560224060054318430FF0EAFA656494F84D30052B11D194F84F00002856D00138C6F34603EA
S32560224080000200F4706040EA036040F4D83040F00B000FF0D3FA94F84D30062B13D194F858
S325602240A04F00002840D00138C6F34603000200F4706040EA036040F00B1040F430400FF075
S325602240C0BDFA00E0A56494F84D30072B2CD194F84F0048B3A26C002A26DBF30724D5626CB0
S325602240E0002A0DDB01381204000202F4FE0200F47060104340F4004040F008000FF09EFA85
S3256022410094F84F30A26C013B094812041B0202F4FE0203F47063134318430FF08FFAA36C36
S3256022412063644FF0FF33A364BDE8F8400EF0A2BB099000602DE9F04F9A4D87B0044695F83D
S32560224140C53B13B995F8C63B43B12046FEF72EFF95F8C63B13B1012384F8123495F8C73B3A
S325602241602BB194F8123483F0010384F8123494F81234002B00F0128195F8C43B0093002B06
S3256022418000F00C81D4F8143404F5846504F5866604F5836901334FF000084FF0FF3AC4F8AB
S325602241A0143404F58A6302932A7B002A40F0988095F8B0E7D4F814140EF01F020132B1FB87
S325602241C0F2F002FB1011002940F08A80B9F800704FF6FF72974200F0C5802879E0B92A7A31
S325602241E0D2B907F58A72704B14F8222002F03F02132AA8BF132233F822C0327003EB82027E
S32560224200A6F802C092F802C0D27886F804C07271B0712A7801322A702A7A0132D2B22A7274
S3256022422096F804C0944527D80130002204EB870CC0B22A7228719CF852C484451CD82A714E
S325602242407A1CB4F80AC492B204EB820094450BD81EF0200F00F083805FFA88F08AB294453F
S3256022426071D84FF6FF7275E090F850B40430B8EB9B1F65D1A9F8002007F58A7B04F53D63B4
S3256022428004F5296004EB8B0B019390F84C2042451BD19BF803207188303A039052B2D20111
S325602242A0CDE9041217F05EFBBAF1FF3F059ADDE9030118BFC0F848A00390FFF791FE0398CE
S325602242C0826C1AEA220A38BF92465030019B9842DBD104EB8707304697F85114FFF75BFE91
S325602242E008F101080135083609F10209B8F1040F7FF45AAF2D4804F5866616F07DFDB0F504
S32560224300905F04F22C4530DD2B46002593F8A427910604D41A780099002A08BF0D460133B4
S325602243209E42F3D1002D39D1214816F065FDB0F5905F31DD204607B0BDE8F04FFEF736BEBD
S32560224340013292B282E7029B13F821E00131B0EB9E1F83D1A9F8002000222A708CE701225B
S325602243602A7389E701222A73BAE7114816F044FDB0F5905FC8DC2B46002593F8A4279206EB
S3256022438008D41A780099002A08BF0D4601339E42F3D1C7E7009DF9E784F8125407B0BDE809
S325602243A0F08F00BFA02401203CF80120F0310120F831012010B50446C430EDF767FCB4F87B
S325602243C00E3413B1013BA4F80E3494F8D43B4BB1012B03D02046BDE81040ABE694F84033B4
S325602243E0002BF7D1044B93F8C43B23B12046BDE8104002F0FBB810BDA0240120A0F1B000A2
S32560224400D8E78369002B0ADC0369A3EBC113B3F5B06FB8BF4FF4B0630361C823836170470C
S325602244208369002B0BDC036903EBC1114369C3F5F4539942D4BF01610361C8238361704765
S325602244402DE9F843D0F8CC300446D0F80821013BC0F8CC3012B1013AC0F80821D4F82421A4
S3256022446012B1013AC4F82421002B00F31B81D4F8E030D4F8E8201344D4F8E420C4F8E03058
S32560224480D4F8EC301A44B2F5F45FC4F8E42012DD002B4FF064014FF00100C8BF5B42C4F8B6
S325602244A0EC304FF4F453C4F8E43013F007FD40F24E73C4F8D430D4F8E430B3F5B06F12DAB1
S325602244C0D4F8EC3064210120002BB8BF5B42C4F8EC304FF4B063C4F8E43013F0EFFC40F269
S325602244E04E73C4F8D430D4F8E800002838DA94F8F030ABB3D4F8FC20D4F8E03002F5C076CA
S325602245009E422DDB9A422BDCD4F8E420D4E94013CD18AA4224DC8A4222DB94F80C5125B907
S32560224520D4F8F4500135C4F8F4504042C4F8E060C4F8E80003EBD370002B01EB60014FF0A3
S325602245400000B8BF0333521A64215B1292FBF3F2C4F8EC2013F0B2FC40F2FA53C4F8D8309A
S32560224560D4F8E800002838DD94F80C31ABB3D4F81851D4F8E03005F5C07293422DDCAB4293
S325602245802BDBD4F8E420D4E94713CE18B24224DC8A4222DB94F8F06026B9D4F810610136D4
S325602245A0C4F810614042C4F8E050C4F8E80003EBD370002B01EB60014FF00000B8BF03339F
S325602245C0521A64215B1292FBF3F2C4F8EC2013F075FC40F2FA53C4F8D830D4F8E030FF2BFE
S325602245E020DC94F8F030002B00F0548194F80C31002B00F04B81D4F810210523013292FB06
S32560224600F3F303EB8303C4F810219A4207D1D4F8C830193B312BD8BF3223C4F8C83020469D
S32560224620FCF7E3FDD4F8E030B3F57C5F20DD94F80C31002B00F0468194F8F030002B00F051
S325602246403D81D4F8F4200523013292FBF3F303EB8303C4F8F4209A4207D1D4F8C830193B56
S32560224660312BD8BF3223C4F8C8302046FCF7BDFDD4F8F430D4F8D020934204DD2046C4F81F
S32560224680D030FCF7E8FDD4F81031D4F8D020934204DD2046C4F8D030FCF7DDFDD4F8C83088
S325602246A0C4F8CC30994804F1F006D4F8045116F0A3FB94F8F880B8F1000F1AD0C0114FF46F
S325602246C0C8536FF03B0205EBD57543436D1093FBF2F3C5F5F455D4F804212B44B3F5906FE1
S325602246E0C0F20481C2F5FC529342A8BF1346C4F80031874804F58675D4F8209116F07CFBB7
S3256022470094F81471DFB1C0114FF4C8536FF03B0209EBD97943434FEA690993FBF2F3C9F5FD
S32560224720F459D4F820214B44B3F5906FC0F2E180C2F5FC529342A8BF1346C4F81C3100208B
S3256022474012F036F80146B8F1000F02D1304601F0C9FE022012F02CF8014617B9284601F0E3
S32560224760C1FE6C48EBF7E2FB07466B48EBF7DEFB27B168B901213046FFF743FE6648EBF76C
S32560224780D5FB28B16348EBF7D1FB002800F0B4806248EBF7CBFB06466148EBF7C7FB26B181
S325602247A068B901212846FFF72CFE5D48EBF7BEFB28B15A48EBF7BAFB002800F0A280D4F848
S325602247C0E4304FF4F0574FF4C852564DC3F5F45340F24E70D4F8DC807B4393FBF2F31B014F
S325602247E0D4F8D420C5F854384FF4905303FB02F1B1FBF0F11420B2FBF0F600FB16220A2A56
S32560224800D4F8D82003FB02F640F2FA5334BF01204FF0FF30B6FBF3F62923B2FBF3FC03FBD5
S325602248201C22142A34BF01234FF0FF335E4300FB01660DF03DF840F64852B0FBF7F303FB54
S32560224840170308FB03F3B3FBF2F3374AA3F5706312683344002A0CBF3A46002213441B0143
S32560224860C5F85C38D4F8D43013B1013BC4F8D430D4F8D83013B1013BC4F8D830D4F8DC305F
S3256022488013B1013BC4F8DC30BDE8F8832046FCF7E2FCC7E6D4F8E83064210120002BB8BF98
S325602248A05B42C4F8E8304FF48073C4F8E03013F005FB40F24E73C4F8D430B3E62046FCF755
S325602248C0CAFCD5E6D4F8E83064210120002BC8BF5B42C4F8E8304FF47C53C4F8E03013F041
S325602248E0EDFA40F24E73C4F8D430C1E64FF49063FDE64FF4906320E701213046FFF790FD7E
S3256022490046E701212846FFF78BFD58E7F831012008320120103101202C3101204831012076
S3256022492064310120A0240120D8050120A0F1B00086E508B54B880246B3F5807F14D1B1F99C
S325602249400430002B0ADA0421F030FFF75AFD012382F8F030002382F8F83008BDF7D00421C6
S32560224960F030FFF75DFDF2E7B3F5007FF5D1B1F90430002B0BDA042100F58670FFF750FD38
S32560224980012382F80C31002382F81431E5E7F7D0042100F58670FFF734FDF1E770B5D0F843
S325602249A0C86016250B240E4B4D4304FB01645A5B33F814402B440125A41AB4FBF6F44FF62B
S325602249C0FF7622440135B24228BF32460B2D23F8022FF6D10844012380F8F13070BD00BFAB
S325602249E0504501202DE9F04FD0F8E49004468BB090F8E00099F814A0BAF1010F1ED194F880
S32560224A00F030DBB9D4F8C8504D1917D4D9F8183007330A2BA8BF0A239D420FDCC4F8C8506B
S32560224A20ECF7ABFE0B22036802FB03556D4B33F81530C4F8E8300BB0BDE8F08F014428230A
S32560224A40694ECDB2162D28BF1625012D38BF01256B4306EB0308C145EDD0F75C84F8E0507C
S32560224A603846ECF78AFE036899F800B0019394F8F030002B44D0BAF1010F0AD1D9F81830EB
S32560224A80052B06DD5846ECF778FE01682046FFF785FFBBF1030F36D1544A4FF0160E544BD6
S32560224AA00DF10809126801201B680392514A0EFB03FCDFF830A1126804924F4A12680592A7
S32560224AC04E4A126806924E4A126807924D4A126808924D4A1268099259F8043F00220EFBE3
S32560224AE003F303EB0A01A1EB030B01323BF80CB00A2A21F802BBF6D101300828ECD11CE098
S32560224B00BBF1030F19D0BBF1140F22D0BBF1000F13D1D4F8E83083B1DFF8C890D9F8C830F6
S32560224B2003F0030A1DF020FAD9F8C83043EA0A03C9F8C830012384F8F030282303FB05629A
S32560224B40127D013A052A3FD8DFE802F016253333363AB4F8EC20002AEFD0B4F8EE30002B5D
S32560224B60EBD09A42E9DA9B1A4FF44002274992FBF3F309680B82E0E703FB05630B22019944
S32560224B809B69C4F8C83002FB0133164A32F81330C4F8E8300DE094F8F03053B11C480023DF
S32560224BA01C4950F8042B0133120A082B21F8022FF7D1C4F8E4803EE70A4B93F8C430E7E715
S32560224BC0084B93F8CC30E3E7162F01D00023DFE794F8F0301BB1104B1B78002BF6D101232E
S32560224BE0D6E700BF50450120ACBE2060E4050120A0430120E8050120EC050120F0050120CD
S32560224C00F4050120F8050120FC050120343301200C230120FE45012024460120F0B5D0F87E
S32560224C20B05091B00446002D69D001F04AF9D4F8B420534B534903EB820353489A6815F0D8
S32560224C40A9FFD4F8B03093F84130043BDAB2092A07D84E4A52F8230015F08AFF202012F0CA
S32560224C6007F8D4F8B03093F8542092B193ED127A0C21474A08A8B7EEC77A8DED007B1CF05E
S32560224C80C5FD414B8021022208A8C3E9011212F00DF804F1CC0108A818253E4E3E4F01F04A
S32560224CA047FB03A8ECF7F2FBDDE90D239A4201DD11B0F0BD03A908A801F09EF8032804EB94
S32560224CC0800305FB0062D3F8BC1007D1134603A80A4604F1E00112F029F8E5E758B9D4F802
S32560224CE0B8301B783BB103A83946ECF7D6FB03A8ECF794FCD8E703A8ECF7DEFBD4E7224E78
S32560224D00022701F0ABF92B0105F1410001350633C0B2C6E9013711F0ABFF082DF3D1D4F8B2
S32560224D20F80001F0A9F904F1FC0108A8D4F8F85001F0FEFA03A8ECF7A9FBF8236B4303F5CE
S32560224D40887525441C44DDE90D239A42B0DC03A908A801F051F82044104A90F8FC31182066
S32560224D6055F8231000FB0322083B012B04D8114603A811F0A3F9E6E703A8ECF79DFBE2E765
S32560224D80A0480020A4EC0020E4300120087A0020A8EC00205C780020AEEC0020987600206C
S32560224DA0A0F1B0001DF0D0B8012A02D1016000207047002AFBD10260F9E738B50546084B9C
S32560224DC0044600F51B7045F8EC3B03681B689847D4F8EC3028461B689847204638BD00BF7E
S32560224DE09860002038B5084B04464FF4C665036063596019A5F5E0751B68984715F1D00F4D
S32560224E00F6D1204638BD00BFE060002038B5084B044600F58475036000F5587003681B6843
S32560224E209847D4F8083128461B689847204638BD28610020028A8A4210B40AD0036801824E
S32560224E401A68146990F91C20184623465DF8044B18475DF8044B7047002070470020704733
S32560224E60704782694FF6FF73018A9340DB439AB20B40934218BF5140DCE7D0F80CC0F0B406
S32560224E80BCF1000F24D086698E4221D90CEB4105B5F908402244B9B1B5F90670013E8E42EB
S32560224EA08CBFB5F90A40BCF90040974201DB69B17A1CA242A8BF04F1FF322A8143B1006855
S32560224EC00368F0BC5B6918470F46E7E70A46F0E7F0BC704700207047437923B1D0E9270319
S32560224EE05843002170471846FBE70020704700207047007F704790F8D034C3B1D0F8842423
S32560224F004AB1D3694FF400719279013B914089B2A3FB01017047D0F888340BB1D3F8303405
S32560224F20D0F888140029F3D0D1F83C14F0E718461946704770B58479002C39D041790368B9
S32560224F400279002937D1602505FB0235A98C8EB211F480512DD04FF48051A984C18F013156
S32560224F60C187760524D5602101FB02324FF48061B2F8483091849BB2B3F5604FC28F01D912
S32560224F80002C31D143EA024390F83C2090F83D400132016C03640C2AA8BF0022944207D08D
S32560224FA05B1A911CD2B200EB81014B6080F83C2070BD0C46D5E7560103EB4212D589A9B24A
S32560224FC02D040FD5C1F30E05D581C28F0132C2870A05EDD59A1921F40061938889B29BB2AD
S32560224FE0D181C9E70024F3E7013ACBE7014B1868A0E700BF10F20120014B58689AE700BFBB
S3256022500010F20120014B986894E700BF10F20120014BD8688EE700BF10F20120B030F1F791
S325602250206BBBB030F1F79CB810B50C4602220C4904F5C670ECF754FB04F5D77002220949FF
S32560225040ECF74EFB04F5E87002220749ECF748FB04F5F97002220549BDE81040ECF740BB0A
S3256022506030D900205ED90020F8E00020FCE00020B030F1F74BBB15F018B91030ECF775BC3C
S325602250801030ECF739BC1030ECF7B9BC10B504461AF006FA204610BD10B504461AF000FA79
S325602250A0204610BD10B504461AF0FAF9204610BD10B504461AF0F4F9204610BD10B50446AE
S325602250C01AF0EEF9204610BD10B504461AF0E8F9204610BD10B504461AF0E2F9204610BDD0
S325602250E010B504461AF0DCF9204610BD10B504461AF0D6F9204610BD10B504461AF0D0F90A
S32560225100204610BD10B504461AF0CAF9204610BD10B504461AF0C4F9204610BD10B50446AD
S325602251201AF0BEF9204610BD10B504461AF0B8F9204610BD10B504461AF0B2F9204610BDFF
S3256022514010B504461AF0ACF9204610BD10B50446FFF733FE20461AF0A3F9204610BD10B59C
S3256022516004461AF09DF9204610BD10B50446FFF739FE20461AF094F9204610BD10B504460F
S325602251801AF08EF9204610BD10B50446FFF73EFE20461AF085F9204610BD10B504461AF048
S325602251A07FF9204610BD10B504461AF079F9204610BD10B504461AF073F9204610BD10B581
S325602251C004461AF06DF9204610BD10B504461AF067F9204610BD10B504461AF061F92046D5
S325602251E010BD10B504461AF05BF9204610BD10B504461AF055F9204610BD10B5094C4FF6C1
S325602252000F000EF01BFAF821204615F0A2FE04F58A50F82115F09DFEF820BDE8104012F025
S3256022522077BE00BF20AA012007B501228DF807100DF107011030EBF76FFD03B05DF804FBF1
S3256022524007B501220DF107011030ECF7BBFB01280CBF9DF807004FF0FF3003B05DF804FB03
S32560225260504B514A1978514B002908BF1346504A596970B55961106801282ED14D49097808
S32560225280362907D84C480C0100EB01110059C968C0F8881049490978362907D846480C01E4
S325602252A000EB01110059C968C0F88810196E444801F07841047841F0427141F017011966AA
S325602252C041788078090241EA044101435966022111604FF480629A6170BD106802281AD1A9
S325602252E034490978362907D833480C0100EB01110059C968C0F88410196941F440711961AD
S3256022530001219961186E2F4900F078400143196603231360E0E71068032832D1C907DBD5FA
S32560225320D96D294801F01F010468C1F110018C4212DD0122254C9A6100228A4203DB03686B
S325602253405B1A0360C8E725682E1D2D6826605D66BFF34F8F0132F0E74FF480611B4C996169
S32560225360002105688D4203DC002303600423D0E725682E1D2D6826605D66BFF34F8F01318D
S32560225380EFE70E490978362907D80B480C0100EB01110059C968C0F88410002199611160DA
S325602253A09AE700BFF042012000003A4000C03940C8360120190801209003002017080120CB
S325602253C0DF050120FF034803EC420120E84201202DE9F04F044685B090461E4621B905B0BC
S325602253E0BDE8F04F1CF0F4BD012962D10079002860D063792BB104F1080016F087F90023F8
S325602254006371D4F8A0207823D4F89400002504F1800BB2FBF3F303931AF03AF88146D4F80C
S32560225420A02095420AD348461AF03AF8B8F1000F02D030460CF05CF82046D0E7B8F1000F81
S325602254400AD0039BB5FBF3F203FB125222B932684146304612689047B9F1000F23D04FF0A7
S32560225460000AD4F89C20924501D30135D7E7D4F89470002148463A4619F072FA52462946F8
S3256022548000974B46D4F884705846B847D4F894104A4609EB0100824201D18A44E1E712F8D4
S325602254A0017BFF2FF7D0D4F88C20294658469047DBE7012005B0BDE8F08F2DE9F04F90F8FE
S325602254C00590B3B004460492B9F1000F00F01C8100F108060A910B92304608F0E5FD002877
S325602254E040F0C8800DF1380A03460AAA3046514607F072FC031E039305DB40F2FF38C3F347
S325602255008927474502D14FF00009FDE00DF126030BAA16A9304607F05FFC051E29DBC5F38D
S3256022552089234345EFD016A9504606F028FF236BA91C80461E9326D10B9819F06CFA636FD9
S325602255409842E0D8BDF82630B8F1000F16D0A26B6F4B1340AA1C43EA872343F09F4343F485
S32560225560E003A3630E9BE3630F9B236441D13B4607E0A81CC7D1BDF82630D2E79F42F6D356
S325602255807B1C00223BE0039B2A0D1B0DB3EB155FB9D1BDF8263010B99F4200F0A680022A1F
S325602255A024D15C4A0DF1A00B16A9304642EA8323CDF800B0584A07F0D9F90028A3DB5A46F2
S325602255C020A9304607F0F8F9002853D1259B33F47F0398D10121304608F051F8002849D1E3
S325602255E01EAB8DF87E00ADF87C002363B8F1000FADD1BDF82630494A42EA83223B46BDF8D5
S3256022560026004FF0000B2892454A8102079342EA80220691CDF8A4B0CDE92A2B0B9A1046A8
S32560225620059219F0F8F9039B06994FEA135C059A4FEA0C5C2D924CEA010C394341F08051AC
S325602256404CEA000041F480112C90CDE92E1AB8F1000F12D1314A079B42EA8323309300239C
S3256022566028AA16A931933046052308F09EFA30B11E9B2363002838DA45E75B46EEE7B8F17A
S32560225680000F16D0A26B130D13F4E06F11D0204B5146206413400CAAC4E90E301F4B43EA18
S325602256A08723CDE90C300123304608F07EFA0028DED11E9B2363AB1C17D02D0D022D14D1AA
S325602256C04FF0FF31304607F0DAFF0028D2D116AA20A9304607F0AAFF0028CBD120AA16A9D6
S325602256E0304608F0FDFB0028C4D10CF0E7FE28AB28906D220499304611F02AFA002803DAC7
S3256022570008490948EBF7E9FA484633B0BDE8F08FFF0300800800002000FC0F700000F04FA1
S3256022572000001040A6F30020000601202DE9F043457999B08046B5B100F10804039120463E
S3256022574008F0B2FC00284FD1034603AA06A9204607F042FB002805DBC0F3892640F2FF33C6
S325602257609E4204D10025284619B0BDE8F083070DD8F83030B6020DF11009022F0E9322D1A0
S3256022578046F00053264A06A9204643F00803CDF8009007F0EBF8002826DB4A4610A920462E
S325602257A007F00AF900BB159B33F47F03DAD10121204607F064FFB8B90EAB8DF83E00ADF834
S325602257C03C00C8F8303046F09F4600234A4606A946F4E006059320460123049608F0E5F9B6
S325602257E00E9BC8F8303010B1C543ED0FBBE7022FB9D14FF0FF31204607F041FF0028F3D13E
S3256022580006AA10A9204607F011FF0028ECD110AA06A9204608F064FB0028A4D0E4E700BFF9
S3256022582000FC0F7010B50446407990B104F1080007F033FF031E03DBD4F8A0209A4205D2F8
S32560225840236820465B6ABDE810401847D4F89C005843002110BD2DE9F043D0F88464B5B067
S325602258608C461746002E00F0D4804FF0000806F589690AAD0A46434649462846CDF82880D1
S3256022588005F003FB002800F0C1809DF82830CDF8608013F0180FCDF8988001D10020B5E014
S325602258A0D6F850340C9A9A42F8D12E46284603F050FF26AC0FCE0FC40FCE0FC4336841464B
S325602258C02846236003F036FF0028E7D002AA034600F1200C14461868083353F8041C16465A
S325602258E0634503C63246F6D19DF8283013F008030AD040F601233A46494618A805F0C5FABE
S325602259000028CBD0002607E03A46494618A805F0F0F90028C2D0209E1E9B0121284610931E
S32560225920BDF86430ADF82C309DF863308DF82B301B9B0D9300238DF860308DF8623003F0F5
S32560225940F9FE0028AAD00DF1150300F10D020DF1250153F8047B8B4242F8047BF9D1198831
S3256022596011809B7893709DF81330C372002E3CD00C98B31E8279283050F8141C934000227C
S32560225980194403F017FB002888D000F12002A44600F140031068083252F8041C67469A42C7
S325602259A003C7BC46F6D131460C9804F0C3F900283FF474AF0C980122129983792830023982
S325602259C0994050F8143C194403F0F4FA00283FF465AF00F120032246083303CAAA4243F876
S325602259E0080C43F8041C1446F5D1002326A82E9302238DF89A3008238DF8983004F009FAFB
S32560225A0000283FF44BAF0C9803F0C1FA35B0BDE8F083D0F88844002C4FD004F5896133461F
S32560225A2062460AA80191169604F026FE019900283FF434AF9DF85930249613F0180F32968C
S32560225A403FF42CAFD4F86834129A9A427FF426AF40F601233A4618A804F00EFE00283FF483
S32560225A601DAF0AAD26AC0FCD0FC40FCD0FC40FCD0FC42B6821AA236013AB07CA83E807005A
S32560225A809DF890300AA88DF858309DF85B3063F07F038DF85B3003F072FB00283FF4FEAEFE
S32560225AA0022326A82D968DF8CB3008238DF8C93003F0FCFD0028A9D1F0E62046A6E72DE912
S32560225AC0F04F074690F8D00487B0002800F0D980D7F8843433B3DE69013ED7F8900440BB5D
S32560225AE04FF00008D7F88444002C00F08C80656A002D0ADAE369002503F10109E3790C2B36
S32560225B0052D14FF0020ACA453DD32C46B8F1000F1BD0D7F89004B8B1036800215B6C98475D
S32560225B2098B911E0D7F88864002ED6D0D6F83064D3E70368DB6B98470028D1D0D7F8900434
S32560225B4098B9D7F89004B0B90024D7F88434301B002B00F08E809B794FF40071994089B2A5
S32560225B60A0FB010107B0BDE8F08F03681B6C98470028B5D1E5E7036801215B6C98478046E1
S32560225B800028AFD1E0E704AA5146204603F061FE002802DA4FF0FF35B7E702D0049B03B9CF
S32560225BA001350AF1010AAEE7CDE9049594F838222369D2071BD40022E579206884F8382225
S32560225BC0202D4FF0FF32A16904ADD0F800C0C4F8442204F5127213D101952B4D0095DCF843
S32560225BE01850A8470028D5D0059D65628DE704F50E70039303F075F9039B0028DBD1C9E78C
S32560225C000195224DEAE7D7F88894B9F1000F2ED0D9F82CA4254609F5047B514600225846A4
S32560225C200AF1010A03F0C6F908B3013805F5805110F801CFBCF1FF0F07D108340835D9F8B0
S32560225C4030349D4210D31C1B60E7BCF1000FF5D00822012313EA0C0F4FEA430318BF0134A6
S32560225C60013ADBB2F6D1E9E7A942E1D1D5E700244CE7D7F8881400293FF472AFD1F83C148C
S32560225C806EE701466EE700BF8DA301005FA3010038B5124B04461C2200211D78E03018F0F8
S32560225CA05FFE0F4B85F001051022002104F1CC00C4E9393518F054FE0A4A002392F864102C
S32560225CC0C4F8DC3019B90121D36682F8641084F8C630012384F8C53038BD00BF2446012013
S32560225CE0ACBE20606C23012030B5094BD0F8D4411B68601CB3FBF0F500FB153333B9B1F901
S32560225D00003004FB032292FBF0F20A8030BD00BFE030012038B50C46054611461A2C0DD8C5
S32560225D20074B182000FB0430EBF771FB55F82430984203D045F82400012038BD0020FCE70C
S32560225D407814002000230360436083607047D0E90021CB0743EA520303608368DA075B088C
S32560225D6042EA5102836042607047012210B54C0901F01F0150F824308A40134340F824304A
S32560225D8010BD83685A1C00EB8303042AD96006D9002383604FF0FF33416003607047826082
S32560225DA0F8E7C26870B50A44D0E90145944212DCAA42A8BF2A462E1B0369C260032E0B4402
S32560225DC012DD002909DA012B03DC9442ACBF00230123036170BD2246EDE7012BF9DDAA42F2
S32560225DE0B4BF02230323F4E7002B03DBB342A8BF3346EEE70023ECE7C3684FF0600C426958
S32560225E009A420CBF012300230B704FF0000310B50CBF04781C464B60C3694C707E248B60C1
S32560225E200C33C1E903C4C361531C4361104610BD102B28BF10232DE9F04103EB4303C51E1D
S32560225E400F461646EC1A01F10808A54201D1BDE8F081F30728464FEA5606A5F1030543BF95
S32560225E6008230222791C01235CBF0222414614F0B9FDEAE7036903F00302013340F822103F
S32560225E800361836170472DE9F843002405468846914601262746302C05EB040002D13846E1
S32560225EA0BDE8F883FFF753FF16EA080F02D04946FFF75BFF2B590C34DB0748BF374376008D
S32560225EC0E9E780220C21002008B514F063FC024B0222C3E9012208BDE430012042220C2190
S32560225EE03E2008B514F056FC024B40210222C3E9011208BDE430012038B50C46054611463D
S32560225F00392C0DD8074B182000FB0430EBF77FFA55F82430984203D045F82400012038BDD6
S32560225F200020FCE76826002050F82100C00100F2FF700013704750F8210040F3130070476D
S32560225F400B2340220021800114F0EABC38B50C4605461146322C0DD8074B182000FB043000
S32560225F60EBF755FA55F82430984203D045F82400012038BD0020FCE7D82B00200B2320220D
S32560225F800021400114F0CCBC38B50C46054611461E2C0DD8074B182000FB0430EBF737FAAF
S32560225FA055F82430984203D045F82400012038BD0020FCE7A03000200368C3EB0313591801
S32560225FC048BF0F31091101607047142970B505460C460ED850F821601820074BB11800FBC4
S32560225FE00430EBF714FA864203D045F82400012070BD0020FCE700BFF0640020092970B51E
S3256022600005460C460ED850F821601820064BB11800FB0430EBF7FBF9864203D045F8240059
S32560226020012070BD0020FCE7786C002038B50C4605461146242C0DD8074B182000FB0430B4
S32560226040EBF7E5F955F82430984203D045F82400012038BD0020FCE7686D002080220C216C
S32560226060002008B514F096FB024B06210222C3E9011208BDE43001200B2310220021000153
S3256022608014F04EBC50F821301A44CFE738B50C46054611461E2C0DD8074B182000FB0430F4
S325602260A0EBF7B5F955F82430984203D045F82400012038BD0020FCE7B073002080220C21EE
S325602260C0002008B514F066FB024B00210222C3E9011208BDE430012043680830F0B5C3F16F
S325602260E00A0400EB83060D462246013A04D201EB8401013B05D2F0BD56F8047B45F8047B10
S32560226100F3E750F8042B41F8042BF2E7064B10B5B3F85C2004460068A3F85E2018B1F9F7A4
S3256022612027FC0023236010BD6C230120F7B50446054600F10C0654F8301B91F84070002F4E
S3256022614060D00B6DFBB1426C042A04D9304920461AF0DAFA09E0B1F8702020461021013201
S32560226160D2B200922B4A1BF051FB03223046032115F0B6FBAB68002130461A7803B0BDE8AC
S32560226180F04015F0ADBB91F855300BB12249DEE791F84130012B1BD00CD9022B25D00E2B8F
S325602261A023D0436C5A081D4B03EB82031C4AD3F8E03015E0436C102120465A08174B03EB4A
S325602261C08203184AD3F8E0301BF020FB0122CDE7436C5A08114B03EB8203134AD3F8E03060
S325602261E0102120461BF012FB0AE0B1F8707020462E210137FFB23A4618F0B2FB0023E355C7
S325602262000222B3E7094920461AF07EFA3A46ADE7D3F30020E1F30020E7F300209060002006
S325602262200CF40020F5F30020FEF3002016F40020092970B505460C460ED850F82160182098
S32560226240064BB11800FB0430EBF7E1F8864203D045F82400012070BD0020FCE79876002037
S325602262602DE9F341054608460C4610F06DFEE0B194F8566094F85580F02E94F8577094F8C5
S32560226280584003D12B6828465B6D98478DF804808DF805608DF806708DF8074001990448C2
S325602262A002B0BDE8F041E9F781BE02B0BDE8F081A024012038B50C4605461146072C0DD809
S325602262C0074B182000FB0430EBF7A1F855F82430984203D045F82400012038BD0020FCE73A
S325602262E0DC37002010B5044680682369103B984205D0EAF7ABFAA3681033A36010BDEAF7E1
S32560226300A5FAE06819F0CCF863691A1D5B68626103F50072E3602261EFE7D0E901239B1A20
S32560226320032BC2BFD0E903329B1A033318467047F8B50E4604460F4605460FCE0FC5336801
S3256022634038462B60D7E903329B1A6361FFF7E5FF0F23A0612046E361F8BD436808300022CD
S3256022636070B5C3F1050400EB8305944204D101EB8401013B06D270BD55F8226041F8226059
S325602263800132F2E750F8042B41F8042BF1E737B504460D460068238A8B4205D0A27C2182B1
S325602263A00190F5F72BF9019894F91220294690F82E31D31A5A425A4103B0BDE83040F5F72E
S325602263C031B910B504460021FFF7E1FF09492368A27C93F8EC309B00DBB21344064A01EBE8
S325602263E0431302F1200152F8040B8A4243F8040BF9D110BDF0E001208061002010B50446A4
S32560226400407A0C4B01EBC00201462068D2B21F2A9CBF02EB82029B181A7822759A78627508
S325602264205A78A275DA78E2751B792376F8F7C4FC607610BD1009212000F0CF0200F0EF03C6
S32560226440802A05D0E02803D0C03B5842584170470120704703060BD500F10C03DBB2012BFB
S3256022646006D9FD2804D0EF2803D800F0F00070470020704770477047704770477047704712
S32560226480704770477047704770477047704770477047704770477047704770477047704704
S325602264A0704770477047704710B5044600F513502830FEF797FC04F503503C30FEF77DFC0B
S325602264C004F5B3501030FEF7A1FC204610BD10B444680B238168C4F1800220465DF8044B6B
S325602264E014F01EBA084B1B7813B161B1A1F5F05111F1500F02DA0121FDF783BF502902DDB8
S325602265000121FDF78DBF70477CED0120D0E90413C0680322DB11C911C01114F063BA38B58E
S325602265200446D0F8B8010D4600F120018A4203DCA0F120018A4202DA1046C4F8B821049A15
S325602265403F30062A03EBE0116FF0050004F5EA73A8BF0622C4F8D0118242B8BF024604F5D3
S32560226560DE70F0F71BFD227DE368032A12D8DFE802F002092632D4F8D0210C2101FB03221E
S32560226580D20105E035B11022C4F8E4214FF4F052C4F84C220C225343D4F8D4211A44D2017D
S325602265A0C4F85022D4F8D8211A44D201C4F85422D4F8DC211344DB01C4F8583238BDD4F8FA
S325602265C0E8210C2104EB8202D2F8D42101FB0322D201C4F84C2294F82822002ADAD1D4F836
S325602265E0E82104EB8202D2F8D421C6E72DE9F0410446B0F8267300F5296500F53D684FF0FD
S32560226600FF3628460022394615F0ACF9731C28464FF0000218BFAE643946FDF7E1FC503508
S3256022662055F8083C16EA230638BF1E464545E8D194F9D83B04F549702344BDE8F04193F860
S325602266402C13FDF7A8BC00F10C020023E030824202D1D84380B2704712F8011B0B449BB28C
S32560226660F5E7012970B504460D4604D10368BDE870405B6C184731B990F8C7301BB11BF0CF
S3256022668043FC84F8C75070BD2DE9F84390F8C5200D46044609786B88002A73D1B3F5807F8F
S325602266A02AD1B5F90430002BD4BF0023012380F8C4302A78012A1DD1EB88032B1AD19249E2
S325602266C0D1F8C80010F00C0F20F00C0314BF00200C200343C1F8C83003F0040384F8C720F4
S325602266E0002B8A4B14BFA021A121197314BFC021C8215973BDE8F883042B07D0082BD8D1C5
S325602267000229D6D101201BF007FCD2E70229D0D190F8C4309BB37E4F7E4DD7F800907E4CE0
S325602267207E4E3A6809F57A739A4201D31BF010FCD5F8082CD5F80C3C9B1A0233F8D0D5F81C
S32560226740083C03F0010303F5407355F823000028EED010F060FF4FF005080A233046C4E97A
S32560226760018314F005FA13236D48A360C4F8048014F0FEF90023236011F0FEF9D1E7FFF795
S3256022678087FA96E701292ED1082B0AD190F8E030152B25D8FEF726F9624BB3F85C20A3F8E4
S325602267A05E2094F8C630002BA4D0D4F8E83023B11BF0AAFB002384F8C730534B4FF47A71E8
S325602267C0584A93F8CC304B438B4238BF0B4653604F4B1B68C2F81031002384F8C53089E796
S325602267E080F8C610D8E7B3F5807F45D024D8022B19D8002BD5D0032967D1D0F8E460357841
S32560226800132D44D0142D49D0337D022B4DD146480023464950F8042B0133120A082B21F8F4
S32560226820022FF7D1BDE7042BBBD190F8E030E3B9012380F8C630B4E7B3F5007FB1D1EA88FC
S32560226840B5F9043091061ED51B01D4F8E820D4F8E4101344D1E90821934203DB8B42A8BF73
S325602268600B461A46C4F8E8209BE7012B99D04FF0FF31FEF7B7F894E790F8E030002B90D053
S32560226880B5F90410F5E7520648BF5B01DDE7284B1868EAF70AFCA4F8EC00B5E7244B186866
S325602268A0EAF703FCA4F8EE00AEE7012B7FF479AFD4F8C830002B7FF774AF2846EAF75DFF57
S325602268C001682046FEF76AF86BE790F8E03013B1162B7FF466AF0C48D0F8C8305A1C23F0F6
S325602268E0030302F00301C2F340020B4301F00101C0F8C8300B4B83F8651083F875200123B2
S3256022690084F8C7304DE700BF50450120FE0701204C450120D4360120E43001202EF4002059
S3256022692041F400206C2301200C230120FE4501202C230120074A0023074930B515681479F3
S3256022694003EB830201335018202B8D500471F7D130BD00BFA06100201009212010B50A4CF9
S32560226960A268A3699A4205D110BDC36898472046FFF7B8FCA068A3698342F5D08368002B2C
S32560226980F3D116F04EFD00BFB8E8012010B5044615F046F9204610BD38B5104C012125794B
S325602269A028460BF09FFB6479012120460BF09AFB362D07D80A4B2A0103EB05159B58EA6848
S325602269C0C3F88820362C07D8054B220103EB04149B58E268C3F8882038BD00BF5411012038
S325602269E09003002003460078F0B548B15A7842B95A6A8A4205DC9A6A8A4202DB93F9220064
S32560226A00F0BD0EB29A1D0D2000283DDC981C4FF0FF354FF40076121A501042F34F02023830
S32560226A2000B282423EDA002D93F923604CDBB542A8BF35462AB250B20021541E83F82200F6
S32560226A40597003D4B4422146A8BF314603EB4204092503EB41010132B4F902404988C4EB9F
S32560226A60C40411FB05414FEA211159622ED4B242A8BF324603EB4202B2F9022002EBC202C9
S32560226A80224412119A62BBE7441020F0010532F914701544B742DBBF001BAA1C204600F10A
S32560226AA0FF30B1E703EB4004B4F902400C1B002CB8BF644224B2B442B8BF054600F1010076
S32560226AC0B8BF264600B2ACE70022B4E70022D1E7013906291BD8DFE801F004090C0F141609
S32560226AE0190046F2CC335843C013704745F2B513F9E742F6ED43F6E746F27153584380134B
S32560226B0070474010704744F6CD43F7E7400070470EB403B503AB212153F8042B01931AF08E
S32560226B20FDFE02B05DF804EB03B07047034B0C221B68534300EBC310704700BFD8050120AB
S32560226B4030B4029CA2420BD0064C651D9A4208BF2C46234605220131053830BC13F0CEBC0B
S32560226B60014CF6E7A5610020AF6100202DE9F34790F8C5500446002D00F05281D0F8E450EA
S32560226B80FFF79FF9954E686813F0F2FF11230220C6E901032B7D013B052B00F2FD80DFE8E5
S32560226BA003F00346D6D6AF422878EAF7E6FD0368234493F8F1304BB1894B1C2108227620C5
S32560226BC013F09CFC02211123C6E90113854AD4F8C830126881489B1A834A1278002A834A9F
S32560226BE014BF0C210A2112784B430A2102FB033393FBF1F201FB12337D4913F0CBFF1123F3
S32560226C0062270521D4F8E800C6E901730FF03FFA6B6AD4F8E8200F21009338462B6AFFF7B9
S32560226C208FFF0F2720E0A86813F0A2FFE7E700274FF00A0ADFF8E491DFF8A08107F00303CB
S32560226C4038465B0101337360BB1001370AFB03F30F33B360EAF729FA49460246404613F014
S32560226C6099FF082FEAD119270223E868736007F10E03B36008B113F07BFF2B780BB1162B88
S32560226C8012D102231A375B487360B76013F070FF594BD3F8C820594B02F0030203EB8203AF
S32560226CA0D3F8400113F064FF04F1C8064FF06A08534F56F8043F1B0F03339A0807D023F047
S32560226CC003030422022140463B4413F017FC08F10508B8F17E0FECD12D690126013D15F8C1
S32560226CE0010F002873D194F8E02040F2D1533E215A430223120A02B0BDE8F04713F072BEB0
S32560226D00A86813F035FF11236222D4F8E800C6E901230FF08CF93B4B2021984211D813F054
S32560226D2027FF6B6AD4F8E8200F21009362202B6AFFF706FF002140238022084613F04EFD65
S32560226D406FE7C21A7D2AEAD900F8011DE5E7264B0227A9681A78AB6920485A43520013F082
S32560226D6019FF1D23C6E90173274B1868EAF79DF939460FF08CF9B4F8EC3013B12B7D032B42
S32560226D8005D0B4F8EE302BB12B7D042B02D11F4813F0EEFE1B2767E72B78162B0DD0A8688F
S32560226DA013F0E6FEEB69002B3FF43BAFD4F8E82053F8220013F0DCFE33E7154B1B7823B1C9
S32560226DC094F8F0300BB11348EAE71348E8E731463522063613F094FE81E700BFE430012072
S32560226DE0C8610020D80501207CED0120B136012096F40020C1F400205045012090600020ED
S32560226E0050230020A9F401202C230120A6F4002024460120AEF40020BAF40020A2F400209E
S32560226E203A4F29463A48E9F7DEFED7F8C820394E294612F0040F4FF0500006F108034FF002
S32560226E40080218BF3346E9F7CCFED7F8C830324A294613F0080F4FF05A00304B18BF134696
S32560226E600822E9F7BEFE29462D4A6420E9F770FED4F81C312846082204EB83030F21D3F8EB
S32560226E80FC30E9F7AEFED4F8203108220F2104EB83037820D3F8FC30E9F7A3FE214A0F211B
S32560226EA00C20E9F755FE06F12803284608221921E9F797FE1C4A19210A20E9F749FE06F19A
S32560226EC03003284608222321E9F78BFE174A23210A20E9F73DFE06F13803284608222D21B0
S32560226EE0E9F77FFE124A2D210A20E9F731FE94F8C410104B2846104A002908BF1A4637219F
S32560226F0002B0BDE8F047E9F723BE00BF50450120CCF40020B8610020D80F0020881A002043
S32560226F20D8F40020DDF4002033C200203EF60020EFF4002080F4002076F40020A0F1B00021
S32560226F4014E630B49C6894420BD05D68064B5C1D954208BF234605220131053830BC13F0FB
S32560226F60CDBA024BF7E700BFA5610020AF61002070B504460E46D1681546EAF78EFA637827
S32560226F802BB12B463246D4E90210FFF7DAFF237823B12046BDE87040FFF799BA70BD2DE950
S32560226FA0F04104460E46A1F10E054FF00408154FE00705D53B4602220921284613F09EFA8D
S32560226FC0A10705D53B4602220921281D13F096FA620706D53B460222092105F1080013F0EC
S32560226FE08DFA230706D53B460222092105F10C0013F084FAB8F1010835444FEA1414D7D1F7
S32560227000BDE8F081F86100202DE9F0476E4F3D6828460FF0CEFD082200236C49013A80F0C5
S32560227020CF806B4E6FEAD303681C6A4C3268C3F3C42302EB4511684D24F81130414200F058
S32560227040070301F0070158BF4B4200213B6043074FF0010002BF013202F01F023260336887
S32560227060D5F800C001330B4403F01F0334F81320D71002F0070201EBC71700FA02F21CF856
S3256022708007E042EA0E0201F1200E0CF8072003F12002D5F800C034F81220D71002F0070217
S325602270A00EEBC71700FA02F21CF8078042EA08020CF8072003F1400201F1400CD5F80080C6
S325602270C034F81220D71002F007020CEBC71700FA02F218F8079042EA090208F8072003F12C
S325602270E0600201F16007D5F8009034F812204FEAE20802F0070207EBC81800FA02F219F8A3
S3256022710008A042EA0A0209F8082003F18002D5F8009034F8122020324FEAE20802F007023D
S3256022712001EBC81800FA02F2013119F808A01F2942EA0A0209F8082003F1A00234F8122085
S3256022714002F120024FEAE20802F007020EEBC81ED5F8008000FA02F218F80E9042EA090275
S3256022716008F80E2003F1C00203F1E00334F8122002F120024FEAE20E02F007020CEBCE1C54
S32560227180D5F800E000FA02F21EF80C8042EA08020EF80C2034F8133003F120034FEAE3021E
S325602271A003F0070307EBC2172A6800FA03F312F807C043EA0C03D3557FF451AFBDE8F08739
S325602271C031F8020B034429E744EF012034EF012048EF01204CEF0120E4300120002808DB0E
S325602271E0942808DC032807DC2822054B02FB003070470020F8E7942004382822014BF5E77A
S3256022720054EE012000A4206010B5044608460F4B032853F8211013DC28220D4B02FB003340
S32560227220C4E902330023206861606361A36894F91C105B68A3610368DB689847208210BD2D
S32560227240FFF7CCFF0023A060E360EBE7589F206054EE0120042A38B504461546084611D0E4
S32560227260637F216063B10B681B6A9847064B0122207783F8612029462046BDE83840C3E795
S325602272802377F8E738BD00BF6C2301204FF6FF73002A03FA01F36FEA030310B59CB203EA58
S325602272A000030EDA524292FBF1F001FB1022891A03FA01F01341184380B260EA040080B239
S325602272C010BD92FBF1F001FB1022891A43FA01F09340F0E7054AB2F85C30A2F85E30002372
S325602272E082F8613003600377837770476C23012010B5047883681CB113B1103B23EAE37352
S32560227300027B417B02F0030201F00301022A02D1D9B1002216E00229FBD1002AF9D14FF0F5
S32560227320FF32417801B152428CB1416891420ED1D033B3F5805FA8BF4FF480531912426029
S3256022734001FB02228360104610BD0122E9E70023F4E7704703685B68184738B503690446A7
S325602273600D460BB1EAF720F82B692046236100232B6138BD006910B103689B6A1847002042
S32560227380002170472DE9F341DFF85C801E46ADF806001746D8F8583105460DF10602B0FBCF
S325602273A0F3F103FB110108F5AA70009114F051FA0099044628B11030C0E9007602B0BDE8E8
S325602273C0F0811820009118F063F800220023046005810099C0E9042303462A4608F5AA7020
S325602273E010F0A6F81030E7E700F401200C4B37B50C46D3F85811ADF806000DF10602B0FB1F
S32560227400F1F505FB110103F5AA7014F022FA20B1D0E904230120C4E9002303B030BD00BFB9
S3256022742000F401202DE9F047002688B00B781546DFF8B480024604460196D8F8180008F111
S32560227440080A0796CDE905668DF814304B788DF81530334613F040FE0C2205A908F10800E7
S32560227460FFF778FF00220023AD68CDE90223BDB9A21C2B46D8F8180013F02EFE50B1022201
S3256022748001A91848E7F7ACFF082216480DEB0201E7F7A6FF04F10C00304408B0BDE8F08782
S325602274A0D5E90412029B05F1080950465940039B53400222CDE902134946E7F791FF082256
S325602274C00746504609EB0201E7F78AFF38440A2805D1019B0A362D6801330193C7E7002058
S325602274E0DBE700BF5C1101205411012070B50446856845B9626829462068920017F030FA91
S32560227500C4E9025570BD2E68284617F0C9FF3546EFE7704710B50446FFF7E8FF234653F837
S32560227520180B984201D017F0BBFF204610BD2DE9F04F8BB043880025044604930E464368A1
S32560227540A846AA46DFF8E8B0009300F102098368019300F109030593671E5846E8F7A6F813
S3256022756000283AD05846E8F7B5F8059B07F8010F9F42F2D1D9F800300DF126022788304688
S325602275800293D9F80430ADF8267003937368B7FBF3F103FB1171069114F05BF9002837D1E8
S325602275A00790182017F074FF079A034607810260029A06990261039A42613A4630460FF053
S325602275C0B7FFD9F804300AF1010AD9F8002083EA0808049B55405345BED1DDE9003242451A
S325602275E008BFAB4209D00D4B0D4A1A6006220D4B1A700D4B1A680D4B1A60DDE90032424518
S3256022760008BFAB420CBF012000200BB0BDE8F08F029B0361039B4361D3E700BF54ED012025
S3256022762032F5002014110120E030012050ED01205C110120837910B504460BB11AF0B8FC93
S32560227640204610BDC37C13B3D90704D5816A4FF0E022C2F800119A0704D5C16A4FF0E022D4
S32560227660C2F80411590704D5016B4FF0E022C2F808111A0704D5416B4FF0E022C2F80C113C
S32560227680DB0604D5826B4FF0E023C3F8102170471B4A30B5157885B0044602AA0191CDB1C4
S325602276A01849194891F8A8501849002D08BF0146174802910721039106CAE9F74BFD144861
S325602276C0019B0022214601F02BFB114805B0BDE83040B7E70C4B07210E48CDE9023106CA97
S325602276E0E9F738FD0C490B480A6E019B42F040720A662A46214601F013FB0648E6E700BF2D
S32560227700F042012000F4012000366E0100127A00640601201406012000003A40F8B5002239
S325602277203D4B3E4DC3F87021B0223D4B9A702B78362B07D83B4A190102EB03135258DB688C
S32560227740C2F88830384C2378362B07D8354A190102EB03135258DB68C2F888300321304839
S32560227760FFF796FF2B78362B07D82E4A190102EB03135258DB68C2F8843008262B4F8021DA
S325602277803846FFF785FF013EF9D12378362B07D8244A180102EB03111258C968C2F8841014
S325602277A0234A244846681168234AB1FBF2F14268921B9142FBD82A78362A07D819491001F4
S325602277C001EB02120958D268C1F88820362B07D8144A190102EB03135258DB68C2F888300B
S325602277E001211648FFF754FF2B78362B07D80D4A190102EB03135258DB68C2F884302378EB
S32560227800362B07D8074A190102EB03135258DB68C2F88430F8BD00BF00F40120190801200C
S32560227820DF050120900300201708012070F50120D0050120001000E040420F007011012029
S32560227840F0B5059D11F0070100F1FF342A4417D02F46974217D1082B14D1C1F108017F301F
S3256022786095420FD015F8013B10F8014F0B4123430370F5E714F8013F15F8011B0B432370D2
S32560227880AA42F7D1F0BD17F8016B14F801CF8E4046EA0C062670DCE738B505461C4613F0A2
S325602278A061FBB4FBF5F305FB13440123A340034214BF0120002038BD012303700023C0E93E
S325602278C00133C0E9033380F83B30838770472DE9F04398464B79C5B007460C46154633B923
S325602278E03846E9F73EFD384645B0BDE8F083B8F1000F4DD1083402AA2946204605F0D3FD84
S325602279000028EDDB9DF80860012E24D1542017F0BFFD81460028E3D0014633462A4620465F
S3256022792006F028FD00282FDB982017F0B1FD3D4B0646C0F804800360C0F81080C0E9024956
S325602279402946802206F1180016F0ADFF31463846E9F714FDC7E7342017F09AFD8146002858
S32560227960BED001462A46204605F0E4FA00280BDB982017F08DFD2B4B0646C0F80480036049
S325602279808460C0E90389DBE7484617F089FDA7E7542017F07DFD81460028A1D00834014603
S325602279A040F203132A46204606F0E4FC002897DB002302930AF082FD02AB0190632229464E
S325602279C020460EF0B5FF04280BD001AB6322294620460FF0BDF8002803DA13491348E9F7AA
S325602279E07CF901AB6D22294620460FF0B1F8002803DA0F490D48E9F770F9B8F1010F05D148
S32560227A00022300224946204605F026FD982017F03FFD0023034A0646436002600361C0E9C1
S32560227A2002498DE70807002041F500200006012064F50020D0E901329A4217BF0A78012396
S32560227A401A7043680EBF037301334360704713B50446084623883BB10DF107018DF80730DF
S32560227A60FFF7E8FF0023238002B010BDD0E901329A4211BF13F8012B01230022037318BFFA
S32560227A8043601046704790F8A32090F8A200101A704790F8A23090F8A3209A4281BF5A1C21
S32560227AA080F8A220C018807E98BF4FF0FF30704790F8A23090F8A3209A4286BFC018807E16
S32560227AC04FF0FF307047B0F830312BB190F82F31882B03D901234360002070475A1C80F811
S32560227AE02F21184480F8A5100120704770B5264C2669D6F8145115F4706301D0C6F8143144
S32560227B00A8070FD5D6F87021110444BF0023A4F8A23094F8A330872B9FBF591C1B1984F8AE
S32560227B20A3109A76EB071CD594F830314BB9D4F8383103B19847002384F82E31012384F8C0
S32560227B40303194F82E3194F82F219A4285BF5A1C1B19002393F8A53088BF84F82E21C6F858
S32560227B60603115F4407F0DD094F8A30018B1D4F83C3103B198470023A4F8A230A4F82E31F7
S32560227B8084F8303170BD00BFBC0601202DE9F843089D06460C46174603EB0108444502D16D
S32560227BA00120BDE8F88333683A46214630461B6904F1010998470028F3D02046099A39462F
S32560227BC04C46A847EAE71368B3F5807F30B51C4628BF4FF4807401EB4405A94202D31B1B19
S32560227BE0136030BD31F8020B0028F6D1506801305060F2E71368802B30B51C4628BF80240E
S32560227C0001EB8405A94202D31B1B136030BD51F8040B0028F6D1506801305060F2E7002335
S32560227C201370014B1B68184784510120002070474FF0FF307047407C7047244A136870B598
S32560227C4019691079224BD877224B994209D2117A21B14FF0E0214020C1F8080203F5807505
S32560227C6002E01D46A3F58073D4686CB3116959B3908A402828D8861C403004EB46049082EC
S32560227C8001EB46011846BFF34F8F03F1200603F58072B24234BF012208224FF0E02603EBD0
S32560227CA04212C6F85C0F20309042FAD1BFF34F8FBFF36F8F33F9042B24F8022B9D4233F9E3
S32560227CC0022C21F8022BF5D870BD00BF00F6012000800E40402921204079704703689B6981
S32560227CE0184703685B6B1847004870479CC420600368013304D04068431C584258417047CA
S32560227D000120704740F30903B3F1FF3F08BF0130C0F3090004307047031F0439083010B5E7
S32560227D2053F8042F51F8044F834282EA04021A60F6D110BD836E1A6A436DD31A1944B1FB41
S32560227D40F2F302FB1311836D8B4210B50AD94C09406E01F01F01012250F824308A4013433D
S32560227D6040F82430002010BD11F0805F154A036830B5154C83EA010518BF144625421FD018
S32560227D8043F3090401341BD001EA02040F4A1A4042F09F4242F4E002944211D00A0D02F465
S32560227DA0E064B4F5806F09D1C3F38924C1F389218C4203D352B203EB82230360002000E026
S32560227DC0012030BD00FCFF7F00FC0F7000FC0F000246084608B5FFF795FF136818441060E9
S32560227DE0002008BD0368013303600020704730B50A440B4D914200D130BD11F8013B83EA6F
S32560227E00000404F00F0455F8244084EA101080EA131303F00F0355F8233083EA1010E9E7FE
S32560227E20E4A400202DE9F041D0F8488005461B4B98F80460DE77426C17791F771E77046C68
S32560227E40B4B1B4F5004F08D3A4F5FF447F3C134B2C64DE76DF76BDE8F0812146106813F03C
S32560227E60E5FC2146D8F80000002413F0DFFCEEE703680F2221469A6540F20132DC611A616C
S32560227E804FF47C525A610323224680F83D30C06C0368BDE8F0411B68184700BF00800E403F
S32560227EA00048BFE7140601200048BBE76406012038B5B0F8303105461446ABB190F82F31BD
S32560227EC0C3F18902944282BF01201446686005F1A5002246184415F0C9FB95F82F31234405
S32560227EE085F82F31204638BD1C46FBE70346104610B5DC68A14205D058680368BDE81040FE
S32560227F001B6918474FF4007203F1100115F0AEFB012010BD05480068104408B500EB0141AD
S32560227F20029A184615F0A2FB002008BDE456012038B50D4604462422002116F011FDA560D3
S32560227F40EB79102B03D0202B06D00C2B06D1202301202370A07038BD4023F9E70020FAE7B8
S32560227F60074B07B51B788DF8071003F0FF0023B101210DF107000BF000FC03B05DF804FB51
S32560227F805C2301200A460A210CF0B6BC0430E9F79ABC10B5044617F083FA204610BDF8B5F3
S32560227FA0064608F00AFE044620B308F006FE054618B920462C4608F049FE72B6154B9A8AF5
S32560227FC07F2A19D90022DF68DC609A821C691D6162B63946304608F063FE384608F036FEAA
S32560227FE030460122214608F05BFE2046BDE8F84008F02CBE0546E0E724B1DA6822B99A8263
S32560228000C3E9034562B6F8BD62B6204608F01EFE2846EBE700F601200846064910B50C6858
S3256022802019461444029A04EB00400AF0CBF8002010BD00BFE45601202A4B1B6810B503EBC7
S32560228040014172B6284B294A9A610222DA6140F20642C3F8F0220022C3F8F422C3F8F822DF
S32560228060C3F8FC22C3F8A0204FF47022C3F8A4200122C3F8B0200A0C1204BFF34F8F02F56F
S32560228080803402F12000A0428CBF01204FF400604FF0E02402EB4010C4F85C2F20328242C3
S325602280A0FAD1BFF34F8FBFF36F8F5A69D007FCD5012201F47F010E485A61C3F8F002C3F8B1
S325602280C0A0104FF47021C3F8A410C3F8B020064B5A69D207FCD501225A610AF047F80020A5
S325602280E010BD00BFE456012000802A40F05AF05AD804180838B50B6B04460D468166002B85
S3256022810035D0C3606B6B002B3DD0E3612846214613F030FB04F11001A06E13F02BFBA56E0A
S32560228120AB6B002B36D06366EB6B40F2FE320020002B08BFFF23E3662B6C002B08BF6FF08A
S32560228140004323676B6C6064002B08BF1346A063206563674FF0FF33C4E90A00C4E9083382
S32560228160C4E90F00C4E90C00C4E9120038BD886A17F08EF9E0600028C4D1204613F0C6FAA8
S325602281806FF00B00F2E7A86A17F082F9E0610028BCD1F2E7E86A17F07BF960660028C3D162
S325602281A0EBE72DE9F0430E460968994685B0CB1C0746904630D8806EB46882691444013CA7
S325602281C0B4FBF2F302FB13437268E41AF36800948568A847054630B9B9F1000F07D1314651
S325602281E0B86E13F0C7FA284605B0BDE8F0834FF0FF33224641463846C8F80030F368029413
S3256022820001937368009333680FF07EFD002805DBE5D06FF05305E6E70025E4E70546E2E77A
S325602282202DE9F74F0F9E07460C46904699464FF0000BDDE90D5A0EB930462DE022680C9969
S32560228240BB6E8A422BD16068A84228D89A6A0244AA4224D9521BE368281A5146B2421844DF
S3256022826028BF3246019215F001FA019A636815449244B61AA268EB1A934238BF1346BA6EC3
S32560228280926AA3609A42D6D14B46424621463846FFF787FF0028CED003B0BDE8F08F0C9A17
S325602282A022609A69B5FBF2F302FB1353EB1AC4E9013BC0E7F0B585B01D460C461746CDE982
S325602282C002234B68024601930B6800F1100100930023FFF7A5FF064640B9E0682A46394621
S325602282E0FFF785FD6368E0602B446360304605B0F0BD7FB50668C1F309050446806831465C
S32560228300A842636828BF284601930290536800931368024630460FF0F7FC28B9A368AB4253
S3256022832002D02CBF0220012004B070BD2DE9F74F0446019208462278A2B1019A881A94F897
S325602283403E20A0F5406682B9E26896420DDB226996420ADCA268934207D16268019B1344FA
S3256022836003F5406003B0BDE8F08F61694FF0000C94F83AE004F1160A4FF0FF354FF48049B7
S3256022838084F83EC096FBF1F7A7EBD6771FFA87F83AB211FB07F7F71B3FB2E6450FFA8CFB37
S325602283A069DC02FB0117B4F918000EF1FF3B1FFA8EFAA6EB070CACEB000CBCF1000FB8BFC2
S325602283C0CCF1000CCC4564DA08F1010800250FFA88F204EB450801FB02F6B8F9187037446F
S325602283E0002D6BD10BF10C0CA6EB010934F91CC0CC444FF006095D451D4409FB07F74FF032
S325602284000A0908BF76182DB209FB0C7C4FEA2C1CC4F80CC018BFB8F91A00304409FB007767
S3256022842095FBFEF00EFB105502443F11002D28B292B22761BEBF554402F1FF3228B294F8BF
S325602284403B5012B245B194F93C50AA423ADB94F93D50AA42A8BF2A46951C00F140060C3034
S3256022846015FB0AF534F91000354402FB01022587C4E9012372E73AF9020F0CF1010C381A39
S325602284800028B8BF404200B24845BCBF5D46814683E7A7EB4107F71B0EF10B0634F9166006
S325602284A0BF1B002FB8BF7F42B945A1BF08F1FF380AF1FF350FFA88F22DB28AE7B8F916C0DC
S325602284C0B44496E72A46C7E790F83A20403991FBF2F302FB13110029B6BF52180AB203F1DC
S325602284E0FF3390F83B10AEBF1BB21BB212B241B190F93C108B420BDB90F93D108B42A8BFA0
S325602285000B460C32416930F9120001FB030070470B46F6E78907037F427FF0B53AD523B120
S32560228520C1680131C16052B917E00361002A2FD04169C160016901310161002A2FD0C1688D
S325602285404269914202D38469A14226D9C2600022026113B9C3680133C360C28B83880679A5
S325602285608579C179047A0F2A00F27C81DFE812F01E0038004A0062007D009800A600BF0050
S32560228580D200030111011E013A01430151016201C260CFE7002BC6D1CCE7002BDDD1028C64
S325602285A00369B3FBF2F102FB1133D2E7C26897B216FB07F307EB87079BB204EA470703EBC7
S325602285C0430615FB03F3334303EA9223120A12FB01F23A401343DBB24381180280B2F0BD76
S325602285E0C768BAB214FB02F311FB02F116FB02F203EAD71301EA972112FB05F20B4302EA98
S325602286001712E7E7C26802FB06F716FB02F627FA05F3B6B23B43E74006EB860513FB04F307
S3256022862045EA07042340B2FBF1F401FB142256403343D0E7C6682409F20AF30051432A097D
S325602286401625C2F11002714326FA02F2E640B2FBF5F705FB17220332B1FBF2F502FB1511E7
S32560228660B3FBF1F333409BB2B6E7C3680F225E437D4B354001FB0533F10BB1FBF2F5B4FBD7
S32560228680F2F2C5EB0515C2EB0212491BA21A7143D2B201FB1363C6F30336F340D340E2E718
S325602286A0C768640907FB06F2E740B2FBF5F305FB132301EA930313FB07F3D4E7C268013407
S325602286C0724305F29A36B4FBF2F356406B400A443343EB1A6343B3FBF5F31325B1FBF5F4EF
S325602286E005FB1411C9B2CA4013FB02F3BBE7C2686FF00F032835640902FB06F75B1A16FBBE
S3256022870002F243EA470312FB04F2B7FBF5F713FB0723A8E7C768AD0807FB06F20C26B1FB42
S32560228720F6F306FB13130133DBB227FA03F3B2FBF3F103FB11230A21B4FBF1F201FB1242F9
S32560228740D2B227FA02F2B2FBF6F106FB112227FA02F29B1A0F22B5FBF2F1C1EB01116D1A5D
S32560228760EDB2EF40B7FBF2F2C2EB0212BF1AB3FBF7F31B0177E7B1FBF5F1C2684389724324
S325602287800B44134422442A43B3FBF2F102FB113369E7C2686423724301FB03334189B2FBA7
S325602287A0F3F3B1FBF2F122430B439DE7C76840F24512A5F283257E43B2FBF7F307FB1323FE
S325602287C0BA09F6080B4323214A433B40B2FBF4F2B2FBF7F12B4307FB112273439B1AC3F3CA
S325602287E08F13F9E6C26802FB03F1D30903EAD11343EA122337E7C268023516FB02F3B2FB14
S32560228800F1F241892B40B2FBF1F2B2FBF4F29B1A29E7C268A40802FB06F3CE08114022FAC1
S3256022882004F4F3406B40B2FBF1F501FB152214441B1B18E7C7680B34428907FB065605F0FB
S32560228840030526FA05F5B2FBF5F305FB13230C222344B1FBF2F402FB14117B40C9B2CE4016
S32560228860334300E70023B7E6DD88E6FFF0B5002311F00204B0F84A20B0F8486090F864509C
S3256022888080F86C3079D0B0F93840B44251D1048803874487036480F85130B0F9383023B98C
S325602288A01DB1B0F86230A0F86630B0F9384022B1944202D1CB0700F19680B44200F093808B
S325602288C000EB44014A4B0A8A120A03EB82030A8C196CD14003194164464E013493F8303087
S325602288E030F914400133B0F93A2056F82370A41A066C4FEA166C37F81C3007EB4C07C6F3F7
S325602289000F2C0E447F880664FF1A0CFB07F703EB1743C3F34E03634302EBE33212B28287EF
S32560228920002D62D0B0F8663053431B14836698B2F0BD54B990F8523080F85530013B032BEF
S32560228940ABD8DFE803F0050B101590F85430F3E7002303870364838F43879EE70023038715
S3256022896003640388F8E7038843870023038794E7838F4387002303648FE74F0709D542B11E
S3256022898090F85330012B04D1838F0287438704648BE7D0E91074B0F93830A74285D2013342
S325602289A030F813401BB24487002403870464B0F84E40A3420FD1CC070DD590F8513090F8C5
S325602289C050400133DBB280F851300CB1A34202D2B0F84C300387B0F93830B34204BF0123B4
S325602289E080F86C3061E7002174E7B0F862309BE7E4A40020CC780020002300F1330270B5E1
S32560228A00036300F13B04012340F2011512F8011F15290ED8DFE801F00B0B0B171717101040
S32560228A20101C1C1C131315151A1A0B15131A80F83030A242EAD170BD80F83130F9E7058691
S32560228A40F7E780F8303080F83230F2E780F8303080F83330EDE72DE9FF471C460746002370
S32560228A600E4600EB82094FF00108DFF8D0A0ADF808300391337D57F8045B062B11D8DFE865
S32560228A8003F00425313D3D4F4F00BDF80830B3B105F00F05214602A82B43ADF80830FEF73E
S32560228AA0D6FF4F4506F11806E4D102A82146FEF7CEFFD4E90030C01A04B0BDE8F0872D0163
S32560228AC0EDB245EA0A05ADF80850EAE7214602A8FEF7BDFF0DF1070120468DF80750FEF764
S32560228AE0A9FFDEE7214602A8FEF7B1FF0DF1070120468DF80750FEF79DFFD2E7214602A828
S32560228B00FEF7A5FFD4E90132D11A012903D8626084F80C80C5E71D80636802336360C0E7D7
S32560228B20214602A8FEF793FFD4E90132D11A0329EDD91D6063680433F0E700BF00F0FFFF45
S32560228B402DE9F84398460D46814600EB82060024344F2B7D062B59D8DFE803F00417262BFA
S32560228B60363E50001CB104F00F01002407E04046FEF77CFF40EA0704C0F30711A4B2284613
S32560228B80E8F745FCC9F8000042E0D8E901329A4205D10123002488F80C302146E5E713F961
S32560228BA0014BC8F80430F8E74046FEF75FFF0146DBE7D8E90132D11A012902D8C8F8042065
S32560228BC0E7E733F9024BECE7D8E90132D11A0129F4D933F8024BE4E7D8E90132D11A0329CF
S32560228BE007D801230024C8F8042088F80C300021C5E753F8041BC8F80430B6E7D8E901326A
S32560228C00D11A0329DAD953F8044BCAE7072BEED109F1040918354E459BD1D8E90030C01AA8
S32560228C20BDE8F88300F0FFFF43682DE9F74F1E68B82759680446326822EA0102354932606E
S32560228C408A6922F0E05222F0300242F0006242F010028A6190F810902F4A03EB090E03EBBA
S32560228C6089099EF8101002EB011189680F60457C03EB050C0A359CF8241002EB011189680E
S32560228C800F6090F812B003EB0B0898F838A002EB0A1ADAF808A0CAF80070596837680F43BB
S32560228CA003EB8B0137609EF81060D9F8147002EB0616766837609CF8246053F8255002EB7D
S32560228CC006167668356098F8385002EB05125268C96B11609A6C98F8441011601A6A9EF88D
S32560228CE01C105B6B11609CF830201A60022203681A610F229A650723084ACDE9002302ABEF
S32560228D0013E90600E8F726FA204603B0BDE8F04FFEF798BC00C00F409003002000093D007C
S32560228D2070B5046840F2012525611C46A9B111F8015B0668013B756605682E6FB60704D4F7
S32560228D406D6F0AB102F8015B013C05686D69ED07F2D5002BEAD11CB970BD90F83C50E8E798
S32560228D600368196F8907F6D45B6F0AB102F8013B013CF0E783892BB9D0E901301B1A5842A6
S32560228D8058417047002070473C280DD8212804D81F288CBF0020012070472238094BC0B20C
S32560228DA0C34003F0010070475C2808D002D83E380128EEE7A0F17C035842584170470120B8
S32560228DC0704700BF01210005A0F2BC7080B27F2809D80C2907D81F2A05D842EA411141EA13
S32560228DE0402080B270470020704717280AD83B2908D83B2A06D8520842EA411141EAC02040
S32560228E0080B270470020704737B505460C4609F055FB114B984204D800232B80238003B002
S32560228E2030BD694608F064FC9DF805109DF8060001319DF8042000F26C70C9B2FFF7C4FF84
S32560228E409DF8002028809DF801109DF80200FFF7CCFF2080E3E700BFFFA5CE1230B4C46872
S32560228E60A14207D8CD18AC423FBF002404704FF0FF34C46040680468A46AA44630BC60470A
S32560228E8010B500230478CA03012B42EA5102C15C11FA82F291B208D1852C14BF01220322EA
S32560228EA013441F2BEFD9084610BD0122F8E738B5CB6804460D4633B9027882B98968BDE8B0
S32560228EC03840FFF735B82422002115F049FD102323700123A370AA68A260EA6822621846B8
S32560228EE038BD73B503780446DA071FD5406804F11002E168036801925B6A9847019A0546B3
S32560228F0018B90025284602B070BD23789B0704D4237823F001032370F4E7201D43C803689E
S32560228F2031445B6A98470028F2D1EAE70125E9E773B51E46C36805460C46994209D96868FD
S32560228F40214603685D693346AC4602B0BDE87040604731448B42F2D20192FFF7C2FF019AED
S32560228F600028ECD102B070BD10B50446FFF7B9FF58B104F50470FFF7B4FF30B1D4F84004D8
S32560228F800368BDE810401B6A1847002010BD10B504462830FFF7A5FF50B104F50E70FFF7A9
S32560228FA0A0FF28B120680368BDE810401B6A1847002010BD436870B504460E4615460BB96B
S32560228FC0002070BDC3688B4208D0FFF78AFF0028F6D06B070AD50023E6602370237805F0A2
S32560228FE0030520462B4300F8103BEAE7606804F11002314603681B6998470028EBD1DFE73B
S3256022900002392DE9F84305461F46D0F830048B18164683423FD8D5F82024BFB3914206D881
S32560229020934204D9834228BF0023C5F8203401F007034FF00109C1F3C80409FA03F9D5F886
S325602290402C345FFA89F903EB11380122414628469044FFF7AFFFF0B10319494600F50070D5
S325602290601A780A4214BF01240024BC4213D04A40013E1A7012D0490011F0FF01F0D1013319
S325602290800C46012198428946EAD1DEE7914238BFC5F82014CBE70020BDE8F8830120FBE7FB
S325602290A038B5D0F838340C46496800F5047090F8355219402368023BAB4003EB5123D0F856
S325602290C01C121944FFF776FF18B16368C3F30803184438BD38B5D0F830340C461546013372
S325602290E08B4202D24FF0FF3038BDD0F82414002200F5047001EBD411FFF75CFF0028F1D04E
S32560229100A400C4F3080403595A1C16BF012000202B60E9E700F124032DE9F0430D4685B034
S325602291200646904601AFD6F8209093E8070001EB4513D9F8384487E8070002930C4099F85C
S32560229140453404EB45140933DBB2DC402CB942463946306AFFF7A4FF0EE09DF80C50019949
S325602291601DB101310191013CF0E73A464846FFF7B1FF0128F7D0284605B0BDE8F0832DE9CC
S32560229180F34190F8313004461BB9012002B0BDE8F08190F9332090F83330002A6BDA0027C6
S325602291A003F07F03DFF8E8803E4680F833300022F9B22046FFF7AEFF054600283ED0037842
S325602291C0C02B43D0C12B21D0852B37D194F8313003F037038380D8F8003083B10DF1030220
S325602291E00DF1060101A898479DF80330BDF806206B75BDF80430AA81EB812A826B82226A32
S3256022920092F8103243F0010382F81032013731462846FFF735FE94F83020FBB206469A4210
S32560229220C5D2012204F12401206AFFF739FF28B14680206AFFF798FE0028A6D194F83230D8
S32560229240002043F0010384F832309FE794F83320437852064CBF43F0020303F0FD034370F0
S32560229260D4E90423C0E90223E3694361D4E90223C0E90623C3E7006AFFF776FE002884D115
S3256022928094F8323043F0010384F832307EE700BF303301202DE9F04790F83330044688464B
S325602292A01546DE075ED5580603D494F8313019070BD5D4E90023D4E90410AE1843F10003E3
S325602292C0B14270EB030300D28D1A2F4604F118096AE0206AD4E90032D0F838641E40C6F370
S325602292E0080A4EB913432AD194F831305A064CBFD0F83434E369A361236A4FEA562CA16952
S3256022930093F845240239D3F82C04914001EB5621014403F50470BAF1000F2CD1B7F5007FD4
S3256022932029D3D3F81C32994225D0B7F5806F40D24246FEF7DBFDA8B14FF400762BE094F815
S325602293403330A1695B0602D50131A161D4E74A46FFF7C0FE002805DBCED194F8313013F016
S32560229360500F23D194F832304FF0FF3043F0020384F832301BE0CAF500760022BE4228BF67
S325602293803E46FFF717FE0028ECD000EB0A013246404614F06BF9B044BF1BD4E900329B1905
S325602293A042F10002C4E90032002F92D1E81BBDE8F087012393407A0AA3EB0C03934228BF8C
S325602293C0134642465E02FFF7B3FD0028E3D1C9E72DE9F84F90F831C0044616461F46D0F8E9
S325602293E01880BCF1000F5BD0D0E90003BB4208BF904206D056EA070205D10023A361C4E94B
S32560229400006701204FE01CF0080F04D0D4E90412B142BA4144D3D4F820E0751E9EF84514F0
S3256022942047F1FF3A0931C9B2C1F12009A1F12002CD400AFA09F92AFA02F2A1F1200A45EAD9
S325602294400905C1F12009154394F8332012F0400F02D0E3692B44D1E710F1FF3B43F1FF322E
S325602294602BFA01F102FA09F922FA0AF241EA090111438D4201D3034317D11CF0400F14BFAF
S32560229480DEF83434E369A36104F11809002DB6D04A46A169206A013DFFF71CFE0028F5DC82
S325602294A00020C4F81880BDE8F88F6D1AECE7012938B50C46154601D8002038BDD0F830344C
S325602294C001338B42F8D3D0F82414012200F5047001EBD411FFF76EFD0028EDD0A400C4F33A
S325602294E0080405510120E8E7F8B50446006AA16901B101310EF059FC0128054602D800267C
S325602295003046F8BD01230146206A1A46FFF778FD06460028F3D0A26994F833302AB943F091
S32560229520400384F83330A561EAE7590611D44FF0FF322946206AFFF7BAFF0028DFD0A1696D
S325602295400029F0D02A46206AFFF7B1FF0028EAD1D5E70132AA42E6D023F04003E16984F86A
S325602295603330A369206A8B42E1D94F1C3A46FFF79EFF0028C3D03946F3E7F7B590F83130BC
S3256022958004465A0652D5066A0025D6F83434019301AA01993046FFF79DFD002844DB05F18B
S325602295A00105F5D196F845340933DBB29D40236AD3F83C341D44B5F1806F47D22046FFF777
S325602295C093FF002842D0236A0026A569012793F84524023DD3F82C3495401D44206A90F8A8
S325602295E0453407FA03F39E4222D394F831305B0615D494F8333063F07F0384F83330D0F8FC
S325602296003C24D4E902319B1841F10001C4E90231D4E904319B1841F10001C4E9043120468C
S3256022962003B0BDE8F040AAE50025BBE78568BEE70522A91900F50470FFF7BCFC30B14FF40E
S3256022964000720021013615F08BF9C7E7002003B0F0BD2DE9F34107460C46884601AA214638
S325602296603846FFF737FD061E04DA0025284602B0BDE8F081002221463846FFF718FF0546FE
S325602296800028F2D0621C16B1019B93420AD00023A2EB080241463846FFF7B2FC0028E4D089
S325602296A0DDF80480019C002ED8D1DFE7F8B590F8333004469A0738D5C169C9B9002501220B
S325602296C0E9B22046FFF726FD78B30378013503F07F030370EBB294F830209A42EFD20023EB
S325602296E0206A84F8313084F83330BDE8F8403BE45B06006A1BD590F84534D4E902250933C4
S32560229700013ADBB245F1FF35C3F12007A3F12006DA40002305FA07F725FA06F63A433243B3
S325602297200132FFF76DFC0028C8D10020F8BDFFF790FFF8E710B5044680680A462830A1696C
S32560229740FFF738FC20B1A38803F00F0300EB431010BD37B503780446002B35D090F90230AF
S32560229760002B2BDA0121FFF7E5FF054630B96378002043F00103637003B030BD0378E52BD1
S32560229780F5D023781B0744BFE369C361236A43831B0C83820D4B1B6863B10DF103020DF1DD
S325602297A0060101A89847BDF804302B836B82BDF80630EB82A37803F07F03A370A068FFF715
S325602297C0E6FB0028D3D0D7E70120D5E73033012070B506460C46FFF7BCFF054610B9002589
S325602297E0284670BD00213046FFF7A4FF03460028F5D0214600F1200253F8040B934241F8FE
S32560229800040BF9D1ECE738B5856B044645B12846FFF79FFF00232B70AB7008B1A36338BD68
S32560229820E56B0DB90020FAE72846FFF7A8FC002385F8313085F833300028F3D0E363EEE79A
S32560229840037A00F50E70022B08BF42F00202FFF7B1BB01292DE9F04106460C46174603D8BD
S325602298604FF0FF30BDE8F081C3698B42F8D3C379202B12D18169002201EBD411FFF7E0FFFC
S325602298800028EDD0A40004F4FE740359F2699A422ABF012000203B60E4E7102B0DD1C1F35D
S325602298A00721836900221944FFF7CAFF0028D7D0640004F4FF74035BE8E70C2BD0D1C1F377
S325602298C04E088369002218FA81F81FFA88F5C8F3462898444146FFF7B3FF0028C0D0C5F3D7
S325602298E00803C55C0133B3F5007F08D1002208F101013046FFF7A4FF0028B1D00023C35C69
S32560229900E20745EA03234CBF1B09C3F30B03BDE72DE9F84F8378884604461546D90767D503
S3256022992003781A070ED5C36942699B1A9D4228BF1D462E464FF0000904F1100A5EB9A81BC6
S32560229940BDE8F88F9B06F4D583685A894369C3EB42139BB2EAE7237862699F06A068C2F386
S32560229960080B4FEA522117D5036A1944A26802F12800BBF1000F42D1B6F5007F3FD3536BFD
S3256022998099423CD0B6F5806F4FD24246FEF7AEFA70B34FF4007742E090F8059009EA01095F
S325602299A0BBF1000F08D1B9F1000F05D16AB959064CBF036A236A2361A36821699A7902390E
S325602299C05B69914019444944D0E71A07216905D5A3785B0602D501312161EDE75246FFF7DB
S325602299E038FF002804DBE7D1237813F0700FA6D163784FF0FF3043F002036370A0E7CBF5BA
S32560229A0000770022B74228BF3746FFF7D3FA0028EED000EB0B013A46404613F027FE63692E
S32560229A20B844F61B3B44636188E72778730ABF0605D41279A2EB0902934228BF1346424665
S32560229A405F02FFF775FA0028E9D1D1E7436913F4F07F37B50446C3F3431500D099B9012273
S32560229A600DF107012046FFF753FF40B2012802D0002003B030BD63691F33A06863613830AB
S32560229A8000EB4510F5E72033F7E72DE9F0410D4601780446076981B14069A84206D03DB993
S32560229AA02561A378656123F02003A370012006E00B0706D5E369AB420BD200202761BDE817
S32560229AC0F0818E0605D5A3685B89B5EB431FF4D8E7E7D4F808C06E1EA2789CF80630520638
S32560229AE003F10903DBB226FA03F603D5236A33442361D6E7421E22FA03F39E4200D390B9AD
S32560229B004B064CBFDCF82030236A236104F11008002EC6D042462169A068013EFFF799FE75
S32560229B200028F5DCC9E7F61AF0E710B549010446FFF7ABFF20B120460021BDE8104085E75B
S32560229B4010BD01292DE9F04180460C46154602D80020BDE8F081C3698B42F9D3C379202B70
S32560229B600DD18169012201EBD411FFF769FE0028EED0A40004F4FE7405510120E9E7102BCE
S32560229B800DD1C1F30721836901221944FFF758FE0028DDD0640004F4FF740553EDE70C2BC4
S32560229BA0D6D1C1F34E078369012217FA81F7BEB2C7F346271F443946FFF742FE0028C7D067
S32560229BC014F00104C6F308031CBF2A01C15C00EB030603F101031BBF02F0F00201F00F0162
S32560229BE0EAB20A43B3F5007F327007D101224046B918FFF725FE0028AAD00023C5F3071527
S32560229C00C21824B9C35C23F00F0343EA15151570B3E72DE9F743866804460769D6F80C90E9
S32560229C204F4592BF4FF00108B9464FF0000809F10105F3699D4207D9B8F1000F1DD1F5680B
S32560229C404FF00108A946F2E7AF4216D001AA29463046FFF7FEFD00280FDBF3D0019B002B78
S32560229C60F0D1B8F1000F00D0F5606FF0704229463046FFF766FF804628B94FF000084046F9
S32560229C8003B0BDE8F0836FB9736A002B12DAA378256197B943F04003A370A37863F07F03EB
S32560229CA0A370ECE72A4639463046FFF74AFF0028EAD1E2E7013B7362E9E74F45EDD023F0A1
S32560229CC04003E9E7F8B50578044615F0200502D000263046F8BD4269154B9A42F8D2FFF781
S32560229CE098FF06460028F3D0A26823699179023B57698B401F44A068E9B203798B4208D877
S32560229D0082794FF400739340626912FA83F36361DFE70522394428300135FFF74BF90028CC
S32560229D20D6D04FF40072002114F01AFEE3E700BF00FE1F0073B505460C4601AA2146284618
S32560229D40FFF787FD061E15DB002221462846FFF7F8FE78B16B6A002BA4BF01336B62EB682A
S32560229D60A34284BF04F1FF34EC60019C002EE4D102B070BD0020FBE7F8B50F4615460021E0
S32560229D80242204461E4614F0EBFDBB683A6AA58005F00F05E26003F13802A36002EB4512AF
S32560229DA0D17A08072FD401F017012170D07A10F0180F04BF41F0080121709DF81810E17017
S32560229DC006F00301012917D0022920D0D9B90121A1705B6B7504918AA361538B43EA014363
S32560229DE02362D169E16101D40120F8BD2046FFF74CFE0028F8D106E00221A1702178C80617
S32560229E0001D4CF07E5D500202070A070EDE70321F3E7F0B500238BB00446019383789A0746
S32560229E2007D5016A41B901212046FFF783FC074640B900200BB0F0BD8068FFF77BFF00280E
S32560229E40F1D1F6E70DF065FBE526002305463E702370A068A370FFF79AF80028E9D0E378E5
S32560229E60002BE7D0214601A8FFF721F80028E0D00127A18801A8C91B89B2FFF756FE0028F6
S32560229E80D7D0C37A0F2BD4D10278FBB202F01F019942CED1437BAB42CBD10670A16891F875
S32560229EA0283043F0010381F82830530605D5A0680BB0BDE8F040FFF76AB87B1CE2789FB295
S32560229EC0DBB29A42D5D2B4E72DE9F0410022D0F88C344FF0FF3100F504750446C0F88834C3
S32560229EE0C160C0F81C121146C0F8802480F8442480F87924A0F87A24C0F88404C0F8403489
S32560229F0043600270C0F8143280F810222846FFF751F800285CD090F8BE2112F07F0257D1E9
S32560229F2090F8C231002B53D0D0F8C67128463946FFF740F8054600284AD005227649033010
S32560229F4014F0CCFC0646002842D195F86C30092B3ED12B6D04F5896801463B44C4F824345E
S32560229F606B6DC4F82834AB6D3B444027C4F82C34EB6DC4F830342B6EC4F8343495F86D30F0
S32560229F800125C4F82004204684F84534093305FA03F3C4F83C34013BC4F838340DF005FF16
S32560229FA0404684F84474FFF7EAF838223146404614F0D6FC594B84F879749A69C4F86844E2
S32560229FC084F87B5402B99C61544B01201C62A1E0022300224FF0FF31012704F1280823729F
S32560229FE0D4F8883461634046C4F844121146C4F88424E271A4F8482484F84A24C4F8804475
S3256022A0002360E760E36284F82820C4F83C3284F83822FEF7CFFF002877D090F8C231002B0D
S3256022A02073D090F8BE5115F07F056ED1D0F8C6612A4640463146FEF7BDFF002865D0B0F8E4
S3256022A0400B30B3F5007F60D1037C2372013BBB425BD8427B0921531E227163713B469A4249
S3256022A06047D1A571C38A23610BB9436A2361C389B0F811203344216962815201A361077C81
S3256022A08002F2FF1201FB0733236203EB5223B0F81320636102B9026AF61A1644EE40731C28
S3256022A0A0E3614FF0FF33636240F6F4739E4227D94FF6F4739E4225D9C36A2362202304F5A9
S3256022A0C08965E3712163C4F840122846FFF741FB00232146284684F8483484F84A34FDF7A6
S3256022A0E027FF90B10D4BDA69002A7FF46DAFDC616AE7013908D001355B00EDB2DBB2AEE72B
S3256022A1000C23DCE71023DAE7A5710020034BC4F880041862BDE8F081BDF5002000F6012094
S3256022A1200346501A7F2B05D8002841D0084600F8013B7047B3F5006F0DD2012837D99A0919
S3256022A14003F03F03084662F03F0263F07F0300F8022B4B707047B3F5803F11D2022826D982
S3256022A1601A0BC81C62F01F020A70C3F3851203F03F0362F07F0263F07F034A708B707047CB
S3256022A180032814D99A0C081D62F00F020A70C3F3053262F07F024A70C3F3851203F03F037B
S3256022A1A062F07F0263F07F038A70CB70704700207047884230B505463AD2037890F90000A2
S3256022A1C0002802DB681C136030BD03F0E000C0281ED103F01F0302242819884228D80135E8
S3256022A1E015F8011B01F0C004802C21D101F03F01854241EA8313F3D1A3F180040D498C42A2
S3256022A20016D8A3F55841B1F5006F11D31360DBE703F0F000E02803D103F00F030324DBE7BC
S3256022A22003F0F800F02803D103F007030424D3E70020C9E77FFF1000838913B5044623B190
S3256022A24000228281184602B010BDD0E901018842F8D201AAFFF7ADFF10B94FF6FF73F1E780
S3256022A260019A6060B2F5803F93B2EBD3C3F30903920AA3F51053A2F52152A38193B2E1E7FE
S3256022A2807E2830B52BD8A0F16103192B8CBF00230123A0EB431398B220E003EB520201EB84
S3256022A2A08205B5F8445485428CBF14461346E21A012AF2D89BB201EB8303B3F844249042F0
S3256022A2C02FD3821A93F84744A2422ADA93F94634012B08D102F00102821A90B230BD352436
S3256022A2E000231149E3E713B19BB20344D3E74EF2A033FAE703EB520201EB8205B5F81855BA
S3256022A30085428CBF14461346E21A012AF2D89BB201EB8301B1F81835834208BFB1F81A05F8
S3256022A320DCE74B240023EFE7E4A400202DE9F04F994690F8313093B004460F461546002B3D
S3256022A34043D191F8313013F0500F3ED009F00303032B3AD001330193002A3CD01369084608
S3256022A36003F10E080F23B8FBF3F808F102085FFA88F8E7F73DFA4FF0000B0DF1280A5E466C
S3256022A380202251463846FEF785FF002800F0C68020281AD19DF928109DF8282000291FDB06
S3256022A3A0BBF1000F05D13968A1F120030393BB690293C3453CBF0BF101035FFA83FB002ADB
S3256022A3C040F08F80002D40F0A980002684F8316084F8336060E04FF00308CCE71E46CFE797
S3256022A3E03EBBC34538BF4FF0000B852AC8D1314638222046012614F0B3FA9DF829209DF8C9
S3256022A4002C1084F8302001F03702C90658BF42F0080284F831203A6A2262BA6962623A68E2
S3256022A420203AA26297F83320C2F3801284F82C20A6E7C02A48D19DF82920019B920784F826
S3256022A440333048BF43F04002DDE90C0148BF84F833200F9AC4E90401DDE91001E261C4E9CA
S3256022A4600201EDB919F4006FAFD119F4884F03D194F83330980705D594F83130D906A4D44B
S3256022A480DA07A2D419F4804F06D02046D4E90423FEF79EFF002898D0304613B0BDE8F08F62
S3256022A4A02A684FF0000329696A609DF82B20AB81914216D1AE8ABDF82C20A6EB020CDCF179
S3256022A4C0000646EB0C065BE7C12A0AD101223AF8123028460493FEF74DFC20B1049B002B2E
S3256022A4E0C0D000264CE7CDE906202846FFF7A4FEFFF7C6FE05900498FFF7C2FE0599079B28
S3256022A50081427FF46BAF069A0132102ADFD12846FEF730FC00283FF433AFA3E719F4007FC4
S3256022A5203FF453AF019B9B077FF54FAF002D3FF44CAFC34526D338220021204697F833604F
S3256022A54014F00EFA3B6A08F1FF39C6F380162362082300275FFA89F984F83130029BDFF83F
S3256022A56014A16362039B84F82C60A3622B68AF816B605FFA87FBD84524D82046FEF7FFFD55
S3256022A580064689E7202251463846FEF783FE40B93846BE69FEF7F1FF00283FF416AFBE61E8
S3256022A5A0C7E720287FF411AFBBF1000F05D13A68A2F120030393BB6902930BF101035FFA59
S3256022A5C083FBB6E7012259462046FEF7A3FD064600283FF4FAAE90F90030002BFFF6F5AE50
S3256022A5E02022002114F0BCF9BBF1000F1FD18523337084F8309086F80190DAF8003083B140
S3256022A6000DF1230209A90DF126009847BDF826307381BDF8243033819DF823303375013756
S3256022A620A7E745F621437381F3817382F7E7BBF1010F0DD1C02386F801B03370019B63F0EC
S3256022A6407F0384F833302B69F370AB8AB380E6E7C12306F11E0B33702846FEF78BFB00282D
S3256022A660DDD12846FFF7E8FD26F8020FB345F3D1D5E700BF303301202DE9F0411F4696B07F
S3256022A680002304460D4601921493ADF8143090F831301BB1002016B0BDE8F08191F83110D4
S3256022A6A011F0500FF6D011782F2922D1104612F8011B2F290FD003B101902D6A382261B915
S3256022A6C0204614F04DF940230120256284F8313084F83300DFE70123E8E7002108A814F01D
S3256022A6E03FF94023109508AD8DF8513001238DF853304FF0000801AA02A9019811F047F835
S3256022A7000028C7D0019B1B78FBB1002302AA29462046FFF70BFE0028BCD008AE224604F1AD
S3256022A720300C35461068083252F8041C3346624503C31E46F6D1106818602046FEF71FFD46
S3256022A74084F8318084F83380D5E73B4602AA29462046FFF7EBFD9EE711B101F589618BE7E0
S3256022A7600846704710B591F83130044613F0500F18D040F60223FFF7D9FD98B11023204600
S3256022A78084F83130FEF7F9FE60B1A3692046E361E7F72EF8C123204684F83330BDE810407F
S3256022A7A0FEF7EDBC002010BD2DE9F04F99B00F46144605938B680A9006930B7813F0700F76
S3256022A7C003D1002019B0BDE8F08F0A9B1B780393002BF6D113690D224FF0000900210C33FD
S3256022A7E03846CB464E46C846B3FBF2F3DBB20793637D9A0717BF079B01230133DBB2029373
S3256022A800FFF743F9CDF81090CDF820907D6900213846C5F34F15FFF719F900287CD17B7893
S3256022A820002BCED1059B9A05CBD503F00303013B012BC6D8049B002E08BF2B460493029BAF
S3256022A8409E42C0F01D81089B002B40F03481029BBC460FAE4FF0010B5D1E049B5FFA85FAF6
S3256022A86053FA85F5BCE80F000FC6BCE80F000FC6DCF80030ADB2336004F1160630460CF000
S3256022A88048FE2368029063600023A3814AF040030493DA4580F0588129463846FFF745F926
S3256022A8A0804600288DD02022002114F059F8D4F81630C8F800307368C8F804303389A8F8E0
S3256022A8C00830B37A88F80A30637D03F0180388F80C309B4B1B68002B00F084810DF1390265
S3256022A8E00DF13A010FA89847BDF83C30A8F81030BDF83A30A8F80E309DF8393088F80D3048
S3256022A900069B069A93F8283043F0010382F82830ADE00123089379E70378E52B00D08BB937
S3256022A920049A002E08BF2A460492029A96423CBF0136F6B2002B3FF475AFE52B06D14FF000
S3256022A940000863E7029A964238BF00262E2BF6D0C27A0F2A69D1B8F1000F45D103F01F0BD3
S3256022A960079A5A457FF452AF13F040083FF44EAF90F80D909046BBF1010F7FF447AFBE46FC
S3256022A9800DF13C0CBEE80F00ACE80F00BEE80F00ACE80F00DEF80030CCF8003023686360F1
S3256022A9A04FF00003A381A5EB08039BB20C930C9B9D423FF42BAF29460FA8FFF7B6F809902C
S3256022A9C00028BCD04FF0000A5FFA8AF109980CF08CFD0B902046FEF7CDF978B10B9B002B42
S3256022A9E018BF4FF0000811E70BF1FF325FFA82FB5B45A4D1437B4B45BDD0A0E72046FFF7E3
S3256022AA001BFC0D900B98FFF73BFC0D9A0B901046FFF736FC0B9B834291D10AF1010ABAF1EC
S3256022AA200D0FD1D1013DADB2C1E7130787D4B8F1000F0AD0BBF1010F7FF4C3AE0CF069FD82
S3256022AA4048457FF4BEAEC2460DE00B2204F1160116F0CBFF00287FF4D9AE94F815A01AF097
S3256022AA60010A7FF456AF059B19053FF5AAAE059B2A4639460A98CDF800A0FFF77DF9A1E6F8
S3256022AA8000213846FEF7E2FF90B97B78002B7FF498AE3846FFF716F900283FF492AE069BDA
S3256022AAA01B7906EB0313DEB2029BB342F1D8CAE60136F6B2C3E6267D62254FF0000ADFF806
S3256022AAC0848004F11609D8F80030032E534428BF03261FFA83FA331DDBB20AF00F02E11887
S3256022AAE0013B4FEA1A1A092ADBB294BF303237329E428A75F1D1A3197E22002138469A759C
S3256022AB00FEF7C3FF01213846FEF7A0FF014620B97B78002B3FF49BAE53E60378002B3FF4F6
S3256022AB2096AEC37A1B07EDD40B22484616F05DFF0028E7D1013D15F0FF05C4D141E600BF6A
S3256022AB40303301204C450120A5EB0B010FA889B2FEF7EBFF00283FF435AE119ADA4500F1D1
S3256022AB60010992F8283043F0010382F828304FF00002049B18BF5B469046027303700F2310
S3256022AB804283C372029B43732046FEF7F3F8D0B1039BE3B119464FF6FF700131CBB203938F
S3256022ABA0B8F1040F5FFA88F115D8A9F8000008F1010809F10209B8F10D0FE5D10BF1010B67
S3256022ABC05FFA8BFB65E62046FFF736FBE8E7012303980393E4E70A2994BFA9F80300A9F87C
S3256022ABE00500E4E745F62143A8F81030A8F81830A8F8123084E6F0B50B7889B004460E464B
S3256022AC0013F0700F72D040F60223FFF7CDFD00286CD0012710252046A7702570FFF752F8BA
S3256022AC20002863D02369002120462362FEF72DFF2046FEF78EFD002858D039462046FEF768
S3256022AC4079FD002852D06A46C572034600F1200C15461868083353F8041C1746634503C70F
S3256022AC603A46F6D14FF02033A068216A0122CDF801302830CDF805300239ADF8093010F854
S3256022AC80223C994050F8143C1944FEF793F9034660B32E22AC4607460DF1200E8DF80020C3
S3256022ACA06246083703CA724547F8080C47F8041C9446F5D12E2220338DF80120326A08AEB4
S3256022ACC0110CADF81A202A46ADF814101546083303CDB54243F8080C43F8041C2A46F5D17A
S3256022ACE0A06809B0BDE8F040FEF751B9002009B0F0BD2DE9F0411F4694B0002306460C4600
S3256022AD000192ADF83830029303781BB1002014B0BDE8F081097811F0700FF7D011782F298C
S3256022AD200DD11146013208782F282CD003B10191A16802A8FDF7FCF80028E7D002AC4FF0A3
S3256022AD40000801AA0BA901980CF006FB0028DDD0019B1B781BB300230BAA21463046FFF7F1
S3256022AD6023FD90B1354602AC0FCD0FC40FCD0FC42B6830462360FEF7ECFC02AC86F800804E
S3256022AD8086F80280DDE70123CBE7002FBED00BAA21463046FFF72FFF0028E3D1B6E70BAAF0
S3256022ADA021463046FFF727FFB1E70A46D0F8841430B5A5B049B1002301F5896116A816932C
S3256022ADC00123FFF796FF25B030BDD0F888040028F9D0229190F87934149113F0500F0192B3
S3256022ADE0ADF8141001D10020EDE713782F2B27D000F5896401AA02A9019810F0C8FC0028A3
S3256022AE00F1D0019B1B78002B39D0002302AA214608A8FFF78BFA50B308AD16AC0FCD0FC4FC
S3256022AE200FCD0FC40FCD0FC42B6808A82360FEF7A6F900238DF851308DF8533015E001218A
S3256022AE40134601321C782F2CF9D001B10193D0F868443822002116A813F082FD40231E949C
S3256022AE608DF8893001238DF88B3016ACC2E702AA214608A8FFF776FC0028CDD1B3E702AA06
S3256022AE80214608A8FFF76EFC9DE72DE9F0411F4694B0002306460C4601920B93ADF8143064
S3256022AEA003781BB1002014B0BDE8F081097811F0700FF7D011782F2914D1114612F8010BCE
S3256022AEC02F2807D003B10191A16828B93046FDF72FF8E8E70123F0E70BA8FDF729F8002841
S3256022AEE0E0D00BAC4FF0000801AA02A901980CF033FA0028D6D0019B1B78C3B1002302AAC4
S3256022AF0021463046FFF750FC0028CBD035460BAC0FCD0FC40FCD0FC42B6830462360FEF7B6
S3256022AF2018FC0BAC86F8008086F80280DCE73B4602AA21463046FFF737FCB4E711B101F577
S3256022AF408961A2E7084670470A46D0F8841410B596B0002932D0002408A823460894FFF73C
S3256022AF60EDFF08B900201CE09DF82030D906F9D5214608A8FEF789FD012108A8FEF766FD32
S3256022AF8088B99DF82130002BECD1082308A88DF820309DF8223043F002038DF82230FEF77F
S3256022AFA038FF16B010BD0378002BEED0E52BE3D02E2BE1D0C37A1A07DED4D3E7D0F88804F0
S3256022AFC00028EED00B461491014608A8FFF7C4FB0028C7D09DF85130DB06C3D508A8E6F786
S3256022AFE007FC202269460DEB0200FEF753F948B12028B7D19DF900209DF80030002AB1DBA0
S3256022B000002BEED1082308A88DF851309DF8533043F002038DF85330FEF748FB0028C0D194
S3256022B020A0E7FF232DE9F04F002793B0824C064680F8BC3400F59263804D80F8C81480F81B
S3256022B040981480F89974019384F824702F7084F8257084F8267009F013FB3946384608F0D5
S3256022B060E1FE88B901232B7040F28E23A362019BC6F88C342B78002B40F0D980304613B0D7
S3256022B080BDE8F04FFEF720BF0327DFF8E0814FF4D571404608F0C6FE08B3694B1B69B3F5A8
S3256022B0A0D57F04D006232B704FF42573DEE7012384F82630DFF8B88106F07DFCDFF8A091FF
S3256022B0C00746DFF8B0A1DFF8B0B10021484608F0A9FEB8B917232B704FF42A73C6E7013FDA
S3256022B0E0D5D194F82630002BE4D109F0C9FA3946384608F097FE94F82630002BDAD14FF41F
S3256022B1004018D9E74146504608F08CFE0028E1D006F051FCC01B5845DCD8494B1A69002A67
S3256022B120D3DA1A6900214748E2621B695A0044BF012384F8253008F075FE20B902232B7089
S3256022B14040F2B12392E700213F4808F06BFE20B903232B704FF42D7388E7394F3B493B6943
S3256022B1603B481B0C1B04236309F0FEF920B907232B7040F2B92379E73649374809F0F4F918
S3256022B18020B908232B704FF42F736FE7216B334808F048FE20B905232B7040F2BF2365E70C
S3256022B1A0216B2F4808F03EFE18B302212D4808F039FEF0B1BB6A02A96FF07F4023F0060393
S3256022B1C0BB62BB6A43F00203BB624FF010137B6409F086F990B946F2A817052008F011FE2B
S3256022B1E0384609F0EDF909F032FA012384F824303DE714232B7040F2C32337E79DF815304B
S3256022B2009B07E8D502A9184895F80080A76A09F067F99DF8183018B103F00F03012B03D01B
S3256022B22085F80080A762D6E74CF25037D5E7002013B0BDE8F08F00BF00F601200716012027
S3256022B24000002C400000090200001A0334F601200000090944F601200000090A00001B07E5
S3256022B26000001A3700001A06F1FFFF8000001A08000030400000022940420F002DE9F84FBB
S3256022B28090F8BC340446FF2B04D190F8C814BDE8F84FC6E6002780F8AC34D0F8C46400F208
S3256022B2A09C4590F8BD840121D0F8C09480F8AE7480F8AD7480F8B174184606F013FF0121C6
S3256022B2C094F8AC0406F0BEFE594BC4F8A4340723C4F8A834574BBE4208BF1E463046C4F8FF
S3256022B2E0A064FDF7A1FC0A26284684F8AF7408F018FD012194F8AC0406F0A4FE013EFF2192
S3256022B300D4F8A00410F0ACF816F0FF06F6D131460A2694F8AC0406F095FE0022284611466C
S3256022B32009F086FA012807460AD0013E16F0FF06F3D10123284684F8AD3408F006FD5AE08A
S3256022B34008214FF4D572284604F5946609F070FA41075AD40223042784F8B134013F304611
S3256022B36009F0F8F984F8B00417F0FF07F6D1AA2856D194F8B174DFF8C0B0BA1EDBF800308B
S3256022B380574203F5FA6A57411FFA8AFABF0700223721284609F04CFA3A462921284609F0DD
S3256022B3A047FA0246A0BB94F8B134022B17D13A21284609F03DFAA8BB304609F0CBF900F01C
S3256022B3C0C000C028304604BF032384F8B13409F0C1F9304609F0BEF9304609F0BBF9284613
S3256022B3E008F0010808F0B1FC0723C4F8A494C4F8A83484F8B88494F8AD34C4F88C549BB954
S3256022B4002046BDE8F84FFEF75FBD84F8B174B0E7DBF80030AAEB03031B04B8D5172389E715
S3256022B420062387E7122385E70020BDE8F88F00BF801A0600140601204C4501202DE9F04F5F
S3256022B440D0F8905495B01E46069025B90027384615B0BDE8F08F2B682846DB699847B0F544
S3256022B460405F0746F2D94FF4007014F011F804460028EBD02B68B7F1806FDB6940F26C8212
S3256022B480CDE90C5028469847B0F5801F814609D289493046E5F711FC884930460027E5F764
S3256022B4A00CFC06E20023012201335200DBB2202B04D09145F8D81C2B40F2D380A3F10B0289
S3256022B4C0C2F347021A2B0192019A4FF0000186BF013301274FF40057204688BFC3F346034C
S3256022B4E04AF6552B88BF9F40BB004FEA47080393A9EB8703D34003FA02FA4FF40072029391
S3256022B50013F02EFA01230AEB470A2246002184F8BF31284684F8C0314FF60763C4F8C6818C
S3256022B520A4F8C2314FF6FF73C4F8CAA1A4F8C4312B68A4F8FEB15B6A98470028ACD04FF41C
S3256022B54000720021204613F00BFA5D4B4FF4C372F421236003F16B6304F17800C4F84080FF
S3256022B56003F54F43C4F848A0C4F858806D33636042F2200323812023A372029BE3650423BF
S3256022B580C4E918394FF480734FF00009A4F86830092384F86C30019B84F86D3048F201033C
S3256022B5A0C4E91477A4F86E3013F0DAF9A4F8FEB1CB46ABF16A03012B06D9BBF1700F1CBF45
S3256022B5C014F80B3003EB79090BF1010BBBF5007FEFD12B682246414628465B6A9847002879
S3256022B5E03FF45AAF2B68224608F10C0128465B6A984700283FF450AF5A460021204608F1FA
S3256022B600010A13F0ADF94AF65523A4F8FE3108F109030793631E059304F2FF130493059B74
S3256022B62013F8012F02EB7909049A9A42F8D12B682246514628465B6A984700283FF42CAFBB
S3256022B6402B6822460AF10C0128465B6A984700283FF422AF0AF1010B079B9B4503D0DA46A5
S3256022B660DDE708222EE70AF1030A4FF400720021204613F075F9059A12F8011F049B01EB36
S3256022B68079099342F8D12A6859462846536A2246984700283FF400AF2A680BF10C0128464C
S3256022B6A0536A2246984700283FF4F6AE0BF10101514507D08B46DEE7C3F500201AF60020F6
S3256022B6C0EB769045221F04F5FE7042F8049F9042FBD12A682846536A2246984700283FF42A
S3256022B6E0DBAE2A680BF10D012846D2F824902246C84700283FF4D0AEC1493046E5F7DDFA2E
S3256022B700029B4FF4007200214FEA8309204613F027F9204609F20729F8234744DFF800B31F
S3256022B7204FEA592A4FF000084FEA99391322FF2100F8013B13F014F9B8FBF9F309FB1383A1
S3256022B7401BB959463046E5F7B8FA2B68224607EB080128465B6A984700283FF49DAEB8F193
S3256022B760000F05D14FF400724146204613F0F8F808F10108C245DFD1019B4FF00109A1493F
S3256022B780304609FA03F9E5F798FA029F0737FF0807F2FF13B9EB532F4FEA532AFFF47CAE54
S3256022B7A04FF40072002120464FF0000813F0D8F8072323702B682246039928465B6A41449F
S3256022B7C0984700283FF468AEB8F1000F01D184F8008008F10108C245ECD18B493046E5F71F
S3256022B7E06CFA0023039A98464A44CDE90A3309921FFA88F0FEF744FD4045014668D009A825
S3256022B80008F0D4F900283FF447AE08F10108B8F5803FEDD1DDF82C80C8F30800002840F0C3
S3256022B82089804FF40072019B02FA03F34345FFF433AE76493046E5F740FA4FF0020A019BA6
S3256022B8404FF40072002120460AFA03FB039B9B4413F086F8812303228221C4F834A084F8AC
S3256022B8602030002384F840100A9922706164E365C4E915289846C4E90E732B6822460BEBD8
S3256022B880080128465B6A9847074600283FF404AEB8F1000F05D14FF400724146204613F078
S3256022B8A05FF808F10108C145E7D159493046E5F704FA204613F0F4FD002F3FF4C7AD2B6834
S3256022B8C028461B6A984706980430FFF7D7FCBEE508F1010ABAF5803F08D01FFA8AF0FEF7FE
S3256022B8E0CFFC824502D10AF1010AF3E7AAEB080BBBF5007F1BD34FF6FF7109A808F056F909
S3256022B90000283FF4C9AD1FFA8BF109A808F04EF900283FF4C1ADD04679E71FFA88F109A8C7
S3256022B92008F1010808F042F900283FF4B5ADC245F3D86CE7DDF834A0C0F5007200215044E3
S3256022B94013F00EF80C985246099903685B6A984700283FF4A1AD64E7CDE91160109528463B
S3256022B960984700F2FF730E90DB0A062B099301D8284992E5102B3DD9202B3DD9402B3DD9B8
S3256022B980802B4FD9B3F5806F4ED9B3F5004F8CBF80224022B0F5800F8DF84F2080F09A8096
S3256022B9A04FF480734FF0000E0A93A0EB030CBCFBF2FC0CF20111090A4F0007F1A1089845B0
S3256022B9C034D80B91BEF1000F00D00A93A3EB080303F180010D91ACF6F571B1F5704F29D3F7
S3256022B9E00D493046E5F769F91198002800F035810A4953E50222CDE70422CBE70822C9E729
S3256022BA00D9F500203CF60020E6F50020FDF500200CF600202AF600203FF6002061F6002023
S3256022BA20E2EA00201022B5E72022B3E780334FF0010EBAE78133012109A80C9302FB0C73A4
S3256022BA40ADF84C102133B3F5803F0F9334BF042306238DF84E3008F035F90028C4D009A827
S3256022BA6008F006F94FF40073A4F811300B9BE382802384F82430292384F82630784BC4F899
S3256022BA8027304FF02033C4F82F30C4F82B30C4F8323044F246131098E38643F25413129AFD
S3256022BAA0238736230D9984F83A3003685B6A9847002899D00A9A10210C9BD21A09A808F0BE
S3256022BAC083F807461198002F8ED000283FF4F1AE6449ECE64FF400534FF0000C42F2090841
S3256022BAE00D934FF480430A93C71AB7FBF2F707F18101C90908EB41094FEA410E994504D933
S3256022BB0003F500534FF0010CEEE70B91BCF1000F00D00A934FF6F4718F427FF661AFA3F5D4
S3256022BB20005102FB073309A8A3F50052A1EB0E010F9289B24C4AADF84C1001F50051934230
S3256022BB4094BF0B230C230C918DF84E3008F0BAF800283FF449AF09A808F08AF80222434B33
S3256022BB60DDF82C90C4E90B238023C4F8249084F84030292384F84230394BC4F843304FF0A6
S3256022BB802033C4F84B30C4F84730C4F84E3044F24613109EA4F8523043F25433DDF8348086
S3256022BBA03046A4F854303223129F414684F8563033683A465B6A984700283FF415AF33685F
S3256022BBC03A4608F1060130465B6A984700283FF40BAF4FF400720021384612F0C1FE244BAA
S3256022BBE03A4608F10201C4F8FC31304633685B6A984700283FF4F8AE33683A4608F1080185
S3256022BC0030465B6A984700283FF4EEAE194B3A4608F101013046236003F1FF5303F5005322
S3256022BC202033C4F8E4314FF0FF33C4E97A3333685B6A984700283FF4D7AE33683A4608F15A
S3256022BC40070130465B6A984700283FF4CDAE9DF84F20202102EB490230E7074629E600BFB5
S3256022BC6087D6120053F600200004FB0001000600000055AA5252614130B5D0F8905485B053
S3256022BC80044625B9002084F8D00405B030BD90F8D02490F8D134002A36D0FE2B0FD094F815
S3256022BCA0D234362B14D819012D4A02EB03135258DB6892681A4214BF01200020E3E72B6861
S3256022BCC028465B6D9847431CE9D038B10120DAE72B68694628469B6C9847D4E794F8D13402
S3256022BCE0FE2BCFD103212E2006F0CCF91D491E4B48681E4A1B68B3FBF2F303EB83034A68A3
S3256022BD00121A9342FBD8BDE7FE2B1BD1184B9B6813F4003FB6D0201DFFF7B0FA0028D5D131
S3256022BD2003212E2006F0AEF90E490F4B48680F4A1B68B3FBF2F303EB83034A68121A934275
S3256022BD40FBD89FE790F8D234362BE4D81901044A02EB03135258DB6892681A42DAE700BF29
S3256022BD6090030020001000E0D005012040420F000080004270472DE9F04F89B089460392A6
S3256022BD80826E0693136A0590DDE912B4DDE914865B4540F29A80A319D269934200F29580D5
S3256022BDA0069B013B07930EB930468BE0B9F1000F3DD0D9F800309B4539D1D9E9015305EB25
S3256022BDC0030AA24533D9A54211D8AAEB040A651BD9F80C104046B245294428BFB24652469A
S3256022BDE0D0445444A6EB0A0611F040FCDBE72D1BB54228BF3546039B1B689B451DD1039B41
S3256022BE00D3E901130B449C4217D28C4211D31B1B611A40469D4228BF1D46039BDB682A4651
S3256022BE20A8442C441944761B11F020FCBBE73546E1E7091B8D4228BF0D46059B986E4169B1
S3256022BE404268B4FBF1F31746069A01FB1343B24217D8B3B98E4214D32246B5FBF1FA01FBC9
S3256022BE601A535946A5EB030A04934346CDF800A0B84738BB049BD0445444A3EB050A564498
S3256022BE8091E7039A039DC2F800B0E21A1B1B6A60079D0D442544B5FBF1FC01FB1C516D1A14
S3256022BEA0C1698D4294BF5B195B18816A8B4228BF0B4603998B600093CB685946B8470028C4
S3256022BEC03FF471AF09B0BDE8F08F6FF05300F9E72DE9F04F93B01E4607468846BDF880309C
S3256022BEE09146BDF988B00C93BDF88430DDF870A00D931E9BC3F38F230B934FEA8B230A9325
S3256022BF003046FBF7FFFED8F80C3000EB09049C4251D20FAA0423002138460393CDE9014221
S3256022BF20D8F8002000923A46FFF725FF00283FD10F9BA14610AD1BBA734043F00046D8F806
S3256022BF4000301093231D0F9611931F9B0F9C5C401E9B1C40424B1C40D2D10B9B002B38D181
S3256022BF600F99C1F30A53002BCAD040F2011293424FD1249AC1F30903C1F38921384608928D
S3256022BF80239AC91A07925A1C5944CDE90432354B4FF0005209B2CDE90232002206914FF033
S3256022BFA0FF332946CDE90022FFF792FF0028A7D013B0BDE8F08F1D9B002B4FDDDAF8003062
S3256022BFC00AF1080A5AF8045C0F931D9B013B1D93BBE70FAB4A46414638460893224BCDE925
S3256022BFE006431D9BCDE90444CDE900A3CDE902443346FFF76DFF0028DADB81D10F9B0C9A0B
S3256022C000C3F389239A423FF67BAF0D9A9A42A7D876E7B3F5817F1AD10F9BC3F309029442C8
S3256022C020BFF46EAFC3F38923A9686A680C355B4441EA832115F80C3C03F5407341EA035135
S3256022C040DDE9233098470028B2D10134E4E70A9B2A461944DDE923309847A7E70020A7E70F
S3256022C0600000F07F00FC0F6001A501002DE9F04F074687B010469946FBF744FE4B689046EC
S3256022C0804A6903440C460546934244D88B6828F0004A05AA38468AEA03031BBA0593042300
S3256022C0A0FCF708F9064668B9B8F1000FA5F104050CDB2B464A4621463846FCF7FBF840BB92
S3256022C0C0C4F808A0304607B0BDE8F08FA8460DF1130BA5EB0803B8F1000FF1D001220021C1
S3256022C0E03846CDE902B2D9F8042013443A460193D9F8003000934346FFF73DFE48B90123FD
S3256022C1005A462146384608F1FF38FCF7D3F80028DFD00646D6E76FF01B06D3E713460A4661
S3256022C120D0E90001A2E7836E2DE9F04F9A698DB04E6807460D4640F2FE3B16440736B6FBA5
S3256022C140F2F302FB1363F61A0023CDE90533A6F1080307936B68B34223D339464FF0FF33F4
S3256022C1603A46384641F8103B0023FCF71AF80446002840F0B980B86E0369984704460028CF
S3256022C18040F0B280D5F81080DDF814A0B04580F0AB800AF104034FF0FF390DF1280B0793FB
S3256022C1A085E003F1040AA6EB0A035B4594BF0AEB03080AEB0B08B04503D2079B984528BFC7
S3256022C1C098464FF0FF3309AA0021384609930423CDE901822A68039300923A46FFF7CBFD42
S3256022C1E0044610B110F1540F7ED1099B0AACE8681BBA21466FEA0309A8EB0A034FEAD9728A
S3256022C20002F5A06243EA0253AA6843F47F2343F440630993534004221BBA0A93FBF7E7FDB9
S3256022C2200823E8600B903A4607F110013846CDE902436B6801932B6800930023FBF7F0FFD5
S3256022C2400446002850D1059B69681BB90B1D0593EB680693099A09F00049C2F3090389EAB9
S3256022C26002020433AA600B446B604FF0FF33EB6070E7059B434502D1069B4B4531D1012372
S3256022C2803A4600213846CDF80480CDE902B32B680093079BA3EB0803FFF76DFD18BB484621
S3256022C2A00122594608F10108FBF7A1FD8146079B4345DED8B9F1000F1AD1A6EB0A0240F288
S3256022C2C0FE339A4294BF0AEB02080AEB0308B04504D2A6F10803984528BF984608F1040A61
S3256022C2E054E76FF05300044620460DB0BDE8F08F6FF05304F8E72DE9F04F89B090460646F3
S3256022C3000F46129A9946DDF850A0A2B3013A05A9806E0DF1180B05920FF00FFA044649462B
S3256022C3205046139B9847024628BB24B304F001054246C5F102018B003946CDE90090CDE90F
S3256022C34002B33046FFF717FD0246A0B9E34303F00109914507DC08AB023D03EB89032C44C7
S3256022C36053F8089CDBE706995046139B984701220028EED00246104609B0BDE8F08F0B68CB
S3256022C38010B504689C4209D040684968884205D08C4203D0181A18BF012010BD0020FCE79A
S3256022C3A008B503681B0D13F4E06306D00430FFF7E6FFB0FA80F0400908BD1846FCE72DE9F7
S3256022C3C0F04F93B0164607460C4609931368826E126A934205D36FF05305284613B0BDE89B
S3256022C3E0F08F71688A42F6D900214FF004080CAA0093CDF80C804346CDE901120246CDE96C
S3256022C4000C11FFF7B8FC054610B110F1540FE4D1CDF80C800DAB4FF000083A4602933846C5
S3256022C420CDF804804146736800930423FFF7A3FC0D9B054600284BD010F1540FCDD14146BB
S3256022C44056F821304FF0FF35236081F00103079356F82330636012AB03EB810151F8183C82
S3256022C460A3600023E36002230893AE4A0EABA8464FF0FF3A92E80300042283E8030004F1EE
S3256022C48008014FF0FF30FBF7B2FC00230A909B46CDE9053350460BAAFBF734FC8344BB6E14
S3256022C4A04FF0040900213846CDF80C90CDE901B2226800923A46DB69FFF75DFC064670B1A3
S3256022C4C016F1540F40F045814FF00003A37528E00C9A9B1A002BD4BF00210121B0E70A987D
S3256022C4E04A460BA9FBF783FC0B9B0A901BBA8AEA0303002B04930B933DDA4FEA1A5AE36801
S3256022C5000AF4E06ABAF5A06F08D1BA6E9269B3FBF2F102FB1133B3FA83F6760906F001061D
S3256022C520A675E368002B00F01E81214607F13C00FFF736FF48B1FB6BC5F38922C3F3892369
S3256022C5409A4240F0088145F000451D9B3BB1A28AC5F38923934228BF13461D9A1380002D84
S3256022C560BFF63BAFC5F38925A38AAB428CBF6FF00105002531E70498FBF7C4FBBB6E584415
S3256022C580DB699842A0D8049A2168120D02F4E062B2F5A06F40F0848010AA3846CDF80C907C
S3256022C5A002920BF10402CDE9001231463A46FFF7E2FB0646002883D1109A0A9B9A4283D184
S3256022C5C00B9D0AA9049A2B0DF86A82EAC3734A460493FBF70CFCF8622846FBF793FB049B96
S3256022C5E058442361059BE060A3820E9BA3610F9BE361069BE3754FF0FF330A9343464546D8
S3256022C600DDF810A0984645E709F101090A9801225146FBF7ECFB0A900B98FBF773FB4845A0
S3256022C620236817D90121BA6E3846CDE902A109EB0B01CDE900310021D3693A46FFF79BFB86
S3256022C64006460028E0D010F1540F40F082804FF00003A3750B9B20681A0D12F4E06122D1AF
S3256022C660C3F38923059A9A4201D8013305931C9A0B99236881EA0209099A19EA02094ED185
S3256022C68010930BF1040310AA1193DDE91E309847061E41DA16F1540F5BD184F8169040E7FD
S3256022C6A00DF1400AB8E7B1F5806F1DD1059851B240FA82F292B205921B4A08EA020242F0D2
S3256022C6C09F4242F4E002934202D148F00048CEE7B8F1FF3FCBD0C3F38923C8F389229342DD
S3256022C6E0C5D808EB8128C2E7B1F5C06FBFD102F001030822002103920EAA069302920BF1B4
S3256022C7000402BB6ECDE900023A46DB693846FFF732FB5430ABD1D7E60B9B07D198464346A3
S3256022C720A8466CE728AB002000FC0F0088EA030216490A420AD0022EF1D1C8F38922C3F328
S3256022C74089218A42EBD343F00048E8E74FF0FF38E5E7354641E6691C3FF4F7AE9A4288BF6F
S3256022C760A5F58065F1E6D4E90032C4E9002312AA079B02EB830353F8183CA360089B012BDA
S3256022C7803FF429AE012308936FE600BF00FCFF7F2DE9F0470123002588B006460F461446F1
S3256022C7A0DFF85C80DFF85C90DFF85CA0C2E9065304F118021046FBF79BFA10B16FF0010097
S3256022C7C018E0B36E1B6AB5EB530F16D23B6821460135059606937B68079305ABCDE9009062
S3256022C7E0CDE9028330465346FFF7E9FD0028DFD0831CDDD008B0BDE8F0876FF05300F9E702
S3256022C800A5EF010008000020FF03F07F30B587B001680446082004AD8B6E039002955068DF
S3256022C8200190126800920A46DB6910311046FFF7A2FA30B9211D2846FFF7A1FD003818BFDE
S3256022C840012007B030BD2DE9F04F9A4687B006463C300F469146C2F3892BD1E903830593FA
S3256022C860FFF79EFD00287BD0BBF1000F7AD0F36B3D4CC3F38922CAF389239A4288BF00242F
S3256022C880059D2846FBF73EFA031D434534D80423A8EB000832460021039305AB3046CDE955
S3256022C8A001833B6800930423FFF765FA30BB059B1BBA6B4023F000430593BBF1000F23D013
S3256022C8C02A0D02F4E063B3F5806F1DD1AAEB0403C5F38921C3F38920884215D323F07F43F7
S3256022C8E023F4700323F47F7323F0030343F0804343F48013AB4204D16FF0010007B0BDE8C6
S3256022C900F08F52B204EB8224AAEB0401694011EA0901B5D145F309030133EDD0C5F30909AA
S3256022C920129B32463046994528BF9946119B0293109BCDF80C900433434401933B6800935B
S3256022C9404B46FFF718FA0028D8D1129B0146A3EB0902119B03EB090012F002F86019CDE78C
S3256022C96004468DE75C468BE700FCFFFF1FB5C3F309040294069C019400240094FFF763FFEF
S3256022C98004B010BD30B587B01446094B03AD094A0095FFF7EBFF002804DA831C08BF0020C0
S3256022C9A007B030BD20462946FBF7B6F90020F7E70C00F07F0000F07F1FB50023CDE902330B
S3256022C9C001934FF0FF330093FFF7F9FC05B05DF804FB2DE9F04F91B004460D461646002193
S3256022C9E01C2208A805934FF0000811F0B9FFDFF820910123DFF81CA10F930EA8FBF778F92E
S3256022CA0020B1A76A002F53D138463FE0A36E1B6AB8EB530F79D20E99304608F10108A847C8
S3256022CA20002833D10F993046A84778BB0EAA08A92046FFF7C1FF48BB07460DF1180BBDF857
S3256022CA403420BBB29A42D8D9BBB2524608A9204649EA8323CDF800B0FFF788FF002803DA14
S3256022CA60831C13D10137EAE740F20222030DB2EB105F0ED1079B2246002120460093069B8C
S3256022CA80CDE90156FFF737FC0028EBD011B0BDE8F08F059A002AE5D0B3F5007FE2D1069919
S3256022CAA03046A8470028F1D107993046A847EBE7BB79012B01D03F68A4E73B6B03F488132D
S3256022CAC0B3F5803F13D03B6B03F49013B3F5003FF1D1224607F140012046CDE901567B6BA1
S3256022CAE00093BB6BFFF707FC0028E4D0CEE7CDE90156FB6A224607F1400120460093BB6A3A
S3256022CB00FFF7F9FB0028DED0C0E76FF05300BDE70800002000FC0F702DE9F04104460D4649
S3256022CB200127304EA36DD4E91701984226D1002955D0606D4FF00008A26E0344106AD26AA2
S3256022CB40C4F85C80B3FBF0FC00FB1C33606E6365D3008B4294BFA365A165414611F000FFB3
S3256022CB600123224631462046FFF733FF0028D9D0A36E1B6AC4E91688236626E0421C0139C3
S3256022CB804FEA501CE265216600F01F01626E07FA01F152F82CC011EA0C0FC4D1636DA16E07
S3256022CBA00344096AB3FBF1F001FB10332B600125A66DE36DB34210D0590903F01F0052F8BE
S3256022CBC0211005FA00F0084001D1BDE8F0810133E365236E013B2366EBE70020F5E76FF07E
S3256022CBE01B00F2E7CDA401007FB50C4604310646FFF792FF054680BB21463046FFF78CFFD5
S3256022CC00054650BB22460423014642F8080F01903046CDE90223226800923246FFF7ABF800
S3256022CC2010B110F1540F1BD1B36E5A6A002A0BDDA3680132013B42F001021344B3FBF2F1CD
S3256022CC4002FB11329B1AA3604FF0FF330422C4E903230022E361C4E90523284604B070BD60
S3256022CC600546FAE72DE9F04F044687B00D4605A92046FFF751FF064658B9DDF81480A06EA9
S3256022CC8041460EF082FD0646002852D010F1540F55D0304607B0BDE8F08F2A6B0DF1130AE8
S3256022CCA0DB1BCDF80C9012F4801FCDE9017A1CD025492046AA8841EA822205F1080100926D
S3256022CCC05A460AF0C3FF70B90123224604F110012046CDE902A9CDE90087FBF7A1FA60B113
S3256022CCE010F1540F2BD00646D3E7AA6B5946204600922246FFF73FF8E5E70137EB6BBB42AF
S3256022CD00CBD8A36EE1699A6AE86C10F0AFFC236904F11001A06E2B6463696B64A369AB64A5
S3256022CD200EF028FD2B6BC5F8388043F400332B63AFE7074605F1400B4FF00109DEE74FF0D4
S3256022CD40FF33236193E700BF00001020F0B503F1080C1C4640F2FF3385B005460E469A4209
S3256022CD6008D11A49604613F0CFFC02232370002005B0F0BDC36E9702CDF800C0013343EA91
S3256022CD808223134AFFF7F2FD0028F1DB02AB020D31462846009347F00053227043F00803A2
S3256022CDA00C4AFFF7E3FD0028E2DB40F20223020DB3EB105F02D1039B6360D8E740F201231E
S3256022CDC09A4204BFC0F309006060D0E711C4002000FC0F7800FC0F702DE9F04F8DB08046AE
S3256022CDE00C461668069205931BB140F2FF33059A1380D8F82030DFF83891A361474DD8F821
S3256022CE002430E3612946304614F0DFFD371883462946384614F09DFD012807EB000A0490D1
S3256022CE2005D116F80B202E2A0BD15646EAE7049B022B06D11A463A49384614F0D6FD0028B7
S3256022CE40F3D056464FF0010B2946504614F0BDFD82442946504614F07CFD024690B10228E2
S3256022CE600CD1079050462E4914F0BFFD079A28B9BBF1010B04D10AF10206C3E70BF1010B25
S3256022CE809244E1E73A78002A40D04FEA1952069B022A1F603ED1C9F3892340F2FF3204F1C1
S3256022CEA0180A934225D10DF1240B2F21384614F043FD049A0028059B0B92214618BF00235A
S3256022CEC0184A4046CDF80CB0CDE90132049B524600934FF0F043CDE90987FFF770FAB0F1F5
S3256022CEE0000913DB8ED1E37D002BDED16FF001090CE00D4A21464046CDF800A042EA83234A
S3256022CF000A4AFFF733FDB0F10009CCDA48460DB0BDE8F08F6FF01309F8E700BF11C4002042
S3256022CF20E1EA00208BAA01000800002000FC0F7000FC2F0070B586B00C46083100230392DC
S3256022CF4003AA05460291FFF747FF00282BDB030D022B2AD1C0F3892340F2FF3204AE02990D
S3256022CF60934214D12B6A04936B6A059332462846FFF722FDB8B9A368A080E362E368A062AD
S3256022CF8023630223A371AB6A2360AC620BE0084A2846009642EA8323064A0291FFF7E6FCD6
S3256022CFA000280299E2DA06B070BD6FF01300FAE70800002000FC0F702DE9F04F91B00646AF
S3256022CFC00C4605930B6B07925D031CD4276B390522D4D4F83480059B326F08EB030191422F
S3256022CFE000F2568117F400371CD0236BDA022BD4059B0493049A236B002A4BD123F4002366
S3256022D000059D236304E000F046F905460028DDD0284611B0BDE8F08FE26A616B8A4288BFAF
S3256022D0206263D6E7E36A9845DFD9636301230FAA214630468DF83C70FFF7BEFF051EE7DBBB
S3256022D040636B9845F2D8D0E7059B656BB16EE818E36A8A6A984238BF18468B6CC3B140F280
S3256022D060FE37DB08BA4228BF3A46934228BF13468342BDD20B6A3046E56321463366FFF71B
S3256022D080F1FD236B054630BB23F480132363AFE7CB69E4E713F4003104D0B26EE06BD269DF
S3256022D0A0904249D1DB02626B00F1DD8004F1400AC9B9C2B104F13C03013A514630460293BF
S3256022D0C004F1380300920193D4E90A230AF076FD054620B1236B43F40023236398E751467B
S3256022D0E0B06E0EF047FBB36E1B6A3366A36B0893636B0693013B0B930DA93046FFF70CFDF6
S3256022D10005460028E6D1DDF83480B06E41460EF03CFB054630B115F1540FDBD14FF0FF3348
S3256022D1202364E9E7069BB76E63BBC4F83880E363236B43F400332363B36E04F14008DF694E
S3256022D140E36BFF1A049B9F4228BF1F46079B3246414630460293E36B03970193A36B00934B
S3256022D1600123FBF75DF80546002800F0818010F1540FAFD121463046FFF774FD05460028BD
S3256022D180E4D0A7E70B9B0EA938460E930EF0D5FA0E9BFA69013393420E934FD10130A94686
S3256022D1A00FAF90FAA0F3B3FA83F303F1010B0993089B0F934FEA89033246514630460A9321
S3256022D1C00423CDE902730A9BCDE900830123FBF727F80F9B054600289DD1099A4A4532D1A2
S3256022D1E009F10109CB45E5D84FEA8B03C4F838809DE7089AA3EB090300213046009232463A
S3256022D200CDF80490CDE9027BFEF7B5FD054600287FF460AF0123324651463046CDE9027B82
S3256022D220CDE90089FAF7FCFF054600287FF473AF09F101090E9B4B45DBD876E7A9464FF0B8
S3256022D240010B0FAFF6E7042201463046CDE902720A9ACDE9003204233246FEF78CFD05469E
S3256022D2600028BDD036E76FF00103C4E90E325FE7636B3B446363E36B3B44E363079B3B4477
S3256022D2800793049BDB1B0493B36E1B6A3366B1E66FF01A05BCE60B6BF0B50C46590397B03A
S3256022D2A0054608D5DA0223F4802358BF4FF0FF32236358BF2264216B11F400302CD011F4BC
S3256022D2C08011666BE76A40D1542201A811F048FBA36ACDE90B37012311AFCDE90D3695E840
S3256022D2E00F0087E80F004FF0FF372F60626BE36A9A4213D304F1400701232A46394628467C
S3256022D300FAF74FFF28B310F1540F05D121462846FFF7A8FC0028EFD017B0F0BD01230DF145
S3256022D320030201A9284600F021F80028F4DB01230DF1030221462846FFF73EFE0028EBDB2C
S3256022D3402B680133D2D01197CFE7BE422CBF66636763A36B0020A362636BE362236B23F415
S3256022D360003343F48033C4E90C36D5E72DE9F04F1D460B6B85B007469E030C46904605D40B
S3256022D380636BE66AB34208D3002003E0FFF783FF0028F5D005B0BDE8F08FF61A04F1400A87
S3256022D3A0DFF8B0B0AE4228BF2E46B146B9F1000F01D13046EEE7226B510304D5BB6EE16B67
S3256022D3C0DB69994215D1D202636B36D404F13C0251463846029204F13802CDE90032D4E964
S3256022D3E00A230AF0EBFB0028D4D1236B43F480232363BB6EE26BDB69216B9D1A01924D45BB
S3256022D40028BF4D4611F48011CDE902851AD0A28804F1080138464BEA8222009252460AF0AA
S3256022D42015FC0028B6D1636BA844A9EB05092B446363E36B2B44E363B8E76FF00102C4E962
S3256022D4400E23D2E7A26B384600925246FEF793FCE7E700BF0000102038B50D46496B3BB97C
S3256022D4601446036FA3421BD38C4212D1204638BD012B01D15418F4E7022B08D1D5E90B3431
S3256022D480A40302D58B4238BF0B46D418E9E70C46E7E72946FFF7FFFE0028E8D16C63E5E7B7
S3256022D4A06FF01500E3E730B58BB0154600230446019101AA02A9FFF78FFC002806DBC0F399
S3256022D4C089222B4602A92046FFF740FC0BB030BD00B5C3B008306A46FFF7E5FFC043C00F01
S3256022D4E043B05DF804FB437903B1F1E7184670472DE9F04397B00446FAF7FCFD054668BBCE
S3256022D50001461C220EA82E4611F02AFA424F0123DFF81081DFF81091159314A8FAF7E8FBE2
S3256022D52000B304F12000FAF7E3FB0346002870D1226B04F13C0602EBD272226304F1300279
S3256022D54007CA86E80700A26E116AE26AB2FBF1F001FB1022C4E91731C4E91523284617B05B
S3256022D560BDE8F083A36E1B6AB6EB530F4ED20823019014AA0EA9079305AB20460136CDE984
S3256022D5800283264B0093264BCDE90547FEF717FF002819DB31D040F3090001302DD00E9BCC
S3256022D5A00EA91F4A204623620F9B636208AB00934B46FFF7DBF9002806DB089B9AB21B0CA9
S3256022D5C0022B06D06FF01500054620460EF09EF8C4E7002AF6D10B9B1BB1E26E9342F1D80B
S3256022D5E0E3660C9B1BB1226F9342EBD823670D9B1BB1626F9342E5D8636704F130020EA9B5
S3256022D6002046FFF7BFF9002887D0DDE76FF05300DAE76FF01505D8E771F600200800F00FF2
S3256022D62000FCFF7F8BAA0100180010202DE9F0410123002406468846154602F11807C2E9A9
S3256022D64006433846FAF754FB10B16FF0010011E0B36E1B6AB4EB530F0ED241463846013468
S3256022D660FEF78DFE30B13A4629463046FFF7A4F90028E6D0BDE8F0816FF05300FAE7036BD4
S3256022D6801944C1F3090321F00041003B18BF012341EAC371016300207047002307B5054996
S3256022D6A001AA0193FFF795F900B9019803B05DF804FB00BF7DA501002DE9F04F9FB00546F5
S3256022D6C00E464FF00008BDF8A490BDF8A8A0DFF89CB3CDE90B230B680E934B680F93AAEB39
S3256022D6E00907012F4FDCAA6EB368526A0133002AB3602CDD013242F00102B3FBF2F102FBD8
S3256022D700113323BB012216A9304616931792FEF736FE002840F08C802846FFF7BEFF041EE5
S3256022D7207EDBAB6E1B6AB4EB530F10D2289B314628460093CDE9019ADDE90B2300F0FAF924
S3256022D7400446002800F0868010F11C0F68D14FF0000800234FF0FF32A86E7168CDE91732AC
S3256022D760CDE91923836C1691002B77D0083B1B930EF00BF80446002872D014F1540F4FD1F9
S3256022D7804FF0000855E016AB0022289928460893B44BCDF808B00793C9F10003CDF8588068
S3256022D7A01BB2CDE905A30C9B01930B9BCDE9038900934FF0FF33FEF78BFB044680BBFE2F62
S3256022D7C015DCAB6EDA69986CA2F1240160B342089869431E1344B3FBF0F200FB12329B1A1E
S3256022D7E0169A8B4228BF0B469A427FF67CAF09EB6707289B31462846BFB20093CDE9017A31
S3256022D800DDE90B2300F096F9044678B110F11C0F06D1AB6E169ADB69243B9342BFF463AF91
S3256022D82020461FB0BDE8F08F5208D1E7BA4656E790464FF0FF33012716A930462B61002365
S3256022D840CDE91637FEF79BFD002840F0A1806FF01B04E5E7CA467AE7B8467AE7C36985E785
S3256022D86016AF042306F1080228463946FAF722FD0446002881D110AB0246289908937A4B4E
S3256022D8800793C9F100031BB2CDE905A3774B02930C9B01930B9BCDE90309009328464FF044
S3256022D8A0FF33CDE91057FEF713FB044600287FF464AF06F1180318460D93FAF719FA0D9BDA
S3256022D8C068B9F27D28466A4902F5C06241EA02523946FEF7CBFB044600287FF44EAF002338
S3256022D8E0CDE912331493B8F1000F09D105F13C0112A8FAF711FA05F1300112A8FAF70CFAAB
S3256022D90005F1480B12A85946FAF706FA129B12AA314623F47F73284623F003031293FFF7E1
S3256022D92031F8044600287FF47BAFDDE912321343149A134309D012AB4E4A39462846FEF7B3
S3256022D94095FB044600287FF418AF39462846FEF7EAFB044600287FF410AFAAEB0909D6E932
S3256022D9600032A6F81490C6E90023179BF360189B3361A864CBE90100B8F1000F40F0AF80B5
S3256022D98005F13C03303595E8070083E8070047E7311D2846FFF7C0F8044600283FF45CAF27
S3256022D9A010F11C0F7FF43CAFB8F1000F3FF438AFCFE608F108010EA8FEF7E1FC28B93368C8
S3256022D9C0C8F808307368C8F80C3098F80630022B0BD108F12C010EA8FEF7D1FC28B9336807
S3256022D9E0C8F82C307368C8F83030D8F8008082E001212846FFF743FE80BB394605F130002F
S3256022DA00FEF7CEFCB0B1286B1B4BC0F38921C5F838800340C5E90C38C2F38923994205D24B
S3256022DA20A2F58062154B43EA812803E040F2FF339942F7D1002339462846CDF8488015967D
S3256022DA40CDE91332022312AA00F0AFF830B94FF0FF312846FFF713FE00285AD0024614460A
S3256022DA60DEE600BF69A50100B5E8010000FC0F4008FC0F000CFCFF7FFF0300800000F04F49
S3256022DA80394605F13000FEF78BFCC0B900239DF86F2039461293002302F5C06228461393A9
S3256022DAA0214B43EA025312AACDE91436022300F07CF8044600283FF4B3AE0246CFE7286B14
S3256022DAC01A4BC0F38921AA630340C5E90C3240F2FF339942DAD0164B43EA8123D7E705F1F1
S3256022DAE020010EA8FEF74BFC18B933682B6273686B62D5F82880B8F1000F7FF45AAF3A46C1
S3256022DB000EA92846FEF744FE021EBFF671AF911CA5D13A460EA92846FFF788FD0246002879
S3256022DB20AED0831C9BD17BE608FC0F00FF0300800000F04F2DE9F0410C46816E8EB006468D
S3256022DB40096ABDF85470016606A9CDE90432FFF74BF8054628BBE17D30468DF82F10A16946
S3256022DB600C91E1690D91BDF85810CDE901711499DDE90432009106A9FFF79EFD054680B955
S3256022DB80DDF818800123079A06F120012046C4F81880E261E375FEF7F2FB10B90FB9C6E93C
S3256022DBA0088228460EB0BDE8F0812DE9F04F0546A1B00C4691469A46866A002E6BD1A446D3
S3256022DBC010AFBCE80F000FC79CE80F0009F1040C87E80F00324640F2014140F2FF4756455B
S3256022DBE040F0888072B1A38A63B918AA21462846FFF71CFD8446002800F09F8010F1020F40
S3256022DC0040F0A980A37D13B9A38AFE2B30D923684FF0FF31E268A86E1893236919921A93EF
S3256022DC20CDE91B12816C002900F09D8008390DF1600B2846CDF800901D910BA90B9508914E
S3256022DC40A549CDF830B007910021CDE90511CDE90311CDE901A12146FEF73AF98446002881
S3256022DC6000F083801CF11C0F02D01CF1540F72D14FF0FF334A46214628462B61A38A029348
S3256022DC800023CDE900435346FFF716FD8446002800F0B1805FE006F10800A04201D136689B
S3256022DCA08BE72146FEF76BFB0028F8D1B379012BF5D1336BDB02F2D5AB6EF16A9A6A91420C
S3256022DCC0EDD9726B31461B6A2846F2632B66FEF7C9FF844650B9336B3146284623F480130C
S3256022DCE03363FFF7D8FA84460028D8D0604621B0BDE8F08F59F836304FEA135EC3F30A5395
S3256022DD008B4204D1A38A0133A382013667E7BB4204D1A38A0122013BA382F6E70EF4E06329
S3256022DD20B3F5C06FF1D15CF836301868A06158680EF00103E061E375E7E79DF87730002BF7
S3256022DD403FF460AF224618A9284600F0C9F8844600283FF457AF10AD0FCD0FC495E80F008E
S3256022DD6084E80F00C2E7C16960E705F1300705F13C060F9005F148083946CDE90D000DA845
S3256022DD80F9F7CAFF31460DA8F9F7C6FF41460DA8F9F7C2FF0D9BDDE90E2123F47F730A4381
S3256022DDA023F003031A430D9311D00DAA21462846FEF7E8FD84460028CDD10DAB474A594606
S3256022DDC02846FEF753F9844600287FF44BAF59462846FEF7A8F9844600287FF443AF199BFF
S3256022DDE097E80700E3601A9B236186E80700C5F848C0C8E901CCD5F828804FF0FF3B464667
S3256022DE0026B9B8F1000F45D1C4466FE706F10807A74201D13668F3E710A93846FEF7AFFA5F
S3256022DE2086460028F6D1A446BCE80F000FC79CE80F0087E80F00D645ECD059F83E3040F253
S3256022DE40FF41C3F30A528A4213D1B288C3F389239A4204D1C6E902BB0EF1010EEBE7FBD9CB
S3256022DE60B379013A022BB280F6D1B36A013BB362F2E740F201418A42EED1B288C3F38923AB
S3256022DE809A42E9D3B3790132022BB280E4D1B36A0133ECE708F1080410A92046FEF76FFA49
S3256022DEA050B908F12006B8F80430B8F81C108B4202D398F81F0010B9D8F80080A1E75B1A8B
S3256022DEC0324621462846A8F80430FEF775FD84460028E8D00AE700BFB5E801000CFCFF7FB4
S3256022DEE073B514460E4600F1480205462146FEF749FD70B9E27D1834074B314602F5C062E6
S3256022DF002846019443EA02536A4600930123FFF74CFE02B070BD00BF08FC0F000B6B70B501
S3256022DF201E0386B005460C4602D5002006B070BDFFF7B1F9226B18B142F400222263F5E7DC
S3256022DF40D103F2D504F108063046F9F7D1FE0028EBD1D3025BBFD4E90A016B46E26A0822A4
S3256022DF6046BF40F20120E36CC3E90001A18858BF40F2022042EA812242EA00522846CDE9C0
S3256022DF800223226D936843EA8123314643F081530493536802AA05930223FFF706FE236BB8
S3256022DFA018B143F400232363C0E723F48033FAE770B505460C46FFF7B1FF064605F128020A
S3256022DFC0AB6A1BB19C42196808D11160236D1B6813B9E06C11F064FA304670BD1A460B4651
S3256022DFE0EFE730B597B00546FAF784F8044600284ED1AB6E0146686EDA6A10F0B1FCAB6E0E
S3256022E0006C650EA91A6A2846DB6ADB00C5E91742934294BFAB65AA65FEF7E6FD0446002846
S3256022E02033D14FF400330EA90293AB6EDA691B6A039208AA0493EB6E05932B6F06936B6FD5
S3256022E0400793154BCDE90830144B28460A93144B0B93144B0C9302AB0D930323FFF7A5FDE0
S3256022E060044690B9034602468DF84E000EA92846FFF79BFD044640B9012300906A460EA910
S3256022E08028460193FEF798FC044628460DF03EFB204617B030BD00BF000010400800F00F4F
S3256022E0A071F6002018001020C36B1B0D13F4E06FF0B504469FB005D1236BC3F30900F8B94B
S3256022E0C01FB0F0BD00F1400216A9FEF775FC0028F6D1E36B216BC3F38922394BA0630B40E8
S3256022E0E016A9C4E90C30374B43EA82230EAACDE90E3001232046FFF758FD0028DCD0DFE781
S3256022E1001C22002106A8304E10F02AFC2F4F01238DF82F300D930CA8F9F7EAFD40B1216B98
S3256022E1202046494249B21FB0BDE8F040FFF7A7BA0CAA0EA92046FEF73FFC0028C0D19DF81F
S3256022E1402F30002B30D116AA0CA92046FEF720FB002809DA831CB3D10EAA06A92046FFF7D0
S3256022E160BFFE0028ACD1D6E702AD0346324616A920460095FEF7FAFB0028A1DB0299DDE9DF
S3256022E1800C32994202D1039890420DD0914202D1039A934208D0012304AA06A92046CDE934
S3256022E1A00475FFF702FDDCE70EAD0DF1180C0FCDACE80F0095E80F008CE80F00ABE700BFEA
S3256022E1C0FF0300800000F04F00FCFF7F08FC0F602DE9F04F90F80580A7B005460E46B8F108
S3256022E1E0000F05D14FF00008404627B0BDE8F08F00F1080401912046FFF756FF002840F052
S3256022E200AA802B6B01AA1EA920461C930DF10203FEF7E2FD0230E5D1BDF8022040F2FF3335
S3256022E2209A42DFD0DDF804A0504610F0F4FB6B6F83469842D6D82B6F0DF1100920461B6A06
S3256022E2404946AB66FEF7D0FC002840F084800DF1780C0CAFBCE80F000FC79CE80F0087E8B1
S3256022E2600F0012AF9DF84730002B6DD13B4B02AA2046CDE9023704AF01233946FFF795FC6D
S3256022E280002868D19DF88F30FBB101212046FFF7F6F900285FD11CAB8DF87600ADF87400F5
S3256022E2A014AA2B630CA92D4B2046CDE914370123FFF77BFC1C9B2B6300284CD14FF0FF316C
S3256022E2C02046FFF7DCF9002845D1BDF802201EA9234B204643EA82231493002315934BEA5C
S3256022E2E0822343F40013CDE9163A1E4B43EA822314AACDE918379DF88F30002B174B18BFEB
S3256022E3000023CDE91A390423FFF74FFC18BB04F0D5F81CAB1C9063223146204608F018FC6C
S3256022E320002803DA10491148E2F7D7FC1CAB6D223146204608F00CFC0028BFF655AF0C4989
S3256022E3400A48E2F7CAFC4FE73A460CA92046FEF733FB002886D00028D9DA43E708FC0F605A
S3256022E36000001040080000207AF6002000060120A6F300202DE9F04713F0020F8AB0064646
S3256022E3800C469846039234D1754B04F1080703AA3046236500233946C4F830806363E363A2
S3256022E3A0E364231DFEF718FD051E06DAAA1C17D1A28840F2FF339A4212D00123A371B36AF2
S3256022E3C02360AB1CB46253D118F4807F08D0039D284610F020FBF36E984213D96FF0230577
S3256022E3E0236B2146304643F400232363FFF7E0FD04E0FFF759FE05460028C5D028460AB016
S3256022E400BDE8F087A3883946564A40EA832042EA832240F4801004920022CDE90605524D94
S3256022E4203046059245EA8323CDE90832032304AAFFF7BBFB0028D1D14FF000084FF00C099D
S3256022E440DFF830A1236D9A68904523D31B68D6F86880002B4ED0E36404F1400140460DF0AD
S3256022E46089F940F20123B3EB155F4DD00025C5E72D0D012D6ED104F12803A2883946304656
S3256022E48000933A4B43EA8223394AFEF76FFA051ED2DAA5E7226BD00706D4236B226D9907D3
S3256022E4A01DD408F10108CDE7586809FB08F2B4F804C08118825C30468B6802F540724968C5
S3256022E4C043EA8C230091394643EA02535246FEF74DFA0028E1DA831CDFD0054680E75268D5
S3256022E4E009FB08229168726F914236D843F480332363D6E7D8F8280010F0CAFFE064002851
S3256022E500AAD16FF00B056BE7236B6FF00102C5F3090543F48013A262E5622363002322643D
S3256022E5206364B36E9B6AA364002D9FD040F2FE31A28830468B4228BF0B46394643EA82236C
S3256022E540E26C43F000530092094AFEF70FFA051E8CDA45E76FF0140542E76FF01B053FE781
S3256022E56030AB002000001040000010200800002000FC0F7000FCFF7F30B572B6164C236881
S3256022E580B3B1834216D1154900205B69C1F88C006BB1D1F88C201D6922F07F422A441A6189
S3256022E5A0C1F888204FF04042C1F88C209861236062B630BD5B69002BFAD083425A6909D1B0
S3256022E5C098694261002AF3D01B691169906119441161EDE71346EEE7A0CC012000022E4065
S3256022E5E0826812F0FC0F08B507D1120403D5836ADB6B03B19847012000E0002008BDD0E9B4
S3256022E60008231BB11A6222B15362704702494A60F9E7014A93607047A0CC0120D0E9082385
S3256022E6201BB11A6222B1536270470349CA60F9E7014A1361704700BFA0CC0120C36B6BB169
S3256022E640C26A596B8A4203D1002283F84E207047996B8A4202D1002283F84F207047002357
S3256022E660C0E9033370474FF0E0234022C3F808227047F8B5134D144B6E685C697CB9114BA4
S3256022E680124A5B689B1BC3F38F111180104A1088B0EB931F38BF1180BFF34F8FF8BD237A8D
S3256022E6A073B1236820466F681B6898476B68E188DB1BC3F38F12B1EB931FA28038BFE28032
S3256022E6C06469DBE7001000E0A0CC012014F4012016F4012038B50A4D0024EFF3108272B64E
S3256022E6E0A86948B14369AB6103B19C6102B962B6836844779847F0E702B962B638BD00BF69
S3256022E700A0CC0120044B5A68044BDA61044A136801331360704700BF001000E0A0CC0120E6
S3256022E7204C45012007EE901A9FED9B7A0421B6EE005AF8EE677A9FED996A2DE9F043C7EEE8
S3256022E740275A04690E464FF0010941F6FF7507EE901AF8EEE77A85EEA77A77EE057AFDEEB2
S3256022E760E77A17EE903AAB42A8BF2B46012BB8BF012307EE903AF8EEE76A76EEC76AC6EE16
S3256022E780877AF5EEC07AF1EE10FA48BFF1EE677AF4EEC67AF1EE10FA98BF0E4601F1010179
S3256022E7A09CBFB0EE676A99462129D0D143690021856BB3F858C0A0F84A10A5EB0C0CA0F88B
S3256022E7C04C10A0F84610C0F83CC0B3F85AC0A0F84810A5EB0C0580F844101F690564DD685B
S3256022E7E029683943296002F400716D4D002914BF01210021817640F0BD80017EDFF8AC81B4
S3256022E80003EB011C03EB01119CF814E005EB0E1EDEF80870DEF804E0C7F80080DCF818C0CE
S3256022E820CEF800C0D1F81CC0BCF1000F02D0096ACCF8001090F819C0D92103EB0C1C9CF84B
S3256022E84034E005EB0E1EDEF808703960DEF80410DCF838C0C1F800C0417E03EB0111D1F862
S3256022E8603CC0BCF1000F02D0096CCCF80010711E082E4FEA0161CCBF0026012601F0F851CB
S3256022E88049EA46475E68394321610021E1605B784449103341F82360416901274B7891F88D
S3256022E8A0561003F1604303F564431970466971784B0901F01F0103F1382307FA01F14033F9
S3256022E8C09B0019604FF00213510702F00F01E362A36A43F08803A36202F0030343F4701327
S3256022E8E048BF43F01003042908BF43F0804397060FD5817E43F0805359B1417E06EB011107
S3256022E90091F8341005EB0115AD68296821F440412960817E09B143F0A0031507A36103D550
S3256022E920236943F0005323616369D10623F0805348BF43F080536361D30503D5236943F4EC
S3256022E94000532361B3682BB3174B002193F8202003F12404CDB2AA4217D8511C03EB8202BC
S3256022E960506293F8442083F8201042F0020283F844200FE090F819C04FF2D90103EB0C1C2D
S3256022E9809CF834E005EB0E1E5DE754F8045B0131A842DFD1BDE8F083001BB74BEC78AD60CA
S3256022E9A09003002000180120A0CC012038F00100B0F84630B0F848209BB292B2934229BFB1
S3256022E9C0416B02F1FF3201F1FF315218D01A7047016972B6B0F84A20B0F84C3092B29BB259
S3256022E9E09A423CBF806B1218C86AD31AC0F30260184462B67047B0F84A100246B0F84C30D6
S3256022EA0089B29BB2994210B504691BD172B6B0F84A0080B2814214D1E36A13F0E06F0DD07D
S3256022EA200121E369A2F84A100021C3F30900DBB2A2F84C10126A537062B610BD4FF0FF30F7
S3256022EA40FAE762B6916B0133994298BF0023116B99428EBF126A5B1A526AD05CC0B2ECE7EE
S3256022EA6002460069B2F84A10B2F84C3089B29BB2994230B50C4612D172B6B2F84A1089B24F
S3256022EA808C420BD1C36A13F0E06F04D0C069C0F3090062B630BD4FF0FF30FAE762B601336C
S3256022EAA0946B106B9C4298BF0023984215D9106AC05C9DB2C0B2A2F84C50956D002DE9D0BF
S3256022EAC0994234BF6418CB1AD16B38BFE31A9942E0D3D36DC5F88830DCE7181A556A285CD4
S3256022EAE0E7E7484B1A69516911F4401FF0B539D0D16A11F0E06FC1F302652CD0B3F84A1037
S3256022EB00B3F84C4089B2A4B29F6B481CD669B84228BF0020B3F84C70BFB2874206D0196BFC
S3256022EB20F6B2884265D2196A0E540146681E10F0FF05E9D188B29D6DA3F84A005DB18C422F
S3256022EB4089BF986B091B001B0918186C884202D8D96DC5F884105169CF0203D5516941F471
S3256022EB608011516195692E0229D551690C0226D5B3F84640B3F84810A4B25F6B89B2D3F881
S3256022EB801CC0D3E90AE68C420CD00131B94228BF00218E4231D91CF80100C0B2D061D06ABA
S3256022EBA04005F0D588B28C42A3F8480007D1916921F400019161916941F4800191616802F2
S3256022EBC016D55169490213D5002183F84410196D11B1586DC1F888009B7E2BB172B693697E
S3256022EBE023F00053936162B6936923F480039361F0BD411A5F6A7E5497E7881B1EF80000B7
S3256022EC00CBE700BF2C080120704770477047704750F8083B1B68184738B5194C194D236E14
S3256022EC20AB4208D0184BDA682AB1012204F16000DA60FFF7EDFFA36FAB4207D0124BDA69FD
S3256022EC4022B101221148DA61FFF7E2FFD4F89030AB4207D00C4BDA6A22B101220C48DA625A
S3256022EC60FFF7D6FFD4F8A830AB4208D0064BDA6B2AB101220748DA63BDE83840C8E738BDF7
S3256022EC80A0CC01203CAB00200041084018CD012030CD012048CD0120836833B1C268016912
S3256022ECA00132914203DB985C7047184670474FF0FF30704783682BB1D0E90303181A20EA41
S3256022ECC0E070704718467047836813B1C068002170471846FBE7836813B1006900217047B1
S3256022ECE01846FBE7007D704783680248002B08BF18467047B002012000207047816810B584
S3256022ED00029C09B9134312D1012C09D1C3681A44002A0CDB0369934209DBC260012010BDFC
S3256022ED20022C02BFD0E903315B189A1AF0E70020F5E701207047002070477047F8B5074615
S3256022ED400C4669B18D180026A54201D13046F8BD3B68384614F8011B1B6898470644F3E741
S3256022ED600E46F3E70D4A92F8C01092F8C100CBB281420FD00133092B28BF0023134493F86E
S3256022ED80C21002EB4102B2F8CC30054A03EB4113D05C70474FF0FF30704700BFA0CC01205E
S3256022EDA0402A21207C497D4A4B69F0B58D69D4687B4A904200F2D5807A4A1926B0FBF2F299
S3256022EDC0724302F2B632D1F88060A2F5487246F0C006C1F880601921B2FBF1F204F01F01AD
S3256022EDE0914207D224F01F046C491443CC600E68002EFCDA13F0007128D16B4E6B4F366977
S3256022EE003E40BE420EBF032600260121F70683EAC66616F0605F04D023F060535E4E3B438F
S3256022EE2073610E0385EA013111F4405F07D025F440552E43584DAE61A96C0E07FCD443F049
S3256022EE40007355494B618D6CAD06FCD40126584F354606FB05F14143B94240F2918001F5F9
S3256022EE60B701544801F558618142534800F29280B1FBF0F1362938BF36214B4F4843DFF86F
S3256022EE8060E1D7F800C00CEA0E0E41F0004CB0FBF5F04CF4005CE645B0FBF6F009D04FF487
S3256022EEA0805C41F40051C7F800C0396039680029FCDA3949013D0F6907F00707AF4203D0AF
S3256022EEC00D618D6CEF03FCD4711E8D0283EA812111F4E05F09D005F4E05123F4E0530B4375
S3256022EEE02D494B618D6CAD07FCD43449344D0144A94296BF334E0426B1FBF6F6751E290267
S3256022EF0083EA052515F4407F234D05D023F4407301F44071194369616B691F4923F000736D
S3256022EF206B618B6C9B06FCD4274B284918604FF0FF33B0FBF6F60E602549B0FBF1F1B3FB9B
S3256022EF40F1F32449C1F8DC3004F01F039A4207D224F01F04114B2243DA601A68002AFCDA94
S3256022EF60F0BD1D4A904208D91C4F40F2E24240F29746B84298BF324625E740F27E4222E7A2
S3256022EF80082D01D0013564E7042E3FF668AF013601255EE76C2170E700C00F400000084007
S3256022EFA0001C4E0E0048E80100800D4040300080FFB19F26FF7EF64D001BB7007FD1F00814
S3256022EFC07F17B42C80D1F008D0050120D405012040420F00A0CC0120FF0A6B1B00A4781F12
S3256022EFE07F3001804FF470430022A0F88C310F231146A0F88E31A0F89021B0F888319BB215
S3256022F000F0B543F0F00360274FF460464FF4806548F2B824A0F8883107FB02030132042A36
S3256022F0209E80DD805984198659805981DC815982D9825983D983EFD1B0F888319BB243F032
S3256022F0400F03A0F88831B0F888319BB243F47063A0F88831F0BD00224FF00F0CF0B5114697
S3256022F06041F2010745F6C05643F2260400EB4213550101329981042A5981A3F80EC09F82A8
S3256022F080DE80415319829C81F0D1F0BD00231B70FFDE30BFFDE70D4A10B592F8E030C4698F
S3256022F0A001334068052BC0F30E4028BF0023D11881F8E14002EB83040549DBB2098882F8D4
S3256022F0C0E030091AC4F8E81010BD00BFA0CC0120E0560120034AD2F8FC300133C2F8FC30F4
S3256022F0E0704700BFA0CC012072B60B4A012303FA00F092F80031184382F80001074AD2F84B
S3256022F1004831190605D480210B43C2F84411C2F8483162B6704700BFA0CC012000002E403C
S3256022F1200123094A03FA00F092F8003123EA000082F8000130B9054AD2F8483123F080038F
S3256022F140C2F84831704700BFA0CC012000002E4030B5284B284C41B30904C3F828010125AC
S3256022F16041F08001C3F82051C3F8241100F58051C3F82C1100F50051C3F8301100F54051B3
S3256022F18000F58040C3F8341103F59071C3F83801A1600021E1601949D1F8B0012843C1F8E2
S3256022F1A0B001D1F8B0010028FBD10121002A14484FEA0242C3F8401148F2800108BF802154
S3256022F1C0C3F844110021C4E91201C3F848114FF001100A49C1F8BC01D1F8B00140F480302B
S3256022F1E0C1F8B001C3F86021D1F8B031002BFBD130BD00BFA0CC01200000002000002E4079
S3256022F200E0CD012070B50446006B38B102460025536813F0800302D022633DB970BD126833
S3256022F2200135012AF4D1C4E90C33F6E70668013DA36B98473046F0E7826803460069C2F320
S3256022F240080210B48154586801EB7001596099680131996040F2FF118A420AD1D8681968D7
S3256022F2600268546A4A1C1A601A6923465DF8044B184701205DF8044B70472DE9F041054601
S3256022F2800C461F465618B44201D101200CE02B6820460699D3F82480B847214602462846C9
S3256022F2A00134C0470028EED1BDE8F081037813F0C00319D18279C37902F00302817A9B009E
S3256022F2C043EA8223027A43EA9213427A02F003020133520042EAD112417901F00F010A4435
S3256022F2E0073A03FA02F07047402B0BD1437AC279013302F03F0203EB0243027A03EB02203A
S3256022F3008002704700207047007D7047407D70471FB503686946DB6C984710B16846FFF734
S3256022F320C5FF05B05DF804FB036810B45C690123A4465DF8044B604738B5036804460D4636
S3256022F3401B6A984700B1257738BD2DE9F0411E46C37C04460D46022B174602D183698B42E2
S3256022F36009D02368294620461B6E984710B90020BDE8F081A5610025AE4207EB45210BD116
S3256022F380A369207F3344A3610028F1D1236820465B6EBDE8F041184723682046DB6D9847CE
S3256022F3A00028E4D00135E7E72DE9F0471F46C37C04460D46022B1646DDF8209002D183698A
S3256022F3C08B4209D02368294620461B6E984710B90020BDE8F087A56105EB060845450BD1C8
S3256022F3E0A369207F3344A3610028F2D1236820465B6EBDE8F047184749462846B8472368F8
S3256022F40001462046DB6D013598470028E6D1DFE7084B0020084A9863196BC2F86411D2F878
S3256022F42064111963996C21F08101996482F86801704700BF00002C40A0CC0120024B586A5D
S3256022F44000F00100704700BF00002C40034B04481B6B1840B0FA80F04009704700002C4053
S3256022F46001000F00034B586A80F08070C0F30060704700BF00002C40014B93F86801704798
S3256022F480A0CC0120034B586A80F40060C0F3C020704700BF00002C40034B586A80F480609A
S3256022F4A0C0F38020704700BF00002C40034B04481B6B1840B0FA80F04009704700002C4091
S3256022F4C002007F11014B1878704700BF07160120014BD3F864017047A0CC0120054B03F17E
S3256022F4E0100253F8040B934241F8040BF9D10120704700BF44F60120054B03F1100253F89E
S3256022F500040B934241F8040BF9D10120704700BF34F60120024B01201B680B60704700BFB9
S3256022F5202CF601200048C1E634F60120044B1B7823B1044B18780230C0B2704701207047FE
S3256022F54026F6012025F60120B1F5807F30B52FD810294FF020042DD920292DD980292DD979
S3256022F560B1F5FC7F2CD9B1F57C7F2BD9B1F5FC6F2AD9B1F57C6F94BF8023FF2313FB04F376
S3256022F580B2FBF3F1B1F5806F20D203FB1123B2FBF4F5B3FBF4F304FB1522DBB20132D2B2F4
S3256022F5A003708B08817023F03F031A43427030BD3F24D3E70223E1E70423DFE70823DDE795
S3256022F5C01023DBE72023D9E74023D7E73F22FE2340F2FF31E4E7264B264A10B549B309042C
S3256022F5E0C3F82801012441F08001C3F82041C3F8241100F58051C3F82C1100F50051C3F8FD
S3256022F600301100F5405100F58040C3F8341103F59071C3F8380191640021D1641649D1F886
S3256022F620B00140F48030C1F8B001D1F8B0010028FBD101211148C3F840118021C3F844119D
S3256022F6400021C2E902010C4A4FF00110C3F84811C2F8BC01D2F8B00140F00100C2F8B0010B
S3256022F660C3F86011D2F8B031002BFBD110BD00BFA0CC01200000002000002E40E0CD0120BF
S3256022F68070B504460E46154600213C2204300FF067F901232660A360A56370BD10B5094CB6
S3256022F6A0B4F86A216AB194F86C11C2F14003064803EB8113002118440FF052F90023A4F81B
S3256022F6C06A3110BDA0CC0120402B2120037E30B4092B78D8DFE803F005152F36414F5459A2
S3256022F6E0606A3A4B3A49C1F870314FF40023C1F8743101F5C072002301F5B87130BC0BF041
S3256022F70079BF334991F88029D1F8844901322346802A28BF01224BB981F88029120442F423
S3256022F720A062C1E95C231A462A49E7E75D7DAA42ECD09B68EFE7254B2549C1F870314FF49F
S3256022F7409013D4E7244B2249C1F87031234BC1F8743101F5C2720023CEE71D49438C91F803
S3256022F76080411D4A43F0FF6342EA044243F48023C1F87021EBE71649438C91F88141F0E78C
S3256022F7801349438C91F88241EBE7154B1049C1F870314FF41023AAE70D49114AB1F8823171
S3256022F7A0C1F87021A1F888391B04A0E7084991F885311B0443F41063C1F8703100231A4641
S3256022F7C0C1F8743198E730BC704700BF80060001A0CC012010CE0120800600030000FC07C3
S3256022F7E0800600022DE9F04F836A85B0C76B02461C6B3FB13B68014638465B6805B0BDE80C
S3256022F800F04F1847237E84F82470092B00F2BC80DFE803F00518244663696F75818A226829
S3256022F8207449536891F8871123F0FF6323F4E02343EA0143536001232046237605B0BDE877
S3256022F840F04F43E76B4B2268B3F872116175536823F07F030B4353600223EDE7654B93F8EE
S3256022F860842193F88F01627693F8852193F89011A27693F8862183F88211E276B3F8882107
S3256022F88083F88101E283B3F88A21228493F88E2183F880210243114314BF03230723CBE7BE
S3256022F8A0544B93F88421032A27D993F88521032A23D1B3F88621628493F88021002A40F0B4
S3256022F8C0958093F88121002A40F0928093F88231002B0CBF07230623AEE7216900200BF031
S3256022F8E055FE444BEDE7216901200BF04FFE414BECE7216902200BF049FE07239CE73D4B55
S3256022F900B3F88221B2F5006F88BF4FF40062A3F88829082390E7374B93F8872193F8883128
S3256022F92022776377092387E7324ED6F88C5906F28918B6F888197DB92F4F06F2891B7B1834
S3256022F9400393039B5B451AD99BF801209BF80090042A22D0CB44F4E7AA68E2B92B680939F5
S3256022F960284600912146D3F800904346C84788B16B6867B17B600023AC606B60E5600A233B
S3256022F9802376002386F8903905B0BDE8F08FC6F88C39F0E72F466D68CBE7B9F1090FD9D141
S3256022F9A0039B4FF00008D6F88C59A3EB0B0A002DD0D0AA68AAB92A682146CDF800A0284676
S3256022F9C0136801221F465B46B84748B16A68B8F1000F08D0C8F80420E2686A60E560AC6058
S3256022F9E0A8466D68E3E7C6F88C29F5E7042323E7052321E7A0CC012020CE0120836A186B36
S3256022FA0090F824300133DBB2182B80F8243000D85CE6024B002283F890297047A0CC0120B1
S3256022FA20F8B504460D4606980AB10020F8BD4A49C4F854134949C4F83813A96921F07F4194
S3256022FA4021F0FF01B1F5106FEFD1E97E0229ECD884F8B0230F2803F1100394F8B02324D8EA
S3256022FA60002AE2D000211C2204F55F70C4F8BC1384F8B613C4F87813C4F8981384F8B91335
S3256022FA8084F8BA13C4F8BF130EF06AFF344A4FF48013284604F55C71C4E9DC23234604F50A
S3256022FAA068720BF0A7FD0120C0E713F8101C092944D113F80F1C042940D113F80C1C01292E
S3256022FAC03CD113F80B1C092938D113F8096C022E34D813F8071C072930D113F8061C0529AE
S3256022FAE02CD113F8051C01F0F001802926D113F8041C032922D113F8031C01291ED113F83B
S3256022FB00021CD9B913F80D7C13F80E1CC2B984F8B11313F80D1C84F8B21313F8091C84F808
S3256022FB20B31313F8051C01F00F0184F8B41313F8011C84F8B513013284F8B023103889E761
S3256022FB4094F8B1C38C458DD194F8B313B142F2D284F8B273E1E700BF9DF60020B3F6002041
S3256022FB60A006002938B5044671B190F8B6338B420AD3012390F8B92303FA01F52AB190F8DC
S3256022FB80C3332B4384F8C33338BD80F8B933074BC0E9DC31034600F55C7180680BF02AFD91
S3256022FBA094F8C33323EA0503ECE700BF2303080038B590F8B63304468B420AD3012390F868
S3256022FBC0B92303FA01F52AB190F8C4332B4384F8C43338BD002980F8B93341F4802100F546
S3256022FBE0677214BFA323A023C0F8741300F55C71C0F87033034680680BF0FCFC94F8C43345
S3256022FC0023EA0503E3E738B5044671B190F8B6338B420AD3012390F8B92303FA01F52AB1B3
S3256022FC2090F8C5332B4384F8C53338BD80F8B933064BC0E9DC31034600F55C7180680BF08C
S3256022FC40D9FC94F8C53323EA0503ECE72301100038B5044671B190F8B6338B420AD301230F
S3256022FC6090F8B92303FA01F52AB190F8C9332B4384F8C93338BD80F8B933074BC0E9DC31FF
S3256022FC80034600F55C7180680BF0B4FC94F8C93323EA0503ECE700BF2301140038B50446A0
S3256022FCA071B190F8B6338B420AD3012390F8B92303FA01F52AB190F8CA332B4384F8CA33BD
S3256022FCC038BD80F8B933074BC0E9DC31034600F55C7180680BF08EFC94F8CA3323EA050325
S3256022FCE0ECE700BF23030400486810B50C4658B10B894A8901339BB29A420B8104D8034978
S3256022FD00E0F7DBFF00232381206810BDE2EA002070B503241826044D06FB04500BF05DFF1B
S3256022FD20013CF9D270BD00BF00CD012070B5054614460846AB687BB1D5E903120E19964230
S3256022FD4088BF541A1CB1224619440DF08FFCEB682344EB60204670BD1C46FBE710B5041D8A
S3256022FD602046E1F71BFB10B12046E1F744FB002010BD0430F7F7FEBA10B504460FF090FB09
S3256022FD80204610BD10B504460FF08AFB204610BD10B504460FF084FB204610BD10B5044613
S3256022FDA00FF07EFB204610BD044B10B5044640F8043BE1F70BFB204610BD00BF54AB00204C
S3256022FDC010B50446FFF7F0FF20460FF069FB204610BD70B50A46044603699968490639D522
S3256022FDE04021966803F1340591601168196051685960D168D96011691961516959619169C6
S3256022FE009961D1699C62D961D16AD962116B1963D2E90D0185E80300D16BD9631946086800
S3256022FE20012819D10A601946106000200D68AA4214D1002248620A6294F8342012F0FD0F62
S3256022FE400E4A13D19068586270B95360916001209E6070BD1B68C0E70968E0E70D68C1E992
S3256022FE60085008462946E1E70362EFE71069586210B9D3601161EAE70362FBE7A0CC01209C
S3256022FE8038B5074BD3F8845905B938BDEC680CB9AD68F9E723682046DB6898476468F6E776
S3256022FEA0A0CC0120034BD3F8940910B10268C3F894297047A0CC0120034BD3F89429C3F8FF
S3256022FEC094090260704700BFA0CC01202DE9F04F89B0054698460291A249139F0C680692A5
S3256022FEE05CB1D4F80090C1F80090FFF7DBFF064638B9C4F800900C600024204609B0BDE81B
S3256022FF00F08F6022002120460EF02AFD3C220021301D0EF025FD012240233260B360029BF8
S3256022FF202661032B2563626184F8358084F8343040F01E81129897428B4B394638BF114633
S3256022FF404343287D02284FEA134366D10F2903F157034FF0000CDFF8149228BF0F215B0935
S3256022FF6001398A40B2F5807F104628BF4FF48070C108012938BF0121A4F844104FF0FF3174
S3256022FF808A46E0464FF0000E19F808B080449B44DE4538BFDE46B8F1FF0FF5D9D64538BF55
S3256022FFA061460CF1010C38BFF2466045E9D1BAF1BB0F00F2CE80DBB20E46A4F84800A4F864
S3256022FFC04A1084F84E30FF2E15D9012F23D9022F18D101F0010255239340DBB2C90884F8CB
S3256022FFE036300023A4F8461084F83730069B002B40F0C080C6E019F806C09C4409F806C0BB
S325602300000644E0E7042AD9BF01F00302112301F007020123E0E7FF23E0E7052042EA5207DE
S32560230020B94204D901384FEA4202F7D1202291B20791A4F84410B8F1000F0DD184335B0923
S325602300400593022301934FF0FF3100200F4604910390DDF80CE02AE0663302215B09059139
S325602300600193F0E718F801AB019B059998F801908A4498F802C0994498F803109C44CA45E6
S3256023008019441AD9E2451ED9514538BF5146049B994238BF58460BF1010B3CBF77460491E1
S325602300A0BBF1040FDED19644BEF11F0F0FD82F4B4FF0000B03EBCE08D4E7E14503D94945D8
S325602300C038BF4946E3E7614538BF6146DFE70399013191420391BCD1049BBB2B39D8079B43
S325602300E000EBC70C2149BEB29DF814E04FEAC208A4F8483061449DF80430A4F84A60A4F8EF
S325602301004C0084F84EE084F84F301F2F0AD90123A4F84660834084F836301C23834084F8AB
S32560230120373063E791F800C01744F44481F800C091F802C09C4481F802C091F803C09C44DE
S3256023014081F803C091F804C09C4481F804C04144DBE73046FFF7B0FE024B1A6822601C6042
S32560230160CAE600BF00480120AB2A010080500120069B1BB16B68002B3ED16C60029B2A7DCD
S32560230180002B3FD000210A46069B1B0243EA8133129943EA0143697D0B43297D43EA013335
S325602301A043EAC26343F07043636094F83630AA7D43EA024394F8372043EA0223EA7D43EA67
S325602301C0C25343F08043A360029B33F0020324D12E4B44F00201D3F85821D2B9626842F44F
S325602301E0004262602160C3F85841D3F8402142F02002C3F8402180E61A469B6B002BFBD13E
S325602302009463BBE7012A4FF001018CBF00220122BAE71368236011606FE6029B032B7FF41D
S325602302206CAEB4F8440044F00206B4F84610184D1F293FF662AE55F821208F00D3070AD426
S3256023024002F0060E22F01F03BEF1020FB3F844C00DD160450BD92260EE510144E8E79C4252
S32560230260FBD01A68D20706D41B6823F01F03B3F844208242F3D21A469442EED0126832F015
S325602302801F02F9D11A6822601E60E6E700022E40005001202DE9F341254E80460F46154687
S325602302A03468D4B1236828220021204633600EF057FBE5750823002584F81480A775204619
S325602302C02A462946CDE900352B46FFF7FFFD206038B93368236034600446204602B0BDE83E
S325602302E0F081144AD2F8983933B11968C2F898191D705D709D70DD7023610F492368D963E4
S325602303000E491964012183F83510D2F8843982F890193BB9C2F88449002320462376FFF761
S32560230320D5F9DAE71A469B68002BFBD19460F3E78C470120A0CC01207D1F020095210200A6
S325602303402DE9F0474FF0E0244FF4803881460E46D4F80C711546C4F88C819A4607F480376F
S32560230360FFF7A0FD014630B917B90020BDE8F087C4F80C81F9E705F1FF3804464FEA98387C
S32560230380B8F1000F3BD14FF0010C0B46C4E90C58C4E90E8AC4F800C0A8F58058C4E90A96DF
S325602303A099F835402402B5F5804FC3F804C08DBF4FF0000E4FF0010E28464FF4804044EA0A
S325602303C0CE3242EA004242F080029A6006EA0802DE6002F5805AC3F810A002F5005AC3F8F8
S325602303E014A002F5405A02F58042C3F818A0DA61BEF1000F1BD106442D1A1B68D3E7FFF75A
S3256023040051FD78B908460B681946FFF755FDA042F8D1002FA9D04FF0E0234FF48032C3F827
S325602304200C21A2E7206008F1FF380446A8E74846FFF7CFFC002F99D04FF0E0234FF48032D6
S32560230440C3F80C2192E770B5C46BCCB10025012606FA05F3D4F89823134203D02946204619
S32560230460FFF7A6FB013594F8B6339D42F0D9234604F56671D4F878030122BDE870405FE7CB
S3256023048070BD012AF7B504460E4601D0002563E01A78092AFAD15A78042AF7D15A79012AA2
S325602304A05DD19D79EA1E554255410899002219440933A4F85020994256D8002DE6D094F85A
S325602304C05020002A00F09C80A38FB4F846109942C0F0968000213046CDE90031012394F8EA
S325602304E05210FFF7F3FCE06048B1484A2346C263A28F216BFFF724FF012384F8443094F85D
S325602305005120002A7FD0E38FB4F8461099427AD3002794F853103046CDE900373B46FFF7DC
S32560230520D5FC206128B13A4BC36384F84E7084F84F700023A4F84A30A4F84C3084F8553095
S32560230540A4F8563084F85830A4F87C31E3681BB92569003D18BF0125284603B0F0BD023AB2
S32560230560102A93D90025A0E7187803288ED91F18B9428BD35A78042A9FD00B2A9DD0242A8F
S3256023058010D19D78012D2AD0042D04D8012D7FF67DAF012523E0F12D7FF478AFDB78022B77
S325602305A0F7D073E7052A28D106287FF66FAFDA78023A012A3FF66AAF9A7812F0F00010D0BD
S325602305C080287FF463AF94F8500040B902F00F0284F85020DA7884F852209B88A3873B4693
S325602305E069E794F851000028F9D184F85120DA7884F853209B88E387F1E7252AEFD045E786
S325602306000023E3607BE70023236192E7AD2D0200D50D020070B5C46B1CB38368016B00200F
S32560230620C3F30E43B4F84C20C91AB4F84A308908814217D19A42A4F84C20A4F84A309CBF78
S32560230640B4F848105218013AD31AA28FB3EB920F17D32346216BE068FFF772FE012384F8DE
S32560230660443070BD256B55F8205045B1B4F848600133B34228BF0023266C46F82350013012
S32560230680D6E70023EBE770B5C58F044690F84E30AD0803F0FF0243B1EBB2416B920080F866
S325602306A04E3003460069FFF74BFE94F84F3003F0FF024BB1EDB22346A16B9200206984F89C
S325602306C04F50BDE870403BE670BDF8B590F83430044613F0FD0F52D1036823F01F039842C0
S325602306E01AD1594BD3F8402122F02002C3F84021D3F8442112F40042FAD1C3F85821534B51
S32560230700586838BB206930F01F0340F09780504B1A6822601C60F8BD19681A4621F01F03A7
S325602307209C42F9D163681B0403D5536843F40043536023681360444BD3F8402142F04002B1
S32560230740C3F84021D3F844219706FBD52022C3F84421D4E7836A056AA34207D1FDF74FFFDF
S32560230760236933F01F0205D0984201D12846C8E71B68F6E79842F9D0FFF79EFBF6E7354896
S32560230780202150F8043BDE0706D423F01F039C4224D1236840F8043C0139F2D1236BB4F807
S325602307A048001B7DB4F84A20022B94F84E6024D12949FF2A1CD9254BD8680028A2D0836A97
S325602307C0056AA34207D1FDF729FF236933F01F022FD098422BD12846EFE713461A68D507A8
S325602307E0DAD422F01F029442F7D122681A60D3E78B5C9B1B8B540244DBE7B4F84C30C700C0
S32560230800154D03EBC20394F84F102B441F2AD2D81D780244AD1B1D709D786D1A9D70DD78BF
S325602308206D1ADD701D796D1A1D713B44EEE71B68CCE79842CFD0FFF73FFBCCE70168FFF76B
S325602308403BFB08465FE700BF00022E40A0CC0120004801200050012080500120F8B50546C6
S32560230860E8B1C46800271A4ED4B96C682CBB2868FFF72BFF164AD2F8843983B1AB4299689A
S3256023088023D104BBC2F88419196921B1D2F898090860C2F898190F4A116819601360F8BDC0
S325602308A0236820461B6998476368D6F88C29A7606260C6F88C491C46D6E7A66B2046FFF725
S325602308C004FF3446D2E7A160DEE71C460B46D4E7A0CC01208C4701202DE9F74F8E4CD4F8A2
S325602308E044617303C4F844612BD435033AD4B00705D58A4B4FF000095D68002D43D1710782
S3256023090000F18480F2010CD5854B1A78012A40F0C28002221A70D4F8843143F48073C4F871
S325602309208431B30140F1E18000227C481546036811469446002B40F0BF80002A40F0C28020
S32560230940D1E0764B5D68002DCFD02846FDF748FED5F8208020B12846FDF751FEFFF7ACFAD8
S325602309604546F0E76D4BDD68002DC0D02846FDF737FED5F8208020B12846FDF74FFEFFF758
S325602309809BFA4546F0E7AB68D5F8208013F0800A21D113F07C0F1ED02846AB46FDF72FFEDC
S325602309A04046C5E908AAD5F828A0B0B9DBF80030DBF80030CAF81030CAF80C00CAF818001A
S325602309C0286AF0B9DAF8403013B12862284698472846FFF771FA45468FE7836A026A9A456E
S325602309E00DD10192FDF70BFE019A404508BF9046C0E90899CBF8200083461046D5E758469D
S32560230A00FAE7016AFFF758FA0846DAE7D4F8845145F02A03AA07C4F8843111D515F0010990
S32560230A203F4B2AD01A78012A0AD8012226F080761A703C4BC4F880304FF04043C4F884302C
S32560230A402B073FF55FAF364A1378022B7FF45AAF68077FF557AF0321117042F21072C4F8E5
S32560230A6080204FF04042C4F88420D4F8842191057FF548AF2C4A536344E70222DFF89C804C
S32560230A8083F80090284BD8F89C099A63FFF7E6FEC8F89C99D4E7032A7FF443AF04221A7011
S32560230AA00022D4F884011146C0F38160FFF7F2FB1A4BC3F89C0934E75F6929B16B61C3F863
S32560230AC014C01FB907600EE01946F8E73A69C7F818C0042A0CD9013A4FF040430760C4F8E1
S32560230AE08820C4F88C30002461B903B0BDE8F08F22B17D6915B12E6916442E611D460122B3
S32560230B003B4617E7C8684D690368C1E905449B6898472946E8E700BF00022E40A0CC0120AD
S32560230B2080510120A086010000A00D4070B5044600F55E76002594F8B633AB4219D8002551
S32560230B401C2204F55F70C4F8BC53294684F8B653C4F87853C4F8985384F8B95384F8BA5308
S32560230B60C4F8BF530DF0FCFE84F8C353C4E9F15570BD56F8040F08B1FFF770FE0135DAE700
S32560230B8038B5D0F89C3104460D4653B1B0F87C11B1F5917F05D30022593098470023A4F89D
S32560230BA07C31B4F87C31B3F5917F3FBF5A1CA4F87C21E41884F8595038BDF0B572B61E4CF4
S32560230BC01E4D228805F1700605EB8200B042034602D362B60020F0BD50F8041B09B9013248
S32560230BE0F4E7B1FA81F64FF00040F04021EA0001196001B9013212492280B1F8A04901348A
S32560230C00A7B2A1F8A07962B65B1B4FF4025001259A1041F67C7300FB02330A4A02FB06336D
S32560230C20094A1268D018D554B1F8A239A34238BFA1F8A279CFE700BF64560120685601200A
S32560230C40A0CC0120FCFEFFFF60560120438872B60278012A03D9013A027062B6704759095D
S32560230C60DB430C484FF0004203F01F0322FA03F350F82120134340F82130074B1A888A42A9
S32560230C80064A88BF1980B2F8A039013BA2F8A039E3E700BF6856012064560120A0CC012099
S32560230CA0C36830B503B930BD187A90420AD158685C7A006950F8245025B940F8241008782E
S32560230CC001300870DB68EDE70A4B1A787AB90A4A0A49C2F858110A4AD021012082F84610B1
S32560230CE04FF0E0224021C2F80811187070470020704700BFD8560120001801200B0E02007E
S32560230D0000E400E030B572B6264C89B9016879B103790F2B0CD822881A41D20708D503F1E9
S32560230D20007303F5E943B1EB431F01D162B630BD2388002243FA02F515F0010529D1012196
S32560230D4091400B43238062B6174CD1B20171E36F43F0C003E36740F28244144B1C60997664
S32560230D6099771976D97702F10073114982F0030203F5E9435B010360C3E90055C3E90255DD
S32560230D80C3E90455C3E90655535C43F0C0035354CDE70132102ACDD162B6002302710360A2
S32560230DA0C5E700BF3833012000C00F4000800E4000810E400368F0B5044689B01746002BEC
S32560230DC044D000229A600122DA60236802A82B4D03F1BF2303F577031E110AF0F8FE1823AE
S32560230DE07343E8181D442B6E6830DB6801909847029B04A9224A019802922B669B68984719
S32560230E0002A80AF0EAFE236803221F609A601D4A23799355137851788B4228BF0B46917847
S32560230E20D2788B4228BF0B461749934228BF1346164AC2F82812164A012082F87A304FF02D
S32560230E40E0234FF08062C3F80C2115E0114AD36E43F44053D36601220F4B1A6003F5807387
S32560230E600E4A0360236898680028AED0103393422360F7D90020206009B0F0BDA0CC0120FF
S32560230E803CAB0020A8050120B11302000018012000E400E000C00F40004008403F410840D2
S32560230EA0036870B5054643B303F1BF23134E03F577031C1118236343F018036E06466830C4
S32560230EC0DB6898470E4B0021012233662B689960DA60FF230B4A135513785078834228BF8D
S32560230EE003469078D278834228BF0346934228BF1346054A82F87A30296070BDA0CC01200E
S32560230F003CAB0020A805012000E400E010B500EB8104606C70B142B103681B6A9847030DBB
S32560230F2043EA0133C4F8F43010BDD4F8F400010B0005F9E74FF0FF300146F5E70EF0A8BA78
S32560230F4038B500F5A27504462846E0F727FAA8B194F884319BB100220023D4F854010AF019
S32560230F60BBF8D4F854010AF01FF90023C4F83431A4F838316FF00103C4F8943138BD284672
S32560230F80E0F70CFA0028F0D02846E0F734FAECE70EF086BA2DE9F84F04468B4616469246D3
S32560230FA0184F00F14009DFF86080BAF1000F02D13046BDE8F88F3B78012B21D1A3692BB960
S32560230FC0B8F8A4292361A282C4E90693208A5946A58AA3692D1A1844554528BF55462A466A
S32560230FE0AB440CF043FB238AAAEB050A1D44A38AADB2AB422582D8D820460AF03CFAD4E76C
S325602310000026D5E7A4150120A0CC012007B501228DF807100DF10701FFF7BCFF03B05DF8C4
S3256023102004FB07B50222ADF806100DF10601FFF7B1FF03B05DF804FB07B5042201910DEB6F
S325602310400201FFF7A7FF03B05DF804FB0C320A6002228A800C229DE783695BB990F84224EB
S3256023106052B1064A0361B2F8A429828200F14002C0E906230AF0FFB9704700BFA0CC0120FB
S325602310802DE9F0410446D0F85C6400F29C47034606EB040C00253846634505F1010216D164
S325602310A092002046FFF7D2FF2946204604F20F68FFF7C2FF0023B34216D12046FFF7CCFFC9
S325602310C0012342F2010084F85834BDE8F08150F804EFBEF1000F05D093F810E6BEF1000F03
S325602310E018BF15460133D7E7D4F85C245D1C93420BD257F8253043B118F805302BB12904E6
S32560231100204641F00101FFF797FF2B46D3E710B504461822FFF79AFF0A212046FFF78CFF0C
S32560231120142205492046FFF735FF2046FFF794FF42F2010010BD00BFA4C4206010B504466B
S3256023114000F5B960E0F742F904F2B450E0F73EF904F5B460E0F73AF9204610BD002211461B
S3256023116010B510F8013BCBB11C0602D401310022F7E703F0C004802C04D13AB1012AF5D024
S325602311800122EEE703F0E002C02AF9D003F0F003A3F1E002534253415A00E2E7084610BD83
S325602311A070B505460E46C1B30846FFF7D7FF002833DD411C00242846C9B2FFF727FF002274
S325602311C016F8011B29B30B0603D42846FFF729FFF5E701F0C003802B0BD1002AF0D0A40166
S325602311E001F03F03012AA4B244EA030407D12146EBE701F0E003C02B03D101F01F040122A2
S32560231200DEE701F0F003E02BD9D101F00F040222D6E72846BDE8704003E728460021BDE821
S325602312207040F3E670B54DF20243CE6804460D469E4227D1164806F087FA0330294642008F
S325602312402046FFF703FF31462046FFF7EAFE4FF6FF712046FFF7E5FE00212046FFF7D6FEA7
S325602312600B492046FFF79CFF09492046FFF798FF00212046FFF7CAFE2046FFF7EDFE42F295
S32560231280010070BD0022FFF7E1FE42F20A00F8E7C2F600202DE9F0438BB09FED8B0A0446BC
S325602312A00E4602AA01A902200DF0B1FB019B05460233BCBF854D6FF001032846B8BF0193EB
S325602312C00DF0A9FB019A03469042C8BF431C002A40F0AA800133DDF80880B8F1000F00D0AB
S325602312E00133C3F10307002F00F3B48005AA1344B8F1000F02D02D2102F8011B0198002868
S3256023130040F0B2801146302001F8020B2E2050700A462E279A42C0F0C58000236C494FF09A
S325602313200A08137014220DEB02000DF099FA694A02AB32F8021FB8F1010803F8011BF8D192
S32560231340654806F001FA0546644806F0FDF90544634806F0F9F96035814605A806F0F4F9BB
S3256023136007464D4402A806F0EFF931462F443A182046FFF76BFE20466421FFF752FE2046E6
S325602313800621FFF759FE20466421FFF74AFE20465149FFF705FF20460121FFF742FE204609
S325602313A01521FFF749FE2A224E492046FFF7F2FD20460921FFF740FE12224B492046FFF71B
S325602313C0E9FD20460121FFF737FE20464DF20241FFF727FE41462046FFF72EFE2046022150
S325602313E0FFF72AFE20464FF44051FFF71AFE204643F20101FFF715FE20463849FFF7D0FEAD
S3256023140020463749FFF7CCFE05A92046FFF7C8FE02A92046FFF7C4FE2046FFF71DFE42F259
S3256023142001000BB0BDE8F083BFF655AF023290420ED902AA05A900209FED2C0A0DF0E7FA8F
S32560231440019B059A0546D21A032A04BF01330193042340E73A46202105A80DF081FA05ABF5
S32560231460DA190DF1170343E7BFF653AF11462E274FF0300E4FF0000C01F802EB5770C0F125
S3256023148002073A440F46974207D10A1ABCF1000F3FF43FAF002101913BE74FF0010C07F815
S325602314A001EBF0E7114615F8010B01F8010B994207D001980138019008B9911C57700A46D1
S325602314C028E71A4629E700BF7B14CE3F2FE60020C9F60020A6150120D4F60020E8F60020D1
S325602314E0C2F60020B8C42060E2C420600000214340F60D2307B5ADF804300222036801A9D1
S325602315005B68984703B05DF804FB38B51022054606F03EFC04462846FFF7EAFF204438BD0F
S32560231520054B022888BF0346186810B44468184623465DF8044B1847000601200EB403B5BD
S3256023154003AA52F8041B01920CF0BAFA02B05DF804EB03B0704710B500EB8104606C40B94F
S325602315600A460B480B49FFF7E9FF4FF0FF30014610BD42B103685B6A9847030D43EA013318
S32560231580C4F8B430F4E7D4F8B400010B0005EFE700060120EDF60020CB892DE9F34790463C
S325602315A003F1FF39D0F85C2404460F46914565D200EB8303D3F89C0400285FD004EB090255
S325602315C092F81026002A59D0D3F85C6403681B6B9847054618B92B4D002E18BF3546284692
S325602315E004F25C4A06F0B0F80646274806F0ACF83044394600F11A022046FFF727FD04212E
S325602316002046FFF70EFD02212046FFF70AFD00212046FFF706FD424649465046FFF79BFF97
S32560231620082206460F46CDE9000169462046FFF7B1FC424649465046FFF768FC301A4FF057
S32560231640080267EB0101CDE9000169462046FFF7A1FC4FF0FF312046FFF7EEFC29462046BA
S32560231660FFF79EFD08492046FFF79AFD2046FFF7F3FC42F2010002B0BDE8F08742F2130077
S32560231680F9E700BF13F700203EF60020012AF0B508BF0A228BB0A9B9302221248DF82520E3
S325602316A03BB1631E0AAADCB252FA83F32D2203F8242C036801A9C4F122025B6821449847A1
S325602316C00BB0F0BD2124B1FBF2F602FB1617FDB2092F04F1280794BF303537356F448A4268
S325602316E0EDB207F8245CDBD8013C3146E4B2EAE72DE9F0413C24002540F26D184FF0640C43
S325602317004FF4C87EB0FBF4F3B3FBF4F204FB130004FB12332C46087018204B70B2FBF0F3CE
S3256023172000FB1322181D8A700722B0FBF2F2C2EBC202801AC870E8B200F2B27212F003060B
S3256023174041D192FBFCF70CFB1727002F3ED192FBFEF70EFB1727002F14BF47464FF4B77722
S325602317603C440135A342E6D2463088716420B2FBF0F500FB15254FF4C870B2FBF0F700FBC9
S32560231780172236BB45BB002A40F26D1008BF4FF4B7701B1BDFF854C0034400200128C7B262
S325602317A01DD1FEB905BB002A14BF1C241D249C4204D801301B1B0C28F0D1074601334F7166
S325602317C00B71BDE8F08140F26D17C9E74FF4B777C6E740F26D10DCE74FF4B770D9E710F8C6
S325602317E00C40E4E71C24E2E71D24E0E788AB0020F0B5827940F2B2712A4B6426A2F1460513
S325602318004FF4C8776B43A1F2B274A54227DC02F26C7264214679244FDFF890C0B2FBF1F42A
S3256023182001FB14244FF4C871B2FBF1F501FB1525002102F003028E4223DC42784FF46164FD
S325602318408178C2EB0212920004FB012201780A4401791648013900FB01201844F0BD8C0700
S325602318600DD191FBF6F406FB141424B991FBF7F407FB14141CB903F5A83303F5C0730131DF
S32560231880C1E7012908D13AB904B92DB903F5181303F56E530131CEE711F807E00CFB0E3383
S325602318A0F8E700BF8033E10188AB0020805101000C4A0D491368002B08BF0B460B4993FBFB
S325602318C0F1F001FB10330A49484344F2A71101FB03000028BCBF00F1004000F1FF30106030
S325602318E0704700BF4C46012024D95B071DF30100ECF4FFFF10B5044628B1FFF7D9FFB0FB87
S32560231900F4F303FB1404204610BD38B5436804460D468B4201D3012038BD013100680FF089
S32560231920C9FF0028F8D0A368C4E90005002BF2D10370F0E79A422DE9F0470E4684BF11465A
S325602319401A46044688BF0B4600218160B5689542C0E9001117D39D4228BF1D46336813F853
S3256023196005805955316811EB020907D048460DF052F8074650B9236803B118700023A3601C
S32560231980336803F805802046BDE8F08701462046FFF7BBFF824640B9206818B10DF080FD38
S325602319A0C4F800A000236360E9E749462068A7600EF0AAFEE4E70E4A70B502F6A8130D4E72
S325602319C0012553E8001F3068D16943E80054002CF7D1094B5B68D2F8DC205B1AA3FB023295
S325602319E04FF47A7358439A4294BF8018C01870BDA0CC01204C450120001000E0C36870B548
S32560231A0004460D468BB1FFF7D6FF2449244E0A68A0605AB94FF04043A2610C60C4E9045201
S32560231A20013DC6F88850C6F88C3070BDD6F88C3023F07F439D4218D272B600204FF0007281
S32560231A405B1BC6F88C00C6F844210A682561013D0C60C4E9052013614FF040439461C6F8BD
S32560231A608850C6F88C3062B6DFE7ED1A536923B9C4E90453A2615461D7E71A69AA4209D943
S32560231A80521B1A619A69C4E90453A2619C61A3695C61CAE7AD1A1A46E8E700BFA0CC012012
S32560231AA000022E4000222DE9F34180F8B92304464B6BBC480D8F83425CD0BB4883421BD029
S32560231AC0A32B43D10B6B042B40D1CB6A1F68002D3CD094F8B6339D4238D86E1E07F0010800
S32560231AE0264496F8BC33092B30D8DFE803F063637E7E7E7E7EB1C9D6B4F8A233A4F8B633EE
S32560231B0094F8A53384F8B83394F8B033012B12D994F8B20340F6013394F8B11343EA004380
S32560231B20A068C4E9DC31234604F55C7109F062FD012384F8B933012504E029460135204632
S32560231B40FEF710F894F8B633AB42F6D294F8B933002B40F0E08094F8C313002900F0AE80F9
S32560231B6091FAA1F12046B1FA81F102B0BDE8F041FDF7F8BF94F8B633AB42E7D1D4F8783378
S32560231B80002BE3D194F8B533012594F8B423032101932B46A0680095FEF798F94268834A1D
S32560231BA02346C4F8780304F56671C2632A46FEF7C7FBCBE7B8F1000FC8D0022386F8BC334C
S32560231BC094F8CB332BB944F6206104F54E70FFF715FF012294F8CB3329462046AA401343D0
S32560231BE084F8CB33FEF70FF8B0E7B8F1000F23D00133DBB2072B86F8BC33A7D16C4991F88E
S32560231C00AC29AAB991F8902992B90122204681F8AC29AA4094F8CB1321EA0202294684F851
S32560231C20CB2386F8BC33FEF739F884F8BA538DE7062386F8BC3389E7012294F8CB3302FAEE
S32560231C4005F523EA050584F8CB5386F8BC237DE7BA0715D529462046FDF7FAFF082346F2BF
S32560231C60A81104F5557086F8BC33BB0556BFC7F3802701277F0084F8BB73FFF7BFFE65E771
S32560231C80B8F1000F7FF462AF29462046FDF7BBFF474B83F8AC890123CBE7B8F1000F7FF4B9
S32560231CA055AF04EB8507D7F87803FEF7D7FD29462046C7F87883FDF7A6FFECE794F8C513AA
S32560231CC049B191FAA1F12046B1FA81F102B0BDE8F041FDF798BF94F8C623FAB192FAA2F5CB
S32560231CE0B5FA85F5BDB194F8B6339D4213D80126304B0A46A06884F8B96304F55C71AE403F
S32560231D00C4E9DC35234609F075FC94F8C63323EA060384F8C63302B0BDE8F08194F8C7532B
S32560231D20EDB195FAA5F5B5FA85F5002DF3D094F8B6339D42EFD801261F4B04F55C71A068C0
S32560231D4084F8B963AE40C4E9DC35234609F052FC94F8C73323EA060384F8C733DBE794F8A6
S32560231D60C8636EB396FAA6F6B6FA86F6002ED2D094F8B6339E42CED80127104B2A4604F57F
S32560231D805C7184F8B973B740A068C4E9DC36234609F030FC94F8C83323EA070384F8C833E4
S32560231DA0B9E700BF23030800A0060029DF2B0200A0CC012023011100230112002301130003
S32560231DC094F8C91349B191FAA1F12046B1FA81F102B0BDE8F041FDF73BBF94F8C41349B1A5
S32560231DE091FAA1F12046B1FA81F102B0BDE8F041FDF7DEBE94F8CA1300298CD091FAA1F197
S32560231E002046B1FA81F102B0BDE8F041FDF746BF036973B50446002B36D0C58FAD0872B6F5
S32560231E2094F84E2094F84F309542D6B2DBB22DD9A3B19D4212D9A26B5E1C04F1140042F83A
S32560231E402310F3B2019084F84F30FCF795FBB54201981FD82346AA00A16B11E0636B04F1B8
S32560231E60140043F8261001360190F3B284F84E30FCF782FBB54201980CD82346AA00616B2A
S32560231E801869FEF75DFA62B602B070BD9D42D2D862B6C4E77F2D40F2DC5188BFC821FFF778
S32560231EA0ADFDF0E72DE9F04104460D46FFF783FD04F54E76AE421AD194F8CB73A7B9BDE857
S32560231EC0F08108FA05F33B4203D029462046FDF76FFE013594F8B633AB42F2D2304644F67C
S32560231EE02061BDE8F04189E50125A846F2E704F555739D42E3D194F8BA63002EDFD0751E3A
S32560231F00254495F8BC33082BD9D1A368002794F8BB03324684F8BA7304EB8604597DFEF795
S32560231F20B9F9044BC4F8780383F8AC79092385F8BC33C4E7A0CC0120F8B50546064FFFF72D
S32560231F403AFD0646A847044620B1FFF734FD801BB842F7D92046F8BD40420F0010B5114C11
S32560231F6094F8AD390BB9012010BD0F48FFF7E4FF002384F8AD390D4B1A6BC4F86421D4F815
S32560231F8064211A6320B9D4F86421094B1A42EAD0084B1F2200201A7040F27A22064B1A604B
S32560231FA0E2E700BFA0CC0120451C020000002C4000007F110716012028F6012070B50C4630
S32560231FC0FFF7CCFF0546D8B1194B5A6AD20507D49A6A22F480329A629A6A42F400329A62D9
S32560231FE09A6A144842F480329A62FFF7A5FF48B1114B212200251A704FF47E720F4B1A602C
S32560232000284670BD04F50071094A536A5B05FCD5231F04F13C0053F8046F83421662FAD1B8
S3256023202040348C42F1D1064B012283F8AD29E7E700002C40311C02000716012028F6012048
S32560232040A0CC0120362810B50BD802010A4B03EB00109B58C2685C68144206D011B1C3F884
S32560232060842010BDC3F88820FBE7836811B1034A1A60F6E7024AFBE79003002038F00100C6
S325602320803830010030B51224124B0201CC4003EB00109A5814F0010F5468D0E902350CD03B
S325602320A0012944EA050454600CBF382240F638021A60152243681A6030BD24EA05040229E8
S325602320C0546001D1044AF3E703290CBF034A044AEEE700BF9003002038F00100383001005E
S325602320E038000100362800D8CCE7704738B545686C6823681A6863681A4215D02B68002242
S3256023210005211A612B7C2344187CFFF7EBFF6B7C234493F82400FFF7E5FFAB7C1C4494F829
S325602321203800BDE83840DDE738BD30B50C4B4FF6FF750C4CA3F58051002208880231A84283
S3256023214003D00132994292B2F7D303F5805324F8022BB3F1C14FEDD1034B01221A7030BD99
S3256023216000107C60CC440120CB440120114B0021114A30B5C3F8F0220122104D104CC3F868
S32560232180F412C3F8B820C3F8A010C3F8A450C3F8B0205869C007FCD55A612078C007F0D441
S325602321A01A6842F001021A60024A1368DB07FCD462B630BD00802A400504012401000F00BF
S325602321C000812A402DE9F0410D46144672B62F4B40F206412E4A9A610222DA610022C3F8CD
S325602321E0A020C3F8F0120119C3F8F422C3F8F822C3F8FC224FF47022C3F8A4200122C3F80E
S32560232200B02020F01F02BFF34F8F4FF0E026C6F85C2F20329142FAD8BFF34F8FBFF36F8FDF
S325602322205A69D607FCD501221A4920F07F40174F5A61C3F8F01242F20121DFF85C80C3F8AD
S32560232240F412A1B2C3F8BC2041F47021C3F8A000C3F8A410C3F8B0207B69DA0704D54123E8
S325602322607B61BDE8F04181E75906F5D5082C0BD83CB126462946A41B3544324640460BF082
S32560232280F5F940237B61E7E70826F3E700802A40F05AF05A3204180880812A4041F2BB0382
S325602322A098422DE9F0430446C3B0884630D8624B1B780BB9FFF739FFA5083F2304F00304A3
S325602322C05E4FFF21B5FBF3F3C3EB831244EA8304AD1A05F5C02337F8152003F5F86350006F
S325602322E01E0300EB03303346834214D341450FD0B2F5006F18D244EA0824022202A9ADF8BE
S325602323000840FFF75FFF37F81530013327F8153043B0BDE8F08333F802CB5FFA8CFEA645BB
S3256023232008BF4FEA1C21DFE74FF48072FF2102A80CF016FB16F5805040F60103324628BF91
S32560232340012306EB4303944602329A4269D102AB03F8048072B63A4B3A4A9A610222DA61BE
S3256023236040F20642C3F8F0220022C3F8F422C3F8F822C3F8FC22C3F8A0204FF47022C3F8E1
S32560232380A4200122C3F8B020BFF34F8F06F12002314682428CBF012280224FF0E02006EB1E
S325602323A04212C0F85C1F20319142FAD1BFF34F8FBFF36F8F5A69D107FCD50121224A59612A
S325602323C0C3F8F022214A3240C3F8A0204FF47022C3F8A420C3F8B010194B5A69D207FCD5AF
S325602323E04FF00008012202ACC1465A61FFF7BEFE14F8013BFF2B0CD048EA0323022206EB0D
S32560232400490009F101090DF10601ADF80630FFF7D9FE08F10108B8F5807FE9D127F815900D
S3256023242076E7BCF800100DF1080E9CF800C0090A0EF80C1087E700BFCB440120CC440120C7
S3256023244000802A40F05AF05A2004180800F0FF00030F072B01D103F00BBD0DF021B810B5D6
S32560232460044607490748FFF769F8A06808B1FFF7EFFF0023A3602375C4E9033310BD00BFC1
S3256023248069FF0020000601200DF002B80DF008B80DF006B80DF004B80B46014618460FF027
S325602324A0ADB90B46014618460FF0A8B90CF0F8BF0CF0F6BF0CF0F4BF0CF0F2BF074A506A0C
S325602324C0936A10B51C460146506A936A9C42F9D18142F7D1DB0B43EA404010BD00400D4031
S325602324E0084A08B5034610684BB1034406498B4206D90CF04FFA0C2303604FF0FF3008BD3B
S325602325001360FCE75411012000002820002070474FF0FF3070474FF4005300204B607047FA
S32560232520012070474FF0FF30704730BFFDE71204816042F08002426001F58052C26001F515
S32560232540005210B50261012401F5405201F5804104604261C0E9061310BD836BF0B51BB11F
S32560232560536843F40043536072B6446B174B24B32260D3F8B0410C421CD1154E7768D3F854
S32560232580404144F48044C3F84041D3F8B841D3F840516D0404D47568ED1BB5F5166FEED3BB
S325602325A00C4007D1C0E90224084CD4F8B0310B43C4F8B031426362B6F0BDC0E90224D3F8AF
S325602325C0B0412143C3F8B0110263F3E700002E40001000E070B514490346144E01EB40218A
S325602325E030880A460844BFF34F8F4FF0E024C4F85C2F20329042FAD8BFF34F8FBFF36F8FAE
S325602326000B484FF40035328800EB4310C4F88C51FFF78DFF10210246C4F88C510548FFF7FE
S325602326209CFFC4F80C5170BD402E2120E056012060D601200002002070B5104C03464FF0A8
S32560232640E0254FF4003604EB40140D482022C5F88C6100EB43102146FFF769FFBFF34F8F5C
S32560232660C5F85C4FBFF34F8FBFF36F8F042102460448FFF772FFC5F80C6170BD402A212007
S32560232680E0D60120000100204168C069C1F30E4110B4E1B943010F4AD35CC3B10E4A92F864
S325602326A0C13002EB40040133A4F8CC10092B28BF0023D118DBB282F8C130D2F8403B81F8E6
S325602326C0C20020335DF8044BC2F8403B70475DF8044BB1E7402A2120A0CC01201549F8B54D
S325602326E091F8C02091F8C100D3B282421FD00133114E092B28BF0023CA1892F8C20001EB7B
S325602327004005B5F8CC2002EB401401321F2A06EB0407345D01D87E7836B9DBB281F8C03054
S32560232720FFF78AFF2046F8BDA5F8CC20FAE74FF0FF34F7E7A0CC0120402A2120CEE738B5E2
S32560232740174D4022174C95F86C3105F5366004EB831400EB431000232146FFF7E8FEBFF331
S325602327604F8F4FF0E02304F12002C3F8704F4034944201D9C3F8702FBFF34F8FBFF36F8F61
S325602327804FF4802102460848FFF7E7FE95F86C310133DBB20B2B88BF002385F86C3138BDBF
S325602327A0A0CC0120402B2120400100200A4B10B51B7883B1094CB4F86A3163B1012384F8C5
S325602327C0E03CFCF76BFFFFF7BAFF0023044AC2F8843084F8E03C10BD5C230120A0CC0120D7
S325602327E000002E40E2E708B5074B93F8E02C52B9B3F86A31013B9BB23E2B04D8FCF74EFF14
S32560232800BDE808409BE708BDA0CC0120084A0146D2F8403172B643F48043C2F8403148689D
S32560232820D2F8403162B613F4804FF3D0704700BF00002E40F8B50E4D0024012305F5366758
S32560232840264685F8E03C95F86C31B34205D03846FFF7DCFF030658BF4034013620370C2E4B
S32560232860F1D1BFF34F8F0023204685F8E03CF8BDA0CC012070B5214D95F8E13C002B3BD1A5
S32560232880B5F8E22CC2B395F8E46C05F550601C4CB5F8801D00EB461004EB46248A1A2146A1
S325602328A0FFF745FEBFF34F8F04F1200204F50073934234BF012310234FF0E02204EB43139E
S325602328C0C2F8704F20349C42FAD1BFF34F8FBFF36F8F4FF4002102460A48FFF73EFE731CFA
S325602328E00020042BA5F8E20C28BF034685F8E43CBDE87040FCF714BC70BD00BFA0CC012017
S3256023290040362120C0010020054AB2F8823DB3F5917F3FBF591CA2F8821D024AD054704753
S32560232920A0CC0120A943012070B54FF400324FF0E026134C0346C6F88C21124A04EB4024D3
S32560232940B2F8605E02F55A6021462A4600EB4310FFF7EDFD2544BFF34F8FC6F85C4F20342A
S32560232960A542FAD8BFF34F8FBFF36F8F082102460548FFF7F2FD4FF40033C6F80C3170BD94
S32560232980403E2120A0CC0120800100202DE9F347784DD5F84471F807C5F8447130D4790636
S325602329A000F10B83F80104D5734BD3F8683E03B19847790709D56F4B6F4AD3F8843113F423
S325602329C0007318BF012382F86C3E6A4BD3F848311A0640F10D833B0640F10A83664A92F8C9
S325602329E0463F002B00F00083013BDBB282F8463F002B40F0F9820320FCF792FB0FF0A8FA49
S32560232A00D5F8AC31DFF88481002B60D1D5F8BC41002CC4D0C5F8BC41574DD5F860211442BF
S32560232A2035D0D5F8306FC5F86031544BD5F8342F9E421CD1524B9A4219D195F8383FA92B77
S32560232A4040F0A98295F8393F452B40F0A48295F83A3FC22B40F09F8295F83B3F6B2B40F0B6
S32560232A609A820320FCF740FB502385F8463FB6B246F221439E420AD195F8383F012B06D125
S32560232A8095F8393F402B02D13E4B19221A70D5F8643E1C4083D0250CDFF8EC804FF0010941
S32560232AA0002D40F07C82A4B2374E4FF00108002C3FF475AF94FAA4F5B5FA85F506EBC51076
S32560232AC008FA05F5FCF79EFB24EA0504EFE7C5F8AC312D4BD3E90A93D5F8402142F40052D7
S32560232AE0C5F84021D5F840219204F5D5D5F8402122F40052C5F840214FF00112C5F8B42109
S32560232B00D5F8B46116F00116FAD11FFA89F240F28161194C8A42C4F8606139D8B2F5D06F15
S32560232B2080F01A82B2F5817F00F07D810AD8802A00F04381822A00F046814FF00113C5F8B8
S32560232B40C03113E040F202318A4200F05981B2F5A06FF2D1324631463046FCF7F9FA4FEA10
S32560232B6019435B0643F08073C5F85431D5F8AC314AE700BF00002E40A0CC012021090003E5
S32560232B8001000400A415012000000020C0012E4040F621118A4200F0E48100F2E780B2F5F5
S32560232BA0086F00F00081B2F5106FC6D1C9F30743CD4A314604F5366013704FF0CC134FF4E0
S32560232BC0C072C5F8C8314FF0C813C5F8CC31C5F8D031C64BC5F8D4310BF0C2FE4FF480722F
S32560232BE0314604F5246084F86C61A4F86A610BF0B7FE1022314604F1CC000BF0B1FEBC4ADE
S32560232C00BC49BD4884F8C16084F8C060C4F8406BFCF736FD32464FF00151B848D4F8649E84
S32560232C20FCF72EFD30460136FFF706FD082EF9D1B34BC4F8683E0023C5F884304A23C5F829
S32560232C408030D5F8483143F08073C5F84831AD4B2BB194F8443043F0010384F8443094F812
S32560232C606C3E002680220021002BA7480CBF4FF0400A4FF4007AA4F880ADA4F860AE0BF09F
S32560232C806FFEC0223146A14884F8E46CA4F8E26C0BF066FE4FEA0A419D4B9E4A41F0005111
S32560232CA09D481E605E609E60DE601E615E6184F8866E019184F8876EC4F8886EFCF7E0FCFC
S32560232CC0324601999548FCF7DBFC30460136FFF72BFE062EF9D14FF0000A94F86C3E8022C7
S32560232CE08F4853458F4B514684F88CAE0CBF40264FF4007684F8E1AC1E80A4F8A4690BF080
S32560232D002FFE8022514688480BF02AFE52463104864884F8E0A041F0005184F820AF84F8F1
S32560232D2021AF0191FCF7ACFC814A01998148FCF7A7FC814A6F498148FCF7A2FC49F400131C
S32560232D40504643F01C03C4F8643EFFF743FC0120FFF740FC0220FFF73DFC0320FFF73AFC7C
S32560232D60002211461046FCF7F3F9FFE646F221418A4200F0078146F2A1718A427FF4DDAE45
S32560232D80B3F5802FFFF4D9AE6D4B042104F6387084F8396F1B7884F8381F84F83A3F202398
S32560232DA084F83B3F06E0504B01211B7884F8223F04F62270FCF70FFCD8E6022184F8226F09
S32560232DC084F8236FF4E799B213F078037FF4B5AE01F07F020E0658F8222084F8223F84F871
S32560232DE0233F0AD512F4803F18BF01234FF00201544818BF84F8223FDCE712F0010FF3E708
S32560232E0013F0780F9AB27FF498AE02F07F0312F0800F58F8232014BF42F4803242F0010212
S32560232E2048F823209CE713F0780F9AB27FF485AE02F07F0312F0800F58F8232014BF22F406
S32560232E40803222F00102EBE7B9F5E06F22D13E4B324694F86C0EA3F191013C4C002808BFBC
S32560232E60194604F608700AF001FC072384F8093F374BF218BFF34F8F4FF0E021C1F8703F4F
S32560232E8020339A42FAD8BFF34F8FBFF36F8F304831468FE7324623E00C32516800293FF435
S32560232EA04CAEB2F800C04846CC45F5D1B2F802C0B445F1D1060A032E4FEA13460CBF0A7879
S32560232EC01289964228BF1646B9F5007FBCD1214B324694F86C0E03F19101002808BF19463B
S32560232EE01B480AF0C3FBC3E75C2301200200CC00214E0200000020200001002040010020E3
S32560232F007F4F020000000000A0D9012040DA01200EDB01207959020080010020C001002023
S32560232F2040DB0120E056012060D60120400200202F180200000200206D180200C0020020E8
S32560232F40A4150120C2DB012085C52060383B2120404A2120F4C42060274AC9F30F499EB2FA
S32560232F609BE7B3F5702F4FEA1341BFF4E6ADC4F8343FE923C4F8309F84F8383F012204F656
S32560232F803870F0E6190C06297FF4D7ADC4F8309FC4F8343FF2E7012385F8473F67E595FA4A
S32560232FA0A5F6B6FA86F608EBC61009FA06F6403025EA0605FCF726F972E5104BD3F8AC2113
S32560232FC0C3F8AC21D3F8BC21C3F8BC21D3F8B021002AFBD14FF0FF31C3F8B411D3F884319F
S32560232FE0074BC3F8642EDDE402B0BDE8F04741E402B0BDE8F08700BF94AB002000002E40DB
S32560233000A0CC012072B6EFF30583634CC4F884301EF0040F0CBFEFF30882EFF309824FF0E5
S32560233020E023D3F8281DC4F88810D3F82C1DC4F88C10D3F8341DC4F89010D3F8383DC4F8C0
S3256023304094309369C4F89830D369C4F89C30534BD3F880205207FBD5514AD3F88030D2F8CD
S32560233060481FC3F30B234F4F07EE901A4E4EB8EE677A07EE903AD2F84C3FF8EEE77A06EECD
S32560233080903A02F5756302F65472F8EE666A92ED006A77EEE67AD3ED006A67EEA67AC7EE98
S325602330A0866A77EE667AC4ED287AFFF707FA0B233E4AC4F8A400C4F8803010464FF0FF33BF
S325602330C01168202504324B4003F00101013D07FB01F181EA5303F7D1B242F1D1C4F8A830EE
S325602330E0BFF34F8F4FF0E023314AC3F8700FC3F8702FBFF34F8FBFF36F8F2E4A2E4CD36EF3
S325602331002E4843F44053D36602232360D36923F07F0343F04003D361294B1B68834201D9F4
S32560233120FBF740FE002301264FF0FF322360C4F80831244BC4F800314FF0E023C4F80861E1
S325602331401D4CC3F88021C3F88421C3F88821C3F88C21C3F89021D4F80C3123B10135C4F8BA
S325602331600C614F2D02D8FFF711FCF4E7164B02221649C3F840214FF00042154B15485A632A
S325602331800D4AD2F80C312BB14FF0E023124AC3F80C2DFEE70863F4E700FF272000810D409B
S325602331A0A0CC01202083B8EDA8FF272080FF2720A0FF272000C00F4000400840803DCD0BEB
S325602331C0D0050120009F240000002E4000800F4000900D40F100AD0B0400FA05FFF712BF20
S325602331E042681449C2F30E42C069B1F8603E9B1A4FF6FC72134030B419D091F8862E0025E0
S3256023320001EB40040132A4F86E3E072AA4F87A5E28BF2A468C18D2B281F8862ED1F8882EAA
S3256023322084F8580F134430BCC1F8883E704730BCFFF77ABBA0CC0120F8B5284C94F84450C4
S325602332400DB394F85F3FF3B90123E90784F85F3F04D500F081FA08B1AFF30080AA0725D458
S32560233260002384F85F3F6B070DD5D4F8603F53B1EFF305833BB9EFF3108372B6D4F8600F8F
S32560233280B0B903B962B6F8BD04EB83035F6A3B6838461B69984710B17B699B689847013633
S325602332A094F82020F3B29A42EED8D9E70026F7E794F8641F0029E4D1012284F8642F4269E4
S325602332C0C4F8602F02B1916103B962B6002583684577984784F8645FD5E700BFA0CC0120AF
S325602332E038B5D0E904530446DA681B6912681A4202D138BDFFF7A0FF94F8443003F0FF0112
S32560233300002BF7D1A9616269207E0E4B02EB0010007D03EB0010456805202860657E02EBC3
S32560233320051292F8342003EB02135B681860A36DA4F84A10A4F84C10002BDAD0E26DC3F8F4
S325602333408420D6E79003002010B5044694F8443003B910BDFFF770FFF8E7F8B5036D04468D
S325602333600F46066913B1426DC3F88420A37E2BB172B6B36943F00053B36162B6B4F84650F9
S32560233380636BADB201359D4228BF0025B4F848309BB2AB4211D0E36A9D424ED2E3695F55CB
S325602333A072B60120ADB284F84400A4F84650B36943F40003B36162B6F8BDEFF31383002B10
S325602333C02ED1EFF310826AB9EFF3058129B30F2901D91C4B5A5CEFF3118313B19A4228BF5E
S325602333E01A4613466269B2F856209A421FDB73691B02CBD5B4F84830626B9BB201339342EA
S3256023340028BF0023E26A9A420DD9E269D25CD2B29BB2F261A4F84830B8E74FF48072DAE7C5
S325602334204FF0FF33DEE79A1AA16A8A5CEFE7B3F5807FABD1FFF700FFA8E7EB1AA26AD7546F
S32560233440AEE700BFF0E300E02DE9F84F274B054688461B78012B04D000273846AF60BDE808
S32560233460F88F0023DFF89090214E4FF40072D9F800A000F510774380C36096F8213FDFF866
S325602334807CB0DCB282809BF8003053B396F8E0309C4208D1D9F80030A3EB0A03984523D954
S325602334A0FFF7CAFEEFE7631C12493846052B28BF0023F21892F8E18006EB8302DBB2D2F89B
S325602334C0E84001EB482186F8213F22460AF0CEF84046FFF77FF8A4B22C80002CBCD0012012
S325602334E0BCE74FF0FF34F6E70024F4E7A4150120A0CC0120402E21204C4501205C230120EA
S32560233500424B30B51C6889B0002C5AD000212046FFF79AFF002854D02588A5F10C03142BAA
S3256023352070D82022002168460BF01AFA2A46A16868460AF09BF800232380A360029BC4F8C4
S325602335404434BDF80430012B59D1BDF8063041F2050293420CD8B3F5805F11D9A3F5805371
S32560233560013B042B0CD8DFE803F00E2E0B3A3F0041F2140293422DD049F60102934239D0BE
S3256023358042F2190003E069462046FDF783FE03230C25ADF8060004F14002ADF804301C4B6F
S325602335A00095B3F8A439A261A3820023E3616B4603CB2064616418682561A064204607F0A7
S325602335C05AFF09B030BD04F25C40FDF7B9FC42F20100DCE769462046FDF724FED7E7694698
S325602335E02046FDF74DFDD2E7002269462046FDF7D3FFCCE769462046FDF789FDC7E74FF4B5
S325602336000050C4E700232380A360DAE7DC560120A0CC012038B50546FEF7CDF90446FEF78A
S32560233620CAF9001BB0F57A7F02D2FFF705FEF6E7013D02D004F57A74F1E738BD2DE9F047CA
S32560233640404D80462B78002B6CD03F4C0123DFF8049194F8E46C04F55067D9F800A007EB7A
S32560233660461784F8E13CB4F8E23C5BB93846FFF7CDF810F080004CD1B4F8803D84F88C0E98
S32560233680A4F8E23CB4F8E23C94F8E45CB4F8802D2E496802A2EB030C043B01EB45259BB299
S325602336A06544A4F8E23CC5F8008C002B46D101F540610D1838462946FEF739FFBFF34F8F2D
S325602336C005F1200205F50073934234BF012310234FF0E02205EB4313C2F8705F20359D4279
S325602336E0FAD1BFF34F8FBFF36F8F013618483A464FF40021FEF731FF042E4FF0000028BF3E
S32560233700002684F8E46CFBF70BFD002384F8E13C08E0D9F80030A3EB0A03282B04D90123A0
S3256023372084F88C3EBDE8F08794F88C3E002BF9D12B78002BF6D0FFF77FFD94E70020FBF7C0
S32560233740D3FCE2E75C230120A0CC0120402A2120C00100204C45012008B5064B93F8C02064
S3256023376093F8C1309A4203D1FFF766FD002008BD0120FCE7A0CC0120EEE72DE9F74F394C0F
S3256023378007460D464FF0000804F5366ADFF8E490002D4BD094F86C614FF0000B01230AEBD1
S325602337A04616594684F8E03CB4F86A2172B93046CDE90012FFF72AF810F08000DDE90012DD
S325602337C023D1402384F8650FA4F86A31B4F86A6194F86C21C6F140032348AE4203EB82137A
S325602337E018442FD832463946AD1BB0443744002609F03CFFA4F86A61FEF7A1FF1B4BC3F838
S325602338008460002384F8E03CC2E784F8E02C09B9D9F800B094F8652F42B9D9F80020A2EB73
S325602338200B02322A06D9012384F8653F404603B0BDE8F08F0E4B1A78002AF7D0FFF7FCFC4C
S325602338400121B1E72A46394609F010FF761B074B4FF04042A844A4F86A610025C3F88420B3
S32560233860CFE700BFA0CC0120402B212000002E405C2301204C4501202DE9F0410C4F054664
S32560233880DFF83080C7F8680FFEF795F80646A847044628B900232046C7F8683FBDE8F081F5
S325602338A0FEF789F8801B4045F4D8FFF7C5FCEEE7A0CC012040420F0008B50948FFF7DCFF94
S325602338C060B9084BD3F86421920706D5D3F86421054B1A420CBF0120002008BD0020FCE75F
S325602338E0111C0200A0CC012000007F11C3B203EB832383EA9312C0F30723134403EB832310
S3256023390083EA9312C0F30743134403EB832383EA931303EB106000EB802080EA901000EB33
S32560233920C00080EAD02000EBC0307047014608B5FFF7DCFF0B681844FFF7D8FF4B681844D2
S32560233940BDE80840D2E7030F072B2DE9F04F044685B00D4602D0002840F0CD8002F09AF9D1
S32560233960064640B90BF016F8354616230360284605B0BDE8F08F2CB9284605B0BDE8F04F26
S3256023398002F0F8B91DB9204602F072FAEFE7A4F10C08404602F0AAF918B921465848FBF7FD
S325602339A075FB54E903A6DFF85891B54238D8D9F8083067192BB1AAEB0502002138460AF0C7
S325602339C0CFFF0021A019A15141608160D9F8083023B1AAEB06020C300AF0C2FF0C23B5FBF2
S325602339E0F3F203FB1251C9B102FB0333404644E90335FFF79BFF002144F8040CFFF776FFF8
S32560233A00785004310C29F9D1FF2107F10C0054E90323D21A25460AF0A3FFA8E72B46E5E7DB
S32560233A2055451DD8D9F8083023B10023A219A3515360936044F8085C4046FFF777FF25441E
S32560233A40002144F8040CFFF751FF685004310C29F9D1FF2105F10C0054E90323D21AD9E70D
S32560233A600C2305F10C01D9F800200191BAFBF3F703FB0787D9F80430B91A99420BD32846DE
S32560233A8002F078F9054600283FF471AF3246214609F0ECFD77E73846A7EB080BCDE9022357
S32560233AA002F024F901460028E9D1019B9B45DDE902231ED3D9F80830ABF10C074BB1A01980
S32560233AC0A151AAEB060241600C3040F8041C0AF047FF404644E90375FFF728FF2544002187
S32560233AE044F8040CFFF702FF685004310C29F9D1AFE70C37C0E705B0BDE8F04F0DF0DABE60
S32560233B00F0F501202DE9F341C568044603698846154416469D4226D98068A8B9284602F0DF
S32560233B2029F910B928460BF0B3FC2B460246A06013491448FDF702FDA3689BB94FF0FF36C2
S32560233B40304602B0BDE8F0812946FFF7FCFE07460246A3680C490B480095FDF7EFFC002F54
S32560233B60ECD0A760256136B132464146D4E90203184409F07BFDE3683344E360E0E700BF73
S32560233B8081FF00200006012095FF002038B504468068154608B9002038BD1146FFF7D3FEB3
S32560233BA00028F8D0A06001202561F5E738B50C46C9B20546FBF740FB28B1210A2846BDE8C0
S32560233BC03840FBF739BB38BDF0B5044687B00E46154600214FF40072406A0AF0C1FE206A71
S32560233BE010B12049DDF769F8636A03AAE0690393236AE168049300230131ADF814306B0965
S32560233C00ADF81630036800926A1EDF6A164BB84710B9002007B0F0BD206A10B11349DDF73A
S32560233C204CF8F822636A102E4FF0FF001A704FF001030CBF04220C22616AC85401339A4271
S32560233C40FAD1E069626A0368E1685B6A98470028DFD0E069626A0368D4E902155B6A294446
S32560233C609847D7E7D9F50020812402003CF6002038B5436A4FF40075044600212A461846AC
S32560233C800AF06EFEEB22A0F80B50027076224270902282704FF02032C0F80320C0F807208A
S32560233CA094F82B204273228DC28102220274F82242752269C261A26902624AF65522A0F826
S32560233CC0FE2138BD70B504464FF400720021406A0AF046FE656A2269216805F2BF10FBF77F
S32560233CE033FCA369226905F2C31021681A44013AFBF72AFC94F82A30002185F8C23123696E
S32560233D00E069C5F8C631A369626AC5F8CA314AF65523A5F8FE310368BDE870405B6A184725
S32560233D20704738B5857C044675B9D0E902124068DDF710FA2946207CFEF784F9FF21606825
S32560233D4007F08EFB0123A37438BD837C13B504466BB10121007CFEF775F96068FF21019083
S32560233D6007F07EFB0198F3F76DFC0023A37402B010BD2DE9F0411E460368044617461B6E5F
S32560233D809847A8B92046FFF7E0FF0020BDE8F081DB6D204698470028F4D00135B54207EB51
S32560233DA045212368F4D120465B6EBDE8F04118470025F3E72DE9F0411F46036804460D46AD
S32560233DC01B6E1646DDF81880984798B12E44B54205D1236820465B6EBDE8F041184741462B
S32560233DE02846B847236801462046DB6D013598470028ECD12046FFF7A8FF0020BDE8F0811A
S32560233E007047074BC3F8CC01C3F8D001C3F8BC01C3F8C001C3F8C401C3F8C801704700BF8E
S32560233E2000801F4038B5044616480D46FEF784F818BB154BA1029D6007D59A6C22F0FF02F9
S32560233E409A64E2B2996C0A439A6424F0FF040E4D0E48EC60FEF770F878B92A6B0C4BC3F8AE
S32560233E606421D3F864212A63D3F86421D20704D5D3F8643113F4702F01D0002038BD012048
S32560233E80FCE700BFD51B020000002C40E51B0200A0CC012008B5044B04481968FFF7C2FF7A
S32560233EA008B1034B186908BD30F6012000001A0D00002C4008B5FFF7EDFF80F48070C0F39C
S32560233EC0002008BD037A13F0010F0B4B07D0D3F8683F03B11847094B187858B1EAE793F8E9
S32560233EE0AD390BB1FBF7E2BA054B586A80F08070C0F30060704700BFA0CC012024F6012046
S32560233F0000002C40C6E7F8B51D46930707460C46164600D145B9184B25221A7040F2F5121E
S32560233F20164B1A600020F8BD1548FFF7A5FC30B1114B0A221A704FF4FC72104BF1E7114B21
S32560233F400122114983F86821C3F864010F4B0E6003EA054343F400734B600D4B8B630D4B47
S32560233F601B7803B9640221463846FFF75BFF0028D8D0BDE8F8409FE40716012028F6012021
S32560233F804D660200A0CC012000002C400000FF1F02007F1125F60120F8B50746007A0C4638
S32560233FA01546C0071E460ED40E44B44210D03B682A46214638461B69013405F500759847E9
S32560233FC00028F2D10DE0900711D00E44B44201D1012007E03B682A46214638461B6998478B
S32560233FE008B90020F8BD013405F50075EEE70648FFF789FF0028EBD1044B0C221A7040F240
S32560234000A132034B1A60EDE737003A120716012028F60120F0B5057AADF5017D04460F46C5
S3256023402015F0010516461BD0930706D031466E464FF40072684609F019FB0123324639467F
S325602340401A48FFF760FF054630B9194B0D221A7040F21142174B1A6028460DF5017DF0BDD3
S32560234060FDF77CFF0028F7D0637A022B02D16368BB420FD0236820461B6A98470028EBD09D
S325602340802368394620461B6E98470028E4D0022367606372236831462046DB6D984700286B
S325602340A0DAD06368054601336360D5E701003A180716012028F60120F8B50746007A0C466E
S325602340C01546C0071E460ED40E44B44210D03B682A46214638465B6A013405F50075984787
S325602340E00028F2D10DE0900711D00E44B44201D1012007E03B682A46214638465B6A984729
S3256023410008B90020F8BD013405F50075EEE70648FFF7F9FE0028EBD1044B0E221A7040F2AD
S325602341203D42034B1A60EDE727003A190716012028F6012038B51546284A937A13F04004D6
S3256023414012D103F03F03D27A5B0043EAD2136A1C0A43134208D0224B27221A7040F202325F
S32560234160204B1A60204638BD1F4B1B780BB949026D021E48FFF756FE044630B9184B0F2284
S325602341801A7040F20A32174BEBE729461848FFF749FE044630B9124B10221A7040F20D32A1
S325602341A0104BDEE700211348FFF73CFE044630B90B4B11221A704FF444720A4BD1E70E4808
S325602341C0FDF7BAFE0028CDD0054B282200241A7040F21332034B1A60C4E700BF34F60120A9
S325602341E00716012028F6012025F6012000001A2000001A2100001B264D6602002DE9F041CB
S32560234200057AADF5007D06460F4615F00105144620D095074FF0010353480CBF16466E462C
S325602342203246FFF770FE054638B9504B0B221A704FF45D724E4B1A6007E0A64205D04FF47F
S3256023424000726946204609F011FA28460DF5007DBDE8F081FDF782FE80460028F5D0737A33
S32560234260012B02D17368BB4223D0336830461B6A98470028E9D03F48FFF7FEFA30B13B4BB9
S325602342800A221A7040F2B132394BD4E73A4B9A6A42F480329A624FF400725A60374B1B789A
S325602342A023BB79023648FFF7BDFD08B3012377607372314B5A6A90050DD49A6A22F48032D1
S325602342C09A6272B69A6A42F400329A629A6A42F480329A6262B62B48FDF72EFE88B1234B8F
S325602342E01A221A7040F25632214BA4E73946D9E71E4B0C221A7040F2BD321D4B00251A6036
S32560234300A3E704F500721C4F7B6A1905FCD5231F04F13C01386A43F8040F8B42FAD1403470
S32560234320A242F1D11848FDF707FE30B10F4B1D221A7040F261320E4BE0E73A6B134BC3F84E
S325602343406421D3F864213A63D3F8642192077FF57CAFD3F864210E4B1A4201BF73684546AF
S325602343600133736071E700BF11003A110716012028F601204D66020000002C4025F6012060
S3256023438030003A121D1C0200451C0200A0CC012000007F1170B50546FDF7E0FD0446A8B179
S325602343A06B7A9BB10026114A11486E723146936A23F480339362FFF735FD48B90D4B0922AA
S325602343C004461A7040F2D3320B4B1A60204670BD0A48FFF751FA0028F8D0064B0A2234466C
S325602343E01A7040F2D732044B1A60EFE700002C400000DB0C0716012028F60120FD1B0200E6
S3256023440010B514480C46FFF737FA40B1124B0A2200201A7040F24B42104B1A6010BD104B99
S325602344209A6A22F480329A624FF400725A600D4B1B7803B9640221460B48FFF7F3FC0028E8
S32560234440ECD1054B0E221A7040F25742034B1A60E4E700BF4D6602000716012028F60120BD
S3256023446000002C4025F6012020003A1938B5174C00211748A36A23F48033A362FFF7D2FC28
S32560234480054640B9134B09221A7040F23D22124B1A60284638BD1148FFF7EEF940B10D4BF2
S325602344A00A2200251A704FF410720B4B1A60F0E7636A9B07EDD5616BA36AE26A23F480330C
S325602344C042F08062E2626163A362E2E700002C400000DB0C0716012028F60120FD1B02007F
S325602344E038B5044618480D46FDF726FD40B1174B0A2200201A704FF4CC72154B1A6038BDB9
S32560234500144B0122214683F86821C3F86401124A124B13481D605A60124A9A63FFF782FCED
S3256023452038B90A4B04221A7040F29F12084B1A60E5E7FFF7C1F90028E1D1044B25221A70D6
S325602345404FF4D172024BF2E74D6602000716012028F60120A0CC01204000010000002C40BA
S3256023456011003A0602007F11134B30B50C4685B01968FFF757FCE8B1104B04F10F051A69BB
S3256023458000925A6901929A690292DB690393002323F0030203F0030101331032C9000F2B8E
S325602345A06A4452F8102C22FA01F205F8012DEFD10023E37305B030BD30F6012000002C4076
S325602345C04FF47A7358431E4B5A6AA3F51033D3F800110623C2F3C22201F03F010132B1FBD1
S325602345E0F3F1184BB3FBF1F30921B3FBF2F3012230B51401B3FBF4F4844201D9013902D13C
S325602346001446012102E05200F3E70131B3FBF4F5854202D910291444F7D10B4801395208DC
S32560234620C36A23F47F2323F47F6343EA011343EA022343F46023C362436A1B07FCD530BD13
S3256023464000C00F4000EC695E00002C40704708B5002047F2B802FFF7D4FB41F2B801074B19
S32560234660C3F8BC23C3F8C023C3F8AC23C3F8B013C3F8B423C3F8B82308BD00BF00801F40E6
S325602346802E4B0520D3F8002142F0800210B5C3F80021D3F800212A4C22F03F02C3F8002121
S325602346A0D3F8002142F01802C3F80021D3F8002122F08002C3F8002103F51033D3F880205B
S325602346C042F00C02C3F880205A6A22F460525A62DA6942F48032DA615A6A42F400625A62F0
S325602346E0FFF78FFBA36C43F00043A364E36A43F0807343F40043E362E36ADA01FCD44FF4B8
S32560234700C870FFF75DFFFFF7A2FF0E4B0E4A63630E4BC3F8F8210E4B602283F86E204FF028
S32560234720E0234FF48042C3F80C21E36A044A43F00063E362D36A1B01FCD410BD00800D40C7
S3256023474000002C400B007F11A91B02000018012000E400E00368FF221B685A66DA6D12F4EA
S32560234760F81FFBD0586FC0B2704770B5C37C0446012B10D0867C0EB9FFF7D3FA201DFFF765
S32560234780E9FFB0F1FF0518BF012516B92046FFF7DCFA284670BD0025FBE7F7B5184F044606
S325602347A01346061D3D6805F59675ADB230460193FFF7D0FFFF28019B207514D0FE281DD1CC
S325602347C06068FF2280F83C200A460021F4F7A8FA002330462375FFF7BDFF3046FFF7BAFF8D
S325602347E0012003B0F0BD3A68AA1A1204DED51D2320466374FFF7A9FA0020F2E71823F7E758
S325602348004C45012038B5094D041D2B68194489B22046FFF79FFFFF2801D1012038BD2B6832
S32560234820CB1A1B04F4D50020F8E700BF4C45012003682DE9F3411B6A044601920D46984769
S3256023484000283AD0A37C13B92046FFF76AFA0C2D2AD1606845F04001271D032600900DF185
S32560234860040806F0FDFD009818F80610013E009006F0F6FD721C0098F6D1002D0CBF9521A2
S32560234880872106F0EDFD0A213846FFF763FF3846FFF760FF0306207503D5013989B200291F
S325602348A0F5D102B0BDE8F0814FF496712046FFF7A9FF0028CDD1002DCBD0FF20F1E770B5E9
S325602348C000220D463A210446FFF7B2FF30B1122320466374FFF739FA002070BD291D261D3C
S325602348E03046FFF737FF01F8010DA942F8D12046FFF72BFA0120F0E738B5154600220446A5
S32560234900FFF796FF30B11B23637420460025FFF71CFA0AE0294610222046FFF73EFF054687
S325602349200028F2D02046FFF710FA284638BD0A460921E1E7036870B59B6D0D460446164668
S32560234940984703284FF01101204618BF6D022A46FFF76EFF30B10B23637420460025FFF78D
S32560234960F4F90BE04FF4007231462046FFF715FF05460028F1D02046FFF7E7F9284670BD2F
S3256023498038B503680D4604469B6D984703284FF01201204618BF6D022A46FFF749FF30B1FA
S325602349A00C2320466374FFF7D0F9002038BD0120E074FBE738B500240C2105462246C474AE
S325602349C0FFF736FF30B1092328466B74FFF7BDF9204638BD2846FFF7B8F90120F9E7F8B5FF
S325602349E0044617461E46FFF7CBFF88B90020F8BD4FF400722046FFF7D0FE0028F6D001354A
S32560234A00AE4207EB4521F3D12046BDE8F840D1E70025F5E72DE9F84306460C4617461D4656
S32560234A20DDE90889FFF7ACFF98B12544AC4203D13046BDE8F843BDE74FF4007239463046DD
S32560234A40FFF7ABFE28B120464A4639460134C047ECE70020BDE8F883C27C022A02D10368E9
S32560234A605B6E1847012A00D1A4E701207047F8B51E46C37C04460D46012B174602D18369F1
S32560234A808B4207D029462046FFF77AFF08B90020F8BDA5610025B54207EB452109D1A369AF
S32560234AA0207F2B44A3610028F2D12046BDE8F84080E74FF400722046FFF76FFE0028E6D06A
S32560234AC00135E8E72DE9F0471E46C37C04460D46012B1746DDE9089A02D183698B4208D066
S32560234AE029462046FFF74CFF10B90020BDE8F087A56105EB0608454509D1A369207F334488
S32560234B00A3610028F2D12046BDE8F04752E74FF4007239462046FFF740FE0028E5D0284689
S32560234B20524639460135C847E5E738B503680D4604469B6D984703284FF01901204618BF27
S32560234B406D022A46FFF774FE30B10E2320466374FFF7FBF8002038BD02230120E374FAE7BA
S32560234B607FB503680E4669460446DB6C1546984780B19DF80A305A0611D403F03F039DF830
S32560234B800B205B0043EAD2136A1C3243134206D02723637420460025FFF7D7F826E0637D77
S32560234BA020212046032B1CBF76026D023246FFF73FFE08B12623ECE72A4621212046FFF747
S32560234BC037FE02460028F5D126212046FFF730FE0028EFD142F210712046FFF713FE0546BB
S32560234BE008B92823D5E72046FFF7AFF8284604B070BD38B54FF416710446FFF703FE0546CF
S32560234C0030B91E2320466374FFF79FF8284638BDFD21606806F024FC2046FFF796F80023AB
S32560234C20E374F3E737B5154604464068019006F017FC294625464FF4007300220198F4F7B1
S32560234C406FF855F8040FFF21019006F009FC0198FF2106F005FC2846FFF77CFD207500F046
S32560234C601F00052807D0202320466374FFF76DF8002003B030BD0120FBE713B501914FF44D
S32560234C8016710446FFF7BEFD019A30B9242363742046FFF75AF8002005E0FC212046FFF73B
S32560234CA0C1FF0028F4D002B010BD036870B59B6D0D4604461646984703284FF018012046E7
S32560234CC018BF6D022A46FFF7B3FD30B10D23637420460025FFF739F80AE03246FE2120466E
S32560234CE0FFF7A0FF05460028F2D02046FFF72DF8284670BD10B4047F34B103689C6A012384
S32560234D00A4465DF8044B60475DF8044BCDE710B50446DCF726FB204610BD70B5044686B0A2
S32560234D200E46154815490025DBF7D7FF18200AF0AFFB134B01464560036001230561037583
S32560234D40C0E9025501A8DCF719FB01A9301DF2F704FB01A8DCF73AFB4FF47A732573A360DF
S32560234D60084B656023607369236113B15A6801325A60204606B070BD00060120AEFF0020FF
S32560234D802CAC00205C0B00200023074AC0E90133D2F88C3913B9C2F88C0970471A465B6836
S32560234DA0002BFBD150607047A0CC012001461F4A00F5407001F5F07370B501F558741D4687
S32560234DC06033A34229D101F5986484422AD1184B0846D3F89829C3F898490023C1F8C0248C
S32560234DE0A1F84A30A1F84C30BDE87040C1E96033C1E96233C1E96433C1E96633C1E9683368
S32560234E00C1E96A33C1E96C33C1E96E33C1E97033C1E97233C1E90333B6E7166843F8606C90
S32560234E201560CCE7FBF748F84030CEE700480120A0CC01202DE9804897B0B84EDDF755F927
S32560234E404FF0000A0123B64ADFF814B31370CDF80CA086F86C3F86F86D3FFBF711F8B14B80
S32560234E601B6833B396F86C3F1BB3DBF8082CDBF80C3C9B1A02331CD0DBF8083C03F0010333
S32560234E8003F540735BF8230098B102F0C4FBA64B1A78022A40F0878001200DF091F80023BE
S32560234EA0A04A1360A14AD2F800A0A14A136002F063FE96F86D3F1BB19E4B1868DCF718FAB2
S32560234EC0F1F74CFD984B994D1B78022B40F00F8200200DF075F810B90123934A13702B6864
S32560234EE0A3EB0A03012B82BF8E4B01221A6004F079FCD6F8703FDB0706D4FCF75CFD012399
S32560234F00C6F8740FC6F8703F02F02FFF78B1FEF723FC00280BDDFDF7E1FBFEF71DFC0028E7
S32560234F20F9DC01238BF8103C0023C6F8783F9BF8113C002B91D0FCF73EFDD6F8743FC01A93
S32560234F4040F2B633984288D9FCF735FDD6F8784F794BDFF810821C44784DC6F8740F04F130
S32560234F60200714F8019BB9F10F0F03D841462846DBF7B2FE10224946284602F009FFD6F8C8
S32560234F80783F0133B3F5806FC6F8783FC0F01E836A48FCF7ADFAFDF709FC0023C6F8783F63
S32560234FA08BF8113C59E7039BC3F30801644B19B94FF0FF30C3E901010793012A614B5B682A
S32560234FC008935C4BD3F800A040F08B815E4B986928B9DAF800301B6A504698472EE05A4B25
S32560234FE00024534D02275B690293DCF737F90490F0F767FF10210498F1F7D1FF230104F160
S32560235000410001340233C0B2C5E9013701F030FE082CF3D10298F1F72FF84B490EA84A4D63
S32560235020F1F786F909A8DCF731FA029B03EB8303DBB20593DDE913239A4252DD434B1B7873
S32560235040002B47D000210A2380220B24084605F0DBF92C2309220A21002005F0D5F92C2378
S3256023506009220A21772005F0CFF90A2380223621002005F0C9F92C236E220A21092005F0D8
S32560235080ADFB04F00303214676220A200333009323460134DBF79DFD362CF2D12C4A01212C
S325602350A00C20DBF755FDBAF8043045F25312934208D044F65302934204D044F2383293423B
S325602350C040F013812348DBF753FD234A38210120DBF73EFD039B07A80133039306F096FD62
S325602350E0DDE609A90EA8F0F787FE059B1827C4B203EB00085FFA88F30493049AAB6953F8DD
S325602351002290164B07FB0237042C00F2D180DFE814F04E00CF00DD002B00C000A0CC012008
S325602351202843012018110120AC0F01206C230120E43001202C430120D43E01200006012065
S325602351401CF40120001000E03C330120B0360120CBFF0020D6C50020D3FF002094070020BC
S32560235160D43601202FE60020029A2224B04B0B9904FB02340A98AF4B023194F8C9210D300E
S3256023518003EBC203082205F0B9F994F8C93133B93B464A46A84909A801F0C8FD4AE7A64907
S325602351A009A8DCF77AF909A8DCF738FA42E70A9B5A220B990233DFF89C8202311846C8E95F
S325602351C0013100929D4A01F05FFD0B9B0D9A02330499C8E901231823994A03FB0128D8F845
S325602351E01030002B49D053F8290001F05FFD9DF825302BB13B464A46DDE90B10F1F7A1FEA2
S325602352009DF82430002BCED09DF82530002BCAD10A9F08230B99422207F11A0802314046F4
S32560235220049105F0F1F8D5F8C0220499B2F17C6F4FEA925325D33F3B0624D5F8BC22B3FB85
S32560235240F4F494420DDA6FF00500D5F8B82200FB04304223224400934346181A01F014FDCB
S3256023526004990B34D5F8BC329C429CDA754B052207F15C0005F042F995E7484601F02EFD29
S32560235280B5E742234046049100934346D5F8B822E4E72223029A03FB025393F8C9319BB9CE
S325602352A06A691821684B01FB023393F87C362BB13A46494609A8DCF7FFF8BBE6634AF96823
S325602352C009A806F0F1FAB5E6614AF8E70B9B0A9A0233604902326048C1E9012305F048FC83
S325602352E061E7DAF800305B6A76E65C48EBE6DFF884914F4CD9F80080D5F80421D5F8083175
S325602353009A4222D00EA802F095F995F860301BB19DF83830042BEFD0BDF83A0005F04BFFFE
S3256023532007460028E8D101234D4ABDF83E1013609DF838209A4269D1BDF83A30082B27D138
S3256023534011F0110F62D085F86220464B3C211A68D5F81031D21A6B684B439A4240F21C81FC
S3256023536095F86140002C40F01781012385F860303D4B1B78A3423FF4B2AD002C40F01E81C4
S325602353800221D9F80000DBF7A1FF374B1C70A6E5042B30D111F0110F029337D0D8F80020A8
S325602353A04046D26B9047F0B108F1100239462F48A2614FF4277209F0D3FAD8F800202B491F
S325602353C04046526B9047029BA52239461B4867602770C4E902374FF0FF33636109F0C0FAB8
S325602353E0384602F057F9224B00221A70B5F85C30A5F85E3080E7012B08D1C90606D585F854
S325602354006030B5F85C30A5F85E309EE7A369002B3DD1022AD8F800302ED0052A06D0012AEB
S325602354209B6A2AD10EA94046984765E7DB6AF9E73C33012084AC00206B3601200836012055
S3256023544094070020A4AC002000012020C2FF0020C7FF0020E43001204A360120CFFF0020CC
S32560235460181101204C450120AC0F012058330120B03601202C4301209B6A0EA94046984767
S32560235480BDF83E30534AC3F30013137034E7022A3BD1BDF83A30042B3FF42EAF082B07D0BC
S325602354A00022012BA2617FF427AF85F860304CE7E368032B0DD0042B14D0237883F001030E
S325602354C023700023C4F8C032434B1B68C4F8C83212E76369222202FB034393F8C931002B1C
S325602354E0EBD009E76269222303FB024393F8C931002B7FF401AF394B182101FB023393F8D9
S325602355007C36002B3FF4F8AED7E7052A7FF4F4AEBDF83A20B2F5807F24D0B2F5007F7FF408
S32560235520EBAE2278E768BDF93C103AB36269049302EB82021744FFB2272F53F827203FF675
S32560235540DBAE4FF0180C2648114402920CFB0700DBF75DFF029A82423FF4CEAE049B43F85A
S325602355602700C9E66369BDF93C00184480F3030083423FF4C1AE02F08DF8BDE62046F0F76E
S3256023558010FCE3689F423FF4B7AE002B7FF4B4AE144802F063F8AFE695F8603053B995F8BE
S325602355A062204AB1B5F85C20022485F86230A5F85E20DDE60024DBE60124D9E60BB90321F8
S325602355C0DFE6022C7FF4E1AE0021DAE6BC427FF4C8AC42E4B0360120E030012000012020E8
S325602355E0940700200C36012030BFFDE7214A052110B5144613689B88834238D053689B8838
S32560235600834208D1131D1C4A93421ED0181B801010BD1A46EEE793689B88834202D102F19C
S325602356200803F0E7D3689B88834202D102F10C03E9E7013902F11003EBD10F49C91A0829CF
S325602356400BD00C2903D004290CD01720E0E7116989888142D7D002F114031A689288824278
S32560235660D1D004331A6892888242EED1CBE71346C9E700BFA8A9012004AA01201549CA685F
S3256023568070B50244D1E90145A24212DBAA42A8BF2A462E1B0B69CA60042E034412DD00280B
S325602356A009DA012B03DC9442ACBF002301230B6170BD2246EDE7022BF9DDAA42B4BF03238E
S325602356C00423F4E7002B03DBB342A8BF3346EEE70023ECE754F6012010B5674C236813B164
S325602356E004F17400984794F87530DF2B0AD8B02B7AD04DD8902B65D0A02B00F08B80802B11
S3256023570054D010BDE03B1F2BFBD801A252F823F0857F02009B7E02009B7E02009B7E020080
S325602357209B7E02009B7E02009B7E02009B7E02009B7E02009B7E02009B7E02009B7E020008
S325602357409B7E02009B7E02009B7E02009B7E0200B57F0200CF7F0200E17F020003800200E7
S325602357609B7E02009B7E0200078002009B7E0200617F0200717F02006D7F0200757F02000E
S32560235780797F02009B7E02007D7F02000B800200C02B41D0D02BB4D1E369002BB1D094F8E0
S325602357A0761094F87400BDE810401847A368002BA7D094F8772094F8761094F87400BDE8FF
S325602357C010401847E368F2E7A36B002B99D0BDE810401847E36BF8E7236CF6E7636CF4E734
S325602357E0A36CF2E7E36CF0E76369E0E7226A002A87D094F8771094F87630C90194F8740063
S3256023580003F07F0301F47E511943BDE81040A1F5005110472369CAE7A369BEE7636A002B51
S325602358203FF46FAFB4F8761014488029BDE8104028BF80211847A36A002B3FF462AF94F873
S325602358407600BDE810401847E26A002A3FF459AF94F8773094F87600DB0100F07F0003F4CD
S325602358607E53BDE8104018431047236BE4E7636BABE7236DA9E700BF54460120CC460120A1
S32560235880044B03EB8000D0F8A00410B103689B6918477047A0080120096910B5044629B1EC
S325602358A00B680022DB6B9847204610BD4FF47A73416001738360024B01610360F4E700BF9E
S325602358C05C0B00202DE9F74F002604460D46DFF898808660C0E90066D8F800702846D9F737
S325602358E0F9FE00283ADAFDF7A7FCD8F80030AA68DB1B9342F2D301232B7330E00A282ED0B1
S32560235900226801AFA368BA428DF8040003F1010A8DF805601BD813449F4218D2A7EB020999
S325602359204FF0010B51462046FBF7EFFF0028D3D02368A2689818BBF1000F0BD013F80910EC
S325602359409954236803F80A60C4F808A0C4E74FF0000BE7E739460AF0D7FEF5E7CED120468B
S3256023596003B0BDE8F08F00BF4C45012070B5264C4FF0FF35ADF5756D40F64C72204600214D
S3256023598040F8045B08F0ECFF01A940F64C72E020A560DCF799FB1D49019B8B4229D1BDF87C
S325602359A00C20B2F5746F24D1BDF80E5004A80023013A19D2DB439BB29D421AD1A368029ACF
S325602359C09A4201D2013314D1002340F64C7201A90F48236007F04AFE4FF474620D490E48D7
S325602359E007F044FE01200CE010F8016B33449BB2DEE723680133EFD14FF474630020616061
S32560235A00A3810DF5756D70BDF01821200441434FF418212000192120B0092120F8B506460E
S32560235A200F46174D0FB901240DE0AB686BB964212846FDF709FD044638B926B101463A464D
S32560235A40304608F08DFF2046F8BD6B882C88E41ABC4228BF3C4636B1A9683046264422465C
S32560235A60194407F003FE6B883F1B1C442B88A4B2A3426C809EBF00232B80AB60D2E700BF13
S32560235A80A008012010B50C210446FFF7C7FF18B1A088831E5842584110BD2DE9F74305468F
S32560235AA00E460DF105000121FFF7B8FF074628B19DF80530002B5ED105B12B70384603B06B
S32560235AC0BDE8F08302210DF10600FFF7A7FF00284FD09DF80530013B4B4503D1BDF80630C6
S32560235AE0002B46D145B1BDF806307F2B0FD8B21EA2420FD92B55013409F101099DF805304A
S32560235B009945DFD3002DD9D000232B55D6E7B3F5006F0ED2F21E94420BD2990903F03F03A5
S32560235B20621C61F03F0163F07F0329550234AB54E2E7444505EB04000AD3351B0021A642C9
S32560235B4038BF00252A462C4408F00AFF0025D3E71A0BC3F3851103F03F0362F01F0261F076
S32560235B607F0163F07F032A55A21C41700334AB54C2E70027A2E74FF00009A6F104084C464D
S32560235B80BCE7F0B589B00446142103AF3846FFF784FF054628B19DF80C602EB9FCF78EFC4A
S32560235BA02060284609B0F0BD384608F034FF0E2806D99DF814100023082B03D1542905D015
S32560235BC00025EEE7FA5C303A092AF9D801330F2BF2D1A6F1300301A8C3EB431203EB820265
S32560235BE09DF80F30303B03EBC2039DF80D20303A02EB820202EB820203EB82039DF80E20E6
S32560235C00303A02EB820203EB42039DF811206C3B313A8DF80A309DF81030303B03EB8303A2
S32560235C2002EB43039DF813208DF80930303A9DF81230303B03EB830302EB43039DF8162004
S32560235C408DF808300023303A8DF807309DF81530303B03EB830302EB43039DF818208DF877
S32560235C600630303A9DF81730303B03EB830302EB43039DF81A208DF80530303A9DF819303C
S32560235C80303B03EB830302EB43038DF80430FBF7AFFD85E7064B186848B1586838B10C2304
S32560235CA0B0FBF3F203FB1200B0FA80F040097047F0F5012010B5FFF7EDFF044610B10124C4
S32560235CC0204610BD08490C204B68B3FBF0F200FB12320AB19B1A4B604B68F02BEFD808F061
S32560235CE059FE1C230360EBE7F0F50120F7B5204A05461368984214D352681344984210D8DA
S32560235D00046874B14768BC420BD30C23B4FBF3F603FB16462EB9FDF709FEAB68019098425D
S32560235D2002D0002003B0F0BD07F10C031D440198FDF7DCFD04220190A8190DEB02010BF04C
S32560235D4054FE0028EDD104360C2EF0D105F10B03C5F1FF25E71B05F57F05F535EA189742EA
S32560235D6001D80120DEE713F8012FFF2AF6D0D8E7F0F501202DE9F74F06463C4FFFF78AFF3A
S32560235D80054638B908F006FE16230360284603B0BDE8F08F012ED7F804B038BF0126ABF1F5
S32560235DA00C039E4208D9FB68002B52D108F0F2FD0C2300250360E9E7D7F8008006F10C0316
S32560235DC044460193A4EB08029345ECD92046FFF78DFF20B12568183525442C46F2E7254634
S32560235DE02846A5EB0409FFF781FF82460028F4D1019B994527D3A9F10C09204604F10C0555
S32560235E00C4E90096FDF792FDBB680646A06023B14A465146284608F0A3FD019B0027234499
S32560235E2098463046FDF762FD48F80700043706460C2FF6D1FF2108F10C00D4E90023D21A71
S32560235E4008F08EFDA2E70C35A5EB08029345C4D9C6E73146384698477B689842A6D97860C8
S32560235E60FFF728FF002889D1A0E700BFF0F5012070B50446FFF70EFF20B908F08BFD1623AA
S32560235E80036070BD002CFCD0A4F10C052846FFF72DFF0028F5D00F4EB3682BB154F80C2CF6
S32560235EA00021204608F05CFD54F8083C0021E018E15041608160B3682BB10C3054E903238F
S32560235EC0D21A08F04DFD002344F80C3C6B60AB60D7E700BFF0F50120242870B504460FD869
S32560235EE0084D094B55F820601820314400FB0430DBF78DFA864203D045F82400012070BD24
S32560235F000020FCE78CEC0120001700200C4A9079A0B192F83C0092F83D108842CBB20BD0B6
S32560235F200133DBB20C2B28BF0023991C02EB8101486882F83D3070474FF0FF30704700BF80
S32560235F40E0E801202DE9F347541C9846037907465FFA84FA0D469DF8289053459DF82C6038
S32560235F6005D14379434502D183794B450BD04A464146504604F0F6FF87F804A0386087F874
S32560235F80058087F80690202CD7F8008027464FF0000928BF202705F1070AB6FBF4F304FBC2
S32560235FA0136604EB440407EB470364104234E41A09EB490018F0010F20441DBF07230222A1
S32560235FC0691C012304BF02225146019004F00AFD4E45019805D1022305F109011A4604F00A
S32560235FE001FD09F101094FEA58084F45E0D102B0BDE8F087082A28BF082270B502EB4202D1
S32560236000C51E0E46AC1AA54200D170BDF30728464FEA5606A5F1030547BF02220823012301
S3256023602002224CBF1146092104F0DCFCEBE70023114A30B582F87F30031E07D1302310465B
S3256023604082F87E30202300F87D3F30BD12DA5B422D210A4A0A241046B3FBF4F504FB15331E
S32560236060303302F8013D2B46002DF4D1023802F8011CEAE72B21ECE7A9F4012028F501205C
S3256023608008B5FFF7D4FFBDE8084004F071BD10B50C4604F00BFD084B2021C4F18004984228
S325602360A003D8BDE8104004F063BDC21AA242F8D300F8011DF3E700BFA9F4012010B504466C
S325602360C0C968DBF7EAF9237823B12046BDE81040F0F7FDB910BD102A28BF102202EB420299
S325602360E0F8B506460D46C2F1800400F10807802C00D1F8BDEB0720464FEA550504F103047B
S3256023610043BF08230222711C01235CBF0222394604F068FCEBE74FF4C0635843094B0001B6
S32560236120C3F84408C3F84C08C3F85408C3F85C08C3F86408C3F86C08C3F87408C3F87C08BE
S32560236140704700BFA02401204A08072813B501F001014FEA421201EB410102F11C024FEA1A
S32560236160C103D2B203F11D0312D800F003018008012400EB400001EB8101009440004900F9
S3256023618004301B3100F0FE0004F044FB02B010BD0D28FBD8A0F1080400F0010000EB400095
S325602361A0C100C4F34600012440011D3100942D30C0B2E9E74178132930B50CD8427945886B
S325602361C0054B003A047918BF012223F8215003EB81039C70DA7030BD3CF8012010B5024692
S325602361E00F210020DAF7B4FC282330221721002004F0F4FA20232F2200201946DAF7E2FCAC
S325602362002A232F2200201946DAF7DCFC34232F2200201946DAF7D6FC09232E22182101208F
S32560236220BDE81040DAF7CCBC08B508220B4B0F213820DAF7D6FC0A4A0F214220DAF788FCE4
S32560236240084B082219213820DAF7CBFC064A19214220BDE80840DAF77BBC00BF18470020EF
S32560236260E9FF0020D00F0020F2FF002001B120304028DCBF014B23F810207047F0E0012039
S3256023628001B1203040289ABF024B33F810000020704700BFF0E00120114B122202FB0030E6
S325602362A090F8413290F84002184300F0E000602810D007D820280FD0A0F140025042504101
S325602362C040007047802809D0A0F1A003584258418000704703207047012070470620704790
S325602362E0A02401200138112800F2F180DFE810F0120021002C003700460051005C006B00A0
S325602363007600810090009B00A600B500C000CB00DA00E5006E4A92F8B0300B44DBB2012B03
S3256023632003D8022382F8B0307047202B88BF2023F8E7674A92F8B1300B44DBB2202B88BF85
S32560236340202382F8B1307047614A92F8B2300B44DBB21F2B88BF1F2382F8B23070475C4AE0
S3256023636092F8B3300B44DBB2012B03D8022382F8B3307047202B88BF2023F8E7544A92F82F
S32560236380B4300B44DBB2202B88BF202382F8B43070474F4A92F8B5300B44DBB21F2B88BF55
S325602363A01F2382F8B5307047494A92F8B6300B44DBB2012B03D8022382F8B6307047202B8F
S325602363C088BF2023F8E7424A92F8B7300B44DBB2202B88BF202382F8B73070473C4A92F8F5
S325602363E0B8300B44DBB21F2B88BF1F2382F8B8307047374A92F8B9300B44DBB2012B03D88D
S32560236400022382F8B9307047202B88BF2023F8E72F4A92F8BA300B44DBB2202B88BF202362
S3256023642082F8BA3070472A4A92F8BB300B44DBB21F2B88BF1F2382F8BB307047244A92F80C
S32560236440BC300B44DBB2012B03D8022382F8BC307047202B88BF2023F8E71D4A92F8BD3010
S325602364600B44DBB2202B88BF202382F8BD307047174A92F8BE300B44DBB21F2B88BF1F233C
S3256023648082F8BE307047124A92F8BF300B44DBB2012B03D8022382F8BF307047202B88BFC5
S325602364A02023F8E70A4A92F8C0300B44DBB2202B88BF202382F8C0307047054A92F8C130C7
S325602364C00B44DBB21F2B88BF1F2382F8C130704780ED01201B4B002283F8992040F20122C3
S325602364E0A3F89A20184AC3F89C2002F10432C3F8A02002F10432C3F8A42093F83820022A8A
S325602365001DD1124AC3F8A82002F10432C3F8AC2002F10432C3F8B02002F10432C3F8B42009
S3256023652002F10432C3F8B82042F22342A3F8BC2003F1BE020649521AC3F89420704703F17D
S32560236540A802F7E78CEC0120030405060F10111225ED01202DE9F04F0E46804685B01C2228
S325602365602021304603F0F6FF224F98F80030C1464FF0010B57F8334007EBC3035D683444B9
S3256023658008F1020320350393E91EE01E1A4B082203F0B4FF19F8013F2046294607EBC30272
S325602365A057F83340CDF800B0D2F804A034440AF1200522462B4604F02DF9039B4B45E3D140
S325602365C098F8002029462046CDF800B007EBC20357F832205B683244203304F01BF9064BFB
S325602365E008220AF11D01E01E05B0BDE8F04F03F085BF00BFB4AC00205826002070B50446B5
S32560236600144D04F04DFC08B96B7A0BB30A2304213B201A4603F0F8FE6B7A8BB1207B0A2310
S32560236620042100F001001A4680013B3004F0D6F8094B207B05223C21BDE8704004F0C2BC73
S3256023664095F86C10054B064A002908BF1346F0E770BD00BF30320120B00E0020A80E0020C5
S32560236660A00E0020F0B53C4E89B004460F46944603AD0FCE0FC5336803A82B6000252A461B
S3256023668050F8041BB1F57A7F10DABCF1000F0DD005F1200601350CF1FF3C6E44EDB297FB7B
S325602366A0F1F306F81C3CDBB201FB13770132052AE6D12A4E94F85B1094F85C3094F85D205B
S325602366C03068002945D004320233D11002F0070203EBC113012101FA02F2C15C0A43C254C1
S325602366E094F85B3094F85C20002B0CBF06230423134484F85C304DB101AF0026013617F833
S32560236700011B2046DAF7D9F8AE42F7DB09B0F0BD94F85D3094F85C20034401300A44093381
S32560236720032802F101024FEAE30C03F0070302EBCC12D6F800C007FA03F31CF802E043EA17
S325602367400E030CF80230E3D10029C9D101210020DEE70127FBE700BF14AD0020E43001200C
S3256023676037B5044615461A46084623793BB10923A5F1090103B0BDE83040DAF721BA2369FD
S32560236780002B13DD8C182B4629460190013C2246DAF718FA691E01980091DAF701FA0099A2
S325602367A0204603B0BDE83040DAF7FAB903B030BDF8B5154B154D1C7805EBC005BCB9144F6E
S325602367C0284604F019FB4FF440763B68634373435033984212DC284604F00EFB3B685C43CA
S325602367E07443A4F15003984208DB2046F8BD284604F002FB4F28E2DC0024F6E72846BDE8F1
S32560236800F84004F0F9BA00BF7CED0120F0310120A00501202DE9F04FDFF808A185B0002491
S32560236820DFF804B1DAF800307F2203900020002B4FF003030CBF3F252025009329462B4696
S32560236840DAF7C7F92601039B06F1020973B1204604F0B4FA9AF800200021D9F7F7FA2E4B1E
S32560236860372153F820204846DAF772F9032C08DC1BF804302BB1294B08220021301DDAF7CF
S32560236880B0F9274B4FF4C067DFF8A0802946D3F8C037D8F8002003EB84037A43986ADAF7CD
S325602368A0E3F8291A80EAE0730622A942A3EBE0734846A8BF294621EAE17103F08FFF2046D8
S325602368C004F07CFAD8F80020294601347A430327DAF7CAF8291A80EAE0730622A942A3EB16
S325602368E0E07306F10900A8BF294621EAE171DAF767F93F233246002130460097DAF769F91D
S32560236900082C9FD17F223F23002100971046DAF760F905B0BDE8F08FB8480020700E002078
S32560236920A0240120D805012088300120A005012070B58CB016461D460023039103AA04A91B
S325602369400446F6F749FA002822DBC0F3892040F2FF33984206D104F1200204A92046F6F787
S325602369602BF8A8B9616F06F540760C4A0429009528BF042141EA065304A943EA80232046FE
S32560236980F5F7F4FF002805DA831C08BF6FF03C000CB070BDC0F30900FAE700BF00FCFF7FC8
S325602369A084B030B591B014AC84E80F009DF8903047F6F0528DF807300423ADF804206222B5
S325602369C08DF806201A1F5C1C4033D2B2E4B26B4482420CDBF72203F83C2C7CB92748FCF7D8
S325602369E02DFE11B0BDE8304004B0FBF743BF50326A44127903F83C2C2346E3E79DF804304B
S32560236A00012C4FEA034302D11D481843E7E79DF80520023C0DF1060543EA026040F470406C
S32560236A2040F00400FCF70AFE022C2B4605F103050AD81AD158781A78000440EA022040F052
S32560236A40774040F00700CAE715F8010C033C15F8033C000640EA032015F8023C40EA03405E
S32560236A6040F00400FCF7EAFDDEE7012C09BF18784FF20570034B43EA0020B0E706F0F70060
S32560236A8007F000F70600F70002EBC3022DE9F14F02EB82020C462B4906464FF6FD778B189B
S32560236AA011F90280224693F9035093F9029023466D00C5F12A05294603F094FF224B2246D7
S32560236AC0304603EB8808214B98F901B003EB8909234617FB0B5B99F90110102515FB01B190
S32560236AE04029A8BF40210829B8BF082103F076FE98F902A099F90210234617FB0ABA224626
S32560236B00304615FB01A14029A8BF40210829B8BF082103F063FE98F9032099F9033030467F
S32560236B2017FB02A7224615FB037123464029A8BF40210829B8BF082101B0BDE8F04F03F032
S32560236B404DBE00BF10092120247800204878002070B51D46436F8CB00446032B164625D9A4
S32560236B600191002301AA04A9F6F736F900281BDBC0F3892040F2FF33984206D104F12002BD
S32560236B8004A92046F5F718FF70B9810206F540760123204641EA065204A942F00402CDE951
S32560236BA0022502AAF7F701F80CB070BD6FF01B00FAE70D4B19680D4B013101F0070170B5CD
S32560236BC0C1F108040A4D4E0005EB00151846640005EB4101224606F049FD324629462044E1
S32560236BE0BDE8704006F042BD6822012034EF01206C2201200CB407B5064A05AB80F82110FF
S32560236C00212101930AF08AFE03B05DF804EB02B0704700BFAAD90020033111F0FC0FCBB214
S32560236C2007D0044A23F0030302211344042203F065BC7047502300200A4B00210A4A1B6941
S32560236C400A4819619A6401225A6298624FF43030D862986C186519624FF0011199651A6165
S32560236C60704700BFBC0601203B372819B80B050510B5044CD4E9011203F042FF6368063395
S32560236C80636010BDE4300120F8B50F4606990446551E5E1815F8010F08B1A64200DCF8BD83
S32560236CA021463A46063403F02BFFF3E7F8B50A4B0446D3E9016703461D4601332A78002A17
S32560236CC0FAD1A54200D8F8BD063E3A4615F8010D314603F015FFF4E7E4300120124B73B5FA
S32560236CE0596800289A68A1F1060105D1302002B0BDE8704003F004BF14DA40422D240A25B4
S32560236D00B0FBF5F605FB16003030C0B2CDE9001203F0F6FE00993046019A0639002EEFD1E6
S32560236D202046E4E72B24EAE7E4300120F8B51E46154683680446426808460233124F0232E1
S32560236D40C7E9012303F014FFA36822690233C7E90123336993B153F82500FFF7A7FF63786A
S32560236D602BB133462A46D4E90210F0F7EAF8237843B12046BDE8F840EFF7A9BB2846FFF7AD
S32560236D80ADFFECE7F8BD00BFE4300120F8B54FF0E0224FF40031604D604CC2F88C11287890
S32560236DA02478C3B2A04203D1C2F80C1100204AE001335B4A5B4E072B5B4F5C4C28BF002352
S32560236DC0D05C36F8102002EB40210432645892B2396826F8102004393960554931F8101070
S32560236DE0914203D8DBB22B70FBF79EFD4FF0E0234FF40032C3F80C21002CD7D004F00F052D
S32560236E00C4F30322200AA5F108030132062B37D8082DC4F3033303D1082BC7D1802007E087
S32560236E20092D11D1092BC1D1230E14BF90208020404B1870404B1A70220C404B240E1A70FA
S32560236E403F4B1C700120F8BD0A2D03D10A2BADD1A020EDE70B2D03D10B2BA7D1B020E7E713
S32560236E600C2D03D10C2BA1D1C020E1E70D2D03D10D2B9BD1D020DBE70E2B97D1E020D7E768
S32560236E80AB1EC0B2012B05D9052D0FD1F0281CD9F7281AD0A0F1F1020E2A87D846F6A7639B
S32560236EA0D34013F0010381D00022C1E7042D09D1FBF72AFDC4F30740FBF726FD200EFBF7BD
S32560236EC023FD73E76B1F022B19D8FBF71DFD052D08D0C4F30740FBF717FD072D02D1200EB8
S32560236EE0FBF712FD174A154913880B701B0A14490B7000231380F0220E4B1A70A2E70F2DC6
S32560236F007FF454AFF728C5D8F028D8D00D4B1B88002B3FF44BAFD2E727DB012026DB0120A5
S32560236F20F8DB01201ADB012028DB0120403E21200EDB0120A843012036EC012034EC012041
S32560236F4035EC012022DA01202DE9F843044672B690F84400B4F84A10C0B2B4F84C3062B602
S32560236F60994202D10020BDE8F8830133B4F84820256C934228BF002355F82350A4F84C300A
S32560236F80B0B9E068A0B199422BBF02F1FF325B1A521A03F1FF3328BF9B18A28FB3EB920F6C
S32560236FA006D30123216B84F844302346F9F7C8F9C5F3031305F00F06C5F303284FEA152983
S32560236FC084F85430A6F1080308F10108062B79D8082EC5F303330DD1082BC3D1802384F81A
S32560236FE05630D4F88031E3B12A0EC5F307415FFA88F015E0092E1ED1092BB3D12A0EC5F3A5
S3256023700007415FFA88F015BF9023802384F8563084F8563014BFD4F88431D4F8803103B11B
S3256023702098472B0C84F855802D0E84F8573084F85850012097E70A2E07D10A2B92D1A023F4
S3256023704084F85630D4F88831CDE70B2E07D10B2B88D1B02384F85630D4F88C31C3E70C2E8A
S325602370600FD10C2B7FF47EAFC02384F85630D4F89031002BD5D0C5F307415FFA88F09847DE
S32560237080CFE70D2E08D10D2B7FF46CAFD02384F85630D4F89431ECE70E2B7FF463AFE023BD
S325602370A0D4F8982184F85630002ABAD06B0CC5F306415FFA88F003F47E531943A1F50051BA
S325602370C09047AEE7B31E5FFA89F7012B08D9052E40F08580F02F40F29580F72F00F092800E
S325602370E0F13F0E2F3FF63EAF01A353F827F000BFC5980200D3980200ED980200FD960200CB
S32560237100FD960200F3980200FD960200FF980200FD96020013990200279902003B990200BB
S32560237120FD9602004F99020063990200D4F8A4316BB1C5F30740984709E0D4F8A82132B14D
S325602371406B0CC5F3064003F47E531843904784F8569066E7D4F8AC31EAE7D4F8B031002B36
S32560237160F5D09847F3E7D4F8B431002BF9D1D4F8CC31002BEBD0F820DDE7D4F8B831002BF7
S32560237180EFD1D4F8CC31002BE1D0FA20D3E7D4F8BC31002BE5D1D4F8CC31002BD7D0FB20DD
S325602371A0C9E7D4F8C031002BDBD1D4F8CC31002BCDD0FC20BFE7D4F8C431002BD1D1D4F855
S325602371C0CC31002BC3D0FE20B5E7D4F8C831002BC7D1D4F8CC31002BB9D0FF20ABE7042EC9
S325602371E00DD139462046F9F7CBFCC5F307412046F9F7C6FC290E2046F9F7C2FCB2E6731FFF
S32560237200022B32D839462046F9F7BAFC052E17D1F72F7FF4A7AEB4F87C110B0A84F85710E9
S3256023722084F858300023A4F87C31F02384F85630D4F89C3183B1012204F159009847F8E645
S32560237240C5F307412046F9F79BFC072EE3D1290E2046F9F795FCDEE7D4F8A031002B3FF4F1
S32560237260E8AE04F159009847E3E60F2E7FF47AAEF72F3FF635AFF02F04D0B4F87C31002B6B
S325602372803FF470AE3946B6E72DE9F04389B001902D48F0F72BF92D48F0F728F90023019A2A
S325602372A003A82B49F0F713FB03A92A48F0F755F803A8DAF78BF82748DAF770F8054690B3AA
S325602372C0244E214FDFF884800DF10C0900243046D8F7ECF940B10C2C06D030460134D8F78E
S325602372E0F9F909F8010BF2E79DF80C30502B1ED19DF80D305A2B1AD1394603A8F0F717F98F
S3256023730004469DF80C30502B13D19DF80D30582B0FD1414603A8F0F70AF964B958B90025C6
S325602373200C48DAF768F8284609B0BDE8F0830024E7E7002CF3D03046D8F7B8F90028C3D16D
S325602373400448DAF758F8EEE754F5012068F60120E00E01205C1101202DE9F7430C461746DD
S32560237360054610F8013B202BFAD04FF0000825602B783BB92369013BFE2B23D9002003B0BD
S32560237380BDE8F0832F2BF5D0291D284601AAF2F710FF05460028F1D0019EB6F5803F34BFA6
S325602373A0012302237F2E984408D8F0B2F1F7ECFC0028E3D12E2EDBD0202ED9D0C4F81080FA
S325602373C0A560D5E72A4615F8013B202BFAD02F2BF8D03A6022464FF02031A66852F8163B38
S325602373E0C4F816105160C2F8071018782E3818BF01201F4613F8012B2E2AFAD0731E9F4282
S325602374009C4603D213F801292E2AF8D100224FF0070E4FF00809114690460AE03B782E2BED
S3256023742014D1BC4520D14FF00A0E08214FF010090137BE42F2D8A37D202B9FD000284BD0F5
S3256023744012EA080F18BF0222627598E7222B0BD07C2B09D0A3F15B05022D05D9A3F12A05D3
S32560237460052D06D82D2B12D0714512D800205F2320E0A3F13A05052D03D9A3F121055D2DD2
S3256023748005D903F0C003802BEED10020D0E7714507D9BEF10A0F1DD0BC451BD30CF1FF3721
S325602374A0F3E7A3F16105192D0DD8203B49EA0202DBB2D2B24D1C2144EDB28B75062D00D829
S325602374C025752946B4E7A3F14105192D98BF49EA0808EFE70020AEE7237D7E220120234472
S325602374E060759A753122DA7549E7042904D800EB4101B1F8010070470A2903D800EB41017B
S32560237500888870470D291ABF00EB4101C88800207047411E00F10A030020C20142EA5002FA
S3256023752011F8010F50FA82F29942D0B2F5D170472DE9FF471E46012304460D46009300F10C
S325602375401001C3689146426802A805F0B7FF9DF80830C3B1039F04F1180A012F24D100234E
S32560237560D046A36100212046A56840F8081F25BB2068504501D007F093FFB9FBF7F507FB7C
S325602375801595C4E900872368A80053F825208AB31268326053F825301E60E3683046013365
S325602375A0E36004B0BDE8F087384604F0C8FB0021BA00804607F0D4F9D4E72B89D5F800C099
S325602375C0B3FBF7F207FB123358F823205AB9A2682A60A56048F823002A680AB148F82150A4
S325602375E019466546C3E712682A6058F823301D600B46F5E7A2683260A66032683AB112893B
S325602376006168B2FBF1F501FB152243F8226004F108021A50C1E710B5054C4FF48062002128
S32560237620206007F09DF90023C4E9013310BD00BFE430012030B5084D0246D5F8084104F063
S325602376400F03013405EBC303C5F80841843303CB10601046516030BD6C23012010B50B4CE9
S32560237660C4F8B80207F0D7F900230B28C4F8BC02C4F8C03281BF062358433F308305C4F80F
S32560237680C432034B1B68C4F8C83210BD3C330120E0300120F8B5214D0023471C04462B70D0
S325602376A046011F4B686153F8272000EB4013E91891F8A01049B3A0332B441A491A480AF0C0
S325602376C0D9F8032C25DC194B53F827203319E918097FE1B11C332B44124915480AF0CAF891
S325602376E02223144A144903FB045352F82420134803F5D4730AF0BEF8E86800EB401000F554
S3256023770034702844BDE8F840A8E70D4BD5E70C4BE2E70C49064808F0F7FFE1E73C33012047
S32560237720B4240020FBFF002008360120803500204A360120000F0020040001206B360120C3
S3256023774006ED0020C2FF002008B528B1F9F706FD10B14000033008BD0120FCE72DE9F04FD1
S32560237760984C0021984A0746B4F8208687B04FF0FF360D4608F1010891464FF6FF701FFA56
S3256023778088F8A4F820861388BB420ED0834214D18E484FF40062002100EBC52007F0E0F843
S325602377A08B4B062202FB05331F86894B0622E8B202FB0533A3F83280D4E053880632A8EBF6
S325602377C003039BB28B4288BF2E4605F1010588BF1946042DD7D17E4D4FF0060BB4F922A63A
S325602377E00BFB065B9BF83430002B6ED0D4F80436D4F8B0050133C4F80436BBF8303003F181
S32560237800FF38D04540F3B1800AF1010A00234FEACA2A524603F060FC40B9B4F922266D494E
S325602378200132CDE900A06C48F9F788FEDFF89CA1B4F922360022062024E0013300211BB285
S3256023784000FB01FB39F80B209A4217D14FF400620AEBC1216148AB44A4F82236EFF77AFD23
S325602378600022B0F5006F03468BF83420E0D0BBF830205B495848F9F761FED9E701310122CE
S325602378800429DDD19845D8DC0AB1A4F822364F494FF40062514801EBC621EFF75BFDB0F5B8
S325602378A0006F034607D006224D494B4802FB0652128EF9F743FE0623B4F9222603FB0653C4
S325602378C01B8E9342C8BFA4F822364FF00608B4F820364FF0000ADFF8F4B008FB0658A8F812
S325602378E03230B4F9223688F834A09F42F3B2A8F8307004935CDCD4F8FC35FD02D4F8B00532
S3256023790001332A46C4F8FC35534603F0E5FB814690B9D4F8B005B8F83020002845D00368A8
S3256023792005925B6A9847059ACDE90201CDE9005A2C492948F9F702FE4FF400620BEBC621C3
S32560237940D4F8B00503F01DFEB9F1000F02D0B0F5006F06D000904B463A4623491E48F9F737
S32560237960EDFD049807B0BDE8F08F4FEAC3284FF0000942464B4603F0AFFB002887D1D4F8AF
S32560237980B005BBF8302068B1036804925B6A9847049ACDE90201CDE9008914490E48F9F7AF
S325602379A0CDFD74E700200146F3E700200146BBE7049B4FF4006251460BEBC32006F0D0FF56
S325602379C0CFE700BFA008012084F60120E04A212054F601200F00012000060120400E0120A9
S325602379E047000120C2000120040101207F0001202DE9F84F3B4B0646D3F8909509F10102D1
S32560237A00B9F10F0FC3F8902506D80146484603F06CFB4846BDE8F88FD3F80026A9F110083B
S32560237A2006F1160B304F0132C8F38F1AC3F800265046FFF793FE0546584606F0ECFF041DA6
S32560237A4007EBC52240F27D7124F00304254BB2F88020A4B2563222448A4234D808F03F0874
S32560237A6007EBC52330464FEAC52A06F1140193F8822008EB8528013283F88220B3F8802091
S32560237A800AF18303134427F818203B441A4650F8046B884242F8046BF9D10188574403F143
S32560237AA01600163411800621104A01FB0522012182F83410594608F027FEB7F880301C444D
S32560237AC0A7F88040A5E70AF101004FF0000880B2820102F110091132C3F89025FFF73EFE49
S32560237AE00546BDE7A0080120E04A212054F60120F0B501231D4DC7B085F8943595F8E035DD
S32560237B0073B300220023D5F8B00503F0E5FAD5F8B00503F049FB002400260027C5F8904561
S32560237B20134D9DF8153029468DF814400DF1160023F00303013443F001038DF815300023B4
S32560237B40CDE900334FF6FF73CDE90267049308F0DBFD6846FFF74CFF102CE2D147B0F0BDF4
S32560237B600449D5F8DC05FDF78BFED4E7A008012011C400204001012010B50F4C94F8103C31
S32560237B809BB100234FF4806204F5006084F8103CD4F8083C03F0010303F5407354F8231076
S32560237BA005F064FD012384F8113CD4F8083C0133C4F8083C10BD00BFD43601202DE9F04FA9
S32560237BC089B007468846DDF84C9005924BB94FF0FF32C9F80020149A0020136009B0BDE88C
S32560237BE0F08F846E013B07A94FF0040A2046079303F0A3FD12A90546204603F09EFD0DF1C7
S32560237C00140B0646AE42059A03D3129BC9F80020E1E7AC1B95FAA5F300213846B4FA84F402
S32560237C20B3FA83F3C4F11F049C4228BF1C46A300CDE902BACDE9002304234246F4F79BF87E
S32560237C400028CBD10123A340ED1ADBE72DE9F04F87B01546826E8946139E0746D269DDE962
S32560237C60114AA119914249D803F1FF38DFF894B00EB930463FE02B68E868023315D1D5E914
S32560237C8001120A44944210D28C420ED3121B611AB2420144504628BF3246059205F0E6FC4F
S32560237CA0059A92441444B61AE2E7D7F868C06FF00103DCF814102B6008EB01032344B4FBEB
S32560237CC0F1F2B3FBF1FE01FB124201FB1E31A21A5B1ADCF828106A608B4200925A4628BF13
S32560237CE00B464946CDE90103AB603846109BF4F7AAFD0028BCDA07B0BDE8F08F6FF0530050
S32560237D00F9E700BF00FCF7FF2DE9F04F87B08046894617469A46129E00240DF1100BA64216
S32560237D2001D800201AE0351B109B4A460021082D2344404628BF0825CDE900A3CDE902B51F
S32560237D403B1BF4F718F848B9119B2A465846191909F04BFE002804D005DB022007B0BDE8C0
S32560237D60F08F2C44DBE70120F8E708B5FBF764FA054B1B7803F0FF0023B1044B18780038FC
S32560237D8018BF012008BD00BF5C230120E7DB012010B42AB90268C9B25DF8044B126810475A
S32560237DA000235DF8044BF9F771BC2DE9F84306468946C1B18D1ED6F830340124AB4298BF32
S32560237DC0002505F00703C5F3C8082F469C40E4B2D6F82C140022304601EB1731F1F7EAF8E3
S32560237DE0B8B9BDE8F883D0F82054E4E7BD4222D0D6F830349F421AD2640014F0FF040AD12C
S32560237E0008F1010301244FF00008B3F5007FDFD2984610F8082022423B4607F10107E5D1EF
S32560237E20B9F1000F01D1C6F82034981CD9E74FF400780027E4E70120D3E7F0B506461C46CD
S32560237E40007B4FF0000E1B4B85B00F46154603EBC00C13F83030CCF804E08CF801E0307BA9
S32560237E6063B100F0010009232246A5F1090107EB801005B0BDE8F04002F052BD0E4B53F88F
S32560237E802030002B13DD0C440092013C234603F00EFF6A1E3946307B039203F018FF039A78
S32560237EA02146307B05B0BDE8F04003F010BF05B0F0BD00BFD032012010330120F8B5124E26
S32560237EC004460D46371897F8E43783B906EB84034FF4C06204F58474C3F844590B4B06EBDA
S32560237EE0C4041B6853431B01C4E90133F8BDF9F7DFFC642397F8E427B0FBF3F101FB1300DC
S32560237F008242E3D9F2E700BFA0240120A005012000F108030146DBB2072B09D8DD2222FA17
S32560237F2003F3DB0704D5034B5B6D186803F0ECBF704700BF54460120E02810B403D85DF8A6
S32560237F40044B03F0E4BFF72802D95DF8044BDFE75DF8044B70472DE9F041AA4C94F8586073
S32560237F60102E01D900254CE0636D186803681B6998470028F6D094F80D3123F0010384F8A6
S32560237F800D31636D186803685B6998470746C5B2FD2DE7D0636E002B40F0CE8094F8598038
S32560237FA084F85B504046EEF755FAEEF745FA38B138065FBF012384F85B8084F85C50636682
S32560237FC094F85B502846EEF745FADF281CD8B02800F0A68060D8A02800F0A28000F0EF0372
S32560237FE0802B00F09D8094F90D01636840F0010084F80D0103B198470025C4E9185584F8D1
S3256023800059502846BDE8F081A0F1E00200231F2AE9D801A151F822F0B9A802007FA7020082
S325602380207FA702007FA702007FA702007FA702007FA702007FA702007FA702007FA7020077
S325602380407FA702007FA702007FA702007FA702007FA702007FA70200BDA8020039A802005D
S32560238060B9A8020039A802007FA702007FA7020095A80200BDA8020095A8020095A80200BD
S3256023808095A8020095A8020095A802007FA7020095A8020095A8020000F0EF03C02BA2D1B4
S325602380A002232366D4E91823013A934241D394F85C3005F00F05012284F87500013584F886
S325602380C076300023C4F8FC2084F8745084F8773084F8F820C4E9183394F87530902B18D1B2
S325602380E094F8773013B9802384F8753094F87430B34259D0002E57D0002558E0012284F895
S32560238100750084F87430A4F8763084F8F820C4E9183394F8753083F08003602BE6D943E0DF
S325602381200323BEE7802284F8593084F878002266B8E70133636615E7010665D5A5F1F00267
S325602381400F2A61D8DFE802F015606060606060150808080808600808002384F87550A4F869
S32560238160763084F874300123C4F8FC3084F8F830B2E794F87820F02A02D0F72A7FF433AFE1
S325602381805A1C234483F878504FF47043A4F87620A4F874300123C4F8FC2084F8F83000230B
S325602381A0C4E9183384F859300125FDF795FA94F8703013F001023FF424AF13F0FE0F3FF415
S325602381C020AF94F8750080F08003602B00F28B8094F8743094F870109E424FEA51011CBF49
S325602381E0B6FA86F25209022975D0032977D001297FF407AF94F8772094F87610FFF79CFE78
S32560238200FFE600BF5446012094F85B20F02A01D0F72A24D1E21882F87850D4F8608008F18D
S32560238220FF32934285D394F85B70F02F01D0F72F19D1F02394F8F75084F8F7305A4B636708
S325602382408023C4F8FC30012384F8F830FDF744FAF72384F8795084F8783002236AE7E2181D
S3256023826082F85B50D9E73846EEF7F4F8054684F87500EEF7E1F810B107F00F00013094F8C3
S325602382805C30B8F1030F84F8740084F876304FF000030CBF94F85D201A46B02DC4E91833B1
S325602382A04FF0010384F8772084F8F83006D008D8A02D03D005F0EF05802D08D184F8597031
S325602382C00AE7E02DFAD005F0EF05C02DF5E7002384F8593000E7002A3FF493AE8AE7002A53
S325602382E07FF48FAE86E7F12816D8F02833D0F1287FF487AE94F87660014694F877303601E2
S3256023830003F00F0306F070061E43636D186803F0FBFD636D314617E000F10E020123D2B2E0
S32560238320934043F25072134212D1DB0726D4F3287FF467AE636D014694F87660186803F047
S32560238340E3FD636D06F07F01186803F0DDFD58E6FFF7DEFD55E6B4F876600027DFF84C808B
S32560238360802E28BF8026B7423FF44BAE636D013718F8011F186803F0C7FDF4E794F8773097
S32560238380F22194F8766046EAC316636D186803F0BBFD636D06F07F01186803F0B5FD636DA0
S325602383A0C6F3C611D0E700BF00F08000CB460120154B2C2270B5154C00261B6805463146ED
S325602383C004F13800A361E661C4E9046606F0C8FA012384F86C6023726B406572A3728DB9EF
S325602383E0E37A7BB14FF60F20FBF728F9FA21084802F0AFFD0748FA2102F0ABFDFA20BDE818
S32560238400704085E570BD00BFE03001203032012020AA012060BB0120002310B50B4C23810F
S325602384206373E37A73B14FF60F40FBF707F9FC21074802F08EFD0748FC2102F08AFDFC20EC
S32560238440FFF766FD0123E37210BD00BF3032012020AA012060BB012008B502F021FD10B1FD
S32560238460BDE80840D8E7034B587ABDE8084080F001009DE73032012038B5084D044605EBC6
S325602384808101D1F8A01419B9D8F76BFF204638BD0D68DBB2AD68A847F8E700BFA008012081
S325602384A070B58CB015461E460A460023014602A8FFF7E2FF02A8D8F771FF044680B102234F
S325602384C03246294607A8FFF7D7FF07A8D8F766FF044658B902A8D8F78EFF07A8D8F776FF7A
S325602384E002A8D8F773FF20460CB070BD4FF0FF34134D02A8D7F7DAF800280FDD4FF4805274
S325602385002946069803F03DF8041E07DB2246294607A8D6F765FFB4F5805FEAD26946069851
S3256023852003F025F818B169460B9803F01BF802A8E443D8F760FF07A8E40FD8F75CFFCCE703
S32560238540E06A21202DE9F041ADF50C7D05460E46174698460A46002301466846FFF78CFFD2
S325602385606846D8F71BFF0446002855D0444C4FF4827231460AA806F096F90AA806F04BFAE2
S325602385800AAB184410F8013C2F2B05D04FF4827221460AA806F064F94FF4827241464BA879
S325602385A006F081F94BA806F036FA4BAB184410F8013C2F2B05D04FF4827221464BA806F05C
S325602385C04FF905A86946FDF767F905A8D8F7E6FE002840D0099803F05EF94FF48272014619
S325602385E00AA806F03DF9099803F055F94FF4827201464BA806F034F9099803F047F94BABD4
S325602386003A460AA9A0B1284600F03EF8F8B905A8D8F7DCFE002403E01A4B012283F8F4258F
S325602386206846D8F7D3FE20460DF50C7DBDE8F0812846FFF735FF0028E9D00AA92846FDF7CE
S325602386401FF920B90F4B072283F8F425DFE705A8D8F7BCFE8BE70B4F05A8D8F7B7FE07EB9E
S325602386608505D5F8A00430B103683146DB69984704460028D4D1082387F8F435CAE700BF36
S3256023868011C40020A0080120F7B50E4F144605460E4607EB8202D2F8A00468B102681946CB
S325602386A001931269904738B1019B22463146284603B0BDE8F04045E70623002087F8F435D4
S325602386C003B0F0BDA008012070B5CEB00A4604460D460023014603A8FFF7CEFE079803F0EF
S325602386E0D5F8002835D01D4E08A803A9FDF7D4F808A8D8F753FED0B10C9803F0CCF84FF481
S3256023870082712B46324600900DA809F07FF80C9803F0BCF80DA930B12046FFF7D5FF08A87D
S32560238720D8F754FEE0E72046FDF7AAF8F7E708A8D8F74CFE0A4B03EB8403D3F8A00418B123
S3256023874003682946DB69984703A8D8F73FFE4EB070BD29462046FDF793F8F5E7B3010120AC
S32560238760A008012070B52A4886B0D8F717FE00284BD1284C0223284AD4F8DC15881C17D05F
S3256023878001A8FFF779FE01A904F5B460EEF7E5FD01A8D8F71BFE04F5B460D8F7FFFD98B902
S325602387A0D4F8DC251D491E48F8F7C8FE02231A4A1C4901A8FCF7B1FA01A904F5B460EEF711
S325602387C0CCFD01A8D8F702FE1148D8F7E7FD18B915491348D8F781FA144D002618223146B7
S325602387E005F1300084F8E06506F0BAF84FF4005231460F4806F0B4F84FF6FF73EB86AB8702
S32560238800A5F842300B4BC4F8203606B070BD00BF400E0120A008012040010120B901012041
S3256023882000060120C4F60120F901012054F60120E04A21200000FFFF70B52F4E04460D467F
S32560238840D6F890358B4207D24FF48B720021204606F086F8204670BDFFF784FF0F2D28D8D3
S3256023886006EB45022E44617D4FF0FF33B2F8E02404F1160021F003012374A26096F800255C
S325602388806374002352002575A37402F00202E374E36042F00102237063700A431749A37067
S325602388A06275E37023716371A371E37107F02CFFD0E7D6F8F835A5F11000013300F03F0553
S325602388C0C0F38F10C6F8F835FEF748FF0C4BC10203EBC02292F88220AA42B5D905EB802571
S325602388E0204633F81520833311444FF48B72194404F0BCFEAEE700BFA008012011C40020C1
S32560238900E04A212030B5104CC7B0D4F8985575B129466846FFF790FF94F89C3553B1BDF814
S325602389201230C4F898359DF81630002BEDD0284647B030BDD4F89825D4F8901501328A42D5
S3256023894038BF1346EDE700BFA008012070B51048C6B0104CEEF70EFD06460D480D46D8F7E0
S325602389604AFDD4F8F0156846FFF766FF9DF81530DB0706D46946D4F8F005CDE9026502F038
S32560238980B4FB6FF00103C4F8F03546B070BD00BF540E0120A008012070B5C6B00E460146F7
S325602389A0144668461D46FFF747FF0DF11601304607F0AAFEBDF810302B609DF81530DB0721
S325602389C052BFDDE902234FF0FF324FF0FF33C4E900239DF814204A9B1A8046B070BDF0B551
S325602389E0ADF5177DC46805460DF11A0607AB0AAA10A920460096FFF7CFFF50A82146FFF7EF
S32560238A001BFF5198002800F0C28008A9F8F770FE9DF820209DF82630102104920CA89DF892
S32560238A20212003F26C7303929DF8222002929DF8242001929DF8252001320092574A08F0F4
S32560238A40E5FE50A82146FFF7F7FE5098002800F0A18008A9F8F74CFE9DF820209DF8263095
S32560238A601021049250A89DF8212003F26C7303929DF8222002929DF8242001929DF82520BE
S32560238A8001320092454A08F0C1FE10A8FEF75CFE04460CA8FEF758FE044450A8FEF754FE6B
S32560238AA0343407463E48FEF74FFE29463C4422183C48F8F7CBFADDE90A4525B14FF0FF32F4
S32560238AC00023CDE90A23318836480131090441F00101F8F7B1FAB5F1FF3F08BFB4F1FF3F36
S32560238AE0304814BF002143F20101F8F79AFA00212C48F8F796FA0A992A48F8F79DFA0021F7
S32560238B002848F8F78EFA00212648F8F795FA00212448F8F791FA00212248F8F78DFA0021AF
S32560238B202048F8F789FA00211E48F8F785FA00211C48F8F781FA07991A48F8F77DFA04EA98
S32560238B40050118484B1C59425941F8F76AFA00211448F8F771FA00211248F8F76DFA10A9D6
S32560238B601048F8F71DFB0CA90E48F8F719FB50A90C48F8F715FB0A490A48F8F711FB0948C2
S32560238B80F8F76AFA42F201000DF5177DF0BD8DF8300056E78DF8400177E700BF1002012079
S32560238BA03EF60020A00801202DE9F0414DF60B43D4B08046D0E903759D422BD8B5F55C4F85
S32560238BC071D9A5F55C43013B0A2B6CD8DFE803F06D696F066B6B6B29606B6D0008240DF103
S32560238BE01A0607AB0AAA0EA938460096FFF7D4FE4DF607439D4203D04DF644439D4203D117
S32560238C000EA8FEF7A1FD044636880136360446F001062FE04DF641442B1B5C425C4124014F
S32560238C20DDE70EA83946FFF707FE0F98002835D008A9F8F75DFD9DF820209DF826304FF4E6
S32560238C40807104920EA89DF8212003F26C7303929DF8222002929DF8242001929DF825205E
S32560238C6001320092424A08F0D1FD0EA80026FEF76BFD0446224641463E48F8F7E7F9CCB908
S32560238C803C48F8F7E9F94AF6010054B0BDE8F0810EA83946FFF7D0FD0E98C7E78DF8380092
S32560238CA0E3E702249BE7002499E7042497E700260224DFE74DF60B439D420FD8B5F55C4FB1
S32560238CC014D9A5F55C45013D0A2D0FD8DFE805F01419292B0E0E3535350E3A004DF6414380
S32560238CE09D4236D04DF644439D4226D02148F8F7B3F942F20100C8E731461E48F8F79CF91E
S32560238D00F4E7DDE90A23B3F1FF3F08BFB2F1FF3F14BF4FF4405143F201011648F8F781F9CD
S32560238D20E4E70021F9E7DDE90A230CA91148CDE90C230822F8F72EF9D8E70EA90D48F8F7FE
S32560238D402FFAD3E70799BDF81A308B4208BF0021D3E739460748F8F76FF907990548F8F798
S32560238D606BF931460348F8F767F90021C5E700BF10020120A008012010B5C6B00C46014699
S32560238D806846FFF759FDBDF810004FF6FF73984207D11049204607F0B7FC9DF8140046B01A
S32560238DA010BD2146FFF7E8FF204605F034FE204410F8013C2F2B05D04FF4827205492046C9
S32560238DC005F04EFD4FF482720DF11601204605F047FDE2E711C4002070B5ADF5AD6D0546F5
S32560238DE0002647A9FFF7C8FF294688A8FFF724FD47A99DF83402FFF767FC88A928468DF829
S32560238E00366202F072F9BDF83012CEA8FFF714FDDDE9D043B34208BFAC420BD1BDF83232E8
S32560238E20CEA9BDF83002CDE9D03602F05EF90DF5AD6D70BD21460DF58A60FFF7FDFCBDF806
S32560238E406264B54207D1BDF832320DF58A612046ADF86234E9E731466846FFF7EDFC4FF436
S32560238E608B7269460DF58A60344604F0FFFBE6E72DE9F043ADF50F7D04460F46314D48A818
S32560238E80FFF7DAFC07A92046FFF776FF0023014607AA02A8FFF7F0FA02A8D8F77FFA04461B
S32560238EA050B9022385F8F43502A8D8F78FFA20460DF50F7DBDE8F083DFF8908005F2B4595C
S32560238EC0D5F8C40502F070F902A8D6F7EFFB00280BDD4FF480524146069802F052FB061E0A
S32560238EE022DA0323002485F8F4356946069802F03EFB40B16946D5F8C40502F033FB684681
S32560238F00F8F776FC489002A8D8F775FA0E48EEF731FA00234A9048A938464B9302F0E5F828
S32560238F200948D8F768FABFE7324641464846D6F757FA864201D90423D4E7B6F5805FC3D232
S32560238F40D3E700BFA0080120540E0120E06A2120F0B50746C9B01C480E461C4DD8F71EFAC5
S32560238F60044638B1D5F8F035BB4203D1D5F8EC35B3421FD007A93846FFF7FEFE014624B164
S32560238F8001901148D8F737FA0199334607AA02A8FFF772FA02A90C48EEF7DFF902A8D8F759
S32560238FA015FA0948D8F7FAF9044630B96FF00103C5F8F035204649B0F0BD0024C5F8F0753C
S32560238FC0C5F8EC65F6E700BF540E0120A0080120F0B5C9B00E4617460146054602A8FFF711
S32560238FE02BFC56EA070326D000212846FFF7B0FF1248D8F7D3F90446D0B138460297104F17
S325602390006946F8F775FB6946D7F8C40502F0AAFA304669460396F8F76BFBD7F8C40518B168
S3256023902003686946DB6C984702A9284602F05DF8204649B0F0BD0124FAE700BF540E0120B3
S32560239040A00801204FF6FF73F0B5994214BF0C460446ADF50F7D214602A8FFF7EDFB9DF866
S325602390601D3003F00303012B72D100212046FFF76FFF3D48D8F792F9002871D03B4D0027D0
S32560239080A5F5B966384948A8FCF706FC48A92846EEF763F948A8D8F799F92846D8F77EF983
S325602390A0002848D09DF81C30D6F8D8058DF83431ADF83041ADF8327102F0E8FB9DF8353143
S325602390C060F300038DF83531DB0731D42846EEF751F99DF835316FF34103CDE94A01D6F8D2
S325602390E0D8058DF8353102F0D6FB4FF4807201460DF59B7005F0D7FB6946D6F8D80502F0C0
S3256023910036FA10B16846F8F773FB48906946D6F8D80502F031FA10B16846F8F769FB4990E0
S3256023912048A8FEF765FC07462846D8F764F9A9E700200146CDE79DF81D3002A9204643F0A8
S3256023914002038DF81D30FB17CDE9047301F0CDFF0548D8F750F9064B6FF00102C3F8F025CB
S325602391600DF50F7DF0BD00BF540E0120680E0120A00801204FF6FF73994230B50C46C7B049
S3256023918013D0B1F1FF3F08BF04462146084DFFF759FF01232146684685F89C35FFF74CFBA4
S325602391A0029BC5F8983547B030BD0446EDE700BFA008012070B5154D06460C4695F89435FA
S325602391C00BB9FEF795FC24B121463046BDE87040D0E795F8953533B1002385F89C3501232E
S325602391E0C5F8983570BD012385F8953595F894350BB9FEF77DFCD5F890359C42ECD22146A7
S3256023920030460134FFF71EFFF5E700BFA00801202DE9F0410023ADF5CD6D624F16460C46FE
S32560239220054687F8F4350146C8A8FFF705FB31462046FFF707FF46A92846FFF79DFD87A90F
S325602392403046FFF799FD9DF81D322BB14FF48272554987A805F004FB4FF482720DF236312E
S3256023926087A805F0FDFA9DF834339C4256D107EB84044E494E48D7F730FDD4F8A00438B946
S32560239280052387F8F43500200DF5CD6DBDE8F081036887AA46A95B6998470028F0D0BDF838
S325602392A030130DF58760FFF7C7FA0027DDF84044DDF84434BB4208BFAC4254D1BDF8323384
S325602392C00DF58761BDF83003CDF84034CDF8447401F00BFF31466846FFF7AEFA4FF48B727F
S325602392E069460DF5876004F0C1F99DF84C34C8A928468DF83433DDF84034ADF83063ADF899
S325602393003233CDF84054CDF8447401F0EEFE30460DF5876101F0E9FE0120B5E79DF83533BA
S32560239320DB0712D423492248D7F7D7FC87AB224646A99DF83403FFF7B3F80028A3D046A9E5
S325602393409DF83403FCF79CFAA9E71B491848D7F7C4FC87AB224646A99DF83403FFF794F975
S3256023936000289CD18FE721460DF5AA60FFF764FABDF86285454507D1BDF832330DF5AA616D
S325602393802046ADF86235A3E741466846FFF754FA4FF48B7269460DF5AA60444604F066F9C7
S325602393A0E6E700BFA008012011C400202A0201200006012041020120610201202DE9F04137
S325602393C01D464FF6FF73ADF58B6D074699420E4690464DD0B1F1FF3F08BF064631463846F9
S325602393E0FFF730FE31468AA8FFF726FA8C9C002C40D129464FF482720DF2563005F053FA2F
S325602394009DF83C320022D0A88DF854330023ADF85063CDE9D2238C9BADF852339DF8553386
S3256023942068F3000343F00203CDE9D0448DF85533FEF7DEFA8AA90546CDE98C04304601F03E
S3256023944054FEB8F1000F29D102212846FFF780FD4B48D7F7A3FF00286DD14FF6FF739D427C
S3256023946065D14FF0FF3420460DF58B6DBDE8F0810646B3E721466846FFF7DEF969464FF48B
S325602394808B72D0A804F0F2F80DF25631284605F0CAFA00286CD0BDF85243A8E7394E49A98D
S325602394A0284606EB8707FFF767FCD7F8A00418B1036849A91B699847334F34493846D7F796
S325602394C00CFC3B683846DB68984700212846FFF73FFD2F493846D7F700FC3B683846DB68D3
S325602394E098472748D7F75AFFF8B147A9D6F8C40502F03DF810B147A8F8F77AF9D09047A9B5
S32560239500D6F8C40502F038F818B147A8F8F770F90446D0A92846D19401F0E7FD1848D7F760
S325602395206AFF6FF00103C6F8F0352C469BE72846FFF752FC95E7134E49A9D6F8C40502F0F5
S3256023954016F898B149A8F8F753F9D09049A9D6F8C40502F011F818B149A8F8F749F90446E6
S32560239560D0A92846D19401F0C0FDDEE72046ECE79DF8553303F0010343457FF472AF72E7E1
S32560239580540E0120A00801200006012086020120990201202DE9F041ADF5527D0E46014617
S325602395A0002446A8FFF748F9314668469DF82C71489DFFF741F94FF48B72694646A804F09C
S325602395C055F89DF82C810DB9012522E029468CA8FFF732F99DF845220DF24623314602F0F4
S325602395E001024046FFF7EAFE421C044602D1BDF84252E8E79DF84532DB0716D52946384622
S32560239600FFF720FD21462846FFF7C4FF0028EED100250023304646A94894499301F065FD81
S3256023962028460DF5527DBDE8F08101462846FFF71FFCEBE770B500231D4EADF50C7D05468B
S3256023964086F8F4354FF6FF739A4214BF14460C4601466846FFF7F0F8214646A8FFF7ECF8C6
S325602396609DF8152021460DF1160302F001029DF82C01FFF7A3FE421C044606D1022386F8A9
S32560239680F43520460DF50C7D70BD9DF81530DB0709D529469DF81400FFF7D4FC21462846AD
S325602396A0FFF778FFEDE701462846FFF7E1FBE8E7A0080120F8B5002115461C46114EFFF7E1
S325602396C047FC28B94FF0FF324FF0FF33C6E90023D6E900230C4FA34208BFAA4205D02A4610
S325602396E02346D7F8C40501F0F7FCD7F8C405DDE9061201F046FF451944F10004C6E90054B6
S32560239700F8BD00BF28100120A008012030B5ADF2345DD0E903456846FCF7B4F900285AD074
S325602397204DF607439D424ED14FF4807103A8FCF7B4F900284CD043A92046FFF71DFB43A906
S3256023974005462648D7F7C9FA21460DF58360FFF773F84FF482720DF22E41C5A805F0A3F8E7
S325602397604FF4827203A90DF22E4005F09CF80DF58361204601F0B9FC84A92046FFF7FCFA16
S3256023978084A91648D7F7A9FA154800EB8500D0F8A00480B9C5A94FF480720DF22E4005F0CD
S325602397A082F80DF58361204601F09FFC42F201000DF2345D30BD036884AA43A95B699847F4
S325602397C00028F3D1E6E7009900200C39FCF726F942F20500ECE74AF60600E9E700060120EE
S325602397E0A00801202DE9F04FDFF81083D9B0D8F800302BB10023BA48C8F80030F7F750FBA5
S32560239800B84C00212046F9F71FFE002800F0A5802588A5F10C03142B00F2CC8420220021B4
S325602398200AA805F09DF82A46A1680AA803F01EFF0C9B00210F9FC4F84434BDF82C302180CC
S32560239840012BA160DDE90D5608D1BDF82E3041F21B0293426AD8B3F5805F29D8002642F2F4
S325602398600500A14B1B78012B77D102170323ADF82E000AA903329B48ADF82C3092000A925B
S32560239880F7F788FB9748F7F7E7FB002E65D00C21964A002312A8CDE91212D4F8442484F848
S325602398A05834CDE91423CDE9163301F0B7FB54E0A3F58053013B1A2BD0D801A252F823F03C
S325602398C0E7C0020041C1020047C102004FC1020059C1020065C102008BC1020013C20200CD
S325602398E01BC20200F5BF0200C9C20200E1C20200F9C30200F5BF0200A1C50200F5BF020086
S32560239900F5BF0200F5BF0200F5BF0200EDC50200F7C50200F5BF0200F5BF0200F5BF020008
S3256023992029C602004DC6020091C6020003F5CF427F3292B2032A91D8A3F51843023B022B4E
S3256023994000F23F83DFE813F0420327042C040AA96448F7F79FFC002847D1634B1A78012ACD
S3256023996001D001221A70D4F80C164B1C19D0604AD4F8080613681B1A994212D8594D4FF0C4
S32560239980000B136805F59C6705F29C46DFF870A1DFF87091C4F80836D4F85C249345C0F054
S325602399A00E8459B0BDE8F08F5248F7F7C9FA002642F2010055E70AA94A48F7F761FBCAE73D
S325602399C001220AA94748F7F7E7FDC4E7F6B9280C0138231893F810362BB13946FFF7EAFBBE
S325602399E0FEF790FF18B944480D96002639E70136F6E776B104220AA93A48F7F727FB3948ED
S32560239A000021F7F719FB3748F7F726FB42F21400EBE72D0C013D631993F810365BB1B0462C
S32560239A2039462846FFF7C6FB4646FEF76BFF08F101080028F8D1721C0AA92A489200F7F7E8
S32560239A4005FB631993F810362BB92648F7F704FB42F20100C9E731462248F7F7EDFA2846E8
S32560239A60204D3946FFF7A6FBFEF74CFF01460028EBD02846F7F7E0FAF6E70AA8FEF7AFFF08
S32560239A8069E7294612A8FEF7D7FE4FF00008DFF878B00AA9C2461348DDE91469B9F1000FA2
S32560239AA00CBF32464FF0FF32F7F7D0FA56EA09020FD00D4B1A78012A40F081824FF480522B
S32560239AC053462846CDE900B24246FFF7F3FD87B2E7B90448F7F7C0FA42F201003BE700BF3D
S32560239AE010100120A0080120A415012004000B404C450120FC0C012001200010DC5601204B
S32560239B00D502012000060120E06A212082B25946B6480292F7F73EFA029A8242D9D1F61B6C
S32560239B2069F1000918EB0707B8464AF1000ABDE7002E40F03A834FF6FF739D423FF438AF76
S32560239B402846FFF749F933E707A8FBF79BFF10B94AF6060049E704210020FBF75FFF002885
S32560239B60F6D002210DF11600FBF758FF0028EFD002210020FBF752FF0028E9D0042106A8F5
S32560239B80FBF74CFF0028E3D028210020FBF746FF0028DDD04FF4807112A8FBF77EFF00282A
S32560239BA0D6D09348FBF7EDFF0028D1D09148FBF7E8FF0028CCD000210846FBF76EFF002888
S32560239BC0C6D02D0C01228C48013D2946F7F7C3FC80460F46012229468748F7F797F9069B41
S32560239BE0B8EB000067EB0101984271F1000731D3BDF8168043F2010712AB2846A8EB070150
S32560239C004A424A413146FFF7D9FB0346C4F84804013322D0B84508D1D4F85024D4F84C14AA
S32560239C20FFF7D6F930B1FEF791FED4F8483473480F93DAE60A251920F9F7ECFC04F58960EA
S32560239C4007C8FFF7C5F90028EDD1013D15F0FF05F1D1E8E742F20C00C7E642F22000C4E64F
S32560239C6012A8FBF70FFF002800F0BC80129B002725880B2BA3F10C0AA16818BF0023D146D2
S32560239C80DFF87CB118BF029363885D48A5EB0305194408BFCDF808A0ADB22E462A4603F0DC
S32560239CA0E5FC2780A76000239B4208BFBAF1FF3F21D04E45029B77EB03031CD342F2010827
S32560239CC04DB12A464E494F48D5F78AFB42F20503854218BF984604F5896007C8FFF778F93E
S32560239CE0FEF734FE42F20103984502D10023C4F84834404679E664213C48F9F7A5FB58B9E2
S32560239D004FF0FF33B342B84141D342F20508DFF8DCB04FF0000A56E0C5F58053B4F800806B
S32560239D2005EB0B00A1689BB2984533D3B4F802C01A460393614403F099FC4FF48052594621
S32560239D403048D5F74DFBB0F5805F49D1039B984526D0A8F58052A16858462A44194495B2B7
S32560239D602A4603F083FC18EB06064FF0000347F10007B8F5007F2380A36094D2029BB3F16F
S32560239D80FF3F08BFB9F1FF3F8DD1002F8BD042F20108BCE74544424603F068FCADB2E2E7F5
S32560239DA00025E0E7A368A3B123886288A4F800A09B1AC4F808A09BB29E1947F10007B3F5FA
S32560239DC0007FFFF47DAF4E45029B77EB0303E9D376E7FA215846F9F737FB0028E4D16FE79D
S32560239DE0002592E742F2060883E700BFA0080120EC0C0120F00C0120FC0C01200120003058
S32560239E00E06A2120540E0120B14B2D0C12A8C8F800401B6804EB8505C4F85434AD4B1293DF
S32560239E20AD4B149301F0DDFE12A801F0D6FED5F89C0431462A2203689D6AA84BA847D8F85B
S32560239E400030064613B1A648F7F72AF8002E7FF4AFAD03E50AA9A348F7F7E4F97BE54DF24E
S32560239E6002439D420CD1A048FDF76EFC0AA902469C48F7F7EBF89C499A48F7F791F9E4E55A
S32560239E80984800220AA9F7F7E1F842F20A00ACE5310C28460139002F14BF3A460A46FFF741
S32560239EA0B7F942F2010342F20502002814BF184610469AE5310C28460139002F14BF3A4661
S32560239EC00A46FFF7B7FB00283FF4C8AC94F8F4250D90082A0DD84FF48A7342F20100D34051
S32560239EE013F0010F42F20C0318BF184640F080507BE542F20100F9E7B7F1FF3F294612A8CA
S32560239F00B9460CBFBA464FF0000AFEF795FC0021DDE914329E4291414ED29B1BDFF8D8B10A
S32560239F200AA9704862F1000899451F467AEB08033CBF4F46D046DFF8C4A106EB07093A46BC
S32560239F40F7F784F8B1450BD86648F7F785F8B8F1000F66480CBF3B464FF0FF330D93FAE47B
S32560239F609BF80030012B2AD1A36933B9BAF800202361A2825E4AC4E90623228AA9EB060137
S32560239F80A38A28469B1A994228BF1946A36913443246CDE9011100930023FFF78BFB029957
S32560239FA0238AA28A0E440B449BB29A422382C9D84C4801F060FAC5E742F21D00CBE4002084
S32560239FC0C9E40AA94748F7F7A2F8C4E4A5F55C430AA94448013B432B97BF464A00269B18F8
S32560239FE093F8DC603246F7F731F82EB93D48F7F733F84AF60100F8E44DF60B439D4223D875
S3256023A000B5F55C4F7FF621ADA5F55C45013D0A2D3FF61BAD01A353F825F000BF0BC80200DA
S3256023A0202FC8020063C8020099C80200E3C10200E3C10200C7C80200EDC80200F3C80200BD
S3256023A040E3C10200F9C802004DF641439D4200F08A804DF644439D427FF4F7AC29462148D7
S3256023A060F6F7DFFF4FF6FF711E48F6F7DAFF002168E04DF601411B48F6F7D3FF0621194813
S3256023A080F6F7CFFF00211748F6F7C0FF00211548F6F7D2FF10E04DF602411248F6F7C1FF97
S3256023A0A004211048F6F7BDFF00210E48F6F7AEFF00210C48F6F7B5FF00210A48F6F7BCFFAF
S3256023A0C000210848F6F7A2FFBFE44DF60341E4E74C450120380C0020995C020000060120CF
S3256023A0E010100120A0080120C2F6002001200010E0080120B4AC0020A415012044D6012026
S3256023A1004DF604415B48F6F78CFF08215948F6F788FF00215748F6F779FF00220023CDE9B5
S3256023A1201223082212A95348F6F734FFC4E74DF607415048F6F775FF4FF6FF714D48F6F75B
S3256023A14070FF01214B48F6F761FF00214948F6F75DFFB1E74DF60841EBE74DF60941E8E7B8
S3256023A1604DF60B4187E729464248F6F75AFF0A2140480026F6F755FF002700213D48F6F746
S3256023A18045FF082212A93B48CDE91267F6F702FFCDE91267C5E70AA8FEF706FDFFF7DBBB5C
S3256023A1A00AA8FFF7B3FAFFF7D6BB002642F21400FFF757BB00232380A360FFF7CEBB56F82E
S3256023A1C0040F0BF1010830B30268D26A904795F8102628B3FAB930680268126B9047264A67
S3256023A1E05B462649002818BF02464846009256F8402CF7F7A3F9012259462148F7F7ABF95E
S3256023A200012259461E48F6F781FE584600F044FF012385F81036C34601350237FFF7BCBB84
S3256023A220D4F85C14002AF6D08B4504D23A8812B1388085F800055B4656F8402C5146484684
S3256023A240F7F77CF994F858348BB110210D4B12A8CDE91213D4F84434149308FA01F343F08C
S3256023A260010315930023CDE9163300F0D7FE0023CFE700BFA008012013F70020B60201205E
S3256023A280FC0C01200400054038B5002304460D46C0E90033C0E902338B682BB1022298478A
S3256023A2A0EB68E360AB68A36038BD2DE9F04F504D85B0504E2B6813F0010F03D133686B60CF
S3256023A2C001232B604C4B04AC0FCB04E90F0033686A689B1A642B22D9484C0A274FF6FF78FC
S3256023A2E04FF003094FF0050AF7F7E2FAB0FBF8F303442382F7F7DCFAA268B0FBF9F303EB9D
S3256023A3004303C31A013B13445A1D6CDA6FF00403013FA36004F11404E6D133686B60374CEB
S3256023A3200A2743F29C18DFF8D890DFF8D8A0AE68226816F0010B2DD0A368E1681A446368C0
S3256023A34042450B442260636003D841F69C02934220D9F7F7ADFAB0FBF8F303FB1800002377
S3256023A36020606360F7F7A4FA0A23B0FBF3F202FB13000530E060F7F79BFA3323B0FBF3F2DA
S3256023A38002FB1300E368193808BF5846A0600BB90123E360D9F800304FF0640B228AAAEB08
S3256023A3A00303616854F8140B9A424FF00303A1BFB2FBF3F303EB4303D21AD3B204AA02EB86
S3256023A3C08303082291FBFBF190FBFBF053F8103CD6F707FC013FAAD1013E48BF5E46AE603C
S3256023A3E005B0BDE8F08F052BC8BF534690E700BF20DC01204C45012098AE0020741101209A
S3256023A40054110120000028202DE9F04116468218802AC8BFC0F180060028BCBF361800202F
S3256023A420002E4BDDCA18402AC8BFC1F140030029BCBF5B180021002B40DDCA1011F0070112
S3256023A44000EBC210214A1568054416D0C1F10801FF20AC198B4240FA01F2B8BFCB1A6FEA51
S3256023A4600202A8BF5B1A2946D2B2BEBF184100230240D243A1420FD18035DC1003F00708CA
S3256023A4802B462746013F0CD318463246002104F067FA03468033F5E70878104001F8010B3D
S3256023A4A0E8E705EBC415B8F1000F07D0FF232E4403FA08F363F0FF03AE4201D1BDE8F08133
S3256023A4C02A781A4005F8012BF6E700BFE430012008B580220A2336210020FFF795FF362317
S3256023A4E07F2200201946D6F76DFB034A38210120BDE80840D6F72CBB2903012037B5841841
S3256023A500802C21DD0028C0F1800201DA03440244002A05DD382905DDC1F14004002C08DCF0
S3256023A52003B030BD002903DA01F108040021F5E70824CD1000EBC510054D2D680093234645
S3256023A5402844EDF77DF9EBE70028E3DADEE700BFE43001202DE9F04F54186B4B01266FF03F
S3256023A56001074FEAE40CD3F800E004F00704C2F1010500EBCC1C574306FA04F41EF80C80B7
S3256023A58044EA08040EF80C408C1AD3F800E04FEAE40C04F0070400EBCC1C06FA04F41EF84C
S3256023A5A00C8044EA08044FEAE1080EF80C4002EB000C01F00704D3F800900CEBC81C06FAAD
S3256023A5C004F419F80CE0E4B244EA0E0E09F80CE0A0EB020CD3F800E00CEBC81C1EF80C806F
S3256023A5E044EA08040EF80C404FF0000C624501DCBDE8F08F002D0CF1010CD3F800A0A8BF4A
S3256023A60002F1FF3200EB0C08A8BF023701EB0204A8BFED194FEAE40904F0070405EB4C0529
S3256023A62008EBC91E06FA04F401351AF80EB0E4B244EA0B0B0AF80EB0A0EB0C0ED3F800A00F
S3256023A6400EEBC9191AF809B044EA0B040AF809408C1AD3F800A04FEAE40904F0070408EB1A
S3256023A660C91806FA04F40EEBC91E1AF808B0E4B244EA0B0B0AF808B0D3F8008018F80E9041
S3256023A68044EA090408F80E4001EB0C0400EB0208D3F800A04FEAE40904F0070408EBC91E4D
S3256023A6A006FA04F41AF80EB0E4B244EA0B0B0AF80EB0A0EB020ED3F800A00EEBC9191AF8BC
S3256023A6C009B044EA0B040AF80940A1EB0C04D3F800A04FEAE40904F0070408EBC91806FAB0
S3256023A6E004F40EEBC91E1AF808B0E4B244EA0B0B0AF808B0D3F8008018F80E9044EA090467
S3256023A70008F80E4072E700BFE43001207F2870B539D88B18402BC8BFC1F140020029BCBF0B
S3256023A72052180021002A2EDDCB1011F0070100EBC310174B1E6806EB000414D0C1F10801B2
S3256023A740FF2580348A4245FA01F3B8BF8A1A6FEA0303A8BF521A315CDBB2BEBF154100223D
S3256023A7602B400B43335402F007000023D210FF2593424FEAC31107D128B1FF22635C8240B9
S3256023A78063EA0203635470BD01336554F0E700BFE43001208318802BC8BFC0F1800200281A
S3256023A7A0BCBF12180020002A10DD3F290ED8CB1001F0070100EBC310074B1B680344012017
S3256023A7C000FA01F11A44C9B29A4200D170471878084303F8010BF7E7E4300120F7B51F46C1
S3256023A7E00C4605461646FFF7D5FF611C7A1E2846CDE90012FFF78AFFA819DDE90012013871
S3256023A800FFF784FFE11932462846013903B0BDE8F040BFE7904223EAE3732DE9F74FCCBFD2
S3256023A820841A141A8B429DF830C00FDACD1AA54216DC2E4690422546344605DD0E46194608
S3256023A8403346064610463246002710E05D1AA542EFDD16461A46334606460846314605E070
S3256023A8600E461146324606461846334601279942B4BF01234FF0FF336E10C0F10108DFF8EF
S3256023A8809C904FF0010A0193002F42D1824242DB08EB0007FFB2B7FBFCFE0CFB1E77FFB25E
S3256023A8A07FB94FEAE10ED9F8003001F0070700EBCE1E0AFA07F713F80EB047EA0B0703F8CF
S3256023A8C00E70361B00F1010042BF019B7619C918DCE708EB0007FFB2B7FBFCFE0CFB1E776B
S3256023A8E0FFB27FB94FEAE00ED9F8003000F0070701EBCE1E0AFA07F713F80EB047EA0B07DA
S3256023A90003F80E70361B00F1010042BF019B7619C9189042DDDD03B0BDE8F08FE43001204D
S3256023A920F0B58418802CC8BFC0F180020028BCBF12180020002A4BDDCC18402CC8BFC1F11F
S3256023A94040030029BCBF5B180021002B40DDCC1011F0070100EBC410214C2468204416D0C4
S3256023A960C1F10801FF2586188B4245FA01F4B8BFCB1A6FEA0404A8BF5B1A0146B8BF1D411B
S3256023A980E4B2BCBF00232C40B1420BD1803003F00707DB1001461D46013D10D30C4601EB1A
S3256023A9A0020C08E00D78654001F8015BECE72678F64304F8016B6445F9D18031ECE700EBA5
S3256023A9C0C3102FB1FF230244BB40DBB2904200D1F0BD01785940C94300F8011BF6E700BF2D
S3256023A9E0E43001202DE9F04116468218802AC8BFC0F180060028BCBF36180020002E4BDD8D
S3256023AA00CA18402AC8BFC1F140030029BCBF5B180021002B40DDCA1011F0070100EBC210C5
S3256023AA20214A1568054416D0C1F10801FF20AC198B4240FA01F2B8BFCB1A6FEA0202A8BFBD
S3256023AA405B1A2946B8BF1841D2B2BCBF00230240A1420FD18035DC1003F007082B46274611
S3256023AA60013F0CD318463246FF2103F079FF03468033F5E70878104301F8010BE8E705EB5E
S3256023AA80C415B8F1000F07D0FF232E4403FA08F3DB43DBB2AE4201D1BDE8F0812A781A43B7
S3256023AAA005F8012BF6E700BFE4300120124A0021031E30B582F87F1004D11046302300F811
S3256023AAC07E3F30BD15DA5B422D220C480A210546B3FBF1F401FB1433303300F8013D2346C6
S3256023AAE0002CF4D1002AECD02D2300F8013CA81EE7E70A46E9E700BFA9F4012028F5012002
S3256023AB0037B50C461146B8B1A0F121035E2B11D820380622144D7A2C02FB00550EDDC4F10E
S3256023AB208002531E052B05D838290CDDC1F14003002B0FDC03B030BD3020E9E7002CBCBFD0
S3256023AB40A21D2D19EDE7002903DA01F108030021EEE70823C81004EBC0140448006800958B
S3256023AB602044ECF76DFEE5E744C62060E4300120F8B5074E451ED6E9014715F8010F08B9C5
S3256023AB807460F8BD21463A460634FFF7B9FFF4E7E43001200EB417B505AB084C802153F846
S3256023ABA0042B2046019306F0B9FE2046FFF7E0FF03B0BDE8104003B0704700BFA9F401206C
S3256023ABC008B5FFF773FFBDE80840D1E7044B054A1A60054B1870054B1A68054B1A607047DF
S3256023ABE054ED01203F03012014110120E030012050ED0120802810D007D840280FD06028FC
S3256023AC000FD0B0FA80F040097047A0280BD0A0F1E003584258418000704710207047042026
S3256023AC20704708207047202070470728124A0AD84130202382F8580282F8593220230F486A
S3256023AC4082F85A32704700F001014008043803280DD8DFE800F0020E080A432382F85832E5
S3256023AC6001F14103E8E74123F8E74223F6E73F23F4E74723F2E700BF74110120CC130120DC
S3256023AC80602810D007D820280FD010F0BF0F0CBF012000207047802809D0A0F1A0035842DD
S3256023ACA05841C00170470A207047062070470520704770B5D0E90024A51AED10002D13461C
S3256023ACC00ADCA21A042A2AD0062A24D0022A02D11A788A4207D070BD12788A4203D09A7861
S3256023ACE08A420AD102339C42F5D01A1D951EAC421AD19C4218BF4360EDE71A798A4201D12C
S3256023AD000433F0E79E7903F108028E4201D10633E9E7013DD2E71A788A42E4D002331A780C
S3256023AD208A42E0D00233D3E712F8026C02328E421CBF2D8823F8025BD8E708B5D0E9003234
S3256023AD40D21A04D14FF0FF31034802F04EFB134413F8010C08BD00BF4D030120D0E9003265
S3256023AD600020934200D1704713F8021B884238BF0846F6E7D0E900327F20934200D17047D2
S3256023AD8013F8021B884228BF0846F6E710B50A4C044494F8C4376BB1F6F78AFD642294F89A
S3256023ADA0C437B0FBF2F101FB120083428CBF0020012010BD0120FCE7A02401200D4B1A18E2
S3256023ADC003EBC00092F92428D0F8480882EAE2730011A3EBE273DBB213FB02F30A22534346
S3256023ADE0242293FBF2F343434FF47A7093FBF0F0704700BFA024012038B5044600780028BE
S3256023AE0039D000F0E002802A3BD005D8402A14D0602A31D000201BE0E02AFBD1C306F9D1DF
S3256023AE201D4D4FF440602B685843F6F763FD2B68A3EB830300EB43200AE010F0180FE9D101
S3256023AE40164A00F01F03D2F8C02702EB8302906A94F9012082EAE273A3EBE273DBB213FBED
S3256023AE6002F30A225343242293FBF2F358434FF47A7390FBF3F038BD00F01F00FFF79EFF09
S3256023AE80E6E700F01F03054803EBC30300EB4300D5F734F8DCE700BFA0050120A0240120F6
S3256023AEA0034B187A10B1587A80F00100704700BF303201200C23B0FBF3F203FB1200C0B2EB
S3256023AEC003FB02006FF00B0303FB0100C0017047EF2930B404469DF8085014D8120401F0DF
S3256023AEE0F0011B0602F4FE0203F0FE43134343EA012343EA1113691E090201F470611943E1
S3256023AF0030BCF6F785BFF72908D8A1F1F10005281DD8DFE800F00810081C1C03090241F098
S3256023AF200F012046ECE7120402F4FE0242EA012141F00201F5E711041B0601F4FE0103F0B8
S3256023AF40FE43194341F4724141F00301E9E730BC7047002307B51A460093FFF7B9FF03B008
S3256023AF605DF804FB0228034638BF0223981E00EB40108B4294BFC01840180A4901EB800164
S3256023AF80D1F828026AB1B2FBF3F103FB11224FF0FF3199409B1A20EA010020FA03F3904070
S3256023AFA01843704744C6206007B500F00100134602228001009200F17F02FFF72BFC03B0ED
S3256023AFC05DF804FB20B400F001000D461146082205EB80105DF8045BFFF790BAF0B50D4D88
S3256023AFE0D5F8046105F18407D5F80441013604F00F0407F8340005EBC400C5F80461A0F824
S3256023B0008A30054BA0F886101B68A0F88820C5F81031F0BD6C2301204C4501202DE9F7434F
S3256023B020184E05460C46DFF86C803768DFF85C9098F8003013B34846F7F7E8FB10F08003F7
S3256023B04006D03368DB1B3C2B18D8F8F7F5F8EFE7224629460C48019302F008FB0A49224688
S3256023B060019BA1F12000F7F762FA084A4FF40011074803B0BDE8F043F7F76FBA03B0BDE8C0
S3256023B080F08300BF4C45012060DC012040DC0120C00200205C2301200D4B93F8582400B513
S3256023B0A089B092B11021D3F844340130094A029300FA01F3684643F0010303930023CDE9BC
S3256023B0C00012CDE90433FFF7A9FF09B05DF804FBA00801200400044013B520B10168002406
S3256023B0E00094096A884702B010BD2DE9F04106460D46FDF737FB294B0F2E0CD803EB46029B
S3256023B100A9683344A2F8E0146A7DC2F3400283F80025BDE8F081D3F80026103E05F11608A9
S3256023B1200132C6F38F1006F03F06C3F80026FCF715FB1B4B06EB80260746C402284633F833
S3256023B14016208334144416221C44214604F1160606F04BFC78B105F1140355F8042B9D4243
S3256023B16044F8042BF9D12B88062223800D4B02FB073301221A713146404603F054FC0028EE
S3256023B180C7D00622074B4146304602FB07330122BDE8F0411A7105F0B7BA00BFA00801206F
S3256023B1A0E04A212084F6012020B103680022D9690023084770470B4BB3F85E2012EA0001BB
S3256023B1C005D022EA0000A3F85E000120704793F8600028B1B3F85C2083F86010A3F85E2045
S3256023B1E0704700BF6C23012010B586B0234904462348EAF79BFA0223204A01A82049ECF78A
S3256023B20066FB01A91F48ECF7A8F801A8D6F7DEF81C48D6F7C3F828B31B4A00201B49ECF7D1
S3256023B22001F9A0B11A4A1B49ECF7FCF878B11548D6F7E1F821461248EAF778FA22460F499B
S3256023B2400F48EAF73AF9B8B9134B144A0CE0124B134A1A600622134B1A70134B1A68134B5F
S3256023B2601A60E7E70C4B124A1A6006220D4B1A700D4B1A680D4B1A6006B010BD97030120DC
S3256023B280E00E01205C11012054F50120A203012068F60120A503012054ED0120C5030120C5
S3256023B2A0A803012014110120E030012050ED0120B7030120F8B5214D0646D5F85C440F2C7A
S3256023B2C030D8621CC5F85C2405EB840204F110071B48C2F8601404F1400205EB8707002139
S3256023B2E005EB42022544C7F86064A2F86014012285F800152146F6F72EF901222146104885
S3256023B300F5F704FED7F8600403681B6B984733683046DB6A984785F8100668B12046BDE8C7
S3256023B320F840B9E605F29C42002452F8040F0028CAD00134102CF8D1F8BD00BFA00801201E
S3256023B340FC0C01204349702303FB00132DE9F04FB3F84A8087B0B3F848401F8FB8F1000F71
S3256023B3604CD0630080220133B2FBF3F2BC426FD07023002558430C1831F900E0364994F894
S3256023B3804330019302F0FE03039304F1300304931FFA85F9B8F1000F05D0C84503D1039B32
S3256023B3A0CB18994230D1238A53431B142FD0934228BF13464F454FF07F4634F902AF4FF00A
S3256023B3C0000C0ABF019818465843B6FBF3F308BF000A0293AAEB0E0301EB40000593814253
S3256023B3E017D14F4503D00135ABB2BB420AD91A4BC01AC0F34F0007B0BDE8F08F4022B2FBD7
S3256023B400F4F2B3E7D646C3E721F802EBC9E70123D0E7049B4FEA1C6B104E5B5D013356F8D5
S3256023B420236036F81B3006EB4B06CCF30F2B7688F61A0BFB06F603EB1643059EC3F34E034B
S3256023B44073430EEBE33321F8023B029B9C44C6E70148CCE7F0E4012050F10120CC78002067
S3256023B46003685966DA6D12F4F81FFBD05B6F7047006804F015B82DE9F84F324B04461B7889
S3256023B480012B59D1B0F81080B8F1000F25D0B0F8403418EA030F0CBF012300232A4E2B4FB4
S3256023B4A02B4D84F842343378D4F8189007EB4317D5F800A0DFF8A8B09BF80030002B3BD099
S3256023B4C03846F7F7A3F9030609D52B68A3EB0A03322B31D8F7F7B0FEEEE74346DEE73378F6
S3256023B4E042461C4D494605EB4325284602F0BEF8194A2B4612882A44BFF34F8F4FF0E02129
S3256023B500C1F8703F20339A42FAD8BFF34F8FBFF36F8F0023424629463846F7F708F83A46F3
S3256023B5204FF480110D48F7F718F833780133DBB2032B88BF0023337000232361A361BDE864
S3256023B540F88F00BFA4150120C0DB012040DB01204C450120E07A212044D601204002002060
S3256023B5605C23012010B103681B6D1847704710B103689B6C1847704710B103685B6C18473D
S3256023B580704710B103689B6818477047F0B40C4671B3D56A28B30B5C0133DBB245B36A78F0
S3256023B5A0032A25D1235402262A78E71C03EB52013129C2BFC3F132025200D2B25FFA86FCE6
S3256023B5C0D9B2624501D930290DD923440022DA70C0F102020130D2B254FA80F0F0BC03F0FD
S3256023B5E0BFB90346DAE7A95D0236F9540133E5E7F0BC70472DE9F047CF8880468A461646BC
S3256023B600B7F5804F99467AD8F4F74CFC0546002875D0F4F747FC044620B92846BDE8F0476F
S3256023B620F4F74ABC002F67D0F4F73CFC20B92846F4F742FC2046F1E79AF800200123D209A8
S3256023B6404360130282F0010243EA074343F0004343F08003836026F47F63C66023F00F0367
S3256023B66003F58051016103F50051416103F5405103F580438161C361D8F8003028600460F5
S3256023B680836201211F4B6960AB602AF47F63C5F80CA023F00F0303F58050286103F50050B5
S3256023B6A0686103F5405003F58043A861EB61164B616043EA02220023D8F80000A260E360F5
S3256023B6C04FF48053276323614FF4005363614FF44053A3614FF48043E361DAF80030636377
S3256023B6E0DAF8043021602946C4E90A06C4E90E39BDE8F047F4F76DBB01222860C1E7BDE833
S3256023B700F08700BF8002080080800080836E1B6B10B5044613B9C06803F0C2FEA36E5B6B5C
S3256023B72013B9E06903F0BCFEA36E9B6B23B9606EBDE8104003F0B4BE10BDF8B5C6690F46A5
S3256023B7400D68083EB54213D3B5FBF6F0013806F09FFB841CA5EB8404B4FBF6F4204606F0BC
S3256023B76097FBA5EB800004FB160038602046F8BD0020FCE710B50C46826AFF21E06803F075
S3256023B780EFF84FF0FF33236010BDC3681847F8B50E461746034610F8012B202AFAD033606C
S3256023B7A0B3601D4615F8014B0CB12F2C1AD1194613F8012B202AFAD02F2AF8D000243960A6
S3256023B7C04FF6FF7533682746B481736030463461EDF7D0FA98B1601EB782FE288CBF0020CD
S3256023B7E0012004E02046EDF7CFFA08B10020F8BD2E2C02D0202C18BFB5602B46D1E7304617
S3256023B800EEF71AFDA842F1D0EEF73AFD0134FB0343EA570353FA80F3000A9AB2C3F34E0305
S3256023B82043EAC23310FA83F39FB2CFE7C38B89B21B0406D4C1F30E01C183C38B9BB2C3826D
S3256023B8407047C38BC1F3080103F47E430B43C383F3E70368F0B5044653F8210088B11788D9
S3256023B860024603681889B8420ED0186848B165681A460389B3FBF5F605FB1633994201D053
S3256023B8800020F0BD0346EDE71068FAE710B103689B6B1847704710B103685B6B18470148FA
S3256023B8A0704700BF3EF6002038B504461546D5F7F4FD074AA368284621690233C2E901139E
S3256023B8C0FBF7F4F92046BDE83840D5F7A7BE00BFE4300120007800217047007800217047B8
S3256023B8E038B50C4605461146032C0BD8064B182000FB0430D5F78BFD55F82430984218BF6E
S3256023B90045F8240038BD00BF5C78002038B50C4605461146D72C0BD8064B182000FB043016
S3256023B920D5F775FD55F82430984218BF45F8240038BD00BF504C002038B50C46054611463C
S3256023B940952C0BD8064B182000FB0430D5F75FFD55F82430984218BF45F8240038BD00BF73
S3256023B9609C380020F8B5044690F84D000D461646042836D8C11C00224FF0010CC9B2134676
S3256023B9800CFA02F701323B43D7B2B942DBB2F7D8043803EA050318BF012003EB8011201DA9
S3256023B9A07F29A8BF7F21ECF78FFD2278184B03EBC20382191201C3F8442894F84D30082B1F
S3256023B9C00ED1217815F0010F114A14BF0523002302EBC1024FF4C0614B431B01C2F84438E4
S3256023B9E0F8BD431F012B0AD82378094A02EBC302CBB206214B431B01C2F84438DDE7072882
S3256023BA00DBD1CB07ECD564212078FCF757FAD4E7A0240120122970B505460C460CD850F834
S3256023BA2021601820054BB11800FB0430D5F7EFFC864218BF45F8240070BD00BFE871002060
S3256023BA400A2970B505460C460CD850F821601820054BB11800FB0430D5F7D9FC864218BFFB
S3256023BA6045F8240070BD00BFE070002038B50C4605461146032C0BD8064B182000FB0430D5
S3256023BA80D5F7C5FC55F82430984218BF45F8240038BD00BF402200202DE9F8439846002355
S3256023BAA01446054680F8803089461146DCF78AFD214607462846DCF793FD0646B8F1000F27
S3256023BAC008D03846EBF78AFB424641683046EBF7DDFB064604F120034834B9F1000F09D14C
S3256023BAE005EB83025268974204D105EB44029288B24210D005EB8303384605EB44045F60D1
S3256023BB00A680EBF76BFB3246014605F1EC00BDE8F843D4F7A4BEBDE8F88300232DE9F041F6
S3256023BB200446884646681746858980F8D03042B13046EBF753FB3A4641682846EBF7A6FB20
S3256023BB400546B8F1000F07D1D4F8D4309E4203D1B4F8D830AB421AD0942E94F8EB30C4F84D
S3256023BB60D4604FF04801A8BF94260A4A03EBC3004B4326EAE676A4F8D85002EBC000D11806
S3256023BB80D65205B18D80BDE8F041D4F789BEBDE8F08100BF0020012038B50446C06919B901
S3256023BBA0D4F84031984211D0A58D0023C4F8400184F8F530A4F84451EBF710FB2A4601463C
S3256023BBC004F5F470BDE83840D4F749BE38BD51F8083B40F8083B5B68184750F8083BDB68A4
S3256023BBE018477FB501466846FFF7F1FF054A69460548F5F7DFF86846FFF7EFFF07B05DF8A2
S3256023BC0004FB00BF7F4F120010100120034B596843680068C91AD5F770B800BF001000E014
S3256023BC202DE9F74F0369044685680093C769436AD0E905A90AF10408984508D3534517D166
S3256023BC40A9451AD028461035D4F700FEF8E758F8046B06F5007BB345EED0304601931036ED
S3256023BC60D4F7F4FD019BF6E728461035D4F7EEFD009BAB42F8D1B94504D123683BB903B047
S3256023BC80BDE8F08F38461037D4F7E0FDF3E7636A65691E1DAE4205D8206803B0BDE8F04FEE
S3256023BCA003F0FEBB55F8040B03F0FAFBF2E730B400F001040D46012011461A46029B0290FF
S3256023BCC005EB841002EB841230BCFEF7A3BD00F00100D31002F0070201EB801101EBC31187
S3256023BCE0034B186801239340425C134343547047E430012030B400F00104044D184601EB0B
S3256023BD008411C5E9011230BCFEF75ABFE430012030B400F00104044D184601EB8411C5E95E
S3256023BD20011230BCFEF724BFE4300120034610468B4203D0CA1A194604F0E8BB7047B0F1FD
S3256023BD40005F08B506D3B0F1804F01D301F044FB01F03FFB8000BDE8084003F099BB2DE9FC
S3256023BD60F74F044680690F46236A103B984207D0FEF78AFAA3691033A36103B0BDE8F08F40
S3256023BD80626AE369111E6669A0EB03002369A2EB060818BF01210011C1EBA8014FEAA8050A
S3256023BDA000EB4110A1685B1A00EB23106FF07843984202D1324801F015FBD4E90093A2EB03
S3256023BDC00901A3EBA10101291FD8023502F1040AB3EB450F38D95B1B5B0809EB8305AE42FF
S3256023BDE026D92A4651463046FFF7A0FF2B686561E36003F50073236105EB0803636255F811
S3256023BE000830E36103F500732362656A4FF4007003F03EFB39466860A069FEF735FA636A3E
S3256023BE201A1D5B68626203F50072E3612262A3E75645DBD0AAEB060208F104003146801A0E
S3256023BE40284404F063FBD1E703F1020B012B2CBF9B440BF1010BABEB05055846FFF76FFF42
S3256023BE6051466D08019000EB850530462A46FFF75DFF484603F014FB019BC4E9003BB5E73F
S3256023BE80D503012001F0E001A02928D0002828DB402928D004D841B320290ED014487047F7
S3256023BEA0602913D08029F9D10428F7DCC0B2114B03EB8003D3F8140170470528EEDCC0B2DC
S3256023BEC00C4B03EB8003D3F8D40070470928E5DCC0B2084B03EB8003D3F8EC0070470648D7
S3256023BEE0704706487047064870470648704700BFCFFF0020D4AD0020C4ED0020F7ED0020D0
S3256023BF00050401206EC6002003681B681847F8B5013B04460F461546DBB20F2B19D802062A
S3256023BF2017D50C4E43EA000104F0EF04726D1068FFF7EAFF736D07F07F011868FFF7E4FF37
S3256023BF40C02C06D0736D05F07F011868BDE8F840DAE7F8BD5446012037B5130601F10104B7
S3256023BF60154648BF4018E4B248BF90F8EC55601E2B04000203F4FE0300F47060184340F41E
S3256023BF80004040F00800F7F759FB2A460023802109480094FEF79CFF2A4600238021074832
S3256023BFA00094FEF795FF234600222946802003B0BDE83040ABE700BF20AA012060BB012001
S3256023BFC0F0B541F6FF74013085B00E468C42C5B2A8BF0C466B1E04F500541B02200403F4C3
S3256023BFE07063E71100F4FE0040EA0760184340F4604040F00E00F7F721FBE021E2B20E4C04
S3256023C000FBB200952046CDE90223FEF761FF04F58A50E0210095DDE90223FEF759FF06F523
S3256023C02000522B4606F07F01C2F3C612E02005B0BDE8F0406BE700BF20AA012073B50130D2
S3256023C0400B040D46124EC4B203F4FE03601E000200F47060184340F4504040F00D00F7F799
S3256023C060EDFA2A4630460023D0210094FEF730FF2A4606F58A500023D0210094FEF728FF95
S3256023C080234600222946D02002B0BDE870403EE720AA0120F7B5013013060D461646C4B2FB
S3256023C0A003F0FE43134F601E000200F4706018430B0403F4FE03184340F4304040F00B0081
S3256023C0C0F7F7BCFA33462A463846B0210094FEF7FFFE33462A4607F58A50B0210094FEF75C
S3256023C0E0F7FE234632462946B02003B0BDE8F0400DE700BF20AA0120B2EE000A70470023F8
S3256023C1000370C0E90133C0E903337047002310B5A0F85C3080F85B10002959D1584B024683
S3256023C12003F10C0153F8044B8B4242F8044BF9D11B78137000F10D02524B03F10C0153F8BC
S3256023C140044B8B4242F8044BF9D11B78137000F11A024D4B03F10C0153F8044B8B4242F88A
S3256023C160044BF9D11B78137000F12702474B03F10C0153F8044B8B4242F8044BF9D11B780D
S3256023C180137000F13402424B03F10C0153F8044B8B4242F8044BF9D11B78137000F14102DA
S3256023C1A03C4B03F10C0153F8044B8B4242F8044BF9D11B784E301370374B03F10C0253F851
S3256023C1C0041B934240F8041BF9D11B78037010BD324B024603F10C0153F8044B8B4242F887
S3256023C1E0044BF9D11B78137000F10D022C4B03F10C0153F8044B8B4242F8044BF9D11B78C2
S3256023C200137000F11A02274B03F10C0153F8044B8B4242F8044BF9D11B78137000F12702A8
S3256023C220214B03F10C0153F8044B8B4242F8044BF9D11B78137000F134021C4B03F10C01A9
S3256023C24053F8044B8B4242F8044BF9D11B78137000F14102164B03F10C0153F8044B8B4288
S3256023C26042F8044BF9D11B784E301370114B03F10C0253F8041B934240F8041BF9D1A4E705
S3256023C280D4AD0020E1AD0020EEAD0020FBAD002008AE002015AE002022AE00202FAE00209D
S3256023C2A03CAE002049AE002056AE002063AE002070AE00207DAE002038B500250446202258
S3256023C2C0057029464561C0E90155C0E90355183002F046FBA563A58784F83E5038BD0E4B44
S3256023C2E010B50446104623600023617222618A0023721946E36002F033FB084A13682BB9C2
S3256023C3001460002363616360A37210BD1A465B69002BFBD15461F4E794AE0020B4CC0120E6
S3256023C320002370B504460360C0E90233C0E90433C0E90633C0E9083308206060FFF7FFFC22
S3256023C34000F10C06054620604FF4007003F0A0F800F50073E8606661E06023616662A06045
S3256023C360A061C4E9070370BD2DE9F74FCC4C0025CC4AFF26CC494FF00108CC484FF07E57F6
S3256023C38001F022F8C74ACA49CA4801F01DF8CA4B204640F8043BD4F7E4FFC24AC7492046AB
S3256023C3A001F012F8C64BC74A0020C74907241A609A611A639A64BB4A01F006F8B94AC34989
S3256023C3C0C34801F001F8B74AC049C24800F0FCFFC14BC24803F13C02C1490360AC33C0F894
S3256023C3E09424C04AC0F8A0344FF47F43C0F8A8242922A0F8D03480F8B124C0F88454A94A26
S3256023C400C0F88854C0F89054A0F89C54C0F8AC4480F8B55480F8BC5480F8CC5480F8D264E4
S3256023C42000F0D2FFB0489F4AB049857100F0CCFF9C4AAF49AF4800F0C7FF9A4AAE49AF48CA
S3256023C44000F0C2FFAE48974A00F11803AD49C56003600761C0E90185C0E9055500F0B4FF04
S3256023C460A948904A00F11803A6490761C0E90038C0E90255C0E9055500F0A6FFA34A782304
S3256023C4801560536013461146013C966002F108020E73F8D1DFF8D8824FF0FF379C49B8F886
S3256023C4A0442208F5A769DC6508F5C86AA3F87020A3F88020A3F860407A4A83F86240DC664C
S3256023C4C0DC67C3F810419148924DC3E91944C3E91D4400F079FF05F58056F5F726FE8E4B95
S3256023C4E08E481C60C3E901748D4BC3E900479C608C4BC3E900479C608B4BC3E900479C60EE
S3256023C500FFF70EFF674A8949844800F05DFFF5F70CFEF5F70AFE864B08F5147285481C725B
S3256023C52021461A601C641C65C3E90E44FFF7E7FD1430FFF7E4FD1C30DAF798FC594A7E4982
S3256023C5407C4800F041FF44F25523214605F5CC70AB807A4B85F8B540AB60794BA5F8B6404F
S3256023C560EB6008F5247385F86C412B6008F5387385F87441C5F8B03045F24333C5F8BC30D1
S3256023C580704BC5F8C030704BC5F8C43008F53C73C5F8B83008F55473C5F8683108F55A7309
S3256023C5A0C5F87C31FFF7B2FD012105F5FB70FFF7ADFD45F24F034FF480614FF4B062A5F81D
S3256023C5C058320120614B85F84403C5F85C32604B85F8600305F24C40C5F8603208F55E7341
S3256023C5E085F80843C5F8543208F5747385F81043C5F804334FF40063C5F83043C5E9D63471
S3256023C600C5E9DD3445F24623A5F88433514BC5F88833514BC5F88C3308F57A73C5E9D41234
S3256023C620C5E9DB12C5F88033C5E9CA44FFF767FD05F27C40FFF763FD484B05F6C4501B6822
S3256023C640C5F8603C44F25133A5F86C3C444BC5F8703C444BC5F8743C08F58663C5F8683CBE
S3256023C66008F58F63C5F8183DFFF726FE05F65C60FFF745FD44F2592305F67470A5F8B83E03
S3256023C680394BC5F8BC3E394BC5F8C03E08F59563C5F8B43EFFF733FD44F242236AE000BF29
S3256023C6A0C4F60120D8130120D5380200A0080120873400001010012054AB002041250200AF
S3256023C6C000CD01203CAB0020A92402006538000080DC012000F6012004AF0020885101200F
S3256023C6E00DE5010000093D00E0E80120CD9D0100AB9C0100E00E0120653B00005C1101209F
S3256023C70054F50120AD9C010068F601206C230120EB9A01005857012000F40120B8E8012081
S3256023C720BC360120602301201CF401202591010038EC012080ED01203F8C01000A04012003
S3256023C740B9EA002016040120200401202D0401208904012036040120410401204C4501209A
S3256023C7604A040120550401205C04012070040120D4AD002000F2F440A6F8AC33E84BC6F8FC
S3256023C780B033E84BC6F8B43308F59E63C6E9E644C6F8A833C6E9E844FFF7B1FC45F25133AC
S3256023C7A000F52F70C6F86046A6F87436DE4BC6F86446C6F87836DD4BC6F86846C6F87C36AF
S3256023C7C0DB4BC6F86C46C6F87036FFF798FCC6F8789705F5CB50FFF76FFD06F6B830C6F866
S3256023C7E0D09948F21009FFF767FD44F2475306F6E8402022A6F82C3C2146CE4BC6F8303CB4
S3256023C800CD4BC6F8343C08F5AD63C6F8283CFFF776FC06F60850A6F8004D86F8024D02F0B4
S3256023C8209FF82022214606F6285002F099F844F6524306F6C460C6F8B04EA6F84C3DBF4B5C
S3256023C840C6F8B44EC6F8503DBD4BC6F8B84EC6F8543D08F5B663C6F8BC4EC6F8483DFFF712
S3256023C8604EFC45F24C0300F50970A6F8DC3EB54BC6F8E03EB44BC6F8E43E08F5BF63C6F8A1
S3256023C880D83E05F50056C6E93544C6E93744FFF736FC44F25143C830A6F80031AB4BC6F8EA
S3256023C8A00431AB4BC6F80831AA4BC6F8FC30FFF726FC00F59270C6F8E8A1FFF7FDFC06F2B1
S3256023C8C05440C6F868A3C6E9C697FFF7F5FC45F2511306F29C50C6F89894A6F8EC342146F1
S3256023C8E09D4BC6F89C74C6F8F0349C4BC6F8F4349B4BC6F8E834FFF702FC08F5CE6300F672
S3256023C900A810C6F8344FC6F8D835C6F89837C6F85839C6F8183B44F25413C6F8384FA6F85D
S3256023C920DC3C904BC6F8E03C8F4BC6F8E43C08F5D463C6F8D83CDAF799FA06F6EC7005F52D
S3256023C9404056FFF7DCFB3046FFF7D9FB44F6410306F50D7086F8F2413383844BF361844B5C
S3256023C960336208F5DD63736144F25313A6F8C830804BC6F8CC30804BC6F8D03008F5E66302
S3256023C980C6F8C43008F5EF63C6F87431FFF794FC05F55850C6E9A197FFF7B1FB44F64E630E
S3256023C9A000F26D4286F8EC46A6F83C36734B86F8F446C6F84036724BC6F8644AC6F8443682
S3256023C9C008F5F563A6F8684AC6F8383608F60803C6F8E83608F50263C6F8FC3623461355F5
S3256023C9E00C34B4F5907FFAD144F24E52A6F8A43B86F85C3C0427A6F8AC2B624A86F8643C18
S3256023CA00C6F8B02BC6F8B42B5F4A86F8E83E02F16001C6F8A82B7832A6F8B23FC6F8581CBA
S3256023CA20C6F86C2C4FF6FF7286F8B43FA6F8B63FA6F8B82F86F8BA3F4FF0FF36534C2046E8
S3256023CA40FFF73AFC013FC4E9106604F15004F6D14F4C44F23243DFF854913946A4F88C37CE
S3256023CA6004F66C104B4B04F58056C4F88897C4F89037494BC4F87C77C4F8943709F16003CD
S3256023CA80C4F88077C4F8383809F17803A4F88477C4F84C3844F6495384F88677A4F8A4381B
S3256023CAA03E4B84F83C78C4F8A8383D4B84F84478C4F8AC3809F1880384F85479C4F8A038D6
S3256023CAC009F1E80384F85C79C4F8503909F58073C4F86439FFF713FB45F2583300F2DC6014
S3256023CAE084F8247EA4F8743D2E4B84F82C7EC4F8783D2D4BC4F8347EC4F87C3D09F58873DE
S3256023CB00C4F8387EC4F8703D09F5B473C4F83C7EC4F8203E1023C4F8407EA4F8A83E47E0A6
S3256023CB207A0401208E040120940401209C04012028610020A9040120B0040120B604012079
S3256023CB40C0040120C7040120D3040120E2040120E904012098600020F60401200205012013
S3256023CB60E06000200F0501201D05012025050120350501203C050120DAE000204B05012001
S3256023CB8037EC002051ED002004B60020949D01205897012022EB00205A05012024ED002051
S3256023CBA063050120CEC500206C0501208CB6002044F23833C4F8447EA4F84C3FD74BC4F898
S3256023CBC0487EC4F8503FD64BC4F84C7EC4F8543F09F5C073C4F8507EC4F8483F09F5EC736A
S3256023CBE084F8587EC4F8F83FC4F8AC7E84F8FC7F37713775B76137773762B784C6E9037773
S3256023CC00FFF784FA45F245331C223946A6F82C3106F50270C34B86F8DC71C6F83031C24B3E
S3256023CC2086F8E471C6F8343109F5F873C6F80472C6F8283109F51273C6F8D8314FF4803381
S3256023CC40C6E97B3701F08CFEB84B09F5167E06F5097CC6F80C32BEE80F00ACE80F009EE880
S3256023CC600F008CE80F0006F59473B14AB149A4F58040C6F8503204F64873C6F8543204F517
S3256023CC805763C6F8583204F50A63C6F85C3204F5F163C6F86032A4F58B63C6F86432A4F645
S3256023CCA0C813C6F86832A4F63C73C6F86C32A4F6EC73C6F87032A3F54F73C6F87432A3F564
S3256023CCC0FE63C6F87832A3F57B73C6F87C32A3F50973C6F88032A3F5C873C6E99177C6F844
S3256023CCE08432A3F59073C6F88832A3F5B763C6F88C32A3F53273C6F89032A3F2F443C6F86D
S3256023CD009432A3F51373C6F89832A4F57253C6F89C32A3F59673C6F8A032A3F5CE73C6E97B
S3256023CD20A93500F051FB844B09F51E7209F52A799F7203F24C531068083252F8041C1C462F
S3256023CD404A4503C42346F6D1794A00247B490725794800F039FB7A48754A7A49046000F070
S3256023CD6033FB7948794EFFF7CAF9714A7849C0F8C842C0E9054400F027FB6D4A7549764846
S3256023CD8000F022FBF5F7D1F93346744A744943F8802F1A460868C6F8C433C6F8E033C6E964
S3256023CDA021440446013D02F10C0002F1280242F81C4CF6D16B4A03F500740A606A490868CA
S3256023CDC0C6F8C00102F14400A432C6F820020A6060194035F3F770F8B5F5807FF8D1634B94
S3256023CDE00024DFF8B0914FF4C87B1A68604DA9F54070C6F88023C3F80090F7F7C5FF05F513
S3256023CE009F635C4A28462D622B6305F5DF632A6005F580576B6305F6F803A5F848B0AB6358
S3256023CE2005F6F823DFF870A12B644FF40073C5E90144A5F84630F7F7B9FF05F58A504D4A0F
S3256023CE404FF40073C7F86001C7F8402100F59F62A7F88631C7F8702100F5DF62C5F800A024
S3256023CE60C7F8742102F50072A7F888B1C7F8782102F50072404DC7F88021C7E95144F7F7B3
S3256023CE8095FF3E4B80222146C6F8603409F1E00305F17800C7F840A16B654FF6FF732C658E
S3256023CEA0A5F8584085F85A406C67C5E91A330323C5E9004485F87030C5E90244C5E90444B0
S3256023CEC0C5E90644C5E90844C5E90A44C5E90C44C5E90E44C5E91044C5E91244C5E91844CD
S3256023CEE0C5F8F84001F03CFD114A28462449C5F80841A5F80C41C5E9404400F065FA0C4A8D
S3256023CF002049214800F060FA094A1E491F4800F05BFA1F4920220B460F463FE032C5002080
S3256023CF2073050120CCF400207E050120ACBE2060D8130120418C010000012020CD47000032
S3256023CF402C430120F15A00003C33012020DC0120F93A000065380000842401203CB9002012
S3256023CF608C4701209CDD01200048012038D6012020AA012058B90020544601202C080120D6
S3256023CF804138000087340000240801201C080120A0240120A0DF012058B90020013A1C72C3
S3256023CFA05C8103F1120323F8064C23F8044C23F8024CF3D1C3482023013B0272428100F14B
S3256023CFC0120020F8062C20F8042C20F8022CF3D10C221025A7F8863487F88A240122A7F86F
S3256023CFE0883487F8A3244FF47F42C7F8A424013DC1F8AC34C1F8B03401F10C01C1F8A83413
S3256023D000F5D1B14AB149B24887F82C5CB14C00F0DBF94FF08073D8F8982B294604F13800A9
S3256023D020C4F82B20C4E90235AB4B5A68C4F82F201A899B7AA4F833202C2284F83530C4E936
S3256023D0400855C4E90455C4E90655C4F8275001F087FC042304F17800A4F86450A36684F8CC
S3256023D0606C50C4F86D50C4F87150FFF759F942F28D034FF078112046934AC4E900139749BE
S3256023D080082400F0A1F9964B013C5D7003F10803FAD101238C4A93492046A6F868340825F9
S3256023D0A086F864444FF0050986F86A444FF6FF78C6F86C44C6F87044C6F8744486F87B44F9
S3256023D0C0C6F87C44884F00F07FF97F4A2046874900F07AF907F10800A7F80090BC70FC70E1
S3256023D0E0A7F804800190FFF7E7F80198EAF7E4FB3846D3F7D5FB013D07F14807EAD1724AB1
S3256023D10028467B4900F060F908227A4B0121013A1D7019715D719D711D61DD759D61C3E952
S3256023D120025503F11C03F2D10824734B3C21013C1A70597003F10803F9D1634A20466F49CE
S3256023D14000F042F9604A6E496E48C6F88044C6F88444C6F88844C6F88C44C6F8904400F062
S3256023D16033F9224621466848FFF7B9F8674B01216748C6F89434F3F7C5FD664AD36F43F4F6
S3256023D1804013D367644B9A68002A5FDBD3F88830002B5BDB614B1A6F92041CD4604A1A679A
S3256023D1A04FF4D252C3F8802042F21072C3F890201A6F22F480521A671A6F002AFCDAD3F8BD
S3256023D1C0702122F4000222F40042C3F870211A6F22F480321A674F4A012400254FF48030D1
S3256023D1E0D369504923F4405343F40053D361D36A23F4FF7323F0010343F0CD03D362A2F5BD
S3256023D200A022536823F4801323F4407343F4801353600222444B1A63DA629A6203F5C813DC
S3256023D220424A1D66DC601A61414A58619961DA61C3F8E050C3F88C4004F18E44C3F8904062
S3256023D240C3F89400C3F89810C3F89C20002402252F4F354B374A5D63C3F8B8453B683649B8
S3256023D2601A60364A9961DC609D823549C3E90125344A1A614FF48072DA82DA8306229A835A
S3256023D2803A791346AB4003F1804303F56C231C6019602D4BDA7603F528132C4AC3F8882007
S3256023D2A09A6842F010429A60F3F70EFD3A79284B02F110011870274B274843F8210053111D
S3256023D2C001214BE0E0260120D813012029340000A0240120303201206CB9002045340000C2
S3256023D2E0D0320120331B000000200120351B0000371B000010310120F0310120311B000061
S3256023D300AD330000A0E00120B4E0012080B9002000F6012000C00F400080384000800D400A
S3256023D3201C2011001B1F010000801F4001000007001F1F1FA280384000FEFFFF0000010100
S3256023D340150000804028212000800E400100009208F6012000180120D3A3010002F01F02C3
S3256023D36003F1382301FA02F229464033AB401A600F4AA2F11800FEF7B2FF0E4A0E4B2046DE
S3256023D3801168C6F8AC340D4BD9609C601C74DC6183F824401B620A49C3E90044C3E90544FF
S3256023D3A014331360074A03B0BDE8F04F00F00CB8E4E00120582301208CB900203023012034
S3256023D3C02D1F0000D81301200B460146184601F00DBB08B5F8F708F908B5F8F705F908B5A9
S3256023D3E0F8F702F908B5F8F7FFF80FB480B584B000AF07F1180454F8042B7A60104601F08C
S3256023D4000AFB00F2072323F00703ADEB030D00F500717A68FC602346684600F0E5F8F8F726
S3256023D420E3F808B5F8F7E0F80D2970B5024614D800293BD01E4B92ED006A585C07EE900AAC
S3256023D440B7EEC66AB8EEE77B27EE067BBBFE477BBCEEC77B82ED017A70BD164CF92358106C
S3256023D46004EB800554F820608E423BBF1B1A03F1FF3303462C1D002BF1DC0F4B20689C4274
S3256023D48011D092ED006A07EE900AB7EEC66AB8EE677B27EE067BBBFE477BFCEEC77B17EE0B
S3256023D4A0903A5360D8E74FF0FF33FAE70120D3E79EBE0020A8B900208CBD002010B5044605
S3256023D4C0084602990B4441688B4236D9002914BF00210B218B4238BF0B4606EE903A90ED6D
S3256023D4E0007AB8EE665BB7EEC77A85EE076B05EE902AB8EE655BB4EEC65BF1EE10FA14D84C
S3256023D500B7EE007BBBFE466B36EE076BFCEEC67B520017EE901A914238BF1146FFF784FF9C
S3256023D520012323706060204610BD27EE057BBBFE477BBCEEC77B80ED017A0023C4E90033D1
S3256023D540F1E7000080B59CB0064600AF0C46A41B0E496922381D00F089F804F1700323F0BA
S3256023D5600703ADEB030D6D466822391D284600F07DF82246314605F168002C4400F076F8FF
S3256023D580002384F868302846FFF729FF35BE00202DE9F04100AF84B06D4605F10C04DFF872
S3256023D5A0448023464FF00A0CB2FBFCF60CFB162E18F80EE003F801ED9646BEF1090F324674
S3256023D5C0F2D8E41A8C4209D8C4F10C012246294400F04CF82046BD46BDE8F0814FF0FF348F
S3256023D5E0F8E700BF2ABE002001392DE9F0410746154600EB010804462A7892B3444516D23D
S3256023D600252A07D16A78732A09D07A2A16D0252A00D1013515F8012B04F8012BECE753F8A3
S3256023D620042B013A12F8011FC9B1444503D121463846FFF787FF04F8011BF3E7AA78752AE2
S3256023D640E8D11E46A8EB040156F8042B2046FFF79FFF0028EBDD044403353346CCE7023542
S3256023D660CAE72270E01BBDE8F0810000844641EA000313F003036DD1403A41D351F8043B78
S3256023D68040F8043B51F8043B40F8043B51F8043B40F8043B51F8043B40F8043B51F8043B05
S3256023D6A040F8043B51F8043B40F8043B51F8043B40F8043B51F8043B40F8043B51F8043BE5
S3256023D6C040F8043B51F8043B40F8043B51F8043B40F8043B51F8043B40F8043B51F8043BC5
S3256023D6E040F8043B51F8043B40F8043B51F8043B40F8043B51F8043B40F8043B403ABDD224
S3256023D700303211D351F8043B40F8043B51F8043B40F8043B51F8043B40F8043B51F8043BB5
S3256023D72040F8043B103AEDD20C3205D351F8043B40F8043B043AF9D2043208D0D2071CBF00
S3256023D74011F8013B00F8013B01D30B8803806046704700BF082A13D38B078DD010F00303B4
S3256023D7608AD0C3F10403D21ADB071CBF11F8013B00F8013B80D331F8023B20F8023B7BE779
S3256023D780043AD9D3013A11F8013B00F8013BF9D20B7803704B7843708B78837060467047D8
S3256023D7A010EE103AB3F17E5F3ED0A3F50001B1F1FE4F10EE102A3AD2BFEE002B02F14043EF
S3256023D7C0284903F54D03C3F3C34001EB001091ED424B91ED447B91ED406B91ED465BD90DDC
S3256023D7E0C9052DED028B90ED021B90ED008B521ADB1500EE103A03EE902AB8EEC00BB7EE34
S3256023D800E33A30EE010BA8EE032BBDEC028B22EE023BA4EE027BA5EE020BA6EE037BA3EE9F
S3256023D820070BB7EEC00B70479FED0F0A7047590014D0B3F1FF4F14D0002B0BDBB1F17F4F36
S3256023D84008D2DFED0A7A60EE277A17EE903AA3F13862B1E700EE103A00F028B8012000F078
S3256023D86013B87047B8620020000000000000004B10B582B08DED010A044601F08BF89DED54
S3256023D880010A046002B010BD9FED070AFFEE007AB7EE007A00284FF0220047FE277A87EE0A
S3256023D8A0800AFFF7E5BF00BF0000000070EE407AB4EE400A87EEA77AF1EE10FAB0EE470A8A
S3256023D8C002D62120FFF7D4BF704700BF0A22002100F09EBF164B10B51C68236BB3B9182031
S3256023D8E001F0D6FD0246206320B9124B12484C2101F0B4F81149124BC0E90013114B8360C4
S3256023D9000B23838100210120C2E90401216B0E480B694C690D4A584302FB0400A3FB02328A
S3256023D920013340EB0200C1E9043020F0004010BDA01501200AC1002021C100200E33CDAB86
S3256023D94034126DE6ECDE05002DF451582D7F954C002310B50446C0E90033C0E904338360AE
S3256023D96081814366C2818361194608225C3000F0F7FF054B6362054BA362054BE362054B02
S3256023D9802462236310BD00BF812B0300A32B0300DB2B0300FF2B0300024A0349034800F0DD
S3256023D9A041BF00BF48150120C52103005415012041680C4B994210B5044601D002F036F853
S3256023D9C0A168094B994202D0204602F02FF8E168064B994204D02046BDE8104002F026B8C1
S3256023D9E010BD00BFE4F601204CF70120B4F7012010B50B4B0B4C0C4A1A60204600220421F8
S3256023DA00FFF7A6FF04F1680001220921FFF7A0FF04F1D0000222BDE810401221FFF798BF45
S3256023DA201CF80120E4F6012031010300014800F0DBBF00BF8DF80120014800F0D6BF00BF33
S3256023DA408DF8012010B50446FFF7F0FF236A1BB1BDE81040FFF7F0BF044B2362044B1B680A
S3256023DA60002BF5D1FFF7C4FFF2E700BF490103001CF80120F0B5ADF5057D0E4604AF4FF446
S3256023DA800071039100933946134603AA054600F037FF044680B10246039B3146284600F039
S3256023DAA067FFBC42039003D02146284600F0F4FF03980DF5057DF0BD4FF0FF30F9E7000041
S3256023DAC013460A46014602480068FFF7D3BF00BFA015012070B504460D46164645EC104B54
S3256023DAE002F044FB7EB1C5F30A53C3F16B03002B09DD1B0503F17F51002001F5401141EC7D
S3256023DB00170B20EE070B70BD2DE9F04F2DED0E8B97B004460D92002212928A464FF00008F8
S3256023DB204FF000090A46119211782B294CD039D80D2933D8082933D800293CD000220892A9
S3256023DB40119E3278302A40F0B880727802F0DF02582A70D10293089B019312AB0093914AAA
S3256023DB6013AB11A9204601F04BF810F00F07054605D0062F2AD101360023119608930D9B60
S3256023DB80002B40F05585089B49EC108BCBB1B1EE400B17B0BDEC0E8BBDE8F08F2029CDD1DA
S3256023DBA00132C0E72D29C9D101210891511C11915278002AC4D10D9BCDF844A0002B40F013
S3256023DBC0358549EC108BE4E70021EEE7129A3AB1352114A802F0C4FB1299204601F09AFF7C
S3256023DBE07B1E139A042B06D8DFE803F014031D201400DDE91489EB0548BF49F0004929F032
S3256023DC0000431B0D1B05002BB9D100F0C3FE22230360B4E7DDE9148302F2334223F48013D7
S3256023DC2043EA0259E7E7DFF88491E4E76FF000494FF0FF38DFE7119B5A1C11925B78302B77
S3256023DC40F9D0002B9BD001230693119B09930023059307931E460A2211980578A5F1300303
S3256023DC60D9B209292BD95049012200F037FE002835D000202A46334683460146652A01D0D3
S3256023DC80452A18D11BB9069B034394D00023DDF844A00AF1010211929AF801202B2A75D0BA
S3256023DCA02D2A7BD04FF0000EA2F13005092D40F28380CDF844A000259EE00023C4E7082E69
S3256023DCC0D5BF0799059902FB013302FB013300F10100D4BF0793059301361190BCE7119BA9
S3256023DCE05A1C11925A78AEB383463346A2F13001092912D90121C1E7119B5A1C11925A78CB
S3256023DD000130302AF8D0A2F13103082B00F29584119B0993834600200346303A00F101014B
S3256023DD2012D08B4400EB030C19460A25614513D11918082903F1010303441BDC07980A2135
S3256023DD4001FB002207920021119A501C119052780846CBE73046D4E7082901F1010103DCAB
S3256023DD60079F6F430797E1E71029DEBF059F6F430597DBE7102BDFBF05980A2101FB002213
S3256023DD800592E0E74FF0000B01217CE74FF0000E0AF1020211929AF8022085E74FF0010E70
S3256023DDA0F6E700BF94BD0020E2EA00200000F07F119A551C11955278302AF9D0A2F13105FA
S3256023DDC0082D3FF678AFA2F1300C119A0A92119A551C11955278A2F13007092F37D90A9FCC
S3256023DDE0ED1B082D44F61F6502DC6545A8BF6546BEF1000F00D06D42002B4DD1069B034398
S3256023DE007FF4BDAE00297FF4D6AE692A27D024DC492A24D04E2A7FF4CEAE954911A801F09B
S3256023DE202FF900283FF4C7AE119B1B78282B2DD1904914AA11A801F037F9052826D1159B8C
S3256023DE40DDF8508043F0FF4949F4E00997E60A2505FB0C2CACF1300CB9E76E2ADBE786496D
S3256023DE6011A801F00DF900283FF4A5AE119B8349013B11A8119301F003F910B9119B013314
S3256023DE801193DFF80C924FF0000878E67C4800F0D7FD59EC108B72E6DDED077AA5EB0B0293
S3256023DEA0B8EE677B002E08BF1E46102B06921A46A8BF1022092B59EC178B0CDD7149DDEDA4
S3256023DEC0056A01EBC20111ED125BB8EE666BA7EE056B59EC168B0F2B37DC069900293FF486
S3256023DEE04EAE23DD16290BDC664B03EBC10393ED007B49EC168B27EE067B59EC178B3EE6A2
S3256023DF000698C3F1250181421FDB5E4AC3F10F0302EBC30191ED007B49EC168BC31A02EB8B
S3256023DF20C30227EE067B92ED006BE4E7069916310BDB544BABEB050503EBC50595ED007B88
S3256023DF4049EC168B86EE077BD7E706999A1A0A44002A6EDD12F00F000AD04A4901EBC0016D
S3256023DF6091ED007B49EC168B27EE067B59EC178B32F00F024ED0B2F59A7F22DD00252E4623
S3256023DF8007952F462223DFF8089123604FF00008079B002B3FF4F3AD1299204601F0BAFD0F
S3256023DFA03946204601F0B6FD3146204601F0B2FD0799204601F0AEFD2946204601F0AAFDC3
S3256023DFC0DDE5002049EC178B2F4F12110146012A23DC08B159EC178B2B4A2C4802EBC102B4
S3256023DFE092ED007BA9F1547949EC168B284A27EE067B17EE901A0A40824259EC178BBDD820
S3256023E000A0F58010824286BFDFF888904FF0FF3801F154790022059276E012F0010F04D030
S3256023E02097ED006B012027EE067B013152100837CDE7EFD0524212F00F000AD0114901EBA6
S3256023E040C00191ED007B49EC168B86EE077B59EC178B1211DED01F2A1EDD00252E46079580
S3256023E0602F4622234FF000084FF0000923608FE77FFE0020A8BD002054C7002066C0002032
S3256023E0803EF6002000640020D86300200000A07C0000F07FFFFFEF7F12F0100118BF6A2158
S3256023E0A0059149EC178BBE490020D70704D591ED006B012027EE067B521001F10801F4D1CA
S3256023E0C008B159EC178B059ABAB1C9F30A51C1F16B02002A484610DD1F2A40F32C81342AAB
S3256023E0E0DEBF4FF0FF32C1F14B018A404FF00008CCBF4FF05C7902EA000949EC178BB5EE6D
S3256023E100407BF1EE10FAA8D0079A009209993246204601F067FD079000283FF42FAF069AE2
S3256023E120002AABEB05039FED969BA8BF00239FED96AB9FED97BB0993002522EAE2730C93DB
S3256023E1402E46079B2046596801F0A4FC074600283FF418AF079B1A69023203F10C0192000D
S3256023E1600C30FFF783FA49EC108B14AA13A9204602F06CF849EC188B129000283FF402AFDB
S3256023E1800121204601F0C6FD064600283FF4FAAE139B1499002BABBF099A0C9ADDF830A08D
S3256023E1A0DDF824B0ACBF03EB020BA2EB030A059A9B1A0B447B4A013B9342C1F1360180F259
S3256023E1C0CD80D21A1F2AA1EB02014FF0010000F3B98000FA02F30B9300230A930BEB0103F2
S3256023E1E0059A9B458A4492445A46A8BF1A465245A8BF5246002AC2BF9B1AAAEB020AABEBDF
S3256023E200020B099A002A18DD314620460F9301F041FE064600283FF4B5AE0146129A204694
S3256023E22001F08EFD0E9000283FF4ACAE1299204601F070FC0E9A0F9B1292002B00F39380F1
S3256023E240069B002B08DD39460C9A204601F022FE074600283FF496AEBAF1000F08DD3946DE
S3256023E2605246204601F070FE074600283FF48AAEBBF1000F08DD31465A46204601F064FE68
S3256023E280064600283FF47EAE12993A46204601F0E3FE054600283FF475AE0023D0F80CA05F
S3256023E2A0C360314601F0BCFE00287FDA5AEA080A40F0A580C9F31303002B40F0A08029F0FE
S3256023E2C000431B0D1B05B3F1D66F40F298806B691BB92B69012B40F3928029460122204652
S3256023E2E001F032FE3146054601F09AFE002840F3868005992C4A4B46002900F09F8002EAFF
S3256023E3000901B1F1D66F00F39980B1F15C7F7FF7A8AE9FED217B49EC168B234B26EE077B2C
S3256023E32017EE902A134059EC178B002B7FF434AE2223236030E64FF0FF3101FA02F202EAB3
S3256023E3400808DAE6C3F17F4303F57F0303F57B43E23300FA03F3CDE90A303FE7002201235D
S3256023E360CDE90A233AE712991A46204601F0ECFD129000287FF464AF04E600BFAFF30080AA
S3256023E3809535A094FFFFCF3F9535A094FFFFDF3F35E5AF350000E03F00000000000050392A
S3256023E3A0C864002002FCFFFF0000F07FCB465FD1C9F31303BAF1000F2AD0A74A93422BD194
S3256023E3C0059B4246FBB1A54B09EA0303B3F1D46F4FF0FF311AD81B0DC3F16B0301FA03F374
S3256023E3E09A4219D19E4B9B4502D101323FF4CAAD9A4B0BEA030303F580194FF00008059BFD
S3256023E400002B86D1C8E54FF0FF33E9E70B46E7E753EA08033FF46DAF0A9BCBB113EA0B0F15
S3256023E420EDD0059A40464946BAF1000F14D0FFF751FB38EE007B59EC178BE0E71340A3F5C8
S3256023E44080136FEA13596FEA09594FF0FF38D6E70B9B13EA080FE3E7FFF73CFB38EE400BCB
S3256023E460B5EE400BF1EE10FA59EC108BC7D1F8E53146284601F044FFB0EE007BB4EEC70B41
S3256023E480F1EE10FA5FD8BAF1000F66D1B8F1000F4DD1C9F31303B7EE00DB002B62D1B4EEBA
S3256023E4A0CD0BB6EE00DBF1EE10FA01D420EE0DDBB1EE4DCB6948DFF8B0C10BEA000161457C
S3256023E4C053EC1C2B7AD1ABF1547949EC108B0A9101F04CFE49EC1E8B6048A0EE0CEB1EEEBC
S3256023E4E0903A604A0A991840904259EC1E8B3CD918EE902A5A4B9A4204D118EE103A0133B5
S3256023E5003FF440ADDFF858914FF0FF381299204601F000FB3946204601F0FCFA3146204676
S3256023E52001F0F8FA2946204601F0F4FA09E6B8F1010F03D1B9F1000F3FF493ADBFEE00CB9B
S3256023E540B7EE00DBB6E7B6EE00DB20EE0DDBBAF1000FADD0B0EE4DCBACE7B7EE00CBB0EE12
S3256023E5604CDBA7E7BFEE00CBA4E703F15479059BCB46002BCAD129F000431B0D1B059942A3
S3256023E580C4D151EC1D0B03F04BFC03F01BFCC9F3130B41EC170B4BEA080B5BEA0A0B3DEEBE
S3256023E5A047DB3CD0B4EECADBF1EE10FA3FF5F4ACB4EECBDBF1EE10FAA8DDEDE40598F0B1DB
S3256023E5C0B1F1D46F1BD89FED227BB4EEC7DBF1EE10FA11D8BCEECDDB1DEE103A012B38BFD1
S3256023E5E001230DEE103AB8EE4DDBBAF1000F13D1B1EE4D7B53EC172B03F1D660431AB0EEB0
S3256023E600480B43EC1C2B0A9101F0B0FD0A99ACEE008B59EC188BAAE7B0EE4D7BEAE7B4EE55
S3256023E620C9DBF1EE10FA7FF571AFB5E4002308930D9A119B1360FFF7A6BA652A3FF4A2ABAE
S3256023E640452A3FF49FAB0121FFF7D8BBAFF300800000C0FFFFFFDF41FFFF0F000000F07F1F
S3256023E660FFFFEF7FFFFF9F7C0000E07F0000000010B5214C214B0A4601462068FFF744FA3C
S3256023E680B4EE400BF1EE10FAB0EE407B0DD717EE903A002B1A4804DA00F0DAF9B1EE400AF8
S3256023E6A010BDBDE8104000F0D3B9B7EEC00BDFED156AB0EEC06AB4EE666AF1EE10FA08DDD0
S3256023E6C0B0EEC76B9FED0A5BB4EE456BF1EE10FA0ADD10EE103A13F0FF4FE1D117EE902AC4
S3256023E6E0094B1340002BDBD0236822221A60D7E7FFFFFFFFFFFFEF7FA0150120DC130120BF
S3256023E7003EF60020FFFF7F7F0000F07F012B2DE9F04701D0242B06D900F03CF91623036078
S3256023E7200020BDE8F087DFF8E4C00D462E4615F8014B1CF8047017F00807F7D12D2C32D1B7
S3256023E7402C780127B51C002B5BD0102B09D1302C07D12C7804F0DF04582C4DD16C781023C0
S3256023E760023507F1004808F1FF384FF0000EB8FBF3F9764603FB198AA4F1300CBCF1090F8A
S3256023E78016D86446A34224DDBEF1FF3F08D0B1451CD301D1A24519DB06FB03464FF0010E83
S3256023E7A015F8014BE8E72B2C04BF2C78B51CCAE7A4F1410CBCF1190F01D8373CE2E7A4F107
S3256023E7C0610CBCF1190F04D8573CDBE74FF0FF3EE6E7BEF1FF3F05D122230360464642B902
S3256023E7E030469EE707B17642002AF9D0BEF1000F00D0691E1160F3E73024002BB1D10823A6
S3256023E800AFE7302CA5D00A23ABE700BF63BF002013460A46014602480068FFF777BF00BFBB
S3256023E820A01501202DE9F8430746884614460026D4E90195B9F1010905D52468002CF7D12C
S3256023E8403046BDE8F883AB89012B07D9B5F90E30013303D029463846C04706436835E9E7BC
S3256023E86070B504461618B442234608D11C1A121B561E4AB9084600F0CEF8204470BD1D7836
S3256023E8800134002DEFD1F1E70D462A4615F8010B18B9521A18701019F0E7002EF5D003F866
S3256023E8A0010B013EF1E710B592B10A440B461C460133934203D100230370234609E013F8D3
S3256023E8C0014C00F8014B002CF1D1591A481E10BD0B4613F8012B002AFBD1F6E710B56AB14F
S3256023E8E00139841810F8012B11F8013F9A4203D1A04201D0002AF5D1D01A10BD1046FCE7F9
S3256023E90030B515469BB02C681A4689B1002C12BF4FF4C1634FF422730021002CADF80C304B
S3256023E9200091049108DA8B23036000201BB030BD4FF422730C46F0E74FF6FF73ADF80E30C2
S3256023E94069461E9B0294059400F0A4FC031EA4BF2B60009B4FF00000A4BF18700498E5E7CB
S3256023E96002440346934200D1704703F8011BF9E738B5074D04460846114600222A601A46EF
S3256023E980F2F7CEFD431C02D12B6803B1236038BD20F80120014B1868704700BFA0150120F8
S3256023E9A070B50D4D0D4C641BA4100026A64209D10B4D0C4C03F0E8FA641BA4100026A64215
S3256023E9C005D170BD55F8043B98470136EEE755F8043B98470136F2E7009E2060009E20607D
S3256023E9E0009E2060089E20607047704710B5054C13462CB10A4601460220AFF3008010BDE8
S3256023EA002046FCE700000000002301F0DDBDB7EEC00AFFF7F9BF034613F8012B002AFBD1E3
S3256023EA20181A0138704710F8012B11F8013B012A28BF9A42F7D0D01A70470000000000005C
S3256023EA409FED010B704700BF000000000000F87F9FED010A704700BF0000C07F1FB514462E
S3256023EA601A46094B1B680546D8684CB1074B0091CDE9013406492B4601F0FAFCF6F7B4FD3B
S3256023EA80044B1C46F3E700BFA0150120ACBE0020B9BE00203EF6002037B5002944D051F8E6
S3256023EAA0043C0190002BA1F10404B8BFE41800F0E5FF1E4A0198136833B96360146003B09E
S3256023EAC0BDE8304000F0E0BFA34208D9256861198B4201BF19685B6849192160EDE71A4654
S3256023EAE05B680BB1A342FAD911685518A5420BD1246821445418A3421160E0D11C685B6802
S3256023EB0053600C441460DAE702D90C230360D6E7256861198B4204BF19685B68636004BFA9
S3256023EB20491921605460CAE703B030BDDCF601200369B3EB611F2DE9F0434FEA611200F101
S3256023EB40140445DD11F01F0104EB830604EB82050CD100F110072946B14234D39B1A9B0045
S3256023EB60EA1E964238BF0023234415E054F82270C1F12008CF4005F1040EA1467645F4460B
S3256023EB8015D89A1A9200043A0135AE4238BF0022A318A75007B104331A1BA3424FEAA202A4
S3256023EBA008BF0023026108BF4361BDE8F083DCF800C00CFA08FC4CEA070749F8047B5EF804
S3256023EBC0047BCF40DAE751F804CB47F804CFC3E72346E1E7A0F13003092B02D82038C0B2BC
S3256023EBE07047A0F16103052B01D84738F7E7A0F14103052B01D82738F1E70020704700008E
S3256023EC002DE9F04F17460A6885B002F1020BC2F1FF2202F57F0281468A460293FE3202EB7D
S3256023EC200B03D8461BF8010B01933028F7D0FFF7D1FF0446002838D1A74901224046FFF77D
S3256023EC404DFE0646002869D198F801005D46FFF7C1FF002864D05A4610783028904602F1A3
S3256023EC600102F9D0FFF7B6FF0123B0FA80F464095E4601934246154601322878FFF7AAFF58
S3256023EC800028F8D1944901222846FFF727FE78B946B96E1C3246154601322878FFF79AFF82
S3256023ECA00028F8D1731B9E0004E000242646E1E7002EF7D12B7803F0DF03502B3DD16B7898
S3256023ECC02B2B2FD02D2B31D0691C4FF0000B0878FFF780FF421ED2B2182A2ED8A0F110026A
S3256023ECE011F8010FFFF776FF00F1FF3C5FFA8CFCBCF1180F1DD9BBF1000F00D052421644B7
S3256023ED00CAF80010DCB1019B002B14BF4FF000084FF00608404605B0BDE8F08F4546264687
S3256023ED200124C7E74FF0000BA91CD0E74FF0010BFAE70A2303FB0200D0E72946E0E7A5EBDB
S3256023ED400803013B2146072B0ADC484600F0A2FE044640B9614B0246E4216148FFF77EFEEF
S3256023ED6001315B10EFE700F1140A00235A49CDF804A09B46A84542D3019840F804BBA0EB5B
S3256023ED800A00801020614FEA4018584600F074FF3D68A8EB0000A84259DDA0EB05084146C6
S3256023EDA0204601F000FB8346B8B108F1FF33591103F01F025AF821104FF0010B0BFA02F2D6
S3256023EDC00A420AD05B4506DDA8F10201204601F0EAFA002838D14FF0020B41462046FFF7CA
S3256023EDE0A7FE4644BB68B34241DA2146484600F091FE0E9A002313604FF0A3088AE715F80E
S3256023EE00012D2E2A14D0202B06D1019B43F804BB4FF0000B01935B4628780393FFF7DAFEC4
S3256023EE20039B00F00F0098404BEA000B0433A1E7A845E8D8012228460393FFF74FFD264950
S3256023EE40039B0028DFD195E74FF0030BC5E70BDAA5EB000821464246484601F075F8A6EB55
S3256023EE600806044600F1140A4FF0000BBAE77B68B34273DD9E1BB54234DCFB68022B23D04C
S3256023EE80032B25D0012B15D1B54213D1012D0BD1029A7B68136001232361CAF800300E9B9A
S3256023EEA04FF062081C6035E7691E204601F07BFA0028EDD12146484600F02CFE0E9A002375
S3256023EEC013604FF0500825E70F9B002BF2D1DFE70F9B002BDCD1EDE7E2EA0020E8BE00202D
S3256023EEE0F9BE002006F1FF38BBF1000F33D1B8F1000F04D04146204601F055FA83464FEA0A
S3256023EF00681201235AF8222008F01F0803FA08F313423146204618BF4BF0020BAD1BFFF710
S3256023EF2007FE7E684FF00208BBF1000F4AD0FB68022B16D0032B18D0012B09D11BF0020F91
S3256023EF4006D0DAF800304BEA030B1BF0010F0FD148F0100836E04FF0010BD0E74FF0010862
S3256023EF60E2E70F9BC3F101030F930F9B002BEFD0D4F810B004F114024FEA8B03019302EBC8
S3256023EF808B000023944652F8041BB1F1FF3F1ED00131CCF80010B8F1020F04F114023DD150
S3256023EFA03B68013BAB420BD16911012305F01F0503FA05F552F821301D4218BF4FF0010859
S3256023EFC048F020080E9B1C60029B1E60A2E6904242F8043CD6D8A268934517DB616848465B
S3256023EFE0013100F057FD824618B91B4B02468421B3E62269023204F10C0192000C30FEF709
S3256023F00035FB2146484600F085FD54462269511C04EB8202216101215161BCE721695945AA
S3256023F0200BDD01212046FFF783FDBB680136B342FFF6DBAE4FF00108C2E715F01F05F9D0B1
S3256023F040019B1A44C5F1200552F8040C00F014FEA842E6DBEEE700BFE8BE0020C2F1080234
S3256023F060920070B5C2F120064368046803FA06F52C43D340046040F8043F8842F4D370BD49
S3256023F08030B50368013311F8014B14B90360012030BD13F8012BA2F14105192D98BF2032D1
S3256023F0A0A242F0D00020F3E72DE9F04F0B6801685E1102EB860613F01F0387B018BF0436A3
S3256023F0C00025371F82469046019346F8045CB9463C460295AB464A784B1C039342B3104649
S3256023F0E005910492FFF776FD00284FD1049A0599202A18D8029B9B4513DD4C4506D2072D2A
S3256023F10004DC2A4649462046FFF7A8FF444550D90023A4F1040944F8043CCDF808B04C4682
S3256023F1201D460399D7E7292A55D10231CAF80010BBF1000F4FD04C4506D2072D04DC2A4644
S3256023F14049462046FFF78AFF444534D9A8F10402234653F8041B42F8041F9F42F9D23B1B4B
S3256023F16023F003030433033E0134A64238BF04234344002243F8042B9F42FBD23B681BB902
S3256023F180474526D101233B60052025E00135082D0BF1010B06DD4445C3D9002344F8043C60
S3256023F1A00125043C226800F00F0040EA02102060B7E70825B5E7019B002BDFD0C3F1200367
S3256023F1C04FF0FF32DA4056F8043C134046F8043CD4E7043FD2E7042007B0BDE8F08F2DE9F1
S3256023F1E0F0478E681F46BE420B6882460C4690462CD88A8912F4906F26D06569096905EB4F
S3256023F2004505A3EB010905EBD5757B1C4B446D109D4238BF1D46530527D5294600F068F959
S3256023F220064660B321694A46FEF720FAA38923F4906343F08003A381266165614E44A5EB3E
S3256023F24009052660A5603E46BE4200D93E4620683246414601F05AF9A3689B1BA360236891
S3256023F260334423600020BDE8F0872A4601F012F906460028E0D121695046FFF70DFC0C23F0
S3256023F280CAF80030A38943F04003A3814FF0FF30E9E700002DE9F04F98468B891B069DB03A
S3256023F2A007460D4614460ED50B6963B9402100F01FF92860286120B90C233B604FF0FF30CD
S3256023F2C0D0E040236B610023099320238DF82930CDF80C803023DFF8A4818DF82A304FF028
S3256023F2E0010923469A4613F8012B0AB1252AF9D1BAEB040B0BD05B46224629463846FFF7AC
S3256023F3006EFF013000F0A980099A5A4409929AF80030002B00F0A18000234FF0FF32CDE98A
S3256023F32005230AF1010A049307938DF853301A935446052214F8011B504801F095F9049A92
S3256023F340D8B9D00644BF20238DF85330110744BF2B238DF853309AF800302A2B15D0079A61
S3256023F360544600204FF00A0C214611F8013B303B092B4DD9B0B1079214E0A0EB080309FAFD
S3256023F38003F313430493A246D2E7039B191D1B680391002BBBBF5B4242F0020207930793C9
S3256023F3A0B8BF049223782E2B0CD163782A2B34D1039B1A1D1B680392002BB8BF4FF0FF33B1
S3256023F3C002340593DFF8C4A021780322504601F04BF938B1049BA0EB0A004022824013437B
S3256023F3E00134049314F8011B25488DF82810062201F03AF9002838D0224B1BBB039B0733CF
S3256023F40023F0070308330393099B3344099368E70CFB02320C460120A6E700230134059344
S3256023F42019464FF00A0C204610F8012B303A092A03D9002BC6D00591C4E70CFB0121044607
S3256023F4400123F0E703AB00932A460F4B04A93846AFF30080421C0646D6D1AB895B063FF5B6
S3256023F4602DAF09981DB0BDE8F08F03AB00932A46054B04A9384600F031F9EBE7F9C00020A4
S3256023F48003C100200000000077190300FFC00020024B0146186800F02BB800BFA015012011
S3256023F4A0024B01461868FFF7F7BA00BFA015012070B50E4E0C463168054611B901F074F895
S3256023F4C030602146284601F06FF8431C0AD0C41C24F00304A04207D0211A284601F064F803
S3256023F4E0013001D14FF0FF34204670BDE0F601202DE9F041CD1C25F0030508350C2D38BFCA
S3256023F5000C25002D074601DBA94205D90C233B6000263046BDE8F0812F4E00F0AFFA3368E5
S3256023F5201C4644BB29463846FFF7C2FF431C04464FD134682646002E42D1002C43D0236861
S3256023F5403146384604EB030801F02EF880453AD123680335ED1A25F0030508350C2D38BFF8
S3256023F5600C2529463846FFF7A3FF01302BD023682B4423600EE02268521B1ED40B2A16D9A8
S3256023F5806119A342256018BF5960636808BF316062514B60384604F10B0600F075FA26F0F4
S3256023F5A00706231DF21AB4D09B1BA350B1E76268A3420CBF32605A60ECE723466468B0E73F
S3256023F5C034467668B7E70C233B60384600F05CFA9FE72560DEE700BFDCF6012082B001B9B0
S3256023F5E001A942B14BB113780B601278101E18BF012002B070471046FBE76FF00100F8E763
S3256023F6002DE9F047164699468A680B69DDF820809342B8BF1346336091F8432007460C463B
S3256023F6200AB1013333602368990642BF336802333360256815F0060506D104F1190AE3685A
S3256023F64032689B1AAB4226DC94F84320131E226818BF012392062BD404F143024946384660
S3256023F660C04701301ED02368226903F00603042B02BFE5683368ED1AA3680CBF25EAE575AB
S3256023F68000259342C4BF9B1AED1800261A34B5421AD1002008E00123524649463846C0477C
S3256023F6A0013003D14FF0FF30BDE8F0870135C6E7E1185A1C302081F84300224494F845108D
S3256023F6C082F843100233C7E70123224649463846C0470130E6D00136D9E700002DE9FF4717
S3256023F6E00F7E0C9D782F914680460C469A4601F1430207D8622F0AD8002F00F0D480582F52
S3256023F70000F0C08004F1420584F842703AE0A7F16303152BF6D801A151F823F00D1F030073
S3256023F720211F03009D1E03009D1E03009D1E03009D1E0300211F03009D1E03009D1E030046
S3256023F7409D1E03009D1E0300252003004D1F0300DF1F03009D1E03009D1E03004720030006
S3256023F7609D1E03004D1F03009D1E03009D1E0300E71F03002B681A1D1B682A6004F142053B
S3256023F78084F8423001239FE020682B68070603F10401296001D51E6803E04606FBD5B3F99E
S3256023F7A00060002E03DA2D23764284F843305A480A2312E02B682068191D2960050601D5E2
S3256023F7C01E6802E04106FBD51E8853486F2F0CBF08230A23002184F843106568A560002D30
S3256023F7E0A2BF216821F0040121600EB9002D4BD01546B6FBF3F103FB1167C75D05F8017DEB
S3256023F8003746BB420E46F4D9082B0BD12368DE0708D5236961689942DEBF302305F8013C0E
S3256023F82005F1FF35521B2261CDF800A04B4603AA21464046FFF7E4FE01304AD14FF0FF3003
S3256023F84004B0BDE8F087236843F0200323603348782784F84570236829681F0651F8046BA7
S3256023F86002D45F0648BFB6B2DF0748BF43F02003296048BF23601EB9236823F020032360E4
S3256023F8801023A7E72448E4E71546BDE72B6826686169181D286035061B6801D5196002E051
S3256023F8A07006FBD51980002323611546BCE72B681A1D2A601D6862680021284600F0D4FE47
S3256023F8C008B1401B606063682361002384F84330AAE723692A4649464046D0470130ADD003
S3256023F8E023689B0713D4E068039B9842B8BF1846A6E70123324649464046D04701309DD0E3
S3256023F9000135E36803995B1AAB42F2DCEBE7002504F11906F5E700BFD1C00020E2C00020F8
S3256023F9208A892DE9F041054610070C4658D44B68002B05DC0B6C002B02DC0020BDE8F0818F
S3256023F940E66A002EF9D0002312F480522F68216A2B6032D0606DA3895A0705D56368C01A54
S3256023F960636B0BB1236CC01A00230246E66A216A2846B047431CA38906D129681D292BD824
S3256023F980294A0A41D60727D400226260D9042269226004D5421C01D12B6803B96065616B91
S3256023F9A02F600029C9D004F14403994202D02846FFF772F800206063C0E701232846B047A3
S3256023F9C0411CC8D12B68002BC5D01D2B01D0162B01D12F60B1E7A38943F04003A381ADE7A8
S3256023F9E00F69002FA9D093070E6808BF4B690F6018BF0023A6EB07088B60B8F1000F9CDDAE
S3256023FA00216AA66A43463A462846B047002806DCA38943F04003A3814FF0FF308EE7074456
S3256023FA20A8EB0008E9E700BFFEFFBFDF38B50B6905460C4613B90025284638BD18B1036AF0
S3256023FA400BB9FDF7FFFFB4F90C30002BF3D0626ED00704D4990502D4A06DFEF7C5FF284669
S3256023FA602146FFF75DFF636EDA070546E4D4A3899B05E1D4A06DFEF7B8FFDDE70148FEF753
S3256023FA80B3BF00BF8CF801200148FEF7AEBF00BF8CF8012070B5C66904460D4676B91020A8
S3256023FAA0FFF7F6FC0246E06120B9184B18486B21FEF7D4FFC0E901660660C660E669F36816
S3256023FAC083B1E369DB6853F82500B8B9012101FA05F6721D9200204600F01EFE60B1C0E994
S3256023FAE001560EE021220421204600F015FEE369F060DB68002BE4D1002070BD026843F8B6
S3256023FB0025200023C0E90333F7E700BF0AC10020C8BD002070B5C66905460C4676B9102098
S3256023FB20FFF7B6FC0246E86120B9094B09488F21FEF794FFC0E901660660C6603CB1EB6970
S3256023FB406268DB6853F82210216043F8224070BD0AC10020C8BD00202DE9F0410D690746AD
S3256023FB600C461E4601F1140C0020DCF8003099B202FB01611E0C0B0C02FB063389B2013083
S3256023FB8001EB034185424CF8041B4FEA1346ECDC0EB3A368AB4219DC616838460131FFF70B
S3256023FBA079FF804628B902460C4B0D48BA21FEF755FF2269023204F10C0192000C30FDF702
S3256023FBC055FD21463846FFF7A5FF444604EB850301355E6125612046BDE8F081E8BE00200D
S3256023FBE0C8BD00202DE9F8430C4615461F4609220833064693FBF2F3002101229A4209DB4B
S3256023FC003046FFF747FF40B90246194B1948D321FEF724FF52000131F0E7089B4361092DBF
S3256023FC204FF00103036116DD04F10909C8462C4418F8013B0146303B0A223046FFF78CFFFB
S3256023FC40A045F5D1A5F108044C442D1B6319BB4204DBBDE8F8830A340925F6E714F8013BED
S3256023FC600146303B0A223046FFF776FFEEE700BFE8BE0020C8BD0020030C1B04D3B900047F
S3256023FC80102310F07F4F04BF0002083310F0704F04BF0001043310F0404F04BF8000023319
S3256023FCA0002805DB10F0804F03F1010308BF2023184670470023E4E7036813F007020CD08C
S3256023FCC0D90722D49A0749BF5B089B08036001225CBF036002221046704799B209B91B0CAD
S3256023FCE01022D9B209B908321B0A190704BF1B090432990704BF9B080232D90703D45B080C
S3256023FD0002F1010203D00360E5E70022E3E72022E1E7000010B50C460121FFF7BBFE02463C
S3256023FD2028B9054B054840F24511FEF797FE01234461036110BD00BFE8BE0020C8BD002086
S3256023FD402DE9F04F91460A69D9F810309A42B8BF0B460C46BCBF4C4699462769D9F810A077
S3256023FD60A368616807EB0A06B34285B0B8BF0131FFF790FE30B90246444B45484FF4B1711B
S3256023FD80FEF76CFE00F1140505EB86082B460022434521D304F1140303EB870709F114034B
S3256023FDA003EB8A0202923A1B153A22F00302043204F115018F4238BF04220192029A0393FD
S3256023FDC09A420CD8002E03DD58F8043D002B5BD0066105B0BDE8F08F43F8042BD8E7B3F8D1
S3256023FDE000A0BAF1000F24D004F1140EA9464FF0000C5EF8042BD9F800101FFA82FB89B2A4
S3256023FE000AFB0B114FEA124BD9F8002061444FEA124C0AFB0BC202EB114289B241EA0241BA
S3256023FE20774549F8041B4FEA124CE2D8019A45F802C0039AB2F802900433B9F1000F21D078
S3256023FE40296804F1140CAE464FF0000ABCF800B0BEF8022009FB0B22524489B241EA02418A
S3256023FE604EF8041B5CF8041B4FEA114ABEF8001009FB0A1101EB124167454FEA114AE5D86C
S3256023FE80019AA950043599E7013E9BE7E8BE0020C8BD00202DE9F843154612F00302064661
S3256023FEA00F4607D0254C013A002354F82220FFF753FE0746AD103DD0F4697CB91020FFF71A
S3256023FEC0E7FA0246F06128B91D4B1E4840F2B311FEF7C4FDC0E901440460C460D6F81C80E4
S3256023FEE0D8F808404CB940F271213046FFF712FF0023C8F80800044603604FF00009EB0749
S3256023FF000AD5394622463046FFF71AFF394680463046FFF7FFFD47466D100BD0206838B902
S3256023FF20224621463046FFF70BFF2060C0F800900446E4E73846BDE8F88300BFBCBD002020
S3256023FF400AC10020C8BD00202DE9F0470C464968236903EB6218A368074691464FEA621A60
S3256023FF6008F10106B3420BDB3846FFF793FD054648B90246284B29484FF4EF71FEF76EFD9E
S3256023FF8001315B00EEE7002300F1140100F110021846534533DB20692AEAEA7A04F1140339
S3256023FFA019F01F0901EB8A0103EB800C2BD0C9F1200E8A460022186800FA09F010434AF8B9
S3256023FFC0040B53F8042B9C4522FA0EF2F3D8ACEB0403153B23F00303043304F11500844536
S3256023FFE038BF0423CA500AB108F10206013E38462E612146FFF78EFD2846BDE8F08742F88C
S32560240000040F0133C5E7043953F8042B41F8042F9C45F9D8EAE700BFE8BE0020C8BD002093
S3256024002030B502690C69121B0ED100F11403143103EB840001EB840150F8045D51F8044DF2
S32560240040A54203D005D30122104630BD8342F3D3FAE74FF0FF32F7E72DE9F84F0C46064669
S32560240060114620469046FFF7DBFF051E10D129463046FFF70FFD30B93A4B024640F2372168
S325602400803948FEF7EBFC0123C0E90435BDE8F88FA4BF4346A0463046D8F80410A6BF1C4654
S325602400A000250125FFF7F6FC20B92E4B024640F24521E5E7D8F810702669C56004F114096F
S325602400C008F1140500F1140E05EB870C09EB860608F11002F246002159F8043B52F804BF6D
S325602400E011FA8BF899B21B0CA8EB0108C3EB1B4303EB28431FFA88F819144E4548EA0343A4
S325602401004AF8043BE8D8331B153B23F0030304331534A64238BF04231D4473449E462E4667
S3256024012066450ED30CF10302521B22F00302033DAC4538BF0022134453F8042D7AB1076173
S32560240140A4E756F8048B11FA88F2141404EB184492B242EA04424EF8042B2114E0E7013F4E
S32560240160EAE700BFE8BE0020C8BD002082B08DED000B019A0F4B1340A3F15073002B08DC95
S325602401805B42B3F1A07F4FEA235204DA4FF400231341002208E0A2F114031E2BDABF4FF05A
S325602401A00042DA40012200231946104641EC100B02B070470000F07F2DE9F041066900F197
S325602401C0140808EB8606371F56F8042C1046FFF753FDC0F120030A280B601B4915DCC0F113
S325602401E00B0C22FA0CF3B84543EA010534BF56F8083C0023153002FA00F023FA0CF30343D8
S325602402001C4645EC104BBDE8F081B8453ABF56F8083CA6F1080700230B3812D0C0F1200108
S3256024022023FA01F482402243474542F07F558CBF57F8042C00228340CA4045F440151343CC
S32560240240DEE742EA0105DBE70000F03F2DE9F7430F46012159EC108B1646FFF71BFC0446D2
S3256024026030B90246244B254840F20F31FEF7F6FBC9F30A55C9F313032DBB0193B8F100037A
S3256024028026D068460093FFF717FDDDE90012E8B1C0F1200302FA03F30B43C24063610192B5
S325602402A0019BA361002B14BF022201222261BDB1A5F2334505443D60C0F13500306020460D
S325602402C003B0BDE8F08343F48013D6E76161E7E701A8FFF7F1FC019B636120300122E5E787
S325602402E004EB8203A0F2324038601869FFF7C4FCC0EB4210E2E700BFE8BE0020C8BD00203D
S325602403002DE9F74F884669468146FFF755FF01A9404655EC104B10EE10AAFFF74DFFD8F8D3
S325602403201030D9F81020D21ADDE900315B1A03EB421357EC106B002BD6BFC3EB03332A4685
S325602403403A46AB46D6BF02EB035302EB035B00EE903A4BEC17AB87EE000B03B0BDE8F08F77
S32560240360013970B549111469013102F1140300EB810103EB8404051FA3420CD3A31A113BAD
S3256024038023F003031132A24288BF002318440023884205D370BD53F8046B45F8046FEBE79F
S325602403A040F8043BF4E700F1140200694B11984210B511DB0ADD11F01F0107D052F823407E
S325602403C024FA01F000FA01F18C420BD102EB8303934203D8002010BD0346F7E753F8041D4B
S325602403E00029F5D00120F6E710B50C46B1F90E1000F0C8F80028ABBF636DA3891B1823F420
S325602404008053ACBF6365A38110BD2DE9F0411F468B89DB0505460C46164605D5B1F90E1020
S325602404200223002200F09CF8A389B4F90E1023F48053A38132463B462846BDE8F041FEF730
S3256024044097BA10B50C46B1F90E1000F089F8431CA38915BF606523F4805343F48053A38135
S3256024046018BFA38110BDB1F90E1000F069B800000EB403B5014603AB054853F8042B0068B3
S32560240480019300F07FFF02B05DF804EB03B07047A01501202DE9F041804614460E4621B905
S325602404A0BDE8F0411146FFF723B82AB9FEF7F4FA25462846BDE8F08101F07EF88442074685
S325602404C002D8B4EB500F12D821464046FFF710F805460028EDD0BC422246314628BF3A4671
S325602404E0FDF7C4F831464046FEF7D6FAE1E73546DFE749B1FF2A85BF8A2303600A704FF0C7
S32560240500FF3098BF0120704708467047884210B501EB020402D98442234607D8431EA14240
S3256024052008D011F8012B03F8012FF8E7024401468A4200D110BD13F8014D02F8014DF7E7A4
S3256024054038B5064D0023044608462B60F1F7E0FF431C02D12B6803B1236038BD20F801209A
S3256024056038B5074D04460846114600222A601A46F1F7D8FF431C02D12B6803B1236038BD05
S3256024058020F8012038B5074D04460846114600222A601A46F1F7BAFF431C02D12B6803B142
S325602405A0236038BD20F8012038B5064D0023044608462B60F1F794FF431C02D12B6803B186
S325602405C0236038BD20F801202DE9F0439046224A87B0166805460F461C46A3B9B26AF16ACB
S325602405E000F123039A420DDC00F124094A4630468DED020BFFF74EFF044608B3C6E90A9059
S325602406009DED020BF46A05ABCDE900832A463B460321304600F020F93B685B4222461B1B00
S325602406200599814202EB03060ED811463027C81885420EDCAB1BB542B8BF00230021D15417
S32560240640204607B0BDE8F08310F8011B02F8011BE6E701F8017BEAE7A015012000000000B8
S32560240660000000000000000001F0FF01102A2BDB10F0070F08D010F8013B013A8B422DD088
S3256024068010F0070F42B3F6D1F0B441EA012141EA014122F007047FF000070023F0E80256BA
S325602406A0083C85EA010586EA010685FA47F5A3FA87F586FA47F6A5FA87F68EB9EED1F0BC21
S325602406C001F0FF0102F0070232B110F8013B013A83EA010313B1F8D100207047013870477D
S325602406E0002D06BF35460338073815F0010F07D1013015F4807F02BF013015F4C03F013038
S32560240700F0BC0138704700BF034611F8012B03F8012B002AF9D1704737B5A1FB02244CB9F1
S3256024072011460192FEF7E4FE019A054630B9284603B030BD0C2202600025F8E72146FEF7A1
S325602407400FF9F4E72DE9F74F03690C69A34207467EDB013C01F1140800F1140505EB840398
S32560240760019358F8243055F8242001339A424FEA840B08EB8409B2FBF3F631D34FF0000EE7
S325602407804046AC46F24650F8042B93B206FB03E34FEA124E1A0C9BB2AAEB0303DCF800A061
S325602407A013FA8AF306FB0E220093009B4FEA124E92B2C2EB1A4202EB2342BDF800308145E3
S325602407C043EA02434CF8043B4FEA224ADBD255F80B302BB9019B043B9D421A462CD33C6126
S325602407E03846FFF71DFC002822DB01362946002058F8042BD1F800C093B2C31A120C13FAA2
S325602408008CF3C2EB1C4202EB23429BB243EA0243C14541F8043B4FEA2240E9D255F824204E
S3256024082005EB840322B9043B9D421A460AD33C61304603B0BDE8F08F1268043B002ACED115
S32560240840013CC9E71268043B002AF0D1013CEBE70020EEE7000000002DE9F04F2DED028B7D
S32560240860C56991B08DED020B59EC108B1C9C0691064608920C9375B91020FEF709FE0246A2
S32560240880F06120B9A64BEF21A648FEF7E7F8C0E901550560C560F369196851B15A684A600D
S325602408A0012393408B603046FFF734F9F36900221A60B9F10003BBBF23F000430393002305
S325602408C00122ACBF23602260974B039CA3431CD10C9A42F20F731360C4F3130353EA0803C3
S325602408E000F0FB841D9B63B9904B20E0904B019308331D9A1360019811B0BDEC028BBDE847
S32560240900F08F8A4B01930333F3E79DED028BB5EE408BF1EE10FA0CD10C9A012313601D9B15
S32560240920002B00F0D784834B1D9A1360013B0193E1E70EAA0FA93046B0EE480BFFF786FCD8
S32560240940C4F30A530E9A0546002B46D0B0EE487B18EE901AC1F3130141F07F5141F4401165
S32560240960A3F2FF33002007EE901AB7EE086B9FED665B37EE467B9FED666BA7EE056B9FED2E
S32560240980665B07EE903AB8EEE74BB0EE467BA4EE057BFDEEC76BB5EEC07BF1EE10FA16EE1C
S325602409A090BA099008D5B8EEE66BB4EE476BF1EE10FA18BF0BF1FF3BBBF1160F2BD85E4931
S325602409C001EBCB0191ED007BB4EEC78BF1EE10FA01D50BF1FF3B00211EE00F9B134403F2DE
S325602409E032412029C1BFC1F140018C4003F2124128FA01F1D6BFC1F12001214308FA01F156
S32560240A0007EE901AB8EE677B013B17EE901A0120A1F1F871A7E70121D21A531E059345BF75
S32560240A20C2F101030493002300234CBF05930493BBF1000F0B9118DB059BCDF828B05B4438
S32560240A4005930023069A092A48D8052AC4BF043A0692069AA2F10202CCBF00240124032A9E
S32560240A6047D8DFE802F00B2D2B39049B0022A3EB0B0304930A92CBF10003E3E700220792A4
S32560240A80089A002A38DC4FF0010AD1465246CDF820A0F7690021042000F1140C944530D9D6
S32560240AA0796030460D93FEF7F5FF0D9B01900246002845D1214B40F2AF11E5E60122DEE704
S32560240AC000220792089A0BEB020A0AF101094A46012AB8BF0122DCE70122F2E701240022CD
S32560240AE0CDE906244FF0FF3A0021D14612220891CFE701220792F5E7DDF820A0D14652467D
S32560240B00C7E701314000C7E761436F63A787D23FB3C8608B288AC63FFB799F501344D33FDF
S32560240B200AC1002070C000200000F07F6CC0002063C0002030E6002000640020E8BE002072
S32560240B40F26901991160B9F10E0F6CD8002C6AD0BBF1000F40F3A080C14A0BF00F0102EB23
S32560240B60C1021BF4807F92ED007B4FEA2B1200F08780BC4991ED086B88EE066B8DED026BEF
S32560240B8002F00F020321B748002A7BD19DED026B86EE077B8DED027B0B9A9DED027B002A75
S32560240BA000F0A080B7EE006BB4EEC67BF1EE10FA40F19880B9F1000F00F09480BAF1000FFF
S32560240BC02FDDB2EE046B27EE067B8DED027B0BF1FF32013154469DED026BB1EE0C5B07EEF8
S32560240BE0901AB8EEE77BA7EE065B15EE907A51EC150BA7F15071002C77D1B1EE047B36EE4A
S32560240C00476B41EC170BB4EEC76BF1EE10FA00F36A82B1EE477BB4EEC76BF1EE10FA00F19E
S32560240C2060828DED028B0F9A002AC0F21D81BBF10E0F00F319818A4B03EBCB0393ED006B4C
S32560240C40089B002B80F2B780B9F1000F00F3B38040F04682B1EE047B26EE076B9DED027B11
S32560240C60B4EEC76BF1EE10FA4C464F4680F21C82DDF80480312308F8013B0BF1010B18E20B
S32560240C80022180E7D40704D590ED006B013127EE067B5210083077E722D0CBF1000270497B
S32560240CA002F00F0001EBC00191ED007B28EE077B8DED027B6B481211002402212AB9002C48
S32560240CC03FF46AAF8DED027B66E7D70705D590ED006B0131012427EE067B52100830EDE7FF
S32560240CE0022159E75A464C4675E741EC170B5C4901EBC40111ED024B01990C44079951B3FB
S32560240D00B6EE003BB7EE002BDDF8048083EE045BB2EE043B35EE477BFDEEC64B14EE901A05
S32560240D20B8EEE45B303136EE456BB4EEC76BF1EE10FA08F8011B39D432EE465BB4EEC75BA4
S32560240D40F1EE10FA72D4A0453FF46BAF27EE037B26EE036BE0E7DDF8048027EE047B204679
S32560240D60B2EE043BFDEEC64B14EE901A303108F8011BA045B8EEE45B36EE456B18D1B6EEBA
S32560240D80005B37EE054BB4EEC46BF1EE10FA4DDC35EE475BB4EEC56BF1EE10FA7FF541AF32
S32560240DA08046013818F8013C302BF9D093462AE026EE036BD6E79DED027BB2EE044BDDF84C
S32560240DC0048087EE065BBDEEC55B15EE103A303308F8013B019BA8EB03039945B8EEC53BBF
S32560240DE0A3EE467B33D137EE077BB4EEC67BF1EE10FA1ADCB4EE467BF1EE10FA03D115EE87
S32560240E00103AD90711D429463046FEF783FE00230C9A88F800300BF1010313601D9B002B0F
S32560240E203FF469ADC3F8008065E55A464346984613F8011D392906D101999942F7D101981B
S32560240E40302101320170197801311970AEE727EE047BB5EE407BF1EE10FAB2D1D3E700BF5B
S32560240E6000640020D86300200799002900F0D0800699012900F3B4800999002900F0AC8029
S32560240E8002F23342DDF810801C460993049B13440493059B0121134430460593FEF73AFF1A
S32560240EA0099B0746B8F1000F0DD0059A002A0ADD42450499A8BF4246891A04910599A8EBF6
S32560240EC002088A1A059203B3079A002A00F0A580002C13DD3946224630460D93FEF7DAFFC6
S32560240EE02A46014607463046FEF72AFF294609903046FEF70FFE099A0D9B15461A1B04D0A1
S32560240F0029463046FEF7C6FF054601213046FEF701FF0A9B002B044640F381801A460146DB
S32560240F203046FEF7B7FF069B012B04467ADD00230993226904EB82021069FEF79DFEC0F121
S32560240F402000059B184410F01F0000F09380C0F12002042A40F38580049BC0F11C000344DD
S32560240F600493059B804403440593049B002B05DD29461A463046FEF7E7FF0546059B002B2B
S32560240F8005DD21461A463046FEF7DEFF04460B9B002B71D021462846FFF742F800286BDA08
S32560240FA0002329460A223046FEF7D6FD079B0BF1FF3B0546002B00F09781394600230A2287
S32560240FC03046FEF7C9FDBAF1000F074600F39380069B022B57DC8EE00E9AC2F1360251E70F
S32560240FE009F1FF34A342BFBFE21A0A9B9B180A93AEBF1C1B23460024B9F1000FB5BF049AEA
S32560241000DDF81080A2EB09084A46B8BF00223CE7DDF81080079F1C4644E71A4670E7069B07
S32560241020012B18DC029BB3B9039BC3F31302A2B923F00042120D12058AB1049B0133049309
S32560241040059B01330593012309930A9B002B7FF470AF012075E70023F6E7029BF4E70992E8
S32560241060F3E782D0049B1C3213440493059B9044134479E70246F5E7B9F1000F36DC069B24
S32560241080022B33DDCA46BAF1000F0DD12146534605223046FEF760FD014604462846FEF7FE
S325602410A0BFFF00283FF7E4AD089BDDF804806FEA030B4FF0000921463046FEF72BFD002F25
S325602410C03FF4A1AEB9F1000F05D0B94503D049463046FEF71FFD39463046FEF71BFD92E615
S325602410E000242746E0E793462746C1E5079BCA46002B00F00081B8F1000F05DD3946424633
S325602411003046FEF721FF0746099B002B5DD079683046FEF7BFFC804628B9824B024640F27C
S32560241120EF21FFF7B1BB3A690232920007F10C010C30FCF79BFA012241463046FEF704FF69
S32560241140019B01330493019B53440893029B03F00103B94607930746049B2146013B2846A6
S325602411600293FFF7EFFA034630330590494628460993FEF755FF3A46824621463046FEF734
S325602411806BFFC268099B80460ABB01462846FEF747FF099B024641463046CDE90932FEF743
S325602411A0B9FC069B0A9ADDF8108043EA0201079B1943099B0DD1392B29D0BAF1000F01DDA1
S325602411C0059B3133029A137075E73846B8E70122E1E7BAF1000F06DB069941EA0A0A0799E5
S325602411E05AEA010A20D1002AECDD2946012230460493FEF7A9FE21460546FEF711FF002818
S32560241200049B02DCDED1DA07DCD5392BD8D1029A3923137043469846013B18F8012C392ABB
S3256024122051D001321A7046E7002A03DD392BEED00133C7E7049A089902F8013C8A422BD0CE
S32560241240294600230A223046FEF786FCB94505464FF000034FF00A024946304607D1FEF7B1
S325602412607BFC81460746049B0133049374E7FEF773FC3946814600230A223046FEF76CFCC8
S325602412800746F0E7BAF1000F019ACCBFD0464FF0010890444FF000092946012230460293A9
S325602412A0FEF752FE21460546FEF7BAFE0028B1DC02D1029BDB07ADD44346984613F8012DD8
S325602412C0302AFAD0F7E6019A9A42A4D10BF1010B312378E7144BFFF72ABB1D9B002B7FF44C
S325602412E005AB124BFFF723BBBAF1000F03DC069B022B3FF7C8AEDDF8048021462846FFF74C
S3256024130021FA00F1300308F8013B019AA8EB02029245B7DD294600230A223046FEF71CFCEA
S325602413200546EAE7E8BE00202FE6002063C000209368013B002B10B4936008DA9469A342EC
S3256024134001DB0A2903D15DF8044B00F03DB91368581C1060197008465DF8044B7047F8B558
S3256024136006460F461446D518AC4201D1002007E014F8011B3A463046FFF7DAFF431CF3D124
S32560241380F8BD00002DE9F04F0D469DB014469846064618B1036A0BB9FCF754FB6B6ED907A0
S325602413A005D4AB899A0502D4A86DFDF71DFBAB891B0701D52B699BB92946304600F042F9DC
S325602413C070B16B6EDC0704D54FF0FF301DB0BDE8F08FAB899805F7D4A86DFDF706FBF3E7EE
S325602413E00023099320238DF82930CDF80C803023DFF8B0818DF82A304FF0010923469A4666
S3256024140013F8012B0AB1252AF9D1BAEB040B0BD05B46224629463046FFF7A1FF013000F003
S32560241420A980099A5A4409929AF80030002B00F0A18000234FF0FF32CDE905230AF1010AA8
S32560241440049307938DF853301A935446052214F8011B5448FFF708F9049AD8B9D10644BF97
S3256024146020238DF85330130744BF2B238DF853309AF800302A2B15D0079A544600204FF08E
S325602414800A0C214611F8013B303B092B4DD9B0B1079214E0A0EB080309FA03F313430493D1
S325602414A0A246D2E7039B191D1B680391002BBBBF5B4242F0020207930793B8BF04922378C2
S325602414C02E2B0CD163782A2B34D1039B1A1D1B680392002BB8BF4FF0FF3302340593DFF872
S325602414E0D4A0217803225046FFF7BEF838B1049BA0EB0A004022824013430134049314F87F
S32560241500011B29488DF828100622FFF7ADF800283FD0264B1BBB039B073323F00703083386
S325602415200393099B3B44099368E70CFB02320C460120A6E700230134059319464FF00A0C9E
S32560241540204610F8012B303A092A03D9002BC6D00591C4E70CFB012104460123F0E703ABD0
S3256024156000932A46124B04A93046AFF300800746781CD6D16B6ED90705D4AB899A0502D479
S32560241580A86DFDF732FAAB895B063FF51DAF09981CE703AB00932A46054B04A93046FEF73A
S325602415A09DF8E4E7F9C0002003C1002000000000F73A0300FFC0002051F8043C181F002B86
S325602415C0BCBF0B58C0187047F8B50E461446054618B1036A0BB9FCF735FAA369A360A38917
S325602415E01A0725D523691BB323682269981A6369F6B28342374604DC21462846FEF716FAB4
S32560241600E0B9A368013BA36023685A1C22601E706269431C9A4204D0A389DB0706D50A2E51
S3256024162004D121462846FEF701FA38B93846F8BD2146284600F006F80028D5D04FF0FF375D
S32560241640F4E7000038B52A4B054618680C4618B1036A0BB9FCF7F6F9A389B4F90C201807A6
S3256024166022D4D90607D409232B6042F04003A3814FF0FF3034E0580712D5616B41B104F165
S325602416804403994202D02846FDF706FA00236363A38923F02403A381002363602369236002
S325602416A0A38943F00803A38123694BB9A38903F42073B3F5007F03D02146284600F040F8D5
S325602416C0A089B4F90C2010F001030AD00023A36063695B42A361236943B910F08000C4D170
S325602416E038BD810758BF6369A360F4E70020F7E7A015012070B50C46B1F90E10002996B0A0
S3256024170015461E460DDAA38913F0800F4FF000010CBF4FF480634023002031602B6016B045
S3256024172070BD6A4600F048F80028ECDB019901F47041A1F50053594259414FF48063EBE7CD
S325602417408B8973B59D0706460C4607D504F14703236023610123636102B070BD01AB6A463C
S32560241760FFF7C8FF009905463046FDF7C1FE48B9B4F90C309A05EFD423F0030343F0020378
S32560241780A381E3E7A389206043F08003A381009B6361019B20615BB1B4F90E10304600F092
S325602417A01DF828B1A38923F0030343F00103A381A3891D43A581CFE738B5074D00230446FB
S325602417C0084611462B60F0F7A6FE431C02D12B6803B1236038BD00BF20F8012038B5064D9B
S325602417E00023044608462B60F0F79AFE431C02D12B6803B1236038BD20F80120024B0A46D3
S325602418000146186800F001B9A01501200CB430B5174B0C1E1D689DB008DA8B232B604FF09A
S32560241820FF301DB0BDE8304002B070474FF40273ADF8143014BF04F1FF332346049307936F
S325602418404FF6FF7302900690ADF81630209A21AB02A928460193FDF71DFD431CBCBF8B236B
S325602418602B60002CDDD0029B00221A70D9E700BFA01501200EB400B59CB01DAB0290069029
S325602418806FF00041094807910491094953F8042B05910068019302A9FDF7FCFC029B0022EC
S325602418A01A701CB05DF804EB03B07047A01501200802FFFF024B0A4601461868FEF7EABDBC
S325602418C0A015012030B51446002C9BB005461A4605DA8B2303604FF0FF301BB030BD4FF4EE
S325602418E00273ADF80C3014BF04F1FF332346029305934FF6FF7300910491ADF80E30694609
S325602419001E9BFDF7C7FC431CBCBF8B232B60002CE3D0009B00221A70DFE7000007B500937F
S3256024192013460A46014603480068FFF7CBFF03B05DF804FBA0150120C9B2034610F8012BE5
S325602419401AB18A42F9D118467047002918BF0023F9E770B503461E4613F8014B44B14A1EFE
S3256024196001E0A54204D012F8015F002DF9D1F2E7301A70BD10B50139034632B111F8014F0C
S3256024198003F8014B013A002CF7D11A440021934200D110BD03F8011BF9E713B511F0FF0195
S325602419A0034610D102B0BDE81040FFF7C5BF431C044618460191FFF7BFFF01990028F6D17C
S325602419C0204602B010BD0024F3E770B503461E4613F8014B3CB14A1E01E0A542F7D012F883
S325602419E0015F002DF9D1301A70BD10B501390244904201D1002005E0037811F8014FA342E8
S32560241A0001D0181B10BD0130F2E7F8B54B1E0B42074602D000252846F8BD082938BF082146
S32560241A20531D0E4602D90C233B60F3E7042A38BF0422D41C24F00304C1F10703A342F2D31D
S32560241A4008392144FDF754FD0028E3D050F8042C031F002AB8BF9B18F51C1D4476423540A9
S32560241A60191D6A1A0BD00B2A03EB020618D91868801A98501A603846FDF70EF833461A683C
S32560241A8004F10C01981829448842C4D92919C81A121A186004312A513846FCF7FDFFBAE7B0
S32560241AA051429950EBE7000081F0004102E000BF83F0004330B54FEA41044FEA430594EAE3
S32560241AC0050F08BF90EA020F1FBF54EA000C55EA020C7FEA645C7FEA655C00F0E2804FEAC3
S32560241AE05454D4EB5555B8BF6D420CDD2C4480EA020281EA030382EA000083EA010180EAA8
S32560241B00020281EA0303362D88BF30BD11F0004F4FEA01314FF4801C4CEA113102D04042C9
S32560241B2061EB410113F0004F4FEA03334CEA133302D0524263EB430394EA050F00F0A780AD
S32560241B40A4F10104D5F1200E0DDB02FA0EFC22FA05F2801841F1000103FA0EF2801843FACF
S32560241B6005F359410EE0A5F120050EF1200E012A03FA0EFC28BF4CF0020C43FA05F3C01803
S32560241B8051EBE37101F0004507D54FF0000EDCF1000C7EEB00006EEB0101B1F5801F1BD3FC
S32560241BA0B1F5001F0CD349085FEA30004FEA3C0C04F101044FEA445212F5800F80F09A80C3
S32560241BC0BCF1004F08BF5FEA500C50F1000041EB045141EA050130BD5FEA4C0C404141EBE5
S32560241BE00101013C28BFB1F5801FE9D291F0000F04BF01460020B1FA81F308BF2033A3F1AE
S32560241C000B03B3F120020CDA0C3208DD02F1140CC2F10C0201FA0CF021FA02F10CE002F1A5
S32560241C201402D8BFC2F1200C01FA02F120FA0CFCDCBF41EA0C019040E41AA2BF01EB04513B
S32560241C40294330BD6FEA04041F3C1CDA0C340EDC04F11404C4F1200220FA04F001FA02F3E3
S32560241C6040EA030021FA04F345EA030130BDC4F10C04C4F1200220FA02F001FA04F340EAB7
S32560241C800300294630BD21FA04F0294630BD94F0000F83F4801306BF81F480110134013D15
S32560241CA04EE77FEA645C18BF7FEA655C29D094EA050F08BF90EA020F05D054EA000C04BF7C
S32560241CC01946104630BD91EA030F1EBF0021002030BD5FEA545C05D14000494128BF41F08F
S32560241CE0004130BD14F580043CBF01F5801130BD01F0004545F0FE4141F470014FF00000A1
S32560241D0030BD7FEA645C1ABF194610467FEA655C1CBF0B46024650EA013406BF52EA03354F
S32560241D2091EA030F41F4002130BD00BF90F0000F04BF0021704730B54FF4806404F1320429
S32560241D404FF000054FF0000150E700BF90F0000F04BF0021704730B54FF4806404F132041E
S32560241D6010F0004548BF40424FF000013EE700BF42004FEAE2014FEA31014FEA02701FBF95
S32560241D8012F07F4393F07F4F81F06051704732F07F4208BF704793F07F4F04BF41F4002100
S32560241DA0704730B54FF4607401F0004521F000411CE700BF50EA010208BF704730B54FF0BD
S32560241DC000050AE050EA010208BF704730B511F0004502D5404261EB41014FF4806404F1A1
S32560241DE032045FEA915C3FF4D8AE4FF003025FEADC0C18BF03325FEADC0C18BF033202EB89
S32560241E00DC02C2F1200300FA03FC20FA02F001FA03FE40EA0E0021FA02F11444BDE600BF83
S32560241E2008B502460B4643EC172BB5EEC07BF1EE10FA03D4BDE8084000F00AB8B1EE477BB3
S32560241E4051EC170B00F004F8404261EB410108BD9FED0B6B41EC170B9FED0B5B27EE066B0F
S32560241E60BCEEC66BB8EE464BA4EE457BFCEEC77B16EE101A17EE900A704700BFAFF30080E3
S32560241E80000000000000F03D000000000000F041430803F05533C01A830803F0333300F0E6
S32560241EA03330184400EB101000F00F3000EB002000EB0040000E704742084B0802F055328E
S32560241EC003F05533801AC91A4FEA900C8A0800F033330CF0333C01F0333002F03332634406
S32560241EE0104403EB131300EB101003F00F3300F00F30184400EB002000EB0040000E70472A
S32560241F005FF800F0A18220605FF800F0017320605FF800F09D7A20605FF800F07D89206067
S32560241F205FF800F08D2020605FF800F0ED4C20605FF800F08D1E20605FF800F0492B2060F6
S32560241F405FF800F0C17720605FF800F0996420605FF800F0D18820605FF800F021642060C8
S32560241F605FF800F0091D20605FF800F0A17220605FF800F0595920605FF800F0B1742060AB
S32560241F805FF800F0E97720605FF800F0E59720605FF800F0496220605FF800F02989206062
S32560241FA05FF800F0CD7320605FF800F0953220605FF800F0D98120605FF800F0F97C2060A5
S32560241FC05FF800F0B39320605FF800F06F4F20605FF800F035822060F8B500BF00000000FB
S32560241FE0000000000000000000000000000000000000000000000000000000000000000057
S32560242000000000000000000000000000000000000000000000000000000000000000000036
S32560242020000000000000000000000000000000000000000000000000000000000000000016
S325602420400000000000000000000000000000000000000000000000000000000000000000F6
S325602420600000000000000000000000000000000000000000000000000000000000000000D6
S325602420800000000000000000000000000000000000000000000000000000000000000000B6
S325602420A0000000000000000000000000000000000000000000000000000000000000000096
S325602420C0000000000000000000000000000000000000000000000000000000000000000076
S325602420E0000000000000000000000000000000000000000000000000000000000000000056
S32560242100000000000000000000000000000000000000000000000000000000000000000035
S32560242120000000000000000000000000000000000000000000000000000000000000000015
S325602421400000000000000000000000000000000000000000000000000000000000000000F5
S325602421600000000000000000000000000000000000000000000000000000000000000000D5
S325602421800000000000000000000000000000000000000000000000000000000000000000B5
S325602421A0000000000000000000000000000000000000000000000000000000000000000095
S325602421C0000000000000000000000000000000000000000000000000000000000000000075
S325602421E0000000000000000000000000000000000000000000000000000000000000000055
S32560242200000000000000000000000000000000000000000000000000000000000000000034
S32560242220000000000000000000000000000000000000000000000000000000000000000014
S325602422400000000000000000000000000000000000000000000000000000000000000000F4
S325602422600000000000000000000000000000000000000000000000000000000000000000D4
S325602422800000000000000000000000000000000000000000000000000000000000000000B4
S325602422A0000000000000000000000000000000000000000000000000000000000000000094
S325602422C0000000000000000000000000000000000000000000000000000000000000000074
S325602422E0000000000000000000000000000000000000000000000000000000000000000054
S32560242300000000000000000000000000000000000000000000000000000000000000000033
S32560242320000000000000000000000000000000000000000000000000000000000000000013
S3256024234000000000000000000000000000000000000000000000000000000000001C1C7F3C
S325602423603E1C0800081C3E7F1C1C1C0000000042C8801F40B8821F40080000000000004270
S32560242380C4801F40B4821F400400000000C0004224801F4014821F401000000000C000426B
S325602423A028801F4018821F402000000000C000422C801F401C821F404000000000C0004227
S325602423C034801F4024821F40000100000040004264811F4054831F400004000000400042D8
S325602423E080811F4070831F4000000200004000427C811F406C831F400000010000400042F0
S3256024240068811F4058831F4000080000004000423C811F402C831F40010000000040004279
S3256024242044811F4034831F40040000000040004240811F4030831F4002000000004000429C
S3256024244048811F4038831F40080000000000004204811F40F4821F40000004000000004267
S3256024246008811F40F8821F40000008000000004218811F4008831F40000080000000004223
S3256024248014811F4004831F40000040000000004200811F40F0821F40000002000000004261
S325602424A0FC801F40EC821F40000001000000004224811F4014831F40000000040000004267
S325602424C028811F4018831F4000000008000000421C811F400C831F400000000100000042F9
S325602424E020811F4010831F400000000200000042EC801F40DC821F40001000000000004242
S32560242500F0801F40E0821F40002000000000004234811F4024831F400000004000000042A3
S3256024252038811F4028831F40000000800080004294801F4084821F400000040000C00042CF
S3256024254090801F4080821F400000008000800042A8801F4098821F4000008000008000429D
S32560242560A4801F4094821F4000004000004000426C811F405C831F400010000000C000427B
S3256024258030801F4020821F408000000000400042B0811F40A0831F400000002000400042EB
S325602425A0AC811F409C831F40000000100040004284811F4074831F400000040000400042B5
S325602425C088811F4078831F4000000800000000422C811F401C831F40000000100000004209
S325602425E030811F4020831F4000000020000000420C811F40FC821F400000100000000042C2
S3256024260010811F4000831F400000200000800042C8811F40B8831F400080000000800042F8
S32560242620C4811F40B4831F400040000000800042C0811F40B0831F400020000000800042C0
S32560242640BC811F40AC831F400010000000800042D0811F40C0831F400000020000800042DE
S32560242660CC811F40BC831F400000010000C0004274801F4064821F400000000100C00042E8
S3256024268080801F4070821F400000000800C0004284801F4074821F400000001000C000422C
S325602426A06C801F405C821F400000400000C000427C801F406C821F400000000400C0004218
S325602426C078801F4068821F400000000200C0004288801F4078821F400000002000000000EC
S325602426E0000000004B250000612500002524000071200000BB1E0000B51E00001924000097
S325602427005D24000041240000DF1E0000F11E00000D250000111F000073250000231F000001
S32560242720D9A20000FD5D00005523000081230000AD230000E32300003F065B4F666D7D0702
S325602427407F67000010270000E8030000640000000A000000010000000020406080A0000098
S32560242760D8399D270054EA2A00A4781F007B9A171300000000000000270000003EF600209D
S32560242780700C002002000000010000000000000001000000A4C30020680C002000000000F4
S325602427A00000000000000000010000003EF600200000000007000000000000000000000033
S325602427C0070000003EF60020089E206000000000000000000000000001000000AFC300205B
S325602427E0600C0020000000001300000000000000270000003EF60020700C00200200000097
S32560242800010000000000000001000000BBC30020680C0020000000000000000000000000FA
S32560242820010000003EF6002000000000070000000000000000000000070000003EF6002057
S32560242840089E206000000000000000000000000001000000AFC30020600C002000000000A9
S325602428601300000000000000270000003EF60020700C0020020000000100000000000000A1
S3256024288001000000C6C30020680C0020000000000000000000000000010000003EF600201B
S325602428A000000000070000000000000000000000070000003EF60020089E20600000000006
S325602428C0000000000000000001000000AFC30020600C00200000000013000000000000003C
S325602428E0270000003EF60020700C002002000000010000000000000001000000D1C300207F
S32560242900680C0020000000000000000000000000010000003EF6002000000000070000003D
S325602429200000000000000000070000003EF60020089E20600000000000000000000000008C
S3256024294001000000AFC30020600C0020000000001300000000000000270000003EF6002040
S32560242960700C002002000000010000000000000001000000DCC30020680C002000000000DA
S325602429800000000000000000010000003EF600200000000007000000000000000000000051
S325602429A0070000003EF60020089E206000000000000000000000000001000000AFC3002079
S325602429C0600C0020000000001300000000000000270000003EF60020700C002002000000B5
S325602429E0010000000000000001000000E7C30020680C0020000000000000000000000000ED
S32560242A00010000003EF6002000000000070000000000000000000000070000003EF6002075
S32560242A20089E206000000000000000000000000001000000AFC30020600C002000000000C7
S32560242A401300000000000000270000003EF60020700C0020020000000100000000000000BF
S32560242A6001000000F2C30020680C0020000000000000000000000000010000003EF600200D
S32560242A8000000000070000000000000000000000070000003EF60020089E20600000000024
S32560242AA0000000000000000001000000AFC30020600C00200000000013000000000000005A
S32560242AC0270000003EF60020700C002002000000010000000000000001000000FDC3002071
S32560242AE0680C0020000000000000000000000000010000003EF6002000000000070000005C
S32560242B000000000000000000070000003EF60020089E2060000000000000000000000000AA
S32560242B2001000000AFC30020600C0020000000000000000000000000991E0000791B0000A1
S32560242B40411E0000611E0000451E00006D1E0000511E0000653B00007D3B0000CD0C00007F
S32560242B609A190000662600003333000000400000CD4C00009A590000666600003373000068
S32560242B8000800000CD8C00009A99000066A6000033B3000000C00000CDCC00009AD90000E1
S32560242BA066E6000033F3000000000100CD0C01009A19010066260100333301000040010055
S32560242BC0CD4C01009A590100666601003373010000800100CD8C01009A99010066A60100CD
S32560242BE033B3010000C00100CDCC01009AD9010066E6010033F301000000020000406080FF
S32560242C00A0E00000CD1C0000D11C0000D71C0000DD1C0000CD1C0000D11C0000D71C00001F
S32560242C20DD1C000060620020B0620020686200207062002048620020386200207AC2002041
S32560242C407FC20020C9C6002044C90020B4C20020BAC20020C0C20020C6C20020CCC2002083
S32560242C60D2C20020D8C20020DEC20020E4C20020EAC20020F0C20020F6C20020FCC2002082
S32560242C8002C3002008C300200EC3002014C300201AC3002020C3002026C300202CC30020DA
S32560242CA032C3002038C300203EC3002044C300204AC3002050C3002056C300205CC300203A
S32560242CC062C3002068C300206EC3002074C300207AC3002080C3002086C300208CC300209A
S32560242CE092C3002098C300209EC300200000000000000000AB9C01008779010067A0010088
S32560242D007FFC010069090200537C0100C57E010075A40100BD7F010071760100697B010001
S32560242D2071A401007BA4010081A401000000000000000000F35A0200D51402004911020017
S32560242D40E15A020069110200F91102008F110200BD0E0200795A02003D1E00000000000085
S32560242D60000000005FA2010049A60100411E0000CB1C00001FA201002BA2010049A2010015
S32560242D800000000000000000A18220600000000000000000F9A6010055200000CD4F0200D3
S32560242DA07D4F0200115F0200D54E0200FD140200000000003EF6002033C20020B7C1002010
S32560242DC0A7C100200A0000000000000000000000000000003F5E0000655E0000895E000090
S32560242DE0393800007D5E0000775E0000835E00008F5E0000195F0000655B00007D5B00004A
S32560242E00195E0000955B0000755F0000A961000071A40000AF610000D36100003F620000E9
S32560242E20AB620000E162000000000000000000002B180200D5140200411E0000CB1C000042
S32560242E402B1802002B1802002B1802003C42818D9181423C0000000000000000C1790100C2
S32560242E603D380000411E00001F78010019780100D97901001378010000000000F08C82A24B
S32560242E809A8CF300F38C9AA2828CF000007E7E00007E7E00007E7E7E7E7E7E0071AAA8AB7C
S32560242EA0A8AA71007E8B9191918B7E000BD9002011D900201AD9002023D9002029D90020A1
S32560242EC000000000007E7E3C3C181800FFD8002003D900201FE2002007D900205EF1002041
S32560242EE067F1002070F1002079F1002082F100208BF1002094F100209DF100202CD4002023
S32560242F0043C8002004D400201EC7002063D40020F4C60020ACC200202AC70020E704012023
S32560242F2080E3002000C7002045EA002045C800203FE2002036D40020050301206BEA002018
S32560242F4026D500208EC20020E8E90020CFC0002035EC00206EF00020ACEC002008F100202C
S32560242F6069F0002072CC00207BCF0020D5EB00208BCF0020A4D30020F7F00020B8E20020D4
S32560242F8054DC0020E3D0002003DD0020B0D9002071F0002073F20020D4E60020E3C4002034
S32560242FA0F5EB002051E7002009EA00200010307070301000081C3E7F1C1C1C000000000087
S32560242FC0000000000100000049D6002000000000020000000000000000000000FFFF000027
S32560242FE057D6002000000000040000000000000000000000FFFF00005FD6002000000000A3
S32560243000040000000000000000000000FF00000073D60020000000000200000000000000B8
S3256024302000000000FF00000081D6002000000000020000000000000000000000FF0000008F
S325602430408DD6002000000000020000000000000000000000FFFF00009FD6002000000000CE
S32560243060040000000000000000000000FFFF0000ACD600200000000004000000000000001E
S3256024308000000000FFFF0000B4D6002000000000040000000000000000000000FF000000FB
S325602430A0C8D6002000000000020000000000000000000000FF000000D6D6002000000000FB
S325602430C0020000000000000000000000FF000000E2D600200000000002000000000000008B
S325602430E000000000FFFF0000F4D6002000000000040000000000000000000000FFFF00005C
S3256024310001D7002000000000040000000000000000000000FFFF000009D70020000000002B
S32560243120040000000000000000000000FF0000001DD70020000000000200000000000000EC
S3256024314000000000FF0000002BD7002000000000020000000000000000000000FF000000C3
S3256024316037D7002000000000020000000000000000000000FFFF000049D700200000000057
S32560243180040000000000000000000000FFFF000056D7002000000000040000000000000052
S325602431A000000000FFFF00005ED7002000000000040000000000000000000000FF0000002F
S325602431C072D7002000000000020000000000000000000000FF00000080D700200000000084
S325602431E0020000000000000000000000FF0000008CD70020000000000200000000000000BF
S3256024320000000000FFFF00009ED7002000000000040000000000000000000000FFFF00008F
S32560243220ABD7002000000000040000000000000000000000FFFF0000B3D7002000000000B6
S32560243240040000000000000000000000FF000000C7D7002000000000020000000000000021
S3256024326000000000FF000000D5D7002000000000020000000000000000000000FF000000F8
S32560243280E1D7002000000000020000000000000000000000FFFF0000F3D7002000000000E2
S325602432A0040000000000000000000000FFFF000000D8002000000000040000000000000086
S325602432C000000000FFFF000008D8002000000000040000000000000000000000FF00000063
S325602432E01CD8002000000000020000000000000000000000FF0000002AD80020000000000D
S32560243300020000000000000000000000FF00000036D80020000000000200000000000000F2
S3256024332000000000FFFF000048D8002000000000040000000000000000000000FFFF0000C3
S3256024334055D8002000000000040000000000000000000000FFFF00005DD80020000000003F
S32560243360040000000000000000000000FF00000071D8002000000000020000000000000055
S3256024338000000000FF0000007FD8002000000000020000000000000000000000FF0000002C
S325602433A08BD8002000000000020000000000000000000000FFFF00009DD80020000000006B
S325602433C0040000000000000000000000FFFF0000AAD80020000000000400000000000000BB
S325602433E000000000FFFF0000B2D8002000000000040000000000000000000000FF00000098
S32560243400C6D8002000000000020000000000000000000000FF000000D4D800200000000097
S32560243420020000000000000000000000FF000000E0D8002000000000020000000000000027
S3256024344000000000FFFF0000F2D8002000000000040000000500000000000000940000005D
S32560243460E5D00020589F20600200000000000000FBFFFFFF05000000EBD00020000000009C
S325602434800100000000000000000000000B00000031C60020B01A002002000000FFFF000095
S325602434A001000000FFFF0000F2D00020000000000400000000000000000000001F0000007E
S325602434C0F7D00020000000000200000013000000000000002700000001D10020700C0020B1
S325602434E0020000000000000000000000070000000CD10020382600200200000004000000B8
S32560243500040000001F0000001AD100200000000002000000000000000000000003000000EE
S3256024352028D10020881D00200000000000000000000000000400000032D10020D41D0020EB
S3256024354000000000000000000000000064000000E0C40020000000000200000000000000B7
S3256024356000000000080000003FD10020B42400200000000010000000010000002000000060
S325602435803EDC002000000000020000008000000000000000FF0000004DDC0020000000009D
S325602435A00200000000000000000000000300000047D10020981D002002000000000000006D
S325602435C0000000000F00000052D1002074240020020000000800000001000000FF0000004D
S325602435E05BD1002000000000020000000C00000001000000FF00000063D100200000000093
S32560243600020000000E00000001000000FF0000006BD10020000000000200000000000000B2
S32560243620000000000400000073D10020A81D002000000000000000000000000009000000AA
S325602436407CD100204C2400200000000018000000020000007900000085D1002000000000DA
S325602436600200000000000000000000007E00000094D10020000000000200000008000000B1
S325602436800200000080000000A3D10020000000000200000001000000000000000100000086
S325602436A0B0D10020442400200000000001000000010000007F000000BDD100200000000028
S325602436C002000000000000000000000005000000CCD10020BC1D00200000000000000000A3
S325602436E0F5FFFFFF0B0000000BC9002000000000010000000000000000000000040000004A
S3256024370015C90020B42400200200000000000000FDFFFFFF0300000022C90020000000001F
S325602437200100000000000000000000000400000029C90020B42400200200000000000000EE
S32560243740000000000100000033C90020642300200200000000000000FDFFFFFF030000001C
S325602437603DC90020000000000100000000000000000000000400000047C90020B42400206C
S325602437800200000000000000000000000500000054C900202C2400200200000000000000E9
S325602437A0000000000400000061C90020B42400200200000000000000000000000500000032
S325602437C06EC9002014240020020000000000000000000000040000007BC90020B42400204E
S325602437E00200000000000000000000000100000088C900200C240020020000000000000079
S32560243800000000000100000094C9002004240020020000000000000000000000070000004F
S32560243820A0C900203826002002000000000000000000000002000000AEC90020F823002021
S3256024384002000000000000000000000012000000BBC90020AC230020020000000000000035
S325602438600000000012000000C8C90020AC23002002000000000000000000000012000000F8
S32560243880D5C90020AC23002002000000000000000000000012000000E2C90020AC23002023
S325602438A002000000080000000200000020000000EFC9002000000000020000000000000078
S325602438C00000000020000000F9C90020000000000200000000000000000000001F0000003B
S325602438E003CA002000000000020000000800000002000000200000000DCA0020000000002E
S325602439000200000000000000000000002000000017CA0020000000000200000000000000F8
S32560243920000000001F00000021CA00200000000002000000080000000200000020000000A7
S325602439402BCA0020000000000200000000000000000000002000000035CA00200000000087
S325602439600200000000000000000000001F0000003FCA002000000000020000000800000069
S32560243980020000002000000049CA0020000000000200000000000000000000002000000026
S325602439A053CA0020000000000200000000000000000000001F0000005DCA002000000000D8
S325602439C00200000008000000020000002000000067CA0020000000000200000000000000DE
S325602439E0000000002000000071CA0020000000000200000000000000000000001F000000A1
S32560243A007BCA0020000000000200000008000000020000002000000085CA0020000000001C
S32560243A20020000000000000000000000200000008FCA00200000000002000000000000005F
S32560243A40000000001F00000099CA00200000000002000000101818FE7F18180810181818EB
S32560243A6018181808001C1C7F3E1C0800000000007E3C180000202038080E020200303E82FF
S32560243A80700E010000000E8D611E000070F10020C5ED002079F10020D9D1002082F10020C9
S32560243AA08BF10020DCD1002094F10020DFD100205EF10020E2D1002067F100203C42914590
S32560243AC04591423C1EE90020C5ED002025E90020D9D10020A6D30020C2D30020DCD10020FC
S32560243AE0A9D30020DFD1002010E90020E2D1002017E9002000080C0E0E0C080090E30020ED
S32560243B007AE20020EDE200207EE20020F1E20020F5E20020F9E2002082E20020FDE20020C8
S32560243B2001E3002005E3002009E300200DE3002011E3002015E3002087E20020A3D3002088
S32560243B40E5D10020E9D10020EED10020F2D10020F7D10020FBD10020FFD1002004D20020AF
S32560243B6008D200200DD2002011D2002016D200201AD200201DD2002021D2002024D2002073
S32560243B8028D200202BD200202ED2002032D2002035D2002039D200203CD2002040D200206E
S32560243BA043D2002046D200204AD200204DD2002051D2002054D2002057D200205BD2002074
S32560243BC05ED2002062D2002065D2002069D200206CD200206FD20020D4CE002073D200201F
S32560243BE077D200207AD200207DD2002081D2002084D2002088D200208BD200208FD2002096
S32560243C0092D2002095D2002099D200209CD20020A0D20020A3D20020A6D20020AAD200209B
S32560243C20ADD20020B1D20020B4D20020B8D20020BBD20020BED20020C2D20020C5D20020A0
S32560243C40C9D20020CCD20020CFD20020D3D20020D6D20020DAD20020DDD20020E1D20020A5
S32560243C60E4D20020E7D20020EBD20020EED20020F2D20020F5D20020F8D20020FCD20020AB
S32560243C80FFD2002003D3002006D300200AD300200DD3002010D3002014D3002017D30020A9
S32560243CA01BD300201ED3002021D3002025D3002028D300202CD300202FD3002033D30020AD
S32560243CC036D3002039D300203DD3002040D3002044D3002047D300204AD300204ED30020B3
S32560243CE051D3002055D3002058D300205CD300205FD3002062D3002066D3002069D30020B8
S32560243D006DD3002070D3002073D3002077D300207AD300207ED3002081D3002085D30020BC
S32560243D2088D300208BD300208FD3002092D3002096D3002099D300209CD30020A0D30020C2
S32560243D40000000005C809F8090805E0000002466FF662400407E02020C30404034644E4EAB
S32560243D60E4E44C5878D10020D6D00020D9D00020DFD0002026EC0020F6DD0020ACD10020C4
S32560243D80BFDC0020BED0002057D1002060D1002068D1002070D10020BED00020C4D000207B
S32560243DA0C8D00020ACD10020CDD00020D2D0002041E4002031C60020B3D00020B8D00020FE
S32560243DC0BED000202425262728292A2B2C2D2E2F30313233030104010509020605030508BF
S32560243DE0090709030203080406020604030308030207090500020808040109070106090398
S32560243E0009090307050100050802000907040904040509020300070801060400060208067F
S32560243E20020008090908060208000304080205030402010107000607090802010408000867
S32560243E4006050103020802030006060407000903080404060000010002000202010600056E
S32560243E6000020605040005030003020900040903060E000603050F00050305021100060B1F
S32560243E80000308000303012A00050F1400042000030B1200040700030703021F00061F038F
S32560243EA00603020821000938000308071300052500030808012E0006170003091500042A06
S32560243EC03819000515081234000612040D00050B3E000407000104091019243140510102FD
S32560243EE0050A111A253241520405080D141D28354455090A0D1219222D3A495A101114190A
S32560243F00202934415061191A1D2229323D4A596A2425282D343D485564753132353A414AAF
S32560243F2055627182404144495059647180915152555A616A758291A20102050A111A2532D5
S32560243F4041520203060B121B263342530506090E151E29360001020304050607080901022F
S32560243F60030405060708090A02030405060708090A0B030405060708090A0B0C04050607E1
S32560243F8008090A0B0C0D05060708090A0B0C0D0E060708090A0B0C0D0E0F0708090A0B0C57
S32560243FA00D0E0F1008090A0B0C0D0E0F1011090A0B0C0D0E0F101112010203040506070815
S32560243FC0090A02030405060708090A0B030405060708090A000102030102030402030405B1
S32560243FE00304050601020304020304050304050604050607020304050304050604050607AF
S32560244000050607080304050604050607050607080607080901020304020304050304050672
S3256024402004050607020304050304050604050607050607080304050604050607050607084E
S32560244040060708090405060705060708060708090708090A0001020304010203040502032A
S3256024406004050603040506070405060708010203040502030405060304050607040506071E
S325602440800805060708090203040506030405060704050607080506070809060708090A03D2
S325602440A00405060704050607080506070809060708090A0708090A0B04050607080506079A
S325602440C00809060708090A0708090A0B08090A0B0C01020301020301040205030106040296
S325602440E0070503010806040209070503010A080604020B09070503010C0A080604020D0B75
S3256024410009070503010E0C0A080604020F0D0B0907050301100E0C0A08060402110F0D0B04
S32560244120090705030112100E0C0A0806040213110F0D0B09070503011412100E0C0A0806B6
S3256024414004021513110F0D0B0907050301161412100E0C0A010203010204030501020406C4
S3256024416003050701020406080305070901020406080A030507090B01020406080A0C030504
S3256024418007090B0D01020406080A0C0E030507090B0D0F01020406080A0C0E100305070994
S325602441A00B0D0F1101020406080A0C0E1012030507090B0D0F111301020406080A0C0E1036
S325602441C01214030507090B0D0F11131501020406080A0C0E000204060810214200000000F7
S325602441E0040000000700000000000000030000000700000000000000000020004A92240000
S32560244200AAAA2A00343333000100400056555500000080002A504C524E53484000000000FA
S32560244220000000000700000001C900208C2300200200000000000000F4FFFFFF0C00000035
S325602442409ECA0020000000000100000000000000FDFFFFFF03000000B4ED0020000000008D
S325602442600100000000000000000000000700000006C900201C110120020000000800000065
S325602442800000000027000000EBC8002000000000010000000400000000000000270000006E
S325602442A019F4002000000000010000000000000000000000010000003CF40020642300204E
S325602442C00200000000000000FDFFFFFF03000000EEC800200000000001000000000000007E
S325602442E00000000007000000F2C800203826002002000000000000000000000004000000CF
S32560244300F8C800207823002000000000000000000000000002000000FDC800206C230020E2
S3256024432000000000001818000066660000000000C0C0C0C0F0F0F0F0FCFCFCFCFFFFFFFF4B
S3256024434058D000206DD0002059FB002029C600202CC6002031C6002036C600203BC6002045
S325602443603FC6002090E4002050C500202AC700201EC7002080E30020F4C6002000C700206B
S325602443809DF100206CC600206EC6002073C6002078C600207DC6002082C6002087C6002050
S325602443A08CC6002091C6002096C600209BC60020A0C60020A5C60020AAC60020AFC6002057
S325602443C0B4C60020B9C60020BEC60020C3C60020C8C60020CDC60020D1C60020D5C60020FA
S325602443E0DAC60020E0C60020E5C600204EEA0020EAC60020F0C60020F6C60020FCC6002026
S3256024440002C7002008C700200EC7002014C700201AC7002020C7002026C700202CC7002022
S3256024442032C7002038C700203DC7002040C7002046C700204BC7002051C7002057C700209A
S325602444405CC7002062C7002068C700206DC7002073C7002078C700207DC700203D02012026
S3256024446082C7002088C700208DC7002092C7002098C700209DC70020A3C70020A8C70020D1
S32560244480ADC70020B3C70020B9C70020BEC7002093EB0020C3C70020C7C70020CBC7002077
S325602444A0CFC70020D3C70020D7C70020DBC70020DFC70020E3C70020E7C70020EBC7002052
S325602444C0EFC70020F3C70020F7C70020FBC70020FFC7002003C8002007C800200BC800202F
S325602444E00FC8002013C8002017C800201BC800201FC8002023C8002027C800202BC800200A
S325602445002FC8002033C8002037C800203BC800203FC800205EF1002067F1002070F100200E
S3256024452079F1002082F100208BF1002094F100209DF100202CD4002043C8002004D40020A2
S325602445401EC7002063D40020F4C60020ACC200202AC70020E704012080E3002000C7002086
S3256024456045EA002045C800203FE2002036D40020050301206BEA002026D500208EC20020A1
S32560244580E8E90020CFC0002035EC00206EF00020ACEC002047C800204BC800204FC80020E1
S325602445A053C8002057C800205BC800205FC8002063C8002067C800206BC800206FC8002029
S325602445C073C8002077C800207BC800207FC8002083C8002087C800208BC800208FC8002009
S325602445E093C8002097C800209BC800209FC80020A3C80020A7C80020ABC80020AFC80020E9
S32560244600B3C80020B7C80020BBC80020BFC80020C3C80020C9C60020C7C80020CDC80020CE
S32560244620D3C80020D9C80020DFC80020E3C80020E7C8002000183C7E7E3C180000182442F1
S325602446404224180000000000000000000400000091DE0020883700200000000000000000E0
S3256024466000000000020000009BDE00207C370020000000000000000000000000070000003B
S325602446800CD100203826002002000000020000000000000006000000A5DE002060370020B1
S325602446A00200000013000000000000001A000000B0DE0020F436002002000000190000002E
S325602446C000000000FF00000022DC0020000000000200000005000000000000009400000098
S325602446E0FBC50020589F20600200000000000000FBFFFFFF05000000EBD0002000000000FF
S325602447000100000000000000000000000B00000031C60020B01A0020020000000000000000
S32560244720FBFFFFFF0500000029DC00200000000001000000FFFF000001000000FFFF0000CF
S32560244740B6DB00200000000004000000FFFF000000000000FFFF0000B6DB0020000000006D
S3256024476004000000FFFF000000000000FFFF0000B6DB00200000000004000000FFFF0000FC
S3256024478000000000FFFF0000B6DB00200000000004000000FFFF000000000000FFFF0000E0
S325602447A0B6DB00200000000004000000000000000000000003000000B9DE0020F0340020BC
S325602447C002000000100000000200000010000000C4DE002000000000020000001000000057
S325602447E00200000010000000C4DE0020000000000200000010000000020000001000000037
S32560244800C4DE00200000000002000000100000000200000010000000C4DE00200000000066
S325602448200200000000000000000000000F000000D4DE0020B43600200200000000000000FF
S325602448400000000005000000DDDE00209C36002002000000000000000000000001000000F9
S32560244860E7DE00209436002000000000000000000000000003000000DDDE00208436002027
S3256024488000000000000000000000000003000000F5DE00207436002002000000400000008C
S325602448A000000000FF000000FFDE002000000000020000000000000000000000640000000C
S325602448C00DDF0020000000000200000000000000000000000800000012DF0020B42400202F
S325602448E00000000000000000000000000800000021DF0020B424002000000000000000000E
S32560244900000000000800000030DF0020B424002000000000000000000000000008000000D6
S325602449203FDF0020B4240020000000000000000000000000080000004EDF0020B42400206A
S32560244940000000000000000000000000080000005DDF0020B4240020000000000000000071
S3256024496000000000080000006CDF0020B4240020000000000000000000000000080000003A
S325602449807BDF0020B4240020000000000000000000000000080000008ADF0020B424002092
S325602449A00000000000000000000000000800000099DF0020B42400200000000000000000D5
S325602449C00000000008000000A8DF0020B4240020000000000000000000000000080000009E
S325602449E099DF0020B424002000000000000000000000000008000000B7DF0020B4240020E7
S32560244A0000000000000000000000000008000000C6DF0020B4240020000000000000000047
S32560244A200000000008000000D5DF0020B42400200000000000000000000000000800000010
S32560244A40E1DF0020B424002000000000000000000000000008000000EDDF0020B424002008
S32560244A6000000000000000000000000008000000F9DF0020B42400200000000000000000B4
S32560244A80000000000800000005E00020B42400200200000000000000000000000100000084
S32560244AA026EC002000000000000000008000000000000000FF00000012E0002000000000A9
S32560244AC00200000002000000000000000A0000001EE00020483600200400000080000000FE
S32560244AE000000000FF0000002CE00020000000000200000001000000000000000A000000F4
S32560244B0038E0002048360020040000008000000000000000FF00000046E00020000000006C
S32560244B20040000008000000000000000FF00000052E0002000000000020000000100000013
S32560244B40000000000A0000005EE00020483600200400000001000000010000007F00000040
S32560244B606CE00020000000000200000000000000000000000400000076E000203436002039
S32560244B800200000000000000000000000100000080E000202C360020020000000100000083
S32560244BA000000000040000008CE000203436002002000000050000000000000094000000B6
S32560244BC0E5D00020ACA120600200000000000000000000000B000000A2D90020B01A002017
S32560244BE002000000FFFF000001000000FFFF00007CDC0020000000000400000000000000B0
S32560244C00000000000A00000089DC002000360020020000000000000000000000040000001F
S32560244C2093DC0020EC350020020000000500000000000000050000009CDC0020D43500204D
S32560244C4002000000010000000100000010000000ABDC00200000000002000000000000000D
S32560244C600000000007000000A0C90020382600200200000000000000FBFFFFFF070000009B
S32560244C800BC90020000000000100000000000000FCFFFFFF0400000022C90020000000008D
S32560244CA0010000000000000019FCFFFFE7030000B5DC0020000000000300000000000000B8
S32560244CC00000000064000000E0C40020000000000200000000000000000000000800000018
S32560244CE03FD10020B42400200000000010000000010000002000000040DC00200000000095
S32560244D00020000008000000000000000FF000000BADC0020000000000200000018000000B8
S32560244D200200000079000000C3DC002000000000020000000C000000010000007800000028
S32560244D4064DC00200000000002000000000000000000000008000000D0DC0020B42400209B
S32560244D6000000000000000000000000008000000DEDC0020B42400200000000000000000CF
S32560244D800000000008000000ECDC0020B4240020000000008000000001000000FF00000021
S32560244DA0FADC002000000000020000000C000000010000007800000005DD002000000000EA
S32560244DC00200000000000000000000000800000014DD0020B4240020000000000000000036
S32560244DE0000000000800000021DD0020B42400200000000000000000000000000F000000FC
S32560244E002EDD002074240020020000000C00000001000000780000003BDD00200000000066
S32560244E20020000000800000001000000FF00000048DD002000000000020000000C0000008B
S32560244E4001000000FF00000054DD002000000000020000000E00000001000000FF00000067
S32560244E6060DD002000000000020000000000000000000000080000006CDD0020B4240020E0
S32560244E80000000000000000000000000080000007ADD0020B4240020000000000000000011
S32560244EA0000000000800000088DD0020B424002000000000000000000000000008000000DB
S32560244EC096DD0020B424002000000000000000000000000008000000A4DD0020B42400201C
S32560244EE0000000000000000000000000090000007ED100204C240020000000001800000008
S32560244F000200000079000000B2DD002000000000020000000C000000010000007800000056
S32560244F20C0DD00200000000002000000010000000000000001000000B2D1002044240020FB
S32560244F40000000000000000000000000FF000000CDDD0020000000000200000000000000FC
S32560244F60000000007E00000096D10020000000000200000008000000020000008000000016
S32560244F80A5D1002000000000020000000000000000000000FF000000DDDD00200000000016
S32560244FA002000000000000000000000005000000ECDD002000000000000000000100000076
S32560244FC0010000007F000000FADD00200000000002000000000000000000000008000000C6
S32560244FE009DE0020B42400200000000000000000000000000800000017DE0020B424002013
S325602450000000000000000000000000000800000025DE0020B42400200000000000000000E3
S32560245020000000000800000033DE0020B424002000000000000000000000000004000000B1
S3256024504042DE002080350020000000000000000000000000020000004FDE00207435002099
S32560245060000000000000000000000000040000005EDE002000000000000000000500000041
S325602450800000000094000000FBC50020ACA1206002000000050000000000000094000000AA
S325602450A0FBC50020ACA1206002000000050000000000000094000000FBC50020ACA1206071
S325602450C002000000050000000000000094000000FBC50020ACA120600200000000000000FC
S325602450E0000000000B0000008EDB0020B01A00200200000000000000000000000B0000009B
S3256024510096DB0020B01A00200200000000000000000000000B0000009EDB0020B01A0020FA
S325602451200200000000000000000000000B000000A6DB0020B01A002002000000000000004B
S325602451400000000003000000AEDB00206435002002000000FFFF000001000000FFFF000061
S32560245160B6DB00200000000004000000FFFF000001000000FFFF0000B6DB00200000000042
S3256024518004000000FFFF000001000000FFFF0000B6DB00200000000004000000FFFF0000D1
S325602451A001000000FFFF0000B6DB00200000000004000000000000000000000003000000AE
S325602451C0BFDB0020543500200000000000000000000000000400000028D10020B8240020C9
S325602451E000000000050000000000000005000000C8DB0020D435002002000000000000002D
S325602452000000000007000000D7DB0020382600200200000000000000FBFFFFFF07000000AC
S32560245220E3DB0020000000000100000000000000FBFFFFFF07000000F0DB0020000000001B
S325602452400100000000000000FBFFFFFF07000000FDDB0020000000000100000000000000CB
S32560245260FBFFFFFF070000000ADC0020000000000100000000000000FCFFFFFF04000000A1
S32560245280EBD00020000000000100000000000000000000000200000017DC002048350020F6
S325602452A0020000001900000000000000FF00000022DC00200000000002000000000000002A
S325602452C0FBFFFFFF0500000029DC002000000000010000000000000000000000050000001C
S325602452E035DC002030350020020000001000000001000000200000003DDC00200000000002
S32560245300020000008000000000000000FF0000004CDC002000000000020000000000000038
S32560245320000000000300000056DC0020981D0020020000000F00000001000000780000002F
S3256024534061DC002000000000020000000000000000000000020000006FDC0020243500207E
S32560245360020000000702020700000000FFFFFFFF00000000000000800000000055555555BF
S325602453800000000000000040000000003333333300000000ABAAAA2A00000000254992242A
S325602453A0000000000000002000000000FFFFFFFF00000000FFFFFFFB00000000FFFFFFF75B
S325602453C000000000FFFFFFC300000000000000C000000000FFFFFFBB00000000FFFFFF838B
S325602453E0000000000000008000000000FFFFFF7B00000000FFFFFF430000000000000040AB
S3256024540000000000FFFFFF3B0000000000000020000000000000001C000000000000001876
S3256024542000000000000000140000000000000010000000000000000C0000000000000008AA
S32560245440000000000000000400000000403F3E31302F21201F11100F0807060504030201BD
S3256024546000000000000000000008FF0F0100000400080200AB025505030000020004040069
S325602454809901330305005501AB020600250149020700000100020800E400C7010900CD009F
S325602454A09A010A00BA0074010B00AB0055010C009E003B010D00920025010E00890011012E
S325602454C00F008000000100000000000071DE002077DE00207DDE002083DE002089DE00204B
S325602454E09C3700209AE00020A0E00020A6E00020ACE00020B2E00020B8E00020BEE000207B
S325602455009EC10020F4D90020F8D9002026EC0020FDD9002031C6002041E40020B3D000207D
S32560245520F2D0002038D9002041D9002002DA002026EC002006DA00200BDA002010DA002057
S3256024554015DA002019DA00201DDA002021DA002025DA002029DA00200DFF002093EB002061
S325602455602CDA002030DA002034DA002038DA002078D100203CDA002040DA002044DA0020DA
S3256024558048DA00204CDA002050DA002054DA00205EF1002067F1002070F1002079F100206F
S325602455A082F100208BF1002094F100209DF100202CDA002030DA002034DA002038DA00202F
S325602455C058DA00205DDA002026EC002031C6002041E40020B3D00020F2D0002078D100201C
S325602455E03CDA002040DA002044DA002062DA002066DA00206ADA00206EDA002075DA00207C
S32560245600D9D00020DFD000207BDA002081DA00206EC6002087DA00208ADA00208EDA002097
S325602456202AC7002091DA002095DA002099DA00209FDA0020A4DA0020AADA0020C8E000207F
S32560245640B0DA0020B6DA0020BCDA0020C2DA002091E300207BE20020EEE200207FE2002072
S3256024566073ED0020C8DA0020CDDA0020D1DA0020D5DA0020D9DA0020DDDA0020E1DA002078
S32560245680E5DA0020EADA0020D1DA0020EFDA002025EC0020F4DA0020FADA002000DB0020FB
S325602456A006DA00200BDA002010DA002006DB00200ADB002010DB002016DB00201CDB002018
S325602456C022DB002027DB00202CDB002031DB002036DB00203ADB00203EDB002042DB0020D2
S325602456E046DB00204ADB00204EDB002052DB002056DB00205ADB00200BE4002006E4002045
S325602457009DE00020A3E00020A9E00020AFE00020A7CB0020BBE00020C1E0002026EC002027
S32560245720C3E800205EDB002061DB002064DB002067DB00206ADB00206DDB002070DB002066
S3256024574075DB002093EB00207ADB00207FDB002084DB002089DB00202CDA002034DA00206B
S3256024576093EB002038D9002041D900204AD9002051D9002059D90020200000000000000097
S32560245780000000000000803F000000400000804000000041000080410000C041000000427B
S325602457A000004042000080420000C0420102030303030303030303081000000001000000E2
S325602457C020000000D1F00020000000000200000000000000000000001F000000B00201204A
S325602457E00000000002000000050000000000000094000000E5D000200000000002000000AD
S3256024580000000000000000000B000000A2D900200000000002000000000000000000000056
S3256024582010000000C5EC00200000000002000000000000000000000010000000D8F0002003
S325602458400000000002000000000000000000000010000000E9F000200000000002000000B1
S32560245860000000000000000064000000F9F00020000000000200000000000000000000002F
S32560245880FF00000070F0002000000000020000000000000000000000FF00000070F000207E
S325602458A000000000020000000000000000000000FF00000070F000200000000002000000DB
S325602458C00000000000000000FF00000070F0002000000000020000000000000000000000BD
S325602458E0FF00000070F0002000000000020000000000000000000000FF00000070F000201E
S3256024590000000000020000000000000000000000FF00000070F0002000000000020000007A
S325602459200000000000000000FF00000070F00020000000000200000000000000000000005C
S32560245940FF00000070F0002000000000020000000000000000000000FF00000070F00020BD
S3256024596000000000020000000000000000000000FF00000070F0002000000000020000001A
S325602459800000000000000000FF00000070F0002000000000020000000000000000000000FC
S325602459A0FF00000070F0002000000000020000000000000000000000FF00000070F000205D
S325602459C000000000020000000000000000000000FF00000070F000200000000002000000BA
S325602459E00000000000000000FF00000070F00020000000000200000000000000000000009C
S32560245A00FF00000070F0002000000000020000000000000000000000FF00000070F00020FC
S32560245A2000000000020000000000000000000000FF00000070F00020000000000200000059
S32560245A400000000000000000FF00000070F00020000000000200000000000000000000003B
S32560245A60FF00000070F0002000000000020000000000000000000000FF00000070F000209C
S32560245A8000000000020000000000000000000000FF00000070F000200000000002000000F9
S32560245AA00000000000000000FF00000070F0002000000000020000000000000000000000DB
S32560245AC0FF00000070F0002000000000020000000000000000000000FF00000070F000203C
S32560245AE000000000020000000000000000000000FF00000070F00020000000000200000099
S32560245B000000000000000000FF00000070F00020000000000200000000000000000000007A
S32560245B20FF00000070F0002000000000020000000000000000000000FF00000070F00020DB
S32560245B4000000000020000000000000000000000FF00000070F00020000000000200000038
S32560245B600000000000000000FF00000070F00020000000000200000000000000000000001A
S32560245B80FF00000070F0002000000000020000000000000000000000FF00000070F000207B
S32560245BA000000000020000000000000000000000FF00000070F000200000000002000000D8
S32560245BC00000000000000000FF00000070F0002000000000020000000000000000000000BA
S32560245BE0FF00000070F0002000000000020000000000000000000000FF00000070F000201B
S32560245C0000000000020000000000000000000000FF00000070F00020000000000200000077
S32560245C200000000000000000FF00000070F000200000000002000000000000000000000059
S32560245C40FF00000070F0002000000000020000000000000000000000FF00000070F00020BA
S32560245C6000000000020000000000000000000000FF00000070F00020000000000200000017
S32560245C800000000000000000FF00000070F0002000000000020000000000000000000000F9
S32560245CA0FF00000070F0002000000000020000000000000000000000FF00000070F000205A
S32560245CC000000000020000000000000000000000FF00000070F000200000000002000000B7
S32560245CE00000000000000000FF00000070F000200000000002000000000000000000000099
S32560245D00FF00000070F0002000000000020000000000000000000000FF00000070F00020F9
S32560245D2000000000020000000000000000000000FF00000070F00020000000000200000056
S32560245D400000000000000000FF00000070F000200000000002000000000000000000000038
S32560245D60FF00000070F0002000000000020000000000000000000000FF00000070F0002099
S32560245D8000000000020000000000000000000000FF00000070F000200000000002000000F6
S32560245DA00000000000000000FF00000070F0002000000000020000000000000000000000D8
S32560245DC0FF00000070F0002000000000020000000000000000000000FF00000070F0002039
S32560245DE000000000020000000000000000000000FF00000070F00020000000000200000096
S32560245E000000000000000000FF00000070F000200000000002000000000000000000000077
S32560245E20FF00000070F0002000000000020000000000000000000000FF00000070F00020D8
S32560245E4000000000020000000000000000000000FF00000070F00020000000000200000035
S32560245E600000000000000000FF00000070F000200000000002000000000000000000000017
S32560245E80FF00000070F0002000000000020000000000000000000000FF00000070F0002078
S32560245EA000000000020000000000000000000000FF00000070F000200000000002000000D5
S32560245EC00000000000000000FF00000070F0002000000000020000000000000000000000B7
S32560245EE0FF00000070F0002000000000020000000000000000000000FF00000070F0002018
S32560245F0000000000020000000000000000000000FF00000070F00020000000000200000074
S32560245F200000000000000000FF00000070F000200000000002000000000000000000000056
S32560245F40FF00000070F0002000000000020000000000000000000000FF00000070F00020B7
S32560245F6000000000020000000000000000000000FF00000070F00020000000000200000014
S32560245F800000000000000000FF00000070F0002000000000020000000000000000000000F6
S32560245FA0FF00000070F0002000000000020000000000000000000000FF00000070F0002057
S32560245FC000000000020000000000000000000000FF00000070F000200000000002000000B4
S32560245FE00000000000000000FF00000070F000200000000002000000000000000000000096
S32560246000FF00000070F0002000000000020000000000000000000000FF00000070F00020F6
S3256024602000000000020000000000000000000000FF00000070F00020000000000200000053
S325602460400000000000000000FF00000070F000200000000002000000000000000000000035
S32560246060FF00000070F0002000000000020000000000000000000000FF00000070F0002096
S3256024608000000000020000000000000000000000FF00000070F000200000000002000000F3
S325602460A00000000000000000FF00000070F0002000000000020000000000000000000000D5
S325602460C0FF00000070F0002000000000020000000000000000000000FF00000070F0002036
S325602460E000000000020000000000000000000000FF00000070F00020000000000200000093
S325602461000000000000000000FF00000070F000200000000002000000000000000000000074
S32560246120FF00000070F0002000000000020000000000000000000000FF00000070F00020D5
S3256024614000000000020000000000000000000000FF00000070F00020000000000200000032
S325602461600000000000000000FF00000070F000200000000002000000000000000000000014
S32560246180FF00000070F0002000000000020000000000000000000000FF00000070F0002075
S325602461A000000000020000000000000000000000FF00000070F000200000000002000000D2
S325602461C00000000000000000FF00000070F0002000000000020000000000000000000000B4
S325602461E0FF00000070F0002000000000020000000000000000000000FF00000070F0002015
S3256024620000000000020000000000000000000000FF00000070F00020000000000200000071
S325602462200000000000000000FF00000070F000200000000002000000000000000000000053
S32560246240FF00000070F0002000000000020000000000000000000000FF00000070F00020B4
S3256024626000000000020000000000000000000000FF00000070F00020000000000200000011
S325602462800000000000000000FF00000070F0002000000000020000000000000000000000F3
S325602462A0FF00000070F0002000000000020000000000000000000000FF00000070F0002054
S325602462C000000000020000000000000000000000FF00000070F000200000000002000000B1
S325602462E00000000000000000FF00000070F000200000000002000000000000000000000093
S32560246300FF00000070F0002000000000020000000000000000000000FF00000070F00020F3
S3256024632000000000020000000000000000000000FF00000070F00020000000000200000050
S325602463400000000000000000FF00000070F000200000000002000000000000000000000032
S32560246360FF00000070F0002000000000020000000000000000000000FF00000070F0002093
S3256024638000000000020000000000000000000000FF00000070F000200000000002000000F0
S325602463A00000000000000000FF00000070F0002000000000020000000000000000000000D2
S325602463C0FF00000070F0002000000000020000000000000000000000FF00000070F0002033
S325602463E000000000020000000000000000000000FF00000070F00020000000000200000090
S325602464000000000000000000FF00000070F000200000000002000000000000000000000071
S32560246420FF00000070F0002000000000020000000000000000000000FF00000070F00020D2
S3256024644000000000020000000000000000000000FF00000070F0002000000000020000002F
S325602464600000000000000000FF00000070F000200000000002000000000000000000000011
S32560246480FF00000070F0002000000000020000000000000000000000FF00000070F0002072
S325602464A000000000020000000000000000000000FF00000070F000200000000002000000CF
S325602464C00000000000000000FF00000070F0002000000000020000000000000000000000B1
S325602464E0FF00000070F0002000000000020000000000000000000000FF00000070F0002012
S3256024650000000000020000000000000000000000FF00000070F0002000000000020000006E
S325602465200000000000000000FF00000070F000200000000002000000000000000000000050
S32560246540FF00000070F0002000000000020000000000000000000000FF00000070F00020B1
S3256024656000000000020000000000000000000000FF00000070F0002000000000020000000E
S325602465800000000000000000FF00000070F0002000000000020000000000000000000000F0
S325602465A0FF00000070F0002000000000020000000000000000000000FF00000070F0002051
S325602465C000000000020000000000000000000000FF00000070F000200000000002000000AE
S325602465E00000000000000000FF00000070F000200000000002000000000000000000000090
S32560246600FF00000070F0002000000000020000000000000000000000FF00000070F00020F0
S3256024662000000000020000000000000000000000FF00000070F0002000000000020000004D
S325602466400000000000000000FF00000070F00020000000000200000000000000000000002F
S32560246660FF00000070F0002000000000020000000000000000000000FF00000070F0002090
S32560246680000000000200000000000000003E22001E201E0090E300207AE20020EDE20020B4
S325602466A07EE20020F1E20020F5E20020F9E2002082E20020FDE2002001E3002005E300205C
S325602466C009E300200DE3002011E3002015E3002087E20020A3D3002073EB0020BEEC002081
S325602466E077F00020FDEB002073F000200E1121424221110E00080C0E0E0C080000E0E07F77
S32560246700021C00000C1E3F0C0C1C780000781C0C0C3F1E0C78686878484C4A797CF0002004
S3256024672087F0002092F000209DF00020A8F00020B3F00020BEF00020C9F00020C8E00020FF
S3256024674000000000007E0000183C7E0010101010383810106EC600204AF0002053F000207E
S32560246760F8D400204EF0002052F0002058F0002057F000205CF0002061F0002066F00020C1
S325602467806BF00020FDEF002002F0002007F000200CF0002011F0002016F000201BF0002031
S325602467A020F0002025F000202AF000202FF0002034F0002039F000203EF0002043F0002043
S325602467C046F00020000000000000000000000000000000000808087F41412222221414082A
S325602467E0081414082222227F414141414141221C08080808222222555D4141414122221C92
S325602468000808080822227F00635D41414122221C080808082222227F414141414141221C5F
S3256024682008141408222222555D4141414122221C0814140822227F00635D41414122221C3C
S325602468400814140812FFA9A99181BDA5A5BD9981FF02020212FFA9A991818585BD85858157
S32560246860FF02020222223E221414080814142222223E020242A5A5C399A5A599927C44823E
S3256024688082824438F1D900209FF10020A2F10020A5F10020E5D10020E9D10020EED100205C
S325602468A0F2D10020F7D10020FBD10020FFD1002004D2002008D200200DD2002011D20020B5
S325602468C016D200201AD200201DD2002021D2002024D2002028D200202BD200202ED200208B
S325602468E032D2002035D2002039D200203CD2002040D2002043D2002046D200204AD200208F
S325602469004DD2002051D2002054D2002057D200205BD200205ED2002062D2002065D2002094
S3256024692069D200206CD200206FD20020D4CE002073D2002077D200207AD200207DD2002048
S3256024694081D2002084D2002088D200208BD200208FD2002092D2002095D2002099D20020B6
S325602469609CD20020A0D20020A3D20020A6D20020AAD20020ADD20020B1D20020B4D20020BC
S32560246980B8D20020BBD20020BED20020C2D20020C5D20020C9D20020CCD20020CFD20020C1
S325602469A0D3D20020D6D20020DAD20020DDD20020E1D20020E4D20020E7D20020EBD20020C6
S325602469C0EED20020F2D20020F5D20020F8D20020FCD20020FFD2002003D3002006D30020CA
S325602469E00AD300200DD3002010D3002014D3002017D300201BD300201ED3002021D30020C9
S32560246A0025D3002028D300202CD300202FD3002033D3002036D3002039D300203DD30020CD
S32560246A2040D3002044D3002047D300204AD300204ED3002051D3002055D3002058D30020D3
S32560246A405CD300205FD3002062D3002066D3002069D300206DD3002070D3002073D30020D8
S32560246A6077D300207AD300207ED3002081D3002085D3002088D300208BD300208FD30020DD
S32560246A8092D3002096D3002099D300209CD30020A0D30020C0E0E0E07F0214089CA2C1CFE5
S32560246AA0C9A29C0057F1002060F1002069F1002072F100207BF1002084F100208DF10020B0
S32560246AC096F100200FF1002018F1002021F100202AF1002033F100203CF1002045F10020E8
S32560246AE04EF1002006ED0020A3EA00200AF10020B8ED00206BDA0020CBED0020D6ED0020ED
S32560246B000000000000000000180000003EF60020E84B00200200000000000000000000002A
S32560246B20060000003EF60020084B0020020000000000000000000000100000003EF6002098
S32560246B40B84600200200000000000000E8FFFFFF180000003EF60020000000000100000039
S32560246B6000000000000000007F0000003EF60020B848002002000000000000000000000096
S32560246B807F0000003EF60020B8480020020000000000000000000000070000003EF600201B
S32560246BA00000000002000000A3EA002025DA0020C4ED0020CBED0020D6ED002028EC0020BD
S32560246BC005F100206EC60020A3EA002076ED00207CED002083ED00208AED002092ED002042
S32560246BE04EEA00209AED0020A2ED0020C8E00020AAED0020B0ED0020B8ED0020BEED002091
S32560246C00C4ED0020C8ED0020CFED0020D6ED0020DBED00206CC50020DFED0020E5ED00206E
S32560246C20EBED0020F1ED0020F7ED00200000000000000000FF00000070F000200000000051
S32560246C40020000000000000000000000FF00000070F0002000000000020000000000000027
S32560246C6000000000FF00000070F0002000000000020000000000000000000000FF0000000A
S32560246C8070F0002000000000020000000000000000000000FF00000070F000200000000069
S32560246CA0020000000000000000000000FF00000070F00020000000000200000000000000C7
S32560246CC000000000FF00000070F0002000000000020000000000000000000000FF000000AA
S32560246CE070F0002000000000020000000000000000000000FF00000070F000200000000009
S32560246D00020000000000000000000000FF00000070F0002000000000020000000000000066
S32560246D2000000000FF00000070F0002000000000020000000000000000000000FF00000049
S32560246D4070F0002000000000020000000000000000000000FF00000070F0002000000000A8
S32560246D60020000000000000000000000FF00000070F0002000000000020000000000000006
S32560246D8000000000FF00000070F0002000000000020000000000000000000000FF000000E9
S32560246DA070F0002000000000020000000000000000000000FF00000070F000200000000048
S32560246DC0020000000000000000000000FF00000070F00020000000000200000000000000A6
S32560246DE000000000FF00000070F0002000000000020000000000000000000000FF00000089
S32560246E0070F0002000000000020000000000000000000000FF00000070F0002000000000E7
S32560246E20020000000000000000000000FF00000070F0002000000000020000000000000045
S32560246E4000000000FF00000070F0002000000000020000000000000000000000FF00000028
S32560246E6070F0002000000000020000000000000000000000FF00000070F000200000000087
S32560246E80020000000000000000000000FF00000070F00020000000000200000000000000E5
S32560246EA000000000FF00000070F0002000000000020000000000000000000000FF000000C8
S32560246EC070F0002000000000020000000000000000000000FF00000070F000200000000027
S32560246EE0020000000000000000000000FF00000070F0002000000000020000000000000085
S32560246F0000000000FF00000070F0002000000000020000000000000000000000FF00000067
S32560246F2070F0002000000000020000000000000000000000FF00000070F0002000000000C6
S32560246F40020000000000000000000000FF00000070F0002000000000020000000000000024
S32560246F6000000000FF00000070F0002000000000020000000000000000000000FF00000007
S32560246F8070F0002000000000020000000000000000000000FF00000070F000200000000066
S32560246FA0020000000000000000000000FF00000070F00020000000000200000000000000C4
S32560246FC000000000FF00000070F0002000000000020000000000000000000000FF000000A7
S32560246FE070F0002000000000020000000000000000000000FF00000070F000200000000006
S32560247000020000000000000000000000FF00000070F0002000000000020000000000000063
S3256024702000000000FF00000070F0002000000000020000000000000000000000FF00000046
S3256024704070F0002000000000020000000000000000000000FF00000070F0002000000000A5
S32560247060020000000000000000000000FF00000070F0002000000000020000000000000003
S3256024708000000000FF00000070F0002000000000020000000000000000000000FF000000E6
S325602470A070F0002000000000020000000000000000000000FF00000070F000200000000045
S325602470C0020000000000000000000000FF00000070F00020000000000200000000000000A3
S325602470E000000000FF00000070F0002000000000020000000000000000000000FF00000086
S3256024710070F0002000000000020000000000000000000000FF00000070F0002000000000E4
S32560247120020000000000000000000000FF00000070F0002000000000020000000000000042
S3256024714000000000FF00000070F0002000000000020000000000000000000000FF00000025
S3256024716070F0002000000000020000000000000000000000FF00000070F000200000000084
S32560247180020000000000000000000000FF00000070F00020000000000200000000000000E2
S325602471A000000000FF00000070F0002000000000020000000000000000000000FF000000C5
S325602471C070F0002000000000020000000000000000000000FF00000070F000200000000024
S325602471E0020000000000000000000000FF00000070F0002000000000020000000000000082
S3256024720000000000FF00000070F0002000000000020000000000000000000000FF00000064
S3256024722070F0002000000000020000000000000000000000FF00000070F0002000000000C3
S32560247240020000000000000000000000FF00000070F0002000000000020000000000000021
S3256024726000000000FF00000070F0002000000000020000000000000000000000FF00000004
S3256024728070F0002000000000020000000000000000000000FF00000070F000200000000063
S325602472A0020000000000000000000000FF00000070F00020000000000200000000000000C1
S325602472C000000000FF00000070F0002000000000020000000000000000000000FF000000A4
S325602472E070F0002000000000020000000000000000000000FF00000070F000200000000003
S32560247300020000000000000000000000FF00000070F0002000000000020000000000000060
S3256024732000000000FF00000070F0002000000000020000000000000000000000FF00000043
S3256024734070F0002000000000020000000000000000000000FF00000070F0002000000000A2
S32560247360020000000000000000000000FF00000070F0002000000000020000000000000000
S3256024738000000000FF00000070F0002000000000020000000000000000000000FF000000E3
S325602473A070F0002000000000020000000000000000000000FF00000070F000200000000042
S325602473C0020000000000000000000000FF00000070F00020000000000200000000000000A0
S325602473E000000000FF00000070F0002000000000020000000000000000000000FF00000083
S3256024740070F0002000000000020000000000000000000000FF00000070F0002000000000E1
S32560247420020000000000000000000000FF00000070F000200000000002000000000000003F
S3256024744000000000FF00000070F0002000000000020000000000000000000000FF00000022
S3256024746070F0002000000000020000000000000000000000FF00000070F000200000000081
S32560247480020000000000000000000000FF00000070F00020000000000200000000000000DF
S325602474A000000000FF00000070F0002000000000020000000000000000000000FF000000C2
S325602474C070F0002000000000020000000000000000000000FF00000070F000200000000021
S325602474E0020000000000000000000000FF00000070F000200000000002000000000000007F
S3256024750000000000FF00000070F0002000000000020000000000000000000000FF00000061
S3256024752070F0002000000000020000000000000000000000FF00000070F0002000000000C0
S32560247540020000000000000000000000FF00000070F000200000000002000000000000001E
S3256024756000000000FF00000070F0002000000000020000000000000000000000FF00000001
S3256024758070F0002000000000020000000000000000000000FF00000070F000200000000060
S325602475A0020000000000000000000000FF00000070F00020000000000200000000000000BE
S325602475C000000000FF00000070F0002000000000020000000000000000000000FF000000A1
S325602475E070F0002000000000020000000000000000000000FF00000070F000200000000000
S32560247600020000000000000000000000FF00000070F000200000000002000000000000005D
S3256024762000000000FF00000070F0002000000000020000000000000000000000FF00000040
S3256024764070F0002000000000020000000000000000000000FF00000070F00020000000009F
S32560247660020000000000000000000000FF00000070F00020000000000200000000000000FD
S3256024768000000000FF00000070F0002000000000020000000000000000000000FF000000E0
S325602476A070F0002000000000020000000000000000000000FF00000070F00020000000003F
S325602476C0020000000000000000000000FF00000070F000200000000002000000000000009D
S325602476E000000000FF00000070F0002000000000020000000000000000000000FF00000080
S3256024770070F0002000000000020000000000000000000000FF00000070F0002000000000DE
S32560247720020000000000000000000000FF00000070F000200000000002000000000000003C
S3256024774000000000FF00000070F0002000000000020000000000000000000000FF0000001F
S3256024776070F0002000000000020000000000000000000000FF00000070F00020000000007E
S32560247780020000000000000000000000FF00000070F00020000000000200000000000000DC
S325602477A000000000FF00000070F0002000000000020000000000000000000000FF000000BF
S325602477C070F0002000000000020000000000000000000000FF00000070F00020000000001E
S325602477E0020000000000000000000000FF00000070F000200000000002000000000000007C
S3256024780000000000FF00000070F0002000000000020000000000000000000000FF0000005E
S3256024782070F0002000000000020000000000000000000000FF00000070F0002000000000BD
S32560247840020000000000000000000000FF00000070F000200000000002000000000000001B
S3256024786000000000FF00000070F0002000000000020000000000000000000000FF000000FE
S3256024788070F0002000000000020000000000000000000000FF00000070F00020000000005D
S325602478A0020000000000000000000000FF00000070F00020000000000200000000000000BB
S325602478C000000000FF00000070F0002000000000020000000000000000000000FF0000009E
S325602478E070F0002000000000020000000000000000000000FF00000070F0002000000000FD
S32560247900020000000000000000000000FF00000070F000200000000002000000000000005A
S3256024792000000000FF00000070F0002000000000020000000000000000000000FF0000003D
S3256024794070F0002000000000020000000000000000000000FF00000070F00020000000009C
S32560247960020000000000000000000000FF00000070F00020000000000200000000000000FA
S3256024798000000000FF00000070F0002000000000020000000000000000000000FF000000DD
S325602479A070F0002000000000020000000000000000000000FF00000070F00020000000003C
S325602479C0020000000000000000000000FF00000070F000200000000002000000000000009A
S325602479E000000000FF00000070F0002000000000020000000000000000000000FF0000007D
S32560247A0070F0002000000000020000000000000000000000FF00000070F0002000000000DB
S32560247A20020000000000000000000000FF00000070F0002000000000020000000000000039
S32560247A4000000000FF00000070F0002000000000020000000000000000000000FF0000001C
S32560247A6070F0002000000000020000000000000000000000FF00000070F00020000000007B
S32560247A80020000000000000000000000FF00000070F00020000000000200000000000000D9
S32560247AA000000000FF00000070F0002000000000020000000000000000000000FF000000BC
S32560247AC070F0002000000000020000000000000000000000FF00000070F00020000000001B
S32560247AE0020000000000000000000000FF00000070F0002000000000020000000000000079
S32560247B0000000000FF00000070F0002000000000020000000000000000000000FF0000005B
S32560247B2070F0002000000000020000000000000000000000FF00000070F0002000000000BA
S32560247B40020000000000000000000000FF00000070F0002000000000020000000000000018
S32560247B6000000000FF00000070F0002000000000020000000000000000000000FF000000FB
S32560247B8070F0002000000000020000000000000000000000FF00000070F00020000000005A
S32560247BA0020000000000000000000000FF00000070F00020000000000200000000000000B8
S32560247BC000000000FF00000070F0002000000000020000000000000000000000FF0000009B
S32560247BE070F0002000000000020000000000000000000000FF00000070F0002000000000FA
S32560247C00020000000000000000000000FF00000070F0002000000000020000000000000057
S32560247C2000000000FF00000070F0002000000000020000000000000000000000FF0000003A
S32560247C4070F0002000000000020000000000000000000000FF00000070F000200000000099
S32560247C60020000000000000000000000FF00000070F00020000000000200000000000000F7
S32560247C8000000000FF00000070F0002000000000020000000000000000000000FF000000DA
S32560247CA070F0002000000000020000000000000000000000FF00000070F000200000000039
S32560247CC0020000000000000000000000FF00000070F0002000000000020000000000000097
S32560247CE000000000FF00000070F0002000000000020000000000000000000000FF0000007A
S32560247D0070F0002000000000020000000000000000000000FF00000070F0002000000000D8
S32560247D20020000000000000000000000FF00000070F0002000000000020000000000000036
S32560247D4000000000FF00000070F0002000000000020000000000000000000000FF00000019
S32560247D6070F0002000000000020000000000000000000000FF00000070F000200000000078
S32560247D80020000000000000000000000FF00000070F00020000000000200000000000000D6
S32560247DA000000000FF00000070F0002000000000020000000000000000000000FF000000B9
S32560247DC070F0002000000000020000000000000000000000FF00000070F000200000000018
S32560247DE0020000000000000000000000FF00000070F0002000000000020000000000000076
S32560247E0000000000FF00000070F0002000000000020000000000000000000000FF00000058
S32560247E2070F0002000000000020000000000000000000000FF00000070F0002000000000B7
S32560247E40020000000000000000000000FF00000070F0002000000000020000000000000015
S32560247E6000000000FF00000070F0002000000000020000000000000000000000FF000000F8
S32560247E8070F0002000000000020000000000000000000000FF00000070F000200000000057
S32560247EA0020000000000000000000000FF00000070F00020000000000200000000000000B5
S32560247EC000000000FF00000070F0002000000000020000000000000000000000FF00000098
S32560247EE070F0002000000000020000000000000000000000FF00000070F0002000000000F7
S32560247F00020000000000000000000000FF00000070F0002000000000020000000000000054
S32560247F2000000000FF00000070F0002000000000020000000000000000000000FF00000037
S32560247F4070F0002000000000020000000000000000000000FF00000070F000200000000096
S32560247F60020000000000000000000000FF00000070F00020000000000200000000000000F4
S32560247F8000000000FF00000070F0002000000000020000000000000000000000FF000000D7
S32560247FA070F0002000000000020000000000000000000000FF00000070F000200000000036
S32560247FC0020000000000000000000000FF00000070F0002000000000020000000000000094
S32560247FE000000000FF00000070F0002000000000020000000000000000000000FF00000077
S3256024800070F0002000000000020000000000000000000000FF00000070F0002000000000D5
S32560248020020000000000000000000000FF00000070F0002000000000020000000000000033
S3256024804000000000FF00000070F0002000000000020000000000000000000000FF00000016
S3256024806070F000200000000002000000000000000000000053750100E578010009DF0000E5
S32560248080D9AD0000A9B000005DE0000097B50000311B00000D28010009F20000D5ED0000AF
S325602480A081EF0000ADCE000075EC0000311B00003D1E000000000000000000007D75010050
S325602480C0037901005FC2000059AD000079B00000DDB5000085B50000311B000049E3000005
S325602480E0D9C500001DB7000031B6000029C20000FDC30000311B00003D1E0000000000004B
S3256024810000000000A575010021790100893020600BAC000059302060453920604D32206029
S32560248120311B0000E93B2060A9B50000C3342060B5392060F1DC0000DDAD0000311B0000DF
S325602481403D1E000008183030180C06039ABE002097F500209BF50020E0EA002000000000CF
S32560248160000000000000000000000000000000000000000000000000000000000000000075
S32560248180002466E7662404060706042060E060200000000010307EFE7E301000080C7E7FD4
S325602481A07E0C080008183030180C06039FF50020B2F50020A6F50020B1F50020385C5E5FA9
S325602481C05F4F27123854525151492512FC84B487FD21213F0404000087F500208BF50020B1
S325602481E08FF5002093F50020ECDB0020F9DB002006DC002013DC0020FF8181FF666F6F6613
S325602482000000000000089C5E7A39100000089C5E7A3910002810359E79AC08142810359EF3
S3256024822079AC081414492A552A49140014492A552A4914001408AC799E35102824008100BC
S3256024824000810024910024018024008991202601806404893E63E3FFFFE3633E60924D512D
S325602482608A69120C003E2AAE2EAABE003CC2010D010248940000044A29100000FC82AAA27B
S32560248280A2AA82FC181514F2941518021280240180240148BEF3F879EC61F63F1930965B12
S325602482A0C6FEDEBF3D88AF4AED71F53FA4FCD432680BDBBFB010F0F03995F43F7BB71F0AD4
S325602482C08B41D7BF8503B8B095C9F33F7BCF6D1AE99DD3BFA564880C190DF33F31B6F2F388
S325602482E09B1DD0BFA08E0B7B225EF23FF07A3B1B1D7CC9BF3F341A4A4ABBF13F9F3CAF933E
S32560248300E3F9C2BFBAE58AF05823F13F5C8D78BFCB60B9BFA70099413F95F03FCE5F47B641
S325602483209D6FAABF000000000000F03F0000000000000000AC479AFD8C60EE3F3DF5249F77
S32560248340CA38B33FA06A021FB3A4EC3FBA913854A976C43FE6FC6A573620EB3FD2E4C44A12
S325602483600B84CE3F2DAAA163D1C2E93F1C65C6F04506D43FED417803E686E83FF89F1B2C92
S325602483809C8ED83F624853F5DC67E73FCC7BB14EA4E0DC3F4D7E0AF7B612D7BFE0326849E5
S325602483A0BFCADE3FDEE3FA9F4715E7BFB8C8355F4715F73F0080E03779C34143176E05B5F5
S325602483C0B5B89346F5F93FE9034F384D321D30F94877825A3CBF737FDD4F1575000000002A
S325602483E00000F03F000000000000244000000000000059400000000000408F4000000000B8
S325602484000088C34000000000006AF8400000000080842E4100000000D012634100000000AC
S3256024842084D797410000000065CDCD41000000205FA00242000000E876483742000000A21B
S32560248440941A6D42000040E59C30A2420000901EC4BCD64200003426F56B0C430080E0377A
S3256024846079C3414300A0D8855734764300C84E676DC1AB43003D9160E458E143408CB57851
S325602484801DAF154450EFE2D6E41A4B4492D54D06CFF08044F64AE1C7022DB544B49DD979B9
S325602484A04378EA44BC89D897B2D29C3C33A7A8D523F649393DA7F444FD0FA5329D978CCFB9
S325602484C008BA5B25436FAC64280668114000000000000000FF00000070F1002000000000A7
S325602484E0020000000000000080FFFFFF7F0000008BF1002000000000030000000000000055
S32560248500000000000100000028E90020680C0020020000000000000000000000FF0000000A
S3256024852020E1002000000000020000000000000080FFFFFF7F00000032E900200000000057
S32560248540010000000000000080FFFFFF7F0000003FE900200000000001000000000000004B
S3256024856080FFFFFF7F0000004EE900200000000001000000E600000000000000E600000051
S3256024858057E9002000000000020000000000000080FFFFFF7F000000BAE700200000000032
S325602485A00100000009000000000000000B00000064E90020A0920020020000001300000048
S325602485C000000000260000006FE90020049200200200000013000000000000002600000082
S325602485E07CE90020049200200200000013000000000000002600000089E900200492002033
S325602486000200000000000000000000000800000096E90020E0910020020000000000000094
S3256024862000000000080000009EE90020E09100200200000000000000000000000800000066
S32560248640A6E90020E09100200200000000000000000000007F000000AEE900200000000018
S325602486600200000000000000000000007F000000B8E900200000000002000000000000002C
S32560248680000000007F000000C2E900200000000002000000000000000000000006000000FE
S325602486A0CCE90020046C002002000000030000000000000005000000D6E90020C891002069
S325602486C00000000074815979CC71C26A3264145E5D5808530D4E66490C45FA402C3D9C39F5
S325602486E04636263338307A2DE72A7D283926182419223920751ECD1C3D1BC61964181817C9
S32560248700DE15B714A1139B12A411BB10DF0F0F0F4B0E920DE30C3E0CA20B0E0B820AFE099A
S3256024872081090B099B083108CC076D071307BD066C061F06D60591054F051105D5049D0425
S32560248740670435040404D603AA038103590334031003EE02CD02AE02910275025A0240021C
S3256024876028021102FA01E501D101BE01AB019A01890179016A015B014D01400133012701C3
S325602487801B0110010501FB00F100E800DF00D600CE00C600BF00B700B000AA00A3009D00EF
S325602487A0970092008C00870082007D007900740070006C006800640061005D005A005700F0
S325602487C0540051004E004B0049004600440041003F003D003B0039003700350033003200FC
S325602487E030002E002D002B002A00280027002600250023002200210020001F001E001D0095
S325602488001C001B001A0019001900180017001600160015001400140013001300120011006A
S325602488201100100010000F000F000E000E000E000D000D000C000C000C000B000B000B00D6
S325602488400A000A000A00090009000900090008000800080008000700070007000700070009
S3256024886006000600060006000600050005000500050005000500050004000400040004001D
S3256024888004000400040004000300030003000300030003000300030003000300030002001B
S325602488A002000200020002000200020002000200020002000200020002000200020002000E
S325602488C00100010001000000840D0000930D0000A30D0000B20D0000C10D0000D10D0000BF
S325602488E0E10D0000F00D0000000E0000100E00001F0E00002F0E00003F0E00004F0E0000C3
S325602489005F0E0000700E0000800E0000900E0000A10E0000B10E0000C20E0000D20E000098
S32560248920E30E0000F40E0000040F0000150F0000260F0000370F0000480F00005A0F000048
S325602489406B0F00007C0F00008E0F00009F0F0000B10F0000C20F0000D40F0000E60F0000D4
S32560248960F80F00000A1000001C1000002E1000004010000053100000651000007710000033
S325602489808A1000009D100000AF100000C2100000D5100000E8100000FB1000000E1100006E
S325602489A02111000034110000481100005B1100006F1100008211000096110000AA1100007C
S325602489C0BE110000D2110000E6110000FA1100000E12000023120000371200004B1200005E
S325602489E060120000751200008A1200009E120000B3120000C8120000DE120000F312000014
S32560248A00081300001E13000033130000491300005E130000741300008A130000A013000096
S32560248A20B6130000CC130000E3130000F91300000F140000261400003D14000053140000ED
S32560248A406A1400008114000098140000B0140000C7140000DE140000F61400000D15000010
S32560248A60251500003D150000551500006D150000851500009D150000B5150000CE150000FB
S32560248A80E6150000FF15000018160000311600004A160000631600007C16000095160000B2
S32560248AA0AF160000C8160000E2160000FC160000151700002F1700004A1700006417000031
S32560248AC07E17000098170000B3170000CE170000E9170000031800001E1800003A18000076
S32560248AE055180000701800008C180000A7180000C3180000DF180000FB180000171900007F
S32560248B0033190000501900006C19000089190000A6190000C2190000DF190000FD19000047
S32560248B201A1A0000371A0000551A0000721A0000901A0000AE1A0000CC1A0000EA1A0000CF
S32560248B40081B0000000000100000000F0000000E0000000D0000000C0000000B0000000A0D
S32560248B600000000900000008000000070000000600000005000000040000000300008002BF
S32560248B8000000002ABAAAA01000080010000400100000001CCCCCC00AAAAAA009999990059
S32560248BA00000800066666600555555000000400033333300AAAA2A00499224000000200004
S32560248BC0C7711C0099991900D1451700555515003BB11300244912001111110000001000BF
S32560248BE0E0E9002049E90020F5DD0020DBE20020E5E90020EAE90020EFE9002076E800208A
S32560248C00BAE800207AE80020C2E800209AE80020A2E800208AE800207EE8002092E80020BE
S32560248C20AAE8002082E80020B2E8002086E800208EE8002096E800209EE80020A6E800209E
S32560248C40AEE80020B6E80020BEE80020C6E80020CEE800208000000000000000FF0000002D
S32560248C60D6E8002000000000020000008000000000000000FF000000DDE800200000000026
S32560248C80020000003F000000040000007F000000E4E8002000000000020000003F00000059
S32560248CA0040000007F000000ECE800200000000002000000020000000000000004000000AB
S32560248CC0F4E80020B49100200000000002000000000000000400000000E90020B491002035
S32560248CE0000000000000000000000000150000000CE90020206C0020020000000100000011
S32560248D00000000001500000013E90020206C002002000000030000000000000015000000D2
S32560248D201AE90020206C00200200000004000000000000001500000021E90020206C0020E9
S32560248D400200000000000000000000000A00000069E70020FC7800200200000080000000F7
S32560248D6000000000FF0000006EE7002000000000040000008000000000000000FF00000072
S32560248D80B0D5002000000000040000008000000000000000FF000000F7D500200000000035
S32560248DA0040000008000000000000000FF00000071E700200000000004000000000000002A
S32560248DC0000000000A00000099E60020843500200000000000000000000000000200000085
S32560248DE074E70020A89100200000000001000000010000001800000082E700200000000072
S32560248E00020000000000000000000000E703000091E7002000000000040000000000000040
S32560248E200000000040000000A0E70020000000000200000000000000000000001F000000A0
S32560248E40AEE70020289100200200000001000000000000002000000094CA00200000000059
S32560248E6002000000000000000000000020000000BAE7002000000000020000000000000083
S32560248E800000000004000000C1E7002080350020020000000100000001000000FF000000A4
S32560248EA0CCE70020000000000200000000000000000000000B00000016E70020F890002083
S32560248EC00000000000000000000000000B0000001EE70020F8900020000000000000000030
S32560248EE0000000000B00000026E70020F89000200000000000000000000000000B000000FD
S32560248F002EE70020F89000200000000000000000000000000B000000B1E60020F890002080
S32560248F200000000000000000000000000B000000B9E60020F8900020000000000000000035
S32560248F40000000000B000000C1E60020F89000200000000000000000000000000B00000002
S32560248F60C9E60020F890002000000000000000000000000004000000DBE700203436002080
S32560248F8000000000000000000000000001000000E8E700202C3600200200000001000000D2
S32560248FA00000000004000000F4E7002034360020000000000000000000000000010000009D
S32560248FC001E80020F09000200000000002000000000000000A0000000BE8002048360020A1
S32560248FE00000000001000000000000000A00000018E800204836002000000000010000001D
S32560249000000000000A00000024E80020483600200000000000000000000000000D000000E5
S3256024902032E80020B89000200000000000000000000000000D0000003EE80020B890002049
S325602490400000000000000000000000000D00000049E80020B8900020000000007F00000041
S32560249060000000007F000000F9E600200000000002000000000000000000000001000000E5
S3256024908056E80020F09000200000000000000000000000007F00000063E80020000000005E
S325602490A0020000000000000000000000010000006DE80020F090002002000000800000008C
S325602490C000000000FF000000E5E6002000000000020000006000000000000000FF000000BB
S325602490E0EDE6002000000000020000000000000000000000FF000000F9E6002000000000F3
S3256024910002000000E400000000000000FF00000003E70020000000000200000000000000D4
S32560249120000000000300000099E6002084350020020000000000000000000000FF00000029
S325602491400CE70020000000000200000000000000000000000500000016E70020887700202F
S32560249160000000000000000000000000050000001EE700208877002000000000000000001C
S32560249180000000000500000026E700208877002000000000000000000000000005000000EF
S325602491A02EE70020887700200000000000000000000000000100000036E70020F0900020F3
S325602491C00200000000000000000000000F00000010E600207424002002000000FF00000025
S325602491E000000000FF00000019E6002000000000020000000100000001000000FF000000C4
S325602492001FE6002000000000020000007E00000000000000FF00000025E6002000000000F5
S32560249220020000007E00000000000000FF00000031E6002000000000020000007F0000006D
S3256024924000000000FF0000003DE6002000000000020000000000000000000000010000003F
S3256024926049E60020F0900020020000000000000000000000FF00000053E60020000000001B
S32560249280020000000000000000000000FF00000061E60020000000000200000000000000DA
S325602492A000000000FF0000006EE6002000000000020000000000000000000000FF000000B0
S325602492C079E6002000000000020000000100000000000000FF00000085E6002000000000F8
S325602492E002000000FF00000000000000FF00000090E600200000000002000000000000004C
S32560249300000000000300000099E60020843500200000000000000000000000000100000047
S32560249320A7E60020F09000200000000000000000000000000C000000B1E60020A07700205C
S325602493400000000000000000000000000C000000B9E60020A0770020000000000000000081
S32560249360000000000C000000C1E60020A07700200000000000000000000000000C0000004D
S32560249380C9E60020A077002000000000050000000500000094000000FBC50020ACA12060F2
S325602493A00200000000000000000000000B00000031C60020B01A0020020000000000000013
S325602493C00000000003000000EFE40020807A002002000000FFFF000001000000FFFF0000F4
S325602493E0FBE40020000000000400000000000000000000000700000028D10020B8240020C4
S325602494000200000001000000000000000100000006E50020787A002002000000000000009F
S32560249420000000000E000000D4DE00203C7A002002000000000000000000000005000000E5
S32560249440DDDE00209C360020020000004000000000000000FF000000FFDE00200000000077
S325602494600200000000000000000000000700000015E50020382600200200000000000000BF
S32560249480FBFFFFFF070000001FE50020000000000100000000000000FCFFFFFF0400000021
S325602494A0EBD00020000000000100000000000000000000001F00000029E50020807A0020DF
S325602494C00200000000000000000000001F00000030E50020000000000200000000000000AA
S325602494E0000000001F00000030E50020000000000200000000000000000000001F0000006D
S3256024950030E50020000000000200000000000000000000001F00000030E500200000000036
S32560249520020000000000000000000000000000003BE500200000000000000000000000005F
S32560249540000000000800000046E50020B4240020000000000000000000000000080000002E
S3256024956055E50020B42400200000000000000000000000000800000064E50020B4240020A6
S325602495800000000000000000000000000800000073E50020B42400200000000000000000C9
S325602495A0000000000800000082E50020B42400200000000000000000000000000800000092
S325602495C091E50020B424002000000000000000000000000008000000A0E50020B4240020CE
S325602495E000000000000000000000000008000000AFE50020B424002000000000000000002D
S325602496000000000008000000BEE50020B424002000000000000000000000000008000000F5
S32560249620CDE50020B424002000000000000000000000000008000000DCE50020B4240020F5
S325602496400000000000000000000000000000000026EC00200000000000000000000000004E
S3256024966000000000000000009CBE0020000000000000000000000000FDFFFFFF06000000E6
S3256024968022C90020000000000100000000000000000000000B000000E4CA0020B01A002071
S325602496A00200000000000000FDFFFFFF0300000037E40020000000000200000000000000E4
S325602496C0000000001E00000045E40020000000000200000000000000000000000100000096
S325602496E052E40020F079002002000000B801000090010000E00100005EE400200000000072
S32560249700040000000000000000000000630000006CE40020000000000200000002000000E4
S32560249720000000000900000078E40020C879002002000000000000000000000000000000B7
S325602497407FE40020000000000200000000000000000000000000000026EC002000000000C8
S3256024976002000000C9C60020D1E60020D6E60020DBE600205DE70020E0E60020C9C6002021
S32560249780EBE50020EFE50020F3E500200BC6002014C60020F6E50020FCE5002001E6002075
S325602497A005E600200BE6002095E600209CD900200000003D0000803D0000003E0000803EDD
S325602497C00000003F0000803F000000400000804000000041000080410000004200008042FB
S325602497E00000004300008043000000440000804400000000010000000101000001010100CB
S3256024980000000400000202000002020200030100000301020002020100020204000202068F
S325602498200000000000000000000000FF0000FF0000FF0000FF01010100000000000000009F
S32560249840010000008CE40020347A00200000000000000000000000000300000095E4002083
S32560249860087A00200000000000000000FDFFFFFF00000000A3E400202C7A00200000000055
S325602498800000000000000000030000003EF60020F87900200000000046E700204DE70020B5
S325602498A053E7002061E70020E8660020B48E0020B28C0020B08A0020AE880020AC8600202C
S325602498C0AA840020A8820020A6800020A47E0020A27C0020A07A00204AD9002059D90020D1
S325602498E051D90020DAE000205FE3002065E300206AE300206FE3002075E300207BE300201B
S3256024990082E30020E70401203FE200202CD4002067F10020ACC200201AD600209EC2002035
S3256024992011D00020DBE40020DFE4002019D00020E3E40020E7E40020EBE4002093EB002072
S32560249940CBE40020CFE40020D3E40020D7E4002026EC002091E300207BE20020EEE20020F6
S3256024996059C40020EDDB0020FADB002007DC002014DC002007D3002030D3002059D30020C7
S3256024998082D30020A3D00020AFE40020B3E40020B7E40020BBE40020BFE40020C3E40020C7
S325602499A0C7E4002090E300207AE200207EE2002082E2002087E2002035E300208CE20020F0
S325602499C047DB002091E20020AFE2002083DC002011E2002015E200201CE2002023E200208B
S325602499E02AE2002031E2002035E2002039E200203DE2002041E2002045E2002049E20020F8
S32560249A004DE2002051E2002055E200209CBE002059E2002060E2002026EC0020F4DA00206C
S32560249A20FADA002000DB002067E200206DE2002073E200200ADB002010DB002016DB00203F
S32560249A401CDB002022DB002027DB00202CDB002031DB00202CDA002030DA0020EDDB00209B
S32560249A60FADB002007DC002014DC002007D3002030D3002059D3002082D3002000001F0057
S32560249A805700B20010017001D10133029302F1024C03A203F3033E048204BF04F504260589
S32560249AA053057E05AA05DA0512065606AA06140797073708F708DA09E20A0D0C590DC50E77
S32560249AC04910DF117F131E15B1162C188419AC1A9B1B481CAC1CC41C901C151C5C1B711ADF
S32560249AE065194F1846176616CC159515DD15BD164B18981AAC1D89212726762B5C31B537DF
S32560249B00563E0B459E4BD4516F57385CF95F8662BB638463D961C55E635ADE54724E6C476B
S32560249B202140F23845327F2C04282D2546248C2525291D2F6937E241444E365C456BEE7ABC
S32560249B409F8AC099B8A7F4B3ECBD2EC55EC941CABBC7D6C1C0B8CAAC669E268EB07CBD6A13
S32560249B600D5962487539F22C69234F1DF21A7B1CE621082B8937F146A258E96BFF7F15943E
S32560249B805CA70DB975C8F6D418DE83E30CE5AFE295DC0CD389C69CB7F1A641954E83D87114
S32560249BA0986134533E47283E4338BD35A036D03A12420A4C46583E665F751085B994C8A356
S32560249BC0BAB11CBE95C8E1D0D9D672DAB8DBD1DAFAD77FD3B9CD0CC7DDBF92B88CB120AB05
S32560249BE09BA539A1259E7A9C439C789D05A0C6A38FA82AAE60B4F3BAA8C149C8A2CE88D4D0
S32560249C00D7D975DE52E266E5B3E741E921EA69EA32EA98E9B8E8AFE799E68DE5A2E4E9E300
S32560249C206EE33AE352E3B6E363E452E57AE6D2E74DE9E0EA7FEC1FEEB5EF39F1A5F2F1F306
S32560249C401CF524F607F7C7F767F8EAF854F9A8F9ECF924FA54FA80FAABFAD8FA09FB3FFBE4
S32560249C607CFBC0FB0BFC5CFCB2FC0DFD6BFDCBFD2DFE8EFEEEFE4CFFA7FFFFFFFFFF000051
S32560249C801B0047009000DB0028017601C70119026E02C5021E037A03D80339049C04030555
S32560249CA06C05D8054806BC063207AD072B08AE083409BF094F0AE30A7C0B1A0CBD0C660DB2
S32560249CC0140EC80E820F43100911D611AA128513671450154016381738183F194F1A671BB1
S32560249CE0871CAF1DE01E19205B21A622F9235525B92626289C291A2BA02C2F2EC62F65316F
S32560249D000B33B9346E362A38EC39B53B833D573F2F410C43ED44D146B848A14A8C4C784E8D
S32560249D2063504F52395421560658E859C55B9D5D705F3B61FF62BB646E661768B569486B79
S32560249D40CE6C486EB56F13716372A473D574F77508770978F978D979A87A667B137CB17CBE
S32560249D603E7DBC7D2B7E8C7EDF7E257F5F7F8E7FB37FCF7FE37FF17FF97FFD7FFF7FFF7F84
S32560249D80FF7F018005800D801B802F804B8070809F80D9801F817281D3814282C0824D83EE
S32560249DA0EB839884568525860587F587F688078A298B5A8C9B8DEB8E4990B6913093B6948A
S32560249DC04996E7979099439BFF9CC39E8EA061A239A416A6F8A7DDA9C5ABAFAD9BAF86B15D
S32560249DE072B35DB546B72DB911BBF2BCCFBEA7C07BC249C412C6D4C790C945CBF3CC99CE05
S32560249E0038D0CFD15ED3E4D462D6D8D745D9A9DA05DC58DDA3DEE5DF1EE14FE277E397E43F
S32560249E20AFE5BFE6C6E7C6E8BEE9AEEA97EB79EC54ED28EEF5EEBBEF7CF036F1EAF198F202
S32560249E4041F3E4F382F41BF5AFF53FF6CAF650F7D3F751F8CCF842F9B6F926FA92FAFBFAA5
S32560249E6062FBC5FB26FC84FCE0FC39FD90FDE5FD37FE88FED6FE23FF6EFFB7FFFFFFFFFF48
S32560249E8000001F004B009800E70038018B01E10139029302F1025103B4031A048404F1043F
S32560249EA06105D5054D06C9064A07CE075808E6087A09120AB10A550BFE0BAE0C650D220E23
S32560249EC0E60EB10F84105E1140122A131D1418151C1628173F185E19881ABB1BF81C3F1E2C
S32560249EE0911FEE205522C6234325CA265C28F929A12B542D112FD930AB3288346F365F3851
S32560249F00593A5C3C683E7C409842BB44E54615494B4B854DC44F06524A549056D6581D5BCB
S32560249F20625DA45FE4611F6454668368AA6AC86CDC6EE470E072CE74AD767C783A7AE57BC3
S32560249F407D7D017F6F80C68106832E843E8533860F87D187778802897389C889028A228A13
S32560249F60278A138AE689A1894489D2884B88B187058748867E85A784C583DB82EB81F6802F
S32560249F80FF7F087F137E237D397C577B807AB679F9784D78B3772C77BA765D761876EB755D
S32560249FA0D775DC75FC7536768B76FC7687772D78EF78CB79C07AD07BF87C387E8F7FFD8062
S32560249FC081821984C48582875189308B1E8D1A8F2291369354957B97AA99DF9B1A9E5AA036
S32560249FE09CA2E1A428A76EA9B4ABF8AD3AB079B2B3B4E9B619B943BB66BD82BF96C1A2C31F
S3256024A000A5C59FC78FC976CB53CD25CFEDD0AAD25DD405D6A2D734D9BBDA38DCA9DD10DF50
S3256024A0206DE0BFE106E343E476E5A0E6BFE7D6E8E2E9E6EAE1EBD4ECBEEDA0EE7AEF4DF04E
S3256024A04018F1DCF199F250F300F4A9F44DF5ECF584F618F7A6F730F8B4F835F9B1F929FA29
S3256024A0609DFA0DFB7AFBE4FB4AFCADFC0DFD6BFDC5FD1DFE73FEC6FE17FF66FFB3FFFFFFC5
S3256024A080FFFF00001F005900B50014017701DE014802B7022903A1031D049F042505B20527
S3256024A0A04406DD067C072208D0088509420A080BD70BAF0C900D7C0E720F73108011981274
S3256024A0C0BD13EF142E167B17D618401ABA1B421DDB1E85203F220B24E925D827DA29EF2B79
S3256024A0E0172E5330A23204357B37053AA33C563F1C42F544E247E34AF64D1B5152549B5768
S3256024A100F45A5D5ED4615A65EC688B6C3370E5739F775E7B227FE982B186788A3B8EF991EB
S3256024A120B0955D99FD9C8FA010A47DA7D4AA11AE33B136B418B7D6B96DBCDABE1BC12DC3C4
S3256024A1400EC5BBC631C86FC972CA38CBC0CB08CC0ECCD1CB50CB8BCA81C932C89FC6C7C438
S3256024A160ABC24DC0AFBDD1BAB7B762B4D6B017AD26A909A5C4A05A9CD1972E93758EAC89DE
S3256024A180D884FF7F267B52768971D06C2D68A4633A5FF55AD856E752284F9C4B47482D4572
S3256024A1A04F42B13F533D373B5F39CC377D367335AE342D34F033F6333E34C6348C358F361B
S3256024A1C0CD374339F03AD13CE33E244191432846E648C84BCB4EED512A558158EE5B6F5F6F
S3256024A1E00163A1664E6A056EC37186754D79157DDC80A0845F88198CCB8F73931297A49A65
S3256024A2002A9EA1A10AA563A8ACABE3AE08B21BB51CB809BBE2BDA8C05BC3F9C583C8FACAF4
S3256024A2205CCDABCFE7D10FD424D626D815DAF3DBBFDD79DF23E1BCE244E4BEE528E783E8C6
S3256024A240D0E90FEB41EC66ED7EEE8BEF8CF082F16EF24FF327F4F6F4BCF579F62EF7DCF7AD
S3256024A26082F821F9BAF94CFAD9FA5FFBE1FB5DFCD5FC47FDB6FD20FE87FEEAFE49FFA5FF26
S3256024A280FFFFFFFF0000FFFFFFFFFFFFFFFFFFFFFFFFFFFFFFFFFFFFFFFFFFFFFFFFFFFF52
S3256024A2A0FFFFFFFFFFFFFFFFFFFFFFFFFFFFFFFFFFFFFFFFFFFFFFFFFFFFFFFFFFFFFFFF34
S3256024A2C0FFFFFFFFFFFFFFFFFFFFFFFFFFFFFFFFFFFFFFFFFFFFFFFFFFFFFFFFFFFFFFFF14
S3256024A2E0FFFFFFFFFFFFFFFFFFFFFFFFFFFFFFFFFFFFFFFFFFFFFFFFFFFFFFFFFFFFFFFFF4
S3256024A300FFFFFFFFFFFFFFFFFFFFFFFFFFFFFFFFFFFFFFFFFFFFFFFFFFFFFFFFFFFFFFFFD3
S3256024A320FFFFFFFFFFFFFFFFFFFFFFFFFFFFFFFFFFFFFFFFFFFFFFFFFFFFFFFFFFFFFFFFB3
S3256024A340FFFFFFFFFFFFFFFFFFFFFFFFFFFFFFFFFFFFFFFFFFFFFFFFFFFFFFFFFFFFFFFF93
S3256024A360FFFFFFFFFFFFFFFFFFFFFFFFFFFFFFFFFFFFFFFFFFFFFFFFFFFFFFFFFFFFFFFF73
S3256024A380FFFFFFFFFFFFFFFFFFFFFFFFFFFFFFFFFFFFFFFFFFFFFFFFFFFFFFFFFFFFFFFF53
S3256024A3A0FFFFFFFFFFFFFFFFFFFFFFFFFFFFFFFFFFFFFFFFFFFFFFFFFFFFFFFFFFFFFFFF33
S3256024A3C0FFFFFFFFFFFFFFFFFFFFFFFFFFFFFFFFFFFFFFFFFFFFFFFFFFFFFFFFFFFFFFFF13
S3256024A3E0FFFFFFFFFFFFFFFFFFFFFFFFFFFFFFFFFFFFFFFFFFFFFFFFFFFFFFFFFFFFFFFFF3
S3256024A400FFFFFFFFFFFFFFFFFFFFFFFFFFFFFFFFFFFFFFFFFFFFFFFFFFFFFFFFFFFFFFFFD2
S3256024A420FFFFFFFFFFFFFFFFFFFFFFFFFFFFFFFFFFFFFFFFFFFFFFFFFFFFFFFFFFFFFFFFB2
S3256024A440FFFFFFFFFFFFFFFFFFFFFFFFFFFFFFFFFFFFFFFFFFFFFFFFFFFFFFFFFFFFFFFF92
S3256024A460FFFFFFFFFFFFFFFFFFFFFFFFFFFFFFFFFFFFFFFFFFFFFFFFFFFFFFFFFFFFFFFF72
S3256024A480FFFFFFFFFFFF000000000000000000000000000000000000000000000000000038
S3256024A4A0000000000000000000000000000000000000000000000000000000000000000012
S3256024A4C00000000000000000000000000000000000000000000000000100010001000100EE
S3256024A4E0010002000200020002000300030004000400050006000700080009000A000B0083
S3256024A5000D000F0011001300150018001C001F00240029002E0034003B0043004C0056003A
S3256024A52062006F007E008F00A200B700CF00EB000A012E0156018301B601F00132027C0231
S3256024A540D0022E03990312049A043405E105A506800778088E09C60A240CAB0D610F4A1133
S3256024A5606B13C81568184F1B831E0922E6251D2AB32EA9330239BD3ED944514B2152405936
S3256024A580A660466814700278FF7FFC87EA8FB897589FBEA6DDADADB425BB41C1FCC655CCAB
S3256024A5A04BD1E1D518DAF5DD7BE1AFE496E736EA93ECB4EE9DF053F2DAF338F570F686F71F
S3256024A5C07EF859F91DFACAFA64FBECFB65FCD0FC2EFD82FDCCFD0EFE48FE7BFEA8FED0FE29
S3256024A5E0F4FE13FF2FFF47FF5CFF6FFF80FF8FFF9CFFA8FFB2FFBBFFC3FFCAFFD0FFD5FFA8
S3256024A600DAFFDFFFE2FFE6FFE9FFEBFFEDFFEFFFF1FFF3FFF4FFF5FFF6FFF7FFF8FFF9FFE4
S3256024A620FAFFFAFFFBFFFBFFFCFFFCFFFCFFFCFFFDFFFDFFFDFFFDFFFDFFFEFFFEFFFEFFDB
S3256024A640FEFFFEFFFEFFFEFFFEFFFEFFFEFFFEFFFEFFFEFFFEFFFEFFFEFFFEFFFEFFFEFFA0
S3256024A660FEFFFEFFFEFFFEFFFEFFFEFFFEFFFEFFFEFFFEFFFEFFFEFFFEFFFEFFFEFFFEFF80
S3256024A680FEFFFEFFFFFFFFFF00000100010001000100010002000200020002000300030027
S3256024A6A004000400050006000700080009000A000B000D000F0011001300150018001C0047
S3256024A6C01F00240029002E0034003B0043004C00560062006F007E008F00A200B700CF00FC
S3256024A6E0EB000A012E0156018301B601F00132027C02D0022E03990312049A043405E10504
S3256024A700A506800778088E09C60A240CAB0D610F4A116B13C81568184F1B831E0922E625C7
S3256024A7201D2AB32EA9330239BD3ED944514B21524059A660466814700278FF7FFC87EA8F64
S3256024A740B897589FBEA6DDADADB425BB41C1FCC655CC4BD1E1D518DAF5DD7BE1AFE496E713
S3256024A76036EA93ECB4EE9DF053F2DAF338F570F686F77EF859F91DFACAFA64FBECFB65FC15
S3256024A780D0FC2EFD82FDCCFD0EFE48FE7BFEA8FED0FEF4FE13FF2FFF47FF5CFF6FFF80FFF1
S3256024A7A08FFF9CFFA8FFB2FFBBFFC3FFCAFFD0FFD5FFDAFFDFFFE2FFE6FFE9FFEBFFEDFF6B
S3256024A7C0EFFFF1FFF3FFF4FFF5FFF6FFF7FFF8FFF9FFFAFFFAFFFBFFFBFFFCFFFCFFFCFF87
S3256024A7E0FCFFFDFFFDFFFDFFFDFFFDFFFEFFFEFFFEFFFEFFFEFFFEFFFEFFFEFFFEFFFEFF06
S3256024A800FEFFFEFFFEFFFEFFFEFFFEFFFEFFFEFFFEFFFEFFFEFFFEFFFEFFFEFFFEFFFEFFDE
S3256024A820FEFFFEFFFEFFFEFFFEFFFEFFFEFFFEFFFEFFFEFFFEFFFEFFFFFFFFFFFFFFFFFFBA
S3256024A840FFFFFFFFFFFFFFFFFFFFFFFFFFFFFFFFFFFFFFFFFFFFFFFFFFFFFFFFFFFFFFFF8E
S3256024A860FFFFFFFFFFFFFFFFFFFFFFFFFFFFFFFFFFFFFFFFFFFFFFFFFFFFFFFFFFFFFFFF6E
S3256024A880FFFFFFFFFFFFFFFFFFFF0000150027004F007900A400D000FE002D015E018F01A5
S3256024A8A0C301F8012E026702A102DC021A0359039A03DD0322046904B204FE044B059B0506
S3256024A8C0ED0542069906F2064E07AD070E087308DA084409B109210A940A0B0B840B020C1E
S3256024A8E0820C060D8E0D1A0EA90E3C0FD30F6E100E11B11159120513B6136B142415E3152B
S3256024A900A6166F173C180E19E519C21AA41B8B1C781D6B1E631F602064216D227C23922427
S3256024A920AD25CE26F6272329572A912BD12C182E652FB93012327333D9344636B937333992
S3256024A940B33A3A3CC63D593FF24091423644E24593474949064BC84C8F4E5C502E52055496
S3256024A960E155C257A759915B7F5D705F66615F635C655C675F69656B6D6D776F8471927308
S3256024A980A275B377C579D87BEB7DFF7F1382268439864B885C8A6C8C7A8E87909192999457
S3256024A9A09F96A298A29A9F9C989E8EA07FA26DA457A63CA81DAAF9ABD0ADA2AF6FB136B36E
S3256024A9C0F8B4B5B66BB81CBAC8BB6DBD0CBFA5C038C2C4C34BC5CBC645C8B8C925CB8BCC09
S3256024A9E0ECCD45CF99D0E6D12DD36DD4A7D5DBD608D830D951DA6CDB82DC91DD9ADE9EDF56
S3256024AA009BE093E186E273E35AE43CE519E6F0E6C2E78FE858E91BEADAEA93EB48ECF9EC0A
S3256024AA20A5ED4DEEF0EE90EF2BF0C2F055F1E4F170F2F8F27CF3FCF37AF4F3F46AF5DDF54A
S3256024AA404DF6BAF624F78BF7F0F751F8B0F80CF965F9BCF911FA63FAB3FA00FB4CFB95FB05
S3256024AA60DCFB21FC64FCA5FCE4FC22FD5DFD97FDD0FD06FE3BFE6FFEA0FED1FE00FF2EFF5A
S3256024AA805AFF85FFAFFFD7FFFFFFFFFF0000000000000000000000000000000000000000CF
S3256024AAA00100010002000300040005000600080009000B000E0010001300160019001D005D
S3256024AAC0210025002A00300035003B00420049005100590062006B00750080008B009700C3
S3256024AAE0A400B100BF00CE00DE00EE0000011201250139014E0163017A019201AB01C50177
S3256024AB00E001FC0119023702570277029902BC02E10207032E0356038003AB03D8030604C1
S3256024AB20350467049904CE0403053B057405AF05EB0529066906AB06EF0634077C07C50745
S3256024AB4010085D08AC08FE085109A609FD09570AB30A110B710BD30B380C9F0C080D740D0C
S3256024AB60E20D530EC60E3B0FB30F2E10AB102B11AD113212BA124513D2136214F5148B15BC
S3256024AB802416C0165F170018A5184D19F819A61A571B0B1CC31C7E1D3C1EFD1EC21F8A2086
S3256024ABA056212522F722CD23A72484256526492731281D290D2A002BF72BF32CF12DF42E53
S3256024ABC0FB2F0631153228333F345A3579369D37C438F039213B553C8E3DCC3E0D4054419A
S3256024ABE09E42EE4342459A46F7475949C04A2B4C9C4D114F8A5009528D531555A3563658A3
S3256024AC00CE596B5B0D5DB45E60601262C963866548670F69DB6AAD6C856E627045722E7453
S3256024AC201C760F78097A087C0E7E1980298240845D868088A98AD88C0D8F48918993D1955D
S3256024AC401F98739ACE9C2F9F96A104A479A6F3A875ABFDAD8CB021B3BEB561B80ABBBBBD32
S3256024AC6073C031C3F6C5C3C896CB71CE53D13CD42CD723DA22DD28E035E34AE666E989ECF6
S3256024AC80B4EFE7F222F663F9ADFCFFFFFFFF00000B040608F10BCD0F9A135717061BA61EA0
S3256024ACA03822BB253129982CF32F40338036B339D93CF33F00430146F748E14BBF4E915150
S3256024ACC059541657C7596E5C0B5F9D612564A2661669806BE16D38708672CB7407773A7925
S3256024ACE0647B857D9E7FAF81B883B885B187A1898A8B6C8D468F1991E492A89466961C98D3
S3256024AD00CB99749B179DB29E48A0D7A160A3E3A460A6D7A748A9B3AA19AC79ADD4AE29B030
S3256024AD207AB1C4B20AB44BB587B6BDB7F0B81DBA45BB69BC89BDA4BEBBBFCDC0DBC1E5C2E3
S3256024AD40EBC3ECC4EAC5E4C6DAC7CCC8BAC9A5CA8CCB6FCC4FCD2CCE05CFDACFADD07CD19C
S3256024AD6047D210D3D6D398D458D514D6CED685D739D8EAD898D944DAEDDA93DB37DCD8DCC3
S3256024AD8077DD13DEADDE45DFDADF6DE0FDE08CE118E2A2E229E3AFE333E4B4E434E5B1E56B
S3256024ADA02DE6A7E61FE795E709E87BE8ECE85BE9C8E933EA9DEA05EB6BEBD0EB34EC96EC83
S3256024ADC0F6EC55EDB2ED0EEE68EEC1EE19EF6FEFC4EF18F06AF0BCF00BF15AF1A7F1F3F13B
S3256024ADE03EF288F2D1F219F35FF3A4F3E9F32CF46EF4AFF4EFF42FF56DF5AAF5E6F522F66B
S3256024AE005CF695F6CEF606F73DF773F7A8F7DCF710F842F874F8A6F8D6F806F935F963F957
S3256024AE2090F9BDF9E9F915FA3FFA69FA93FABCFAE4FA0BFB32FB58FB7EFBA3FBC8FBECFB54
S3256024AE400FFC32FC54FC76FC98FCB8FCD9FCF8FC18FD36FD55FD73FD90FDADFDC9FDE5FD73
S3256024AE6001FE1CFE37FE51FE6BFE85FE9EFEB6FECFFEE7FEFEFE16FF2CFF43FF59FF6FFF79
S3256024AE8084FF9AFFAEFFC3FFD7FFEBFFFFFFFFFF00000101020203030404050506060707A9
S3256024AEA0080809090A0A0B0B0C0C0D0D0E0E0F0F1010111112121313141415151616171718
S3256024AEC0181819191A1A1B1B1C1C1D1D1E1E1F1F20202121222223232424252526262727F8
S3256024AEE0282829292A2A2B2B2C2C2D2D2E2E2F2F30303131323233333434353536363737D8
S3256024AF00383839393A3A3B3B3C3C3D3D3E3E3F3F40404141424243434444454546464747B7
S3256024AF20484849494A4A4B4B4C4C4D4D4E4E4F4F5050515152525353545455555656575797
S3256024AF40585859595A5A5B5B5C5C5D5D5E5E5F5F6060616162626363646465656666676777
S3256024AF60686869696A6A6B6B6C6C6D6D6E6E6F6F7070717172727373747475757676777757
S3256024AF80787879797A7A7B7B7C7C7D7D7E7E7F7F8080818182828383848485858686878737
S3256024AFA0888889898A8A8B8B8C8C8D8D8E8E8F8F9090919192929393949495959696979717
S3256024AFC0989899999A9A9B9B9C9C9D9D9E9E9F9FA0A0A1A1A2A2A3A3A4A4A5A5A6A6A7A7F7
S3256024AFE0A8A8A9A9AAAAABABACACADADAEAEAFAFB0B0B1B1B2B2B3B3B4B4B5B5B6B6B7B7D7
S3256024B000B8B8B9B9BABABBBBBCBCBDBDBEBEBFBFC0C0C1C1C2C2C3C3C4C4C5C5C6C6C7C7B6
S3256024B020C8C8C9C9CACACBCBCCCCCDCDCECECFCFD0D0D1D1D2D2D3D3D4D4D5D5D6D6D7D796
S3256024B040D8D8D9D9DADADBDBDCDCDDDDDEDEDFDFE0E0E1E1E2E2E3E3E4E4E5E5E6E6E7E776
S3256024B060E8E8E9E9EAEAEBEBECECEDEDEEEEEFEFF0F0F1F1F2F2F3F3F4F4F5F5F6F6F7F756
S3256024B080F8F8F9F9FAFAFBFBFCFCFDFDFEFEFFFFFFFF000091E3002079E200207DE20020E2
S3256024B0A081E2002085E200208AE200208FE2002094E2002099E200209EE20020A3E2002069
S3256024B0C0A8E20020ADE20020B2E20020B7E20020BAE200206EC60020BEE20020C2E200208C
S3256024B0E0C6E20020CAE2002051D90020CEE20020D4E20020DAE20020E0E200205EE800201E
S3256024B100E6E2002025DA002079E20020ECE200207DE20020F0E20020F4E20020F8E20020D4
S3256024B12081E20020FCE2002000E3002004E3002008E300200CE3002010E3002014E30020B6
S3256024B14086E2002018E300201CE3002020E3002024E3002028E300202CE3002030E30020CC
S3256024B16034E3002038E300203CE3002040E3002044E3002048E300204CE3002050E300201D
S3256024B1808BE2002025DA002054E300205AE3002089E3002026E400202CE4002029C50020D1
S3256024B1A032E400209DE00020A7CB0020C1E00020C3E8002061DB00206DDB0020C9C60020A1
S3256024B1C08FE3002079E20020ECE200207DE20020F0E20020F4E20020F8E2002081E2002006
S3256024B1E093E3002098E300209DE30020A2E30020A7E30020ACE30020B1E30020B6E3002089
S3256024B200BAE30020BEE3002094E3002099E300209EE30020A3E30020C2E30020A8E300203C
S3256024B220C6E30020CAE30020CEE30020D2E30020D8E30020DCE30020E0E30020C0E00020EB
S3256024B240E4E30020BAE00020B4E00020AEE00020A8E00020A2E000209CE00020E8E3002090
S3256024B260ECE30020F1E30020F6E30020FBE3002000E4002005E400200AE400200FE400203C
S3256024B28014E4002019E400201FE4002089E3002025E4002026E400202BE400202CE400208E
S3256024B2A029C5002032E4002031E4002000000000000000000000000000000000000000008B
S3256024B2C00000000000000000000000000000000000000000000000000000000000000000E4
S3256024B2E0000001010101010101010101010101010101010202020202020202020203030396
S3256024B30003030303040404040405050505050606060607070707080808090909090A0A0BDB
S3256024B3200B0B0C0C0D0D0D0E0E0F0F10101111121213131415151617171819191A1B1B1C30
S3256024B3401D1E1F1F202122232425262728292A2B2C2D2E2F30313234353637393A3B3D3EE0
S3256024B3603F4142444547484A4B4D4F5052545557595B5D5F60626466686B6D6F717375781A
S3256024B3807A7C7E818386888B8D909295989B9DA0A3A6A9ACAFB2B5B8BBBEC2C5C8CBCFD2BE
S3256024B3A0D6D9DDE0E4E8ECEFF3F7FBFF00000102030405060708090A0B0C0D0E0F10111261
S3256024B3C0131415161718191A1B1C1D1E1F202122232425262728292A2B2C2D2E2F30313293
S3256024B3E0333435363738393A3B3C3D3E3F404142434445464748494A4B4C4D4E4F50515273
S3256024B400535455565758595A5B5C5D5E5F606162636465666768696A6B6C6D6E6F70717252
S3256024B420737475767778797A7B7C7D7E7F808182838485868788898A8B8C8D8E8F90919232
S3256024B440939495969798999A9B9C9D9E9FA0A1A2A3A4A5A6A7A8A9AAABACADAEAFB0B1B212
S3256024B460B3B4B5B6B7B8B9BABBBCBDBEBFC0C1C2C3C4C5C6C7C8C9CACBCCCDCECFD0D1D2F2
S3256024B480D3D4D5D6D7D8D9DADBDCDDDEDFE0E1E2E3E4E5E6E7E8E9EAEBECEDEEEFF0F1F2D2
S3256024B4A0F3F4F5F6F7F8F9FAFBFCFDFEFF0000020406080A0C0E10121416181A1C1E20222B
S3256024B4C02426282A2C2E30323436383A3C3E40424446484A4C4E50525456585A5C5E606282
S3256024B4E06466686A6C6E70727476787A7C7E8081838587898B8D8F91939597999B9D9FA173
S3256024B500A3A5A7A9ABADAFB1B3B5B7B9BBBDBFC1C3C5C7C9CBCDCFD1D3D5D7D9DBDDDFE161
S3256024B520E3E5E7E9EBEDEFF1F3F5F7F9FBFDFFFDFBF9F7F5F3F1EFEDEBE9E7E5E3E1DFDDA5
S3256024B540DBD9D7D5D3D1CFCDCBC9C7C5C3C1BFBDBBB9B7B5B3B1AFADABA9A7A5A3A19F9DE1
S3256024B5609B99979593918F8D8B8987858381807E7C7A78767472706E6C6A68666462605EAF
S3256024B5805C5A58565452504E4C4A48464442403E3C3A38363432302E2C2A28262422201E81
S3256024B5A01C1A18161412100E0C0A0806040200FFFEFDFCFBFAF9F8F7F6F5F4F3F2F1F0EFC8
S3256024B5C0EEEDECEBEAE9E8E7E6E5E4E3E2E1E0DFDEDDDCDBDAD9D8D7D6D5D4D3D2D1D0CF11
S3256024B5E0CECDCCCBCAC9C8C7C6C5C4C3C2C1C0BFBEBDBCBBBAB9B8B7B6B5B4B3B2B1B0AFF1
S3256024B600AEADACABAAA9A8A7A6A5A4A3A2A1A09F9E9D9C9B9A999897969594939291908FD0
S3256024B6208E8D8C8B8A898887868584838281807F7E7D7C7B7A797877767574737271706FB0
S3256024B6406E6D6C6B6A696867666564636261605F5E5D5C5B5A595857565554535251504F90
S3256024B6604E4D4C4B4A494847464544434241403F3E3D3C3B3A393837363534333231302F70
S3256024B6802E2D2C2B2A292827262524232221201F1E1D1C1B1A191817161514131211100F50
S3256024B6A00E0D0C0B0A09080706050403020100FFFFFBF7F3EFECE8E4E0DDD9D6D2CFCBC86D
S3256024B6C0C5C2BEBBB8B5B2AFACA9A6A3A09D9B989592908D8B888683817E7C7A78757371DE
S3256024B6E06F6D6B68666462605F5D5B5957555452504F4D4B4A4847454442413F3E3D3B3A78
S3256024B70039373635343231302F2E2D2C2B2A292827262524232221201F1F1E1D1C1B1B1AA0
S3256024B72019191817171615151413131212111110100F0F0E0E0D0D0D0C0C0B0B0B0A0A0970
S3256024B7400909090808080707070706060606050505050504040404040303030303030302B4
S3256024B76002020202020202020201010101010101010101010101010101010000000000001C
S3256024B78000000000000000000000000000000000000000000000000000000000000000001F
S3256024B7A000000000000000000000000000000000FF00000000000001010203040506080AD8
S3256024B7C00C0E1114171B1F23272C31363B41474D545A61686F767D848B939AA1A8AFB6BCE3
S3256024B7E0C3C9CFD5DADFE4E9EDF1F4F7F9FBFDFEFFFFFFFEFDFBF9F7F4F1EDE9E4DFDAD541
S3256024B800CFC9C3BCB6AFA8A19A938B847D766F68615A544D47413B36312C27231F1B171472
S3256024B820110E0C0A080605040302010100000000000000000000000000000000000000002B
S3256024B84000000000000000000000000000000000000000000000000000000000000000005E
S3256024B86000000000000000000000000000000000000000000000000000000000000000003E
S3256024B88000000000000000000000000000000000000000000000000000000000000000001E
S3256024B8A0000000000000000000000000000000000000FFFFFFFFFFFFFFFFFFFFFFFFFFFF0C
S3256024B8C0FFFFFFFFFFFFFFFFFFFFFFFFFFFFFFFFFFFFFFFFFFFFFFFFFFFFFFFFFFFFFFFFFE
S3256024B8E0FFFFFFFFFFFFFFFFFFFFFFFFFFFFFFFFFFFFFFFFFFFFFFFFFFFFFFFFFFFFFFFFDE
S3256024B900FFFFFFFFFFFFFFFFFFFFFFFFFFFFFFFFFFFFFFFFFFFFFFFFFFFFFFFFFFFFFFFFBD
S3256024B920FFFFFFFFFFFFFFFFFFFFFFFFFFFFFFFFFFFF00000000000000000000000000008F
S3256024B94000000000000000000000000000000000000000000000000000000000000000005D
S3256024B96000000000000000000000000000000000000000000000000000000000000000003D
S3256024B98000000000000000000000000000000000000000000000000000000000000000001D
S3256024B9A0000000000000000000000000000000000000FF8080808080808080808181828377
S3256024B9C08384858788898B8D8F919395989A9DA0A3A6A9ADB0B3B7BABEC2C5C9CCD0D3D723
S3256024B9E0DADEE1E4E7EAEDEFF2F4F6F8F9FBFCFDFEFFFFFFFFFFFEFDFCFBF9F8F6F4F2EF2B
S3256024BA00EDEAE7E4E1DEDAD7D3D0CCC9C5C2BEBAB7B3B0ADA9A6A3A09D9A989593918F8D56
S3256024BA208B898887858483838281818080808080808080807F7F7F7F7F7F7F7F7E7E7D7C59
S3256024BA407C7B7A7877767472706E6C6A6765625F5C5956524F4C4845413D3A36332F2C2836
S3256024BA6025211E1B181512100D0B090706040302010000000000010203040607090B0D10EE
S3256024BA801215181B1E2125282C2F33363A3D4145484C4F5256595C5F6265676A6C6E707282
S3256024BAA0747677787A7B7C7C7D7E7E7F7F7F7F7F7F7F7F80808386898C8F9295989B9EA27E
S3256024BAC0A5A7AAADB0B3B6B9BCBEC1C4C6C9CBCED0D3D5D7DADCDEE0E2E4E6E8EAEBEDEE39
S3256024BAE0F0F1F3F4F5F6F8F9FAFAFBFCFDFDFEFEFEFFFFFFFFFFFFFFFEFEFEFDFDFCFBFA5B
S3256024BB00FAF9F8F6F5F4F3F1F0EEEDEBEAE8E6E4E2E0DEDCDAD7D5D3D0CECBC9C6C4C1BE8B
S3256024BB20BCB9B6B3B0ADAAA7A5A29E9B9895928F8C898683807C797673706D6A6764615DD5
S3256024BB405A5855524F4C494643413E3B393634312F2C2A282523211F1D1B1917151412111E
S3256024BB600F0E0C0B0A090706050504030202010101000000000000000101010202030405BC
S3256024BB80050607090A0B0C0E0F1112141517191B1D1F212325282A2C2F313436393B3E414B
S3256024BBA04346494C4F5255585A5D6164676A6D707376797C8080858A8F94999EA3A7ACB177
S3256024BBC0B6BABFC3C7CBCFD3D7DADEE1E4E7EAEDEFF1F4F6F7F9FAFBFDFDFEFFFFFFFFFF01
S3256024BBE0FEFEFDFCFBFAF9F7F5F4F2F0EDEBE9E6E4E1DEDCD9D6D3D0CDCAC6C3C0BDBAB790
S3256024BC00B4B0ADAAA7A4A29F9C999794928F8D8B8987858382807F7D7C7B7A7978787777DC
S3256024BC2076767676767676767777777879797A7B7B7C7D7E7F8080818283848485868687EF
S3256024BC408888888989898989898989888887878685848382807F7D7C7A78767472706D6B3A
S3256024BC60686663605D5B5855524F4B4845423F3C3935322F2C292623211E1B191614120FE3
S3256024BC800D0B0A0806050403020101000000000001020204050608090B0E101215181B1E14
S3256024BCA02125282C3034383C4045494E53585C61666B70757A8080878F979EA6ADB4BBC205
S3256024BCC0C8CED4D9DFE4E8ECF0F3F6F9FBFCFEFFFFFFFFFEFDFBFAF8F5F2F0ECE9E6E2DE03
S3256024BCE0DAD6D2CECAC6C2BEBBB7B4B0ADABA8A6A4A2A19F9F9E9E9E9F9FA1A2A4A6A8ABC1
S3256024BD00ADB0B4B7BBBEC2C6CACED2D6DADEE2E6E9ECF0F2F5F8FAFBFDFEFFFFFFFFFEFC86
S3256024BD20FBF9F6F3F0ECE8E4DFD9D4CEC8C2BBB4ADA69E978F87807870686159524B443D5B
S3256024BD4037312B26201B17130F0C09060403010000000001020405070A0D0F1316191D2150
S3256024BD6025292D3135393D4144484B4F525457595B5D5E606061616160605E5D5B59575452
S3256024BD80524F4B4844413D3935312D2925211D1916130F0D0A07050402010000000001034C
S3256024BDA00406090C0F13171B20262B31373D444B5259616870788080889098A0A7AEB4BA72
S3256024BDC0BFC3C7CACCCDCDCDCCCAC7C4C1BDB8B3AFAAA5A09B97938F8C8A88878787888A52
S3256024BDE08D9094999EA4AAB1B7BEC5CCD3DAE0E6ECF1F5F8FBFDFFFFFFFDFBF8F5F1ECE6F2
S3256024BE00E0DAD3CCC5BEB7B1AAA49E9994908D8A88878787888A8C8F93979BA0A5AAAFB334
S3256024BE20B8BDC1C4C7CACCCDCDCDCCCAC7C3BFBAB4AEA7A098908880776F675F58514B4563
S3256024BE40403C3835333232323335383B3E42474C50555A5F64686C707375777878787775FF
S3256024BE60726F6B66615B554E48413A332C251F19130E0A0704020000000204070A0E13191F
S3256024BE801F252C333A41484E555B61666B6F727577787878777573706C68645F5A55504C9C
S3256024BEA047423E3B3835333232323335383C40454B51585F676F77808084898E92979CA1BE
S3256024BEC0A5AAAFB3B8BDC2C6CBD0D4D9DEE3E7ECF1F6FAFFFAF6F1ECE7E3DED9D4D0CBC6EB
S3256024BEE0C2BDB8B3AFAAA5A19C97928E8984807B76716D68635E5A5550555A5E63686D71A2
S3256024BF00767B8084898E92979CA1A5AAAFB3B8BDC2C6CBD0D4D9DEE3E7ECF1F6FAFFFAF6CB
S3256024BF20F1ECE7E3DED9D4D0CBC6C2BDB8B3AFAAA5A19C97928E8984807B76716D68635E83
S3256024BF405A55504C47423D39342F2A26211C18130E09050005090E13181C21262A2F343966
S3256024BF603D42474C50555A5E63686D71767B8084898E92979CA1A5AAAFAAA5A19C97928E6C
S3256024BF808984807B76716D68635E5A55504C47423D39342F2A26211C18130E090500050903
S3256024BFA00E13181C21262A2F34393D42474C50555A5E63686D71767B80807C7874706C68E0
S3256024BFC064605C5854504C4844403C3834302C2824201C1814100C08040004080C1014186F
S3256024BFE01C2024282C3034383C4044484C5054585C6064686C7074787C8083878B8F93977D
S3256024C0009B9FA3A7ABAFB3B7BBBFC3C7CBCFD3D7DBDFE3E7EBEFF3F7FBFFFBF7F3EFEBE71E
S3256024C020E3DFDBD7D3CFCBC7C3BFBBB7B3AFABA7A39F9B97938F8B87838083878B8F93972D
S3256024C0409B9FA3A7ABAFB3B7BBBFC3C7CBCFD3D7DBDFE3E7EBEFF3F7FBFFFBF7F3EFEBE7DE
S3256024C060E3DFDBD7D3CFCBC7C3BFBBB7B3AFABA7A39F9B97938F8B8783807C7874706C688F
S3256024C08064605C5854504C4844403C3834302C2824201C1814100C08040004080C101418AE
S3256024C0A01C2024282C3034383C4044484C5054585C6064686C7074787C803F3C39363330BD
S3256024C0C02D2A2724211E1B1815120F0C090603000104070A0D101316191C1F2225282B2EF6
S3256024C0E03134373A3D404346494C4F5255585B5E6164676A6D707376797C808386898C8FC0
S3256024C1009295989B9EA1A4A7AAADB0B3B6B9BCBFC2C5C8CBCED1D4D7DADDE0E3E6E9ECEF85
S3256024C120F2F5F8FBFEFFFCF9F6F3F0EDEAE7E4E1DEDBD8D5D2CFCCC9C6C3C0C3C6C9CCCF7B
S3256024C140D2D5D8DBDEE1E4E7EAEDF0F3F6F9FCFFFEFBF8F5F2EFECE9E6E3E0DDDAD7D4D155
S3256024C160CECBC8C5C2BFBCB9B6B3B0ADAAA7A4A19E9B9895928F8C898683807C797673704A
S3256024C1806D6A6764615E5B5855524F4C494643403D3A3734312E2B2825221F1C1916131045
S3256024C1A00D0A070401000306090C0F1215181B1E2124272A2D303336393C3F000001010219
S3256024C1C0020203030404050506060707080809090A0A0B0C0C0D0E0E0F1010111213131491
S3256024C1E01516171718191A1B1C1D1E1F2021222325262728292B2C2D2F3032333436383914
S3256024C2003B3C3E4042434547494B4D4F515356585A5D5F616466696C6E7174777A7D808332
S3256024C220878A8D9194989C9FA3A7ABAFB4B8BCC1C5CACFD4D9DEE3E8EEF3F9FFF9F3EEE802
S3256024C240E3DED9D4CFCAC5C1BCB8B4AFABA7A39F9C9894918D8A8783807D7A7774716E6C35
S3256024C260696664615F5D5A585653514F4D4B4947454342403E3C3B393836343332302F2D36
S3256024C2802C2B2928272625232221201F1E1D1C1B1A191817171615141313121110100F0EA5
S3256024C2A00E0D0C0C0B0A0A090908080707060605050404030302020201010000CD861EA332
S3256024C2C017546D8DA0B2CA215733B408E867C27949C018694863DE148E8C54F849822532B3
S3256024C2E0D701C8D5EFF8D410675F81FAD130B2AEFF7BBACB4229B2E6EA4FF4B905B994F4A4
S3256024C300BD32F2DB72D2FF90966CE57193A84D05D651602ED42FF7B29A7EB542A69FD55B3A
S3256024C320F410DD8DE3BF357C97DECCF42C1BA05FA6AF79AAF32EB3728617ABE954F72C0EC3
S3256024C3400FC790227BA8EE8A4837BD7F2AF55B66AFEE62595F2B2DA4F91221D1C7FA35EF00
S3256024C3601FB2E98566C5D2F31131C8AC450097D175A884F4D266E4448A40877CFA834D38DD
S3256024C3808E62DA0F16805DBE1AF5AE0A15A2C6494C4547138A01BDD71B44298FF430EF8345
S3256024C3A042C65752D439253D2E4459D150D609949797A6E4330A5690BAD1D41CCD808386C8
S3256024C3C0898C8F9295989B9EA2A5A7AAADB0B3B6B9BCBEC1C4C6C9CBCED0D3D5D7DADCDE16
S3256024C3E0E0E2E4E6E8EAEBEDEEF0F1F3F4F5F6F8F9FAFAFBFCFDFDFEFEFEFFFFFFFFFFFF12
S3256024C400FFFEFEFEFDFDFCFBFAFAF9F8F6F5F4F3F1F0EEEDEBEAE8E6E4E2E0DEDCDAD7D5AC
S3256024C420D3D0CECBC9C6C4C1BEBCB9B6B3B0ADAAA7A5A29E9B9895928F8C898683807C7977
S3256024C4407673706D6A6764615D5A5855524F4C494643413E3B393634312F2C2A282523212F
S3256024C4601F1D1B1917151412110F0E0C0B0A090706050504030202010101000000000000F3
S3256024C480000101010202030405050607090A0B0C0E0F1112141517191B1D1F212325282A18
S3256024C4A02C2F313436393B3E414346494C4F5255585A5D6164676A6D707376797C80000015
S3256024C4C0000000006410B71DC8206E3BAC30D9269041DC76F4516B6B5861B24D3C71055026
S3256024C4E02083B8ED44930FF0E8A3D6D68CB361CBB0C2649BD4D2D38678E20AA01CF2BDBDF6
S3256024C50074A2B81E1D63D81BCBCF47191D29FD162703F014C6121913250372111652F50F96
S3256024C520F8319E0E5970680D7160500CD5C8520BF3D36C0AC5029C097921DE08B53D3108E4
S3256024C540399E9307ADBB03076D3A800627E5070634A89905948D340566B9D704DB66820493
S3256024C5608EE533042D97EB036DEDA80344686B03539432038709FE02DF69CD025960A00298
S3256024C580FF9F760211E34F0247EA2B02257C0A026664EB017773CE01017EB3017A5C9A0198
S3256024C5A0CEEA820103086D01EF955801F8784501D197330149DB2201162E1301A87C040146
S3256024C5C006B5F600A4C6E90047A2DD00E539D2008E80C7004D6ABD001CECB300C6FBAA00A8
S3256024C5E0DE8FA200A99F9A001123930098128C004A678500B51A7F00DC2679002E8673009D
S3256024C60080336E00002A690035656400F2E05F0053995B00B98A5700C1B15300430B500069
S3256024C6204D944C001B4A49001B2A4600E3314300335F4000ECAF3D0015223B00D2B33800DA
S3256024C640656336002E2F3400A415320056153000EB2C2E001D5B2C00BA9E2A00A2F6280010
S3256024C660C86127002BDF2500DC6D2400F90C2300ACBB21002B792000BA441F00A51D1E00D3
S3256024C68043031D00F5F41B0022F21A003EFA1900C00C190029291800024F1700D67D16000A
S3256024C6A03AB51500C8F414001F3C1400E28A1300BAE01200553D120064A011009C09110013
S3256024C6C0B778100071ED0F008B670F00C8E60E00EF6A0E00C8F30D0020810D00C4120D00A7
S3256024C6E087A80C003A420C00B3DF0B00CA800B0057250B0036CD0A0043780A005D260A0015
S3256024C70064D70900398B0900BE410900DAFA08006FB6080066740800A634080018F7070093
S3256024C720A6BB07003A820700C14A0700271507005AE1060048AF0600DF7E060011500600E7
S3256024C740CC22060004F70500A9CC0500ADA30500047C0500A1550500793005007F0C0500CE
S3256024C760A8E90400EBC704003DA7040094870400E76804002D4B04005E2E040070120400F8
S3256024C7805DF703001CDD0300A6C30300F5AA030001930300C57B030038650300574F03008B
S3256024C7A01B3A03007E2503007B1103000DFE02002EEB0200DBD802000FC70200C5B5020031
S3256024C7C0F9A40200A6940200CA8402005F75020063660200D2570200A8490200E33B0200C5
S3256024C7E07E2E020077210200CC140200780802007AFC0100CFF0010074E5010067DA010030
S3256024C800A5CF01002CC50100FABA01000DB1010063A70100F99D0100CE940100DF8B010043
S3256024C8202C830100B27A010070720100636A01008B620100E65A0100725301002F4C01006F
S3256024C84019450100323E010076370100E43001007D2A01003D240100251E01003318010021
S3256024C86066120100BD0C010037070100D20101008FFC00006DF7000069F2000084ED00001D
S3256024C880BDE8000012E4000084DF000010DB0000B8D6000079D2000053CE000046CA00001B
S3256024C8A051C6000072C20000ABBE0000F9BA00005DB70000D6B3000063B0000005AD000025
S3256024C8C0B9A9000080A6000059A3000045A00000429D00004F9A00006E9700009C94000068
S3256024C8E0DA910000288F0000848C0000EF89000069870000F08400008482000026800000F4
S3256024C900D57D00006100E01AE000E017F800E0070001013032010106390101104A01012EF9
S3256024C9207901010682010104A0010106B3010104CD010110DE010112F801012822020112D9
S3256024C9404602010AAD03DB03B103E011C303E009D80301183004E0205004B0106004012255
S3256024C9608A040136C104010ED00401446105D026001E0196A01E015A001F0808101F0806E5
S3256024C980201F0808301F0808401F0806601F0808701F4A02721F5604761F64027A1F700297
S3256024C9A07C1F7E02801F0808901F0808A01F0808B01F0802D01F0802E01F08027021F01029
S3256024C9C0D024E61A302CD02F672C0106802C0164002D002641FFE01AFF0078018001430208
S3256024C9E0880187018C018B01920191019501F601990198019A013D029E012002A801A701B2
S3256024CA00AD01AC01B001AF01B901B801BD01BC01BF01F701C601C401C901C701CC01CA0174
S3256024CA20DD018E01F301F101F501F4013A02652C3C023B023E02662C4202410253028101B6
S3256024CA40540286015602890157028A0159028F015B029001600293016302940168029701DE
S3256024CA60690296016B02622C6F029C0172029D0175029F017D02642C8002A6018302A90191
S3256024CA808802AE01890244028A02B1018B02B2018C0245029202B7017B03FD037C03FE0365
S3256024CAA07D03FF03AC038603C203A303CC038C03CD038E03CE038F03F203F903F803F703BF
S3256024CAC0FB03FA03CF04C0047D1D632C511F591F531F5B1F551F5D1F571F5F1F781FF81FAB
S3256024CAE0791FF91FB31FBC1FCC1FC31FE51FEC1FFC1FF31F4E21322184218321612C602C22
S3256024CB00762C752CFFFFFFFFFFFFFFFF000000000000000000000000A1130200A3130200E2
S3256024CB20A5130200A713020000000000000000004125020059250200B3740200CB14020003
S3256024CB4091140200CF140200F5240200911402000B2502000B2502006D7601003D1E00005A
S3256024CB60C5A301001F1C1F1E1F1E1F1F1E1F1E1F00010000F5150120120000000006000011
S3256024CB803AC620600A0000000002000085C520609100000000070000F4C420609100000054
S3256024CBA000220100D41501202100000000210100E1C52060090000000403090432C62060C0
S3256024CBC000000000000300002EC62060000000000103090416C620600000000002030904D5
S3256024CBE0BC1501200000000003030904A615012000000000000000000000000000000000CA
S3256024CC000000000000000000D314020011250200C52402009D6202004D14020031140200D3
S3256024CC20CB1C00002563020095140200611402006F140200F74B02007D14020081140200E4
S3256024CC4083760100A7740200CB1C0000911402009114020091140200911402007D1402001D
S3256024CC60000060607F020400000040407F010100000040201008047C000010301C187018F0
S3256024CC808000800080000000000000002518020000000000E4FFFFFF0D000000E8FFFFFF78
S3256024CCA018000000F3FFFFFF1C00000000000000180000000E0000000D000000180000007B
S3256024CCC0000000001C000000F2FFFFFF18000000E8FFFFFF0E000000E4FFFFFF00000000D3
S3256024CCE0E8FFFFFFF2FFFFFFF3FFFFFFE8FFFFFF10270000E8030000640000000A00000071
S3256024CD000100000005000000060000000B0000008E0000000A0000000C0000000F000000BF
S3256024CD2010000000EE020120C16A2060F3020120B56D2060FE0201204D6E20600303012062
S3256024CD40DD6C206007030120216F20600B03012025702060170301202D7120602303012061
S3256024CD60856B20609CBE00203D6D20600E0C0C1200000B0B0B000E000000000000000000AE
S3256024CD80000000000000000000000000000000000000000000000000000000000000000009
S3256024CDA00000000000000000000000001A00000B0200030004000500030104010606020699
S3256024CDC00307010702070307040606080609070707080709070A06030A040A020B030B04FF
S3256024CDE00B050B06000700080009000A01080109060001000200030004010201030603052E
S3256024CE0004050206030604060506060100020003000000000000000303000301030200003E
S3256024CE2000000000030302030303040000000000000301040204030400000000000003013A
S3256024CE40020103010400000000000003010001010102000000000000030102020203020025
S3256024CE60000000000003000000000000000000002B18020040620020506200205862002072
S3256024CE8030620020A3EA002076ED00207CED002083ED00208AED002092ED00204EEA00207F
S3256024CEA09AED0020A2ED00206CC500202DC5002087050120DFED0020E5ED0020EBED0020AC
S3256024CEC0F1ED0020B8ED0020BEED0020C8ED0020CFED0020D6ED00200000000000000000A6
S3256024CEE00DE501002BA7010081A5000025A7010043D50100EF7F010017630000E1D6010035
S3256024CF00578201008F760100D5DB010011E40100C5A301000000000000000000E56D020043
S3256024CF2035250200CB1C00005D660200956902003167020025A30100BD1C02002D6B020087
S3256024CF40AD67020051680200131A0200CD6802005D1C0200691C020083760100837601001A
S3256024CF6087760100751C0200911C0200AD1C02009D660200C51C020055470200996B020090
S3256024CF80056C02000000000000000000996502002925020085480200036F0200C11A020024
S3256024CFA0077202005D720200A91A0200F17102008D740200E31A0200411B0200F9720200A5
S3256024CFC0CFA30100A11A02003D1E00008B760100D11A02001DA70100C77002005770020086
S3256024CFE0C9A30100A51A020013740200C37202008B730200FFFF00000000000000000000BB
S3256024D000A75B0000B15B0000CB1C0000CB1C000063630000B1670000B95B0000BD7000008B
S3256024D0203D6E0000F16E0000CB1C000021200000C1A20000CB1C00000000000000000000EA
S3256024D0400F8C0100317801004D4120604F5C00002D3501002D35010055412060311B00001F
S3256024D060054C2060054C20607941206061412060676301008F3A0100311B00003D1E0000EC
S3256024D080CD6401006F65010050FFFFFF0000000069650100C56501000000000000000000B8
S3256024D0A0138C010049780100854320604F5C00002D3501002D35010039412060311B000085
S3256024D0C0DD432060311B0000DD47206021492060234E010071510100CD5F01003D1E00008F
S3256024D0E059390100D558010023630100496220608B470100FF58010050FFFFFF00000000BB
S3256024D1007D390100616301007F640100F95801003CFFFFFF00000000014801009559010061
S3256024D1200000000000000000118C01003D780100054E01004F5C00002D3501002D3501004C
S3256024D140273A0100311B0000E343206095642060333A0100CB700100294E01002F4E0100D8
S3256024D160311B00003D1E00000B3A010087640100D96B01002164206050FFFFFF00000000B5
S3256024D180213A0100C5700100C56401008B64010000000000000000001D8C010085780100B1
S3256024D1A0C123010071EC0000F9F400009D24010053210100933A0100B57301001D3E01002C
S3256024D1C0D53A0100253C0100BD100100B5F30000311B00003D1E0000000000000000000036
S3256024D1E01F8C010091780100610E01006DEC0000DDF400009D0C0100890F0100311B0000C6
S3256024D200D9300100B50F0100B51B01008D1E0100711501008DED0000311B00003D1E000090
S3256024D2200000000000000000218C01009D7801006F5C0000735C00003D0C010091EB000040
S3256024D240F1750100F1750100F5750100F97501000000000000000000238C0100A9780100CA
S3256024D260B10501009FEA0000ADF40000DDF50000E9E90000311B00002D300100A3EA000068
S3256024D2802F0A01007D0A0100A3190000030B0100311B00003D1E00000000000000000000D0
S3256024D2A0258C0100B578010029050100E5E900007DF40000ADF50000E9E90000311B0000D6
S3256024D2C0992F010025F6000079060100C3060100811200000F070100311B00003D1E000045
S3256024D2E00000000000000000318C01003379010059A900005DA900006DB2000061A9000008
S3256024D300F1750100F1750100F5750100F97501000000000000000000278C0100C1780100ED
S3256024D32085F80000A5E700004DF4000061F50000FDE50000311B0000112A01006B030100EA
S3256024D3404B010100F10101003DF9000005ED0000311B00003D1E0000000000000000000034
S3256024D360298C0100CD780100CFF60000F9E5000031F4000045F50000FDE50000311B0000F7
S3256024D3802927010021F70000F1F7000045F8000017130000DDF20000311B00003D1E0000D5
S3256024D3A000000000000000002B8C0100D978010045E5000041E5000015F4000029F5000062
S3256024D3C0EDE50000311B0000E524010025F6000029F6000091F60000D90A000021F20000E4
S3256024D3E0311B00003D1E000000000000000000002D8C0100F77801005DAD000079AD0000A2
S3256024D40005C6000095AD00009DAD0000B9AD0000D5AD00005DC60000000000000000000020
S3256024D4202F8C0100157901006F5C00000FAC0000C1B5000013AC0000F1750100F17501008E
S3256024D440F5750100F97501000000000000000000338C01003F7901009DA10000F95D00005B
S3256024D46039B00000D5B0000015B10000311B0000DDE0000065AF000039B10000CDB1000069
S3256024D480D90700009DAE0000311B00003D1E00000000000000000000358C01004B790100A9
S3256024D4A047960000F55D0000CD75000093870000F9960000311B0000A9A700008BA0000001
S3256024D4C0C5870000518800003798000029760000311B00003D1E0000000000000000000088
S3256024D4E0378C010057790100358200004B5D0000B1750000E5810000AD830000311B0000A6
S3256024D50031A600008D860000FD840000E985000077900000E3830000311B00003D1E000094
S3256024D5200000000000000000398C0100637901006F5C0000735C000097810000775C000039
S3256024D540F1750100F1750100F5750100F97501000000000000000000158C01005578010029
S3256024D560FF4D010019370100555F0100A95F0100A5582060311B0000D7432060311B000016
S3256024D580A5412060E73701001D4E0100D5500100311B00003D1E00001D370100393701007D
S3256024D5A09560010059592060AF460100AF48010050FFFFFF00000000333701001D63010092
S3256024D5C077640100E13701003CFFFFFF000000008547010075490100000000000000000007
S3256024D5E0178C010061780100F94D010087350100395F01008D5F0100A14E2060311B0000DE
S3256024D600D1432060311B0000E94320609F530100174E01001D500100311B00003D1E000086
S3256024D620DB570100393601004D6B01006F4F2060934601007563010050FFFFFF00000000C6
S3256024D6407D580100956B01006F640100F13601003CFFFFFF00000000A94601006964010076
S3256024D6600000000000000000198C01006D780100F34D0100313501001B5F0100715F0100A0
S3256024D68073350100311B0000CB432060311B0000154B2060D95F0100114E0100A94F0100BF
S3256024D6A0311B00003D1E00003535010035530100015A0100ED4C2060674301000748010035
S3256024D6C050FFFFFF000000003B350100315E0100C55F0100995301003CFFFFFF0000000027
S3256024D6E04D440100A948010000000000000000001B8C010079780100ED4D01004F5C00009C
S3256024D7002D3501002D3501008B432060311B0000C5432060A951010085410100AF510100D4
S3256024D7200B4E0100794E0100311B00003D1E00000935010029410100FB490100996420602A
S3256024D74009430100AB4D010050FFFFFF0000000027350100A54D0100397501005941010012
S3256024D7603CFFFFFF0000000061430100E74D010000000000000000003B8C01006F7901005B
S3256024D780A18E00004F5C00005F5C0000675C00000D2B2060311B000053302060A778000081
S3256024D7A0472F2060151F20608D8E0000A1770000311B00003D1E000065710000E17C000028
S3256024D7C0237D0000492B206050FFFFFF0000000079710000898100008F8100001D7D000040
S3256024D7E000000000000000003D8C01007B7901009D8E0000095C000083750000ED750000F6
S3256024D800091F2060311B00004D302060A178000015282060AD780000898E00007176000094
S3256024D820311B00003D1E0000DD7100000F5C0000197300008D20206050FFFFFF00000000F8
S3256024D840297200007D75000099780000395C000000000000000000000D8C010025780100D3
S3256024D860B57701004F5C00002D3501002D350100FB8D0100311B0000097801000F780100A1
S3256024D880218E0100218E0100BB770100C1770100311B00003D1E0000CB1C0000CB65010073
S3256024D8A00B6601000593010050FFFFFF00000000913A010029670100D59601000566010051
S3256024D8C098620020286200209062002080620020A06200207862002088620020A862002096
S3256024D8E005000000FFFF05000000FFFF05000000FFFF05000000FFFF05000000FFFF05008A
S3256024D9000000FFFF05000000FFFF05000000FFFF0000000000000000B92102003D4202001C
S3256024D9203D460200CB1C0000C532020000000000000000001B2C0200C91C00001F2E02007B
S3256024D940CB1C0000F70D0200000000000000000018010400000000000000000037A7010054
S3256024D9600000000000000000DD1F0000020000000300000005000000070000000B00000005
S3256024D9800D0000001100000013000000170000001D0000001F00000025000000290000002B
S3256024D9A02B0000002F000000350000003B0000003D00000043000000470000004900000003
S3256024D9C04F000000530000005900000061000000670000006D000000710000007F0000009D
S3256024D9E0890000008B000000950000009D000000A7000000B3000000C1000000C700000075
S3256024DA00D3000000E3000000F100000001010000150100002501000039010000510100000B
S3256024DA20670100007F01000099010000B7010000D3010000F70100001D02000041020000F4
S3256024DA406B02000095020000C5020000F90200003703000077030000B903000007040000FB
S3256024DA6055040000A90400000905000065050000D50500004D060000CD0600005707000040
S3256024DA80ED0700008308000035090000F5090000C10A00009B0B0000890C00008D0D0000A1
S3256024DAA09B0E0000BB0F0000FD1000005F120000DF1300007F150000411700001B190000D9
S3256024DAC0251B00005D1D0000BB1F00004F2200001925000021280000692B0000EB2E000083
S3256024DAE0B7320000D1360000453B00001B40000055450000EF4A000011510000AF57000096
S3256024DB00D95E00009B660000FB6E000007780000C78100005D8C0000D99700003BA40000DB
S3256024DB20A9B1000031C00000D1CF0000D5E0000019F30000EB060100711C0100BB33010040
S3256024DB40ED4C01002B6801009585010079A50100FBC701003FED01009F15020051410200F9
S3256024DB607F70020085A30200D3DA0200A91603005B570300619D030017E903000D3B04008A
S3256024DB80AF93040097F30400555B05008BCB0500E944060047C806007156070031F00700D9
S3256024DBA099960800874A0900410D0A00F9DF0A00E9C30B0085BA0C0053C50D00F1E50E0085
S3256024DBC0431E100025701100ADDD12001D691400F1141600DBE31700A3D8190071F61B0068
S3256024DBE0A3401E00D1BA2000F36823003D4F26005972290037D72C0027833000237C3400E4
S3256024DC0057C83800AF6E3D007B764200BDE7470013CB4D00D1295400F30D5B00C78262002C
S3256024DC20B5936A00E34D730017BF7C003BF68600770392004DF89D00E9E7AA00B9E6B8003D
S3256024DC40DF0AC800736CD8006F25EA00F951FD0077101201DB812801B9C940018D0E5B0134
S3256024DC600B7A77016D399601617DB701957ADB01596A0202638A2C02871D5A02136C8B0271
S3256024DC8035C4C002B77AFA0219EB38036F787C03E18DC503679F1404752A6A04EBB6C604A1
S3256024DCA087D72A052D2B9705B55D0C0629298B0695561407DDBFA80751504908BB06F7084F
S3256024DCC0F9F6B2090D4B7E0A93455A0BC343480C31BF490D5D50600E5BB18D0F5FC0D3108E
S3256024DCE0BD8234124D28B213890E4F15A5C40D17850FF11809EEFB1AC99D311D75A0951F2D
S3256024DD0011C12B225D1AF824F11CFF27A596452BB7B9D02EE725A6324BF0CB36D5AD483B56
S3256024DD20217D2340691264451FC3124B75933851D744DF57D164115FAD5EDA66AF8C466F33
S3256024DD40434C6378D9123F822985E98CBD8F7398F781EFA40F2B71B251F90DC1AF1CDDD0B1
S3256024DD604BABF7E1AFC878F4FBFFFFFFFBFFFFFF35000000CEFBFFFFCB03000001000000AD
S3256024DD800000000034000000CEFBFFFFCB0300000100000000000000050000001900000011
S3256024DDA07D0000002F566F6C756D65732F646174612F6A656E6B696E732F776F726B737083
S3256024DDC06163652F474E552D746F6F6C636861696E2F61726D2D31312F7372632F6E65779B
S3256024DDE06C69622D63796777696E2F6E65776C69622F6C6962632F7374646C69622F6D706E
S3256024DE007265632E630030313233343536373839006E6F7420656E6F7567682073706163E2
S3256024DE206520666F7220666F726D617420657870616E73696F6E2028506C656173652073B9
S3256024DE4075626D69742066756C6C20627567207265706F72742061742068747470733A2F79
S3256024DE602F6763632E676E752E6F72672F627567732F293A0A2020202000020202030505BF
S3256024DE8007070B0B0B0B0D0D2C2066756E6374696F6E3A2000617373657274696F6E20227E
S3256024DEA0257322206661696C65643A2066696C6520222573222C206C696E6520256425736E
S3256024DEC025730A0042616C6C6F6320737563636565646564002F566F6C756D65732F6461F6
S3256024DEE074612F6A656E6B696E732F776F726B73706163652F474E552D746F6F6C63686174
S3256024DF00696E2F61726D2D31312F7372632F6E65776C69622D63796777696E2F6E65776CD8
S3256024DF2069622F6C6962632F7374646C69622F6764746F612D6765746865782E6300002071
S3256024DF402020202020202020282828282820202020202020202020202020202020202088A7
S3256024DF6010101010101010101010101010101004040404040404040404101010101010108F
S3256024DF804141414141410101010101010101010101010101010101010101101010101010FD
S3256024DFA04242424242420202020202020202020202020202020202020202101010102000C3
S3256024DFC00000000000000000000000000000000000000000000000000000000000000000B7
S3256024DFE0000000000000000000000000000000000000000000000000000000000000000097
S3256024E000000000000000000000000000000000000000000000000000000000000000000076
S3256024E02000000000000000000000000000000000000000000000000000000000000000490D
S3256024E0406E66696E697479004E614E002F566F6C756D65732F646174612F6A656E6B696EA7
S3256024E060732F776F726B73706163652F474E552D746F6F6C636861696E2F61726D2D3131A0
S3256024E0802F7372632F6E65776C69622D63796777696E2F6E65776C69622F6C6962632F73F6
S3256024E0A074646C69622F64746F612E6300303132333435363738394142434445460030315C
S3256024E0C0323334353637383961626364656600504F53495800232D302B2000686C4C0065D2
S3256024E0E06667454647005245454E54206D616C6C6F6320737563636565646564002F566F28
S3256024E1006C756D65732F646174612F6A656E6B696E732F776F726B73706163652F474E554E
S3256024E1202D746F6F6C636861696E2F61726D2D31312F7372632F6E65776C69622D637967D2
S3256024E14077696E2F6E65776C69622F6C6962632F7374646C69622F72616E646F6D2E63007C
S3256024E160766563746F723A3A5F4D5F7265616C6C6F635F696E73657274006563686F003559
S3256024E1803025004E4C4D2058656E6F6D6F7270686572004F2E522E4E2E380044414338351C
S3256024E1A03638205672656620656E61626C65002A4D61696E2053637265656E205475726E35
S3256024E1C0204F6E2A0053445F4361726400496E7465726E616C5F4C4653005B4C5D203D3E1E
S3256024E1E02043616C696272617465005B525D203D3E204D61696E204D656E7500212120523B
S3256024E2004553455420454550524F4D2021210076322E305F54343100474C4F42414C532EA9
S3256024E2204346470054696D6520666F722061200046726573682053746172742100205765CA
S3256024E2406C636F6D6520746F005068617A657276696C6C65210044666C74004175746F0057
S3256024E2602031562F4F00616C7068610020626574610067616D6D610020207472690020205B
S3256024E28071747200312E322F4F002032562F4F0078302E30350078302E31300078302E31EF
S3256024E2A0350078302E32300078302E32350078302E33300078302E33350078302E34300079
S3256024E2C078302E34350078302E35300078302E35350078302E36300078302E3635007830D5
S3256024E2E02E37300078302E37350078302E38300078302E38350078302E39300078302E39EE
S3256024E300350078312E30300078312E30350078312E31300078312E31350078312E3230001D
S3256024E32078312E32350078312E33300078312E33350078312E34300078312E343500783178
S3256024E3402E35300078312E35350078312E36300078312E36350078312E37300078312E3794
S3256024E360350078312E38300078312E38350078312E39300078312E39350078322E3030009E
S3256024E3804356312066696C746572004441432063616C6962722E004356322066696C746501
S3256024E3A072004356332066696C746572004356342066696C746572004356352066696C74DF
S3256024E3C06572004356362066696C746572004356372066696C746572004356382066696CC5
S3256024E3E074657200436C6F636B536574002F004F757420536B6970002042504D0053796ED9
S3256024E400633D00202D5443234D3F2A00524F4F540043683120436C6B0043683220436C6BA4
S3256024E4200043683320436C6B0043683420436C6B00436831204356004368322043560043B3
S3256024E4406833204356004368342043560043683520435600436836204356004368372043CE
S3256024E4605600436838204356004368310043683200436833004368340043683500436836E9
S3256024E4800043683700436838005363656E652031005363656E652032005363656E6520336D
S3256024E4A0005363656E65203400536D6F6F74682053656C656374004269617300536C65777C
S3256024E4C000526E6453636E34004F75742041004F75742042004F75742043004F75742044CC
S3256024E4E0004F75742045004F75742046004F75742047004F757420480053617665004C6FCE
S3256024E50061640041726D65640053746F700043616C696272386F72002D20507265736574F7
S3256024E52073002028656D7074792900202A005B434C4541525D00286175746F292000252066
S3256024E54000436C6F636B20005374617274003E205072657365742000413A4F63742D202018
S3256024E56020202020202020423A4F63742B0043683A257320257300563A2564203C25733AE8
S3256024E58025733E0053657474696E677320736176656400746F20454550524F4D2100534315
S3256024E5A0454E4552592E444154005363656E65727900436C6F636B00467265657A65004FD2
S3256024E5C063742D002A25733A257300532648002A696E646578002A7363616C65002A257322
S3256024E5E0004153522054617031004153522054617032004153522054617033004153522074
S3256024E60054617034007254007254657600726F6F74007472696700617270007374726D002D
S3256024E6206E6F6E650072545F5F00725F4F5F0072544F5F00725F5F490072545F4900725F71
S3256024E6404F490072544F490040004E6F6E6500506C656E005066696C00506F6666004C6C0D
S3256024E660656E004C66696C004C6F666600526C656E005266696C00526F6666004E6C656EF7
S3256024E680004E66696C004E6F666600536C656E005366696C00536F666600486C656E004861
S3256024E6A066696C00486F666600504C52004E5348004575636C0043686F72640054756E6526
S3256024E6C000436F6E74004E3E533E4800533E483E4E00483E4E3E53004E3E483E5300483E02
S3256024E6E0533E4E00533E4E3E4800503E4C3E52004C3E523E5000523E503E4C00503E523EF0
S3256024E7004C00523E4C3E50004C3E503E52007377696E67006C6F6F7000706900766E456308
S3256024E7206B007373646E00447265737300504E696E66004473756D004473756D3400447333
S3256024E740756D350043446E3200467263746900686F7065006C6F7665006C69666500636C28
S3256024E76079736D006D6F6E6B004E45525600547275726C005069727800536E6175740048B7
S3256024E780617269004B7269730054696368790042726567670041766F6E004F7261630043D6
S3256024E7A0203100432032004320330043203400432035004320360043203700432038004313
S3256024E7C0203900433130004331310043313200433133004331340043313500433136004382
S3256024E7E0313700433138004331390043323000433231004332320043323300433234004348
S3256024E800323500433236004332370043323800433239004333300043333100433332004A16
S3256024E8200055004D2031004D2032004D2033004D2034004D2035004D2036004D2037004D45
S3256024E8402038004D2039004D3130004D3131004D3132004D3133004D3134004D3135004DC0
S3256024E8603136004D3137004D3138004D3139004D3230004D3231004D3232004D3233004D76
S3256024E8803234004D3235004D3236004D3237004D3238004D3239004D3330004D3331004D4C
S3256024E8A0333200313230757300323430757300333630757300343830757300316D73003228
S3256024E8C06D7300346D73006478004F6374005472446C79004F75744100436C720054726603
S3256024E8E06D004D757461005472616E73706F7365005472616E73706F7365204356004F63A1
S3256024E90074617665004F637461766520435600526F6F74206D6F646500496E766572736959
S3256024E9206F6E00496E76657273696F6E20435600504C52205072696F7269747900504C529C
S3256024E940205072696F72204356004E5348205072696F72697479004E5348205072696F72C8
S3256024E9602043560043562073616D706C696E67004F7574707574206D6F6465005472696754
S3256024E9806765722064656C617900547269676765722074797065004575636C204356312037
S3256024E9A06D6170004575636C20435632206D6170004575636C20435633206D617000457530
S3256024E9C0636C20435634206D61700020502045754C656E6700205020457546696C6C0020D2
S3256024E9E0502045754F66667300204C2045754C656E6700204C20457546696C6C00204C20B0
S3256024EA0045754F6666730020522045754C656E6700205220457546696C6C00205220457533
S3256024EA204F66667300204E2045754C656E6700204E20457546696C6C00204E2045754F6624
S3256024EA4066730020532045754C656E6700205320457546696C6C0020532045754F666673D1
S3256024EA600020482045754C656E6700204820457546696C6C0020482045754F666673005556
S3256024EA807365722D646566696E6564203100557365722D646566696E65642032005573653B
S3256024EAA0722D646566696E6564203300557365722D646566696E65642034004F66662000E1
S3256024EAC053656D69746F6E6500496F6E69616E00446F7269616E00506872796769616E006B
S3256024EAE04C796469616E004D69786F6C796469616E0041656F6C69616E004C6F63726961FA
S3256024EB006E00426C756573206D616A6F7200426C756573206D696E6F720050656E7461741D
S3256024EB206F6E6963206D616A0050656E7461746F6E6963206D696E00466F6C6B004A61702A
S3256024EB40616E6573650047616D656C616E004779707379004172616269616E00466C616D20
S3256024EB60656E636F0057686F6C6520746F6E65005079746861676F7265616E0045422F3425
S3256024EB800045202F340045412F3400426861697261760047756E616B7269004D61727761B4
S3256024EBA0005368726565205B43616D656C5D0050757276690042696C6177616C0059616D21
S3256024EBC0616E004B616669004268696D70616C6173726565004461726261726900526167C5
S3256024EBE0657368726565004B68616D616A004D696D616C00506172616D65736877617269EF
S3256024EC000052616E67657368776172690047616E6765736877617269004B616D65736877AF
S3256024EC20617269005061204B68616669004E617462686169726176004D616C6B61756E731E
S3256024EC400042616972616769004220546F6469004368616E64726164656570004B617573A6
S3256024EC6068696B20546F6469004A6F676573687761726900546172742E2D56616C6C6F74A3
S3256024EC8074690031336F66323274455467656E3D35004D616E64656C6261756D004D6167AC
S3256024ECA069632D696E2D313435744554005175617274616D696E6F72337264730041726DF7
S3256024ECC06F6475652073656D692D657100486972616A6F7368690053636F74206261677038
S3256024ECE06970657300546861692072616E61740053657669736831326F6E333145444F002F
S3256024ED0031317465744D616368696E653600313374657446617468657238003135746574D9
S3256024ED20426C61636B776431300031367465744D6176696C61370031367465744D617669AA
S3256024ED406C6139003137746574537570727079746831320032327465744F7277656C6C393D
S3256024ED6000323274657450616A6172615379313000323274657450616A617261352D313019
S3256024ED80003232746574506F72637570696E6537003236746574466C6174746F6E653132F7
S3256024EDA00032367465744C656D6261313000343674657453656E7369313100353374657402
S3256024EDC04F7277656C6C390031326F663732746574526F646772730054726976616C656E57
S3256024EDE0745A65757337003230327465744F63746F6E6500333133746574456C664D6164E1
S3256024EE00616739004D617276656C576F6F476C756D6D6100544F502050617261707974680C
S3256024EE2031320031362D4544202832206F722033290031352D4544202832206F72203329BE
S3256024EE400031342D4544202832206F722033290031332D4544202832206F722033290031D4
S3256024EE60312D4544202832206F722033290031302D4544202832206F7220332900392D4571
S3256024EE8044202832206F7220332900382D4544202832206F7220332900372D454420283261
S3256024EEA0206F7220332900362D45443200352D4544320031362D4844320031352D4844326D
S3256024EEC00031342D4844320031332D4844320031322D4844320031312D4844320031302DE0
S3256024EEE048443200392D48443200382D48443200372D4844320031362D5344320031352D71
S3256024EF005344320031342D5344320031332D5344320031322D5344320031312D5344320038
S3256024EF2031302D53443200392D53443200382D53443200372D53443200426F686C656E2DE1
S3256024EF40506965726365203D00426F686C656E2D506965726365206A00426F686C656E2D86
S3256024EF60506965726365206C00382D32342D4844335B31365D00372D32312D4844335B310E
S3256024EF80345D00362D31382D4844335B31325D00352D31352D4844335B31305D00342D3124
S3256024EFA0322D4844335B385D0032342D382D5344335B31365D0032312D372D5344335B318E
S3256024EFC0345D0031382D362D5344335B31325D0031352D352D5344335B31305D0031322DD0
S3256024EFE0342D5344335B385D003574682B377468003574682B367468005472696164206D4E
S3256024F000696E2B37005472696164206D616A2B37005472696164206D696E2B360054726997
S3256024F0206164206D616A2B360046696674680054726961644D616A0054726961644D696EB3
S3256024F040004861726D6F6E69634D696E004C6F637269616E206E3600496F6E69616E206166
S3256024F0607567004D69736865626572616B68004672657967697368004C796469616E2023E2
S3256024F0803900556C7472616C6F637269616E0074726E73006275662E6C00696761696E0017
S3256024F0A073657100737472740073747264006D6F6400544D00427974654200496E7453714D
S3256024F0C0005363616C65006F6374617665006D61736B006275662E696E64657800696E70C6
S3256024F0E07574206761696E00747269676765722064656C617900686F6C6420286275666C23
S3256024F100656E2900435620736F757263650043563420646573742E202D3E00536C6577200E
S3256024F1204356003E204C46535220435631003E2042422065716E003E204242205030003E27
S3256024F140204242205031003E204242205032003E20424220435631003E20496E74536571DE
S3256024F160003E20496E74536571206D6F64756C003E20496E74536571207374617274003ED4
S3256024F18020496E74536571206C656E003E20496E7453657120646972003E204672616374B3
S3256024F1A020737472696465003E20496E7453657120435631004423004623004723004123E0
S3256024F1C000432D310043232D3100442D310044232D3100452D3100462D310046232D3100CB
S3256024F1E0472D310047232D3100412D310041232D3100422D3100433000432330004430009A
S3256024F20044233000453000463000462330004730004723300041300041233000423000437E
S3256024F220310043233100443100442331004531004631004623310047310047233100413163
S3256024F240004123310042310043320043233200442332004532004632004623320047320073
S3256024F26047233200413200412332004232004333004323330044330044233300453300460D
S3256024F2803300462333004733004723330041330041233300423300433400432334004434F5
S3256024F2A00044233400453400463400462334004734004723340041340041233400423400FD
S3256024F2C043350043233500443500442335004535004635004623350047350047233500418D
S3256024F2E035004123350042350043360043233600443600442336004536004636004623367D
S3256024F30000473600472336004136004123360042360043370043233700443700442337008D
S3256024F32045370046370046233700473700472337004137004123370042370043380043231E
S3256024F3403800443800442338004538004638004623380047380047233800413800412338FE
S3256024F360004238004339004323390044390044233900453900463900462339004739004FE3
S3256024F3806D0045200047200055535231005553523200555352330055535234004F464620FD
S3256024F3A00053454D4900494F4E4900444F52490050485259004C594449004D49584F004145
S3256024F3C0454F4C004C4F435200424C552B00424C552D0050454E2B0050454E2D00464F4C76
S3256024F3E04B004A4150410047414D450047595053004152414200464C414D0057484F4C004F
S3256024F4005059544800424841490047554E41004D4152570053485249005055525600424999
S3256024F4204C410059414D41004B414649004248494D00444152420052414745004B48414DF9
S3256024F440004D494D4100504152410052414E470047414E47004B414D450050414B41004E0C
S3256024F460415442004B41554E00424149520042544F44004348414E004B544F44004A4F4789
S3256024F480450056414C4C0031333232004D414E46004D41474300515541520041524D4F0004
S3256024F4A0484952410053434F5400544841490053455649004D414348004641544800424C3E
S3256024F4C04143004D415637004D41563900535059540032324F520050414A530050414A5038
S3256024F4E000504F524300464C4154004C454D420053454E530035334F5200313237320054A5
S3256024F50052495A0032303238004D414447004D4152560031364544003135454400313445C8
S3256024F520440031334544003131454400313045440039454400384544003745440031364849
S3256024F5403200313548320031344832003133483200313248320031314832003130483200BE
S3256024F560394832003848320037483200313653320031355332003134533200313353320041
S3256024F580313253320031315332003130533200395332003853320037533200422D506500D1
S3256024F5A0422D506A00422D506C003136483300313448330031324833003130483300384871
S3256024F5C03300313653330031345333003132533300313053330038533300352B3700352B11
S3256024F5E036003362372D003362372B003362362D003362362B003574680033622B00336207
S3256024F6002D004841522D004C4F6E360049415547004D424B480046524559004C592339006D
S3256024F62055544C4F0076616C696469747920666C6167005363616C65204100435620536324
S3256024F640616C696E6720466163746F722041004F66667365742042696173204100547261A7
S3256024F6606E73706F7365204100526F6F74204B6579202B204D6F64652041005363616C65E1
S3256024F680204D61736B2041005363616C652042004356205363616C696E6720466163746F02
S3256024F6A0722042004F666673657420426961732042005472616E73706F7365204200526FA2
S3256024F6C06F74204B6579202B204D6F64652042005363616C65204D61736B20420053636115
S3256024F6E06C652043004356205363616C696E6720466163746F722043004F66667365742069
S3256024F700426961732043005472616E73706F7365204300526F6F74204B6579202B204D6F47
S3256024F72064652043005363616C65204D61736B2043005363616C6520440043562053636100
S3256024F7406C696E6720466163746F722044004F666673657420426961732044005472616E93
S3256024F76073706F7365204400526F6F74204B6579202B204D6F64652044005363616C652028
S3256024F7804D61736B2044005363616C652045004356205363616C696E6720466163746F72A9
S3256024F7A02045004F666673657420426961732045005472616E73706F7365204500526F6F9B
S3256024F7C074204B6579202B204D6F64652045005363616C65204D61736B2045005363616C11
S3256024F7E0652046004356205363616C696E6720466163746F722046004F666673657420428C
S3256024F8006961732046005472616E73706F7365204600526F6F74204B6579202B204D6F641E
S3256024F820652046005363616C65204D61736B2046005363616C652047004356205363616CEE
S3256024F840696E6720466163746F722047004F666673657420426961732047005472616E7385
S3256024F860706F7365204700526F6F74204B6579202B204D6F64652047005363616C65204D47
S3256024F88061736B2047005363616C652048004356205363616C696E6720466163746F7220CF
S3256024F8A048004F666673657420426961732048005472616E73706F7365204800526F6F743D
S3256024F8C0204B6579202B204D6F64652048005363616C65204D61736B204800434C310043FE
S3256024F8E04C34005253540054656D706F00436C6B204D756C74005472696720496E73004202
S3256024F9006F6F702100536B69702025004348310043483120676174650043483120636F70BB
S3256024F920790043483120414400434831204144520043483120414453520043483200434862
S3256024F9403220676174650043483220636F7079004348322041440043483220414452004339
S3256024F96048322041445352004172700021537472756D00526F6F7420706974636800526F3D
S3256024F9806F74003F2100434825642025730043454C4C20002D2D3E20737573206475720010
S3256024F9A0232564003A202573256C6420256C64632028256C6429003A202573256C64202B1A
S3256024F9C0256C64632028256C64290020202341006C73620063686E670073636C2300617321
S3256024F9E0720054522B310054522B320054522B3300732331007323320073233300732334E0
S3256024FA00004F66660055700054523100545232005452330054523400435632004356330083
S3256024FA204356340043563500435636004356370043563800636E742B00636E742D004141CD
S3256024FA4041004242420043434300547572696E67004C677374630049676E6F7200486F6EB2
S3256024FA606F7200535000534C5000534C004C696E004578700051756172740053696E6500FE
S3256024FA804C6564676500436C696666004267446970004D65446970004C74446970005769E5
S3256024FAA067676C00646F776E00752F6400726E64002035560031305600667764007265768E
S3256024FAC000706E643100706E6432006272776E005345512B31005345512B32005345512B5D
S3256024FAE0330041525000532B48233100532B48233200532B48233300532B4823340043565F
S3256024FB002331004356233200435623330043562334002F3634002F3633002F3632002F340F
S3256024FB2039002F3438002F3437002F3333002F3332002F3331002F31370078330078340023
S3256024FB40783500783600783700783800525354320052535434003D484932003D4C4F3200FF
S3256024FB603D484934003D4C4F3400726F6F7420233100726F6F7420233200726F6F74202375
S3256024FB803300726F6F74202334007363616C652023002D2D3E2065646974007365715F6DAF
S3256024FBA06F6465007472696767657220736F75726365002D2D3E206C6174656E63790074C2
S3256024FBC072616E73706F7365202331007472616E73706F7365202332007472616E73706F61
S3256024FBE07365202333007472616E73706F7365202334006175782E6F7574707574002D2D50
S3256024FC003E207077002D2D3E20617578202B2F2D004356206175782E00203E204C4653527E
S3256024FC20206C656E67746800203E204C465352207000203E204C46535220435600203E2067
S3256024FC404C4653522072616E676500203E204C465352205452494700416374697665206EC1
S3256024FC606F74657300435620536F7572636500435620617578203E005472696767657220BC
S3256024FC80736F7572636500436C6F636B206469760046696E65004C46535220707262004C91
S3256024FCA0465352206D6F64756C7573004C46535220707262204356203E004C465352206D30
S3256024FCC06F64204356203E004C46535220726E67204356203E004C6F67697374696320722B
S3256024FCE0004C6F6769737469632072616E6765004C6F6720722020204356203E004C6F67E2
S3256024FD0020726E67204356203E0042797465626561742065716E00427974656265617420F7
S3256024FD20726E670042797465626561742050300042797465626561742050310042797465BD
S3256024FD40626561742050320042622065716E2043562073726300426220726E6720435620CE
S3256024FD607372630042622050302020435620737263004262205031202043562073726300A6
S3256024FD804262205032202043562073726300496E74536571206D6F64756C2E00496E745311
S3256024FDA065712072616E6765003E2042726F776E69616E2070726F6200496E7453657120D1
S3256024FDC046532070726F6200496E7453657120465320726E67004672616374616C207374F5
S3256024FDE07269646500496E745365712043562020203E00496E74536571206D6F64204356BD
S3256024FE0000496E7453657120726E6720435600462E20737472696465204356203E00496EF7
S3256024FE2074536571207265736574004F637420636F6E73747261696E74004F637420636FB5
S3256024FE406E73747261696E74206C656E005345512D31005345512D32005345512D3300531B
S3256024FE6045512D340044454641554C54006175782E206D6F646500636C6F636B2073726347
S3256024FE800072657365742F6D757465006D756C742F6469760073657175656E6365202300FB
S3256024FEA073657175656E6365206C656E67746800706C61796D6F646500646972656374697E
S3256024FEC06F6E004356206164722E2072616E6765006172702E72616E6765002D2D3E627286
S3256024FEE06F776E2070726F6200736C657700736C657720435620202020202D3E006D756CC9
S3256024FF00742F646976204356202D3E007472616E73706F73652020202D3E002D2D3E20705B
S3256024FF20772020202020202D3E006F637461766520202B2F2D202D3E00726F6F742020209D
S3256024FF40202B2F2D202D3E002D2D3E20617578202B2F2D202D3E0073657175656E63652034
S3256024FF602320202D3E006D61736B20726F74617465202D3E00646972656374696F6E202042
S3256024FF80202D3E006172702E72616E67652020202D3E002D2D3E6272776E2E707262202DF3
S3256024FFA03E007365712E6C656E67746820202D3E006174742064757220202D3E006465634A
S3256024FFC02064757220202D3E00737573206C766C20202D3E0072656C2064757220202D3EB4
S3256024FFE000656E76206C6F6F7073202D3E002D2D3E2061747420647572002D2D3E2061745D
S3256025000074207368617065002D2D3E2064656320647572002D2D3E206465632073686170B1
S3256025002065002D2D3E20737573206C766C002D2D3E2072656C20647572002D2D3E2072655A
S325602500406C207368617065002D2D3E206C6F6F70730061747420726573657400617474209E
S3256025006066616C6C206774006465632F72656C207265736574002020312F38002020312F02
S3256025008037002020312F36002020312F35002020312F34002020312F33002020312F32007A
S325602500A043483120476174650043483120436F70790043483120415352004348322047619A
S325602500C074650043483220436F707900434832204153520043483300434834004348350044
S325602500E043483600434837004348380054656D706F2073796E630046726571005368617033
S32560250100650053707265616400526573657420310052657365742032005265736574203193
S3256025012026320046726571310052686F310046726571320052686F32004672657175656ED2
S32560250140637920636F756E7465720042616C6C2564002C2564002C25643A25730042616CC9
S325602501606C310042616C6C320042616C6C330042616C6C34002C43482564004554494D00DE
S32560250180454652455100454F4646530045524E470028542920436820413A207461702074BE
S325602501A0656D706F002825732920436820413A202533752E2530327520487A0028257329D2
S325602501C020436820413A202536752E2530337573004672657131200046726571322000459C
S325602501E04F43004C656E005F207878780062706D003E202041524D003E202052554E003E8E
S325602502002053544F50003E2020204F4B002D3356002D3256002D315600203056002B31563E
S32560250220002B3256002B3356002B3456002B3556002B3656003E5245534554003E20205516
S325602502405345005452332B31005452332B32005452332B330020203200202034002020387B
S3256025026000202031360020203332002020363400203132380020323536002035313200319C
S32560250280303234003230343800343039360038313932004E6F005965730041747400446508
S325602502A063005375730052656C00456C656E67004566696C6C00456F6666730044656C61B2
S325602502C079004C6F6F7073002020330020203500202036002020370020203900203130003E
S325602502E0203131002031320020313300203134002031350020313700203138002031390044
S32560250300203230002032310020323200203233002032340020323500203236002032370026
S325602503202032380020323900203330002033310051756575650052696E6700414453415216
S3256025034000414441520041444C32004144524C330041444C3252004144414C325200414431
S3256025036041524C3400736C6F7468002020310031362F310031352F310031342F310031338E
S325602503802F310031322F310031312F310031302F3100392F3100382F3100372F3100352F00
S325602503A03200352F3300332F3200352F3400756E69747900342F3500322F3300332F3500C1
S325602503C0322F3500312F3900312F313000312F313100312F313200312F313300312F313494
S325602503E000312F313500312F313600636F736D0067656F6C00676C61636C00736E61696C72
S3256025040000766C617A790076736C6F77007666617374004D6F642072616E6765206F637409
S32560250420004D6F64207261746520287329004E6F7465732F42504D203A00412061626F76E7
S3256025044065206D6964204300203E206D616E7469737361003E207070716E002D2D3E2061DB
S3256025046075746F74756E65004175746F74756E6500537461727420766F6C74616765004523
S325602504806E6420766F6C74616765002331300023313100233132002331330023313400232C
S325602504A03135002331360064723100647232006472330073707200737573007375370039A1
S325602504C07468002B313100756E690070726F6772657373696F6E007363616C6520202D2D7F
S325602504E03E0063686F7264732074726720737263005452312064656C6179007472616E73AD
S32560250500706F73650063686F72643A006E756D2E63686F7264730063686F726473202D2D51
S325602505203E00726F6F742043562020202020203E006D61736B2043562020202020203E0014
S325602505407472616E73706F7365204356203E006F6374617665204356202020203E0071753B
S32560250560616C6974792043562020203E00766F6963696E672043562020203E00696E76657E
S325602505807273696F6E204356203E007072672E736C6F7423204356203E00646972656374A0
S325602505A0696F6E204356203E002D2D3E62722E707262204356203E006E756D2E636872643F
S325602505C073204356203E0065717500737064007030006265672B2B006265672B00626567C9
S325602505E000656E642B2B00656E642B004571756174696F6E00537065656400506974636852
S3256025060000506172616D65746572203000506172616D65746572203100506172616D6574A2
S3256025062065722032004C6F6F70206D6F6465004C6F6F7020626567696E202B2B004C6F6F48
S325602506407020626567696E202B004C6F6F7020626567696E004C6F6F7020656E64202B2B09
S32560250660004C6F6F7020656E64202B004C6F6F7020656E64005472696767657220696E7087
S3256025068075740053746570206D6F646500435635202D3E2000435636202D3E2000435637C2
S325602506A0202D3E2000435638202D3E20006772617600626E636500616D706C0072657472D9
S325602506C0004772617669747900426F756E6365206C6F737300416D706C6974756465005671
S325602506E0656C6F636974790052657472696767657200435631202D3E2000435632202D3E00
S325602507002000435633202D3E2000435634202D3E20004861726420726573657400444F48A2
S32560250720210041747461636B004465636179005375737461696E2F4C6576656C0052656C9E
S325602507406561736500545950450053310053340054722064656C6179206D6F6465005472A3
S325602507602064656C617920636F756E740054722064656C6179206D736563730054722064FC
S32560250780656C61792073656373004575636C206C656E677468004F666673657400457563A6
S325602507A06C207265736574004575636C207265736574206469760041747461636B20726581
S325602507C0736574004174742066616C6C2067740044656352656C20726573657400476174D1
S325602507E06520686967680041747461636B20736861706500446563617920736861706500A9
S3256025080052656C656173652073686170650041747461636B206D756C74004465636179201B
S325602508206D756C740052656C65617365206D756C740053616D706C656420416D706C004D0B
S325602508406178206C6F6F707300496E766572746564004C7831004C7A3100527931005279F3
S3256025086032004C78312B527831004C78312B527A31004C78312B4C7932004C78312B4C7A86
S3256025088032004C78312B527832004C78312B527A32004C7831784C7931004C7831784C78CD
S325602508A032004C783178527831004C783178527832004672657120310046726571203200EB
S325602508C052686F2F6320310052686F2F632032004C46726571203120526E67004C46726599
S325602508E071203220526E67004F7574204120004F7574204220004F7574204320004F7574FD
S32560250900204420005461702074656D706F00536861706520737072656164005068617365DD
S325602509202F667271207370726400436F75706C696E67004F75747075742072616E676500DC
S32560250940467265712072616E67650042206672657120726174696F0043206672657120725F
S325602509606174696F0044206672657120726174696F004220584F522041004320584F5220B6
S3256025098041004420584F522041004220414D2062792041004320414D2062792042004420CF
S325602509A0414D2062792043004356383A2044455354005452343A204D554C540063706C6749
S325602509C000612D3E6200622D3E6300632D3E640025303164002530336400545234202537D0
S325602509E02E336620487A0025372E32662062706D2025322E30667070716E00252B6920254A
S32560250A007320252B372E31666300545234206E6F20696E707574004341505441494E2E4470
S32560250A20415400506164646C6520547269670057616C6C20547269670042616C6C2059005C
S32560250A40506164646C6520590047617465310047617465320047617465330047617465347A
S32560250A6000496E707574204356005175616E74697A65642043560043757272656E74204E63
S32560250A806F74650043616C6962726174696F6E0044617461004261636B7570202F20526525
S32560250AA073746F726500526563656976696E672E2E2E004C697374656E696E672E2E2E0021
S32560250AC0446F6E652100526573746F7265206F72204261636B75703F005B43414E43454C49
S32560250AE05D005B524553544F52455D005B4241434B55505D004261636B75703A200044616F
S32560250B00726B6573742054696D656C696E65005363616C652020203A20004D494449204F96
S32560250B2075743A20002020202020416C743A20002020202020496E203A20005472672F4758
S32560250B406174653A200054726700544F444F004C696272617279003C204C6F6F70203E00EA
S32560250B603C2053746F70203E00456E69676D61202D2000457261736520736F6E6720616E16
S32560250B8064207265736574006F7574707574733A20537572653F005B5945535D005B4E4F26
S32560250BA05D00526567697374657200703D003A20546B004F757470757400547261636B209C
S32560250BC0004D4944492043682000547261636B0020780050617573652F506C617900546B6D
S32560250BE020537465702020526567005B44554D505D005B434F50595D005365747570202519
S32560250C0064202D005379734578005365747570202564004E657572616C204E65740053657C
S32560250C2074757020005479706500546F67676C0044656E20004F70640041737369676E2032
S32560250C404F757470757473004F757470757420004E6575726F6E20004456005363616C653B
S32560250C6020456469746F722020202000496D706F7274005B494D504F52545D0048493A0009
S32560250C802573200025372E336600536C6F7420656D707479004D4944492041737369676E55
S32560250CA0004D494449204368616E6E656C0052616E6765204C6F770052616E6765204869B0
S32560250CC06768004761746520536F7572636500202020202020202020202020202020202088
S32560250CE020202D2D00494F2043682054797065202056616C7565730053797345783A2000A4
S32560250D004361707461696E204D4944490048656D6973706865726500442E2054696D656CAE
S32560250D20696E65005363616C6520456400456E69676D610057617665666F726D20456400DA
S32560250D404F5F4320454550524F4D004261636B757000506F6C794E004C6F4E6F746500484E
S32560250D60694E6F74650050646C4E6F746500496E764E6F74650054726967317374005472FC
S32560250D8067416C777300506F6C79470047617465496E760056656C6F6300506F6C7956003E
S32560250DA04343230043686E416674004B65794166740042656E640052756E00436C6B2D3260
S32560250DC000436C6B2D3400436C6B2D3800436C6B323400286C6561726E290053657475709A
S32560250DE03A2043616C6962726174650053746172742066726573683F20005B525D203D3E3D
S32560250E002053656C656374005B43414E43454C5D2020202020202020205B4F4B5D0043654F
S32560250E206E74657220446973706C617900506978656C206F666673657420005B525D203D48
S32560250E403E2041646A757374005B505245565D2020202020202020205B4E4558545D0044EE
S32560250E604143204120286D696E290044414320412028686967682900486F6C64205B425D72
S32560250E8020746F2073657400444143204220286D696E29004441432042202868696768293E
S32560250EA000444143204320286D696E2900444143204320286869676829004441432044203F
S32560250EC0286D696E290044414320442028686967682900444143204520286D696E2900448F
S32560250EE0414320452028686967682900444143204620286D696E29004441432046202868AC
S32560250F006967682900444143204720286D696E29004441432047202868696768290044413C
S32560250F2043204820286D696E29004441432048202868696768290041444320696E7075746D
S32560250F40203056206F666673657400414443206F6374617665202B31004356313A20496EF8
S32560250F6070757420312E25645600414443206F6374617665202B33004356313A20496E70FC
S32560250F80757420332E2564560053637265656E20426C616E6B00286D696E757465732900BF
S32560250FA043616C6962726174696F6E20636F6D706C65746500536176652076616C75657386
S32560250FC03F20005B505245565D2020202020202020205B455849545D00446967310044692E
S32560250FE0673200446967330044696734004356203100435620320043562033004356203490
S32560251000004E657531004E657532004E657533004E657534004E657535004E657536004FD1
S325602510204E004F4646004E4F5400584F52004E414E4400584E4F5200442D464600542D46E6
S3256025104046004C74636800544C4E65005374004E657720536F6E67004E6F746520332D42E1
S325602510606974004E6F746520342D426974004E6F746520352D426974004E6F746520362D82
S32560251080426974004E6F746520372D426974004D6F64756C6174696F6E00457870726573DA
S325602510A073696F6E0054726967676572004C656E677468004D494449204368616E6E656CBA
S325602510C020416C74004D494449204368616E6E656C20496E00547269676765722050637456
S325602510E00044696167004C65672E0031203E204D4944490032203E204D4944490033203E74
S32560251100204D4944490034203E204D4944490035203E204D4944490036203E204D4944497F
S325602511200037203E204D4944490038203E204D494449004D494449203E2041004D4944496E
S32560251140203E2042004D494449203E2043004D494449203E2044004D494449203E20450095
S325602511604D494449203E2046004D494449203E2047004D494449203E204800234200234361
S325602511800023440025754D487A20256C7575732B256C75757300434F524525336C752F25D7
S325602511A0336C752F25336C752025326C75252500504F4C4C25336C752F25336C752F253327
S325602511C06C75004C4F4F5025336C752F25336C752F25336C7500546F74616C204350552034
S325602511E02532642E253032642525004D617820435055202532642E25303264252500526127
S3256025120074653A20256C7520487A00505352414D3A20253275204D42005344636172643A65
S325602512202000286E6F205344206361726429004D454E552025336C752F25336C752F2533E7
S325602512406C750053657269616C2052783A20257500555342204465762052783A20257500DD
S3256025126055534220486F73742052783A20257500535441434B20253764202825644B422980
S3256025128000484541502020253764202825644B422900505352414D20253764202825644B9F
S325602512A04229002050524F44007573623D002B4D54500048575F49443D20302E253033640E
S325602512C056002C2032305670700043312025356C752043352025356C750043322025356C2C
S325602512E0752043362025356C750043332025356C752043372025356C750043342025356CD7
S32560251300752043382025356C750054313D25752054323D25752054333D25752054343D2576
S32560251320750043312025356C642043352025356C640043322025356C642043362025356CCF
S32560251340640043332025356C642043372025356C640043342025356C642043382025356CB8
S3256025136064004325642025356C75204325642025356C750028352073656320726573657415
S32560251380290046443A3A2073657420617474726962757465206D6F646966696564206661F3
S325602513A0696C656400536176696E672E2E2E004175746F74756E65206661696C0025732049
S325602513C02564004175746F74756E6520646F6E650041726D696E672573003056206261730C
S325602513E0656C696E6525730052756E6E696E6725730052656164790043616C69627261742D
S32560251400696F6E20736176656400466C6173682055706772616465204D6F6465002875733D
S3256025142065205465656E7379204C6F616465722900494420766F6C74616765202870696E56
S325602514402041313729203D202531642E253033640A005B5265666C6173685D005B43414C0C
S325602514604942524154455D2020205B52455345545D002D3E2025642E256430305600253359
S32560251480640020202873657429004F76657277726974653F2000536176653F2000456E6356
S325602514A06F646572733A200053657475702F41626F75740054342E31005068617A65727628
S325602514C0696C6C65205375697465006769746875622E636F6D2F646A7068617A6572002515
S325602514E034752E2530327563004F5F432055736572205363616C650A0025640A0025642E1F
S32560251500253034640A003030302E53434C00436F72727570742046696C65212100464F3A09
S325602515203A2073657420617474726962757465206372656174696F6E206661696C6564008C
S32560251540464F3A3A2073657420617474726962757465206D6F646966696564206661696C7A
S325602515606564003E2331003E2332003E2333003E2334002E2020002E2E20006E6F726D61C2
S325602515806C004C207265766572736564004C522072657665727365640045584641540044AE
S325602515A0657669636520697320746F6F20736D616C6C0D0A0057726974696E6720464154F7
S325602515C0200057726974696E6720757063617365207461626C650D0A0057726974696E67B8
S325602515E020726F6F740D0A00466F726D617420646F6E650D0A00466F726D61742066616966
S325602516006C65640D0A004361726420697320746F6F20736D616C6C2E0D0A00426164206303
S325602516206C757374657220636F756E740D0A00466F726D617420446F6E650D0A00466F72D3
S325602516406D6174204661696C65640D0A006C6974746C6566730046443A3A207365742061EF
S325602516607474726962757465206372656174696F6E206661696C65640048656C6C6F2C2032
S3256025168049276D20726573657474696D6572004465626F756E63652054696D65720054657F
S325602516A0656E737900202F204D545020312E30006D6963726F736F66742E636F6D3A203103
S325602516C02E303B00504A524300242424204D545053746F726167653A3A746F74616C7369F1
S325602516E07A65206E756C6C7074722025750A00556E7469746C65640043726173685265702A
S325602517006F72743A002020412070726F626C656D206F63637572726564206174202873797D
S325602517207374656D2074696D652920002020436F64652077617320657865637574696E673B
S325602517402066726F6D2061646472657373203078002020434653523A200009284941434353
S3256025176056494F4C2920496E737472756374696F6E204163636573732056696F6C6174694F
S325602517806F6E0009284441434356494F4C292044617461204163636573732056696F6C611B
S325602517A074696F6E0009284D554E53544B45525229204D656D4D616E6765204661756C747C
S325602517C0206F6E20556E737461636B696E670009284D53544B45525229204D656D4D616E6D
S325602517E06765204661756C74206F6E20737461636B696E670009284D4C5350455252292066
S325602518004D656D4D616E6765204661756C74206F6E204650204C617A792053746174650086
S3256025182009284D4D415256414C49442920416363657373656420416464726573733A20307B
S32560251840780020286E756C6C707472290D0A092020436865636B20636F64652061742030C5
S325602518607800202D2076657279206C696B656C79206120627567210D0A09202052756E20D3
S325602518802261646472326C696E65202D65206D79736B657463682E696E6F2E656C662030C3
S325602518A078002220666F722066696C656E616D652026206C696E65206E756D6265722E0056
S325602518C02028537461636B2070726F626C656D290D0A092020436865636B20666F722073CD
S325602518E07461636B206F766572666C6F77732C20617272617920626F756E64732C20657478
S32560251900632E000928494255534552522920496E737472756374696F6E2042757320457252
S32560251920726F7200092850524543495345525229204461746120627573206572726F722052
S32560251940286164647265737320696E204246415229000928494D50524543495345525229F4
S32560251960204461746120627573206572726F72206275742061646472657373206E6F74208C
S3256025198072656C6174656420746F20696E737472756374696F6E000928554E53544B455299
S325602519A0522920427573204661756C74206F6E20756E737461636B696E6720666F7220617F
S325602519C02072657475726E2066726F6D20657863657074696F6E00092853544B45525229C4
S325602519E020427573204661756C74206F6E20737461636B696E6720666F72206578636570E9
S32560251A0074696F6E20656E7472790009284C53504552522920427573204661756C74206F08
S32560251A206E204650206C617A7920737461746520707265736572766174696F6E0009284221
S32560251A4046415256414C49442920416363657373656420416464726573733A20307800095D
S32560251A6028554E444546494E5354522920556E646566696E656420696E73747275637469D1
S32560251A806F6E000928494E5653544154452920496E737472756374696F6E206D616B657323
S32560251AA020696C6C6567616C20757365206F662045505352000928494E5650432920557323
S32560251AC0616765206661756C743A20696E76616C6964204558435F52455455524E00092861
S32560251AE04E4F435029204E6F20436F70726F636573736F72000928554E414C49474E4544AB
S32560251B002920556E616C69676E6564206163636573732055736167654661756C7400092886
S32560251B2044495642595A45524F2920446976696465206279207A65726F0020204854535262
S32560251B403A200009285645435454424C2920427573204661756C74206F6E2056656320541D
S32560251B6061626C652052656164000928464F524345442920466F726365642048617264206B
S32560251B804661756C7400202054656D706572617475726520696E7369646520746865206370
S32560251BA06869702077617320006E616E006F76660020C2B04300202053746172747570201E
S32560251BC043505520636C6F636B20737065656420697320004D487A004E6F2043726173683C
S32560251BE0204461746120546F205265706F7274002020486F706566756C6C7920616C6C20D0
S32560251C0069732077656C6C2C20627574206365727461696E207479706573206F66206372AD
S32560251C2061736865732063616E2774206265207265706F727465643A0009737475636B201F
S32560251C40696E20616E20696E66696E697465206C6F6F702028746563686E6963616C6C790B
S32560251C602C206861726477617265207374696C6C2072756E6E696E672070726F7065726CB2
S32560251C807929000972656D61696E696E6720696E2061206C6F7720706F77657220736C65B9
S32560251CA06570206D6F6465000961636365737320746F206365727461696E2070657269703B
S32560251CC0686572616C7320776974686F757420746865697220636C6F636B20656E61626C3C
S32560251CE06564202865672C20466C6578494F2900096368616E6765206F6620435055206FE5
S32560251D00722062757320636C6F636B20737065656420776974686F757420757365206F6669
S32560251D2020676C697463686C657373206D75780020205265626F6F742077617320636175DD
S32560251D40736564206279206175746F207265626F6F74206166746572206661756C74206F40
S32560251D60722062616420696E746572727570742064657465637465640020205265626F6F79
S32560251D8074207761732063617573656420627920736F6674776172652077726974652074DF
S32560251DA06F205343425F4149524352206F7220435055206C6F636B75700020205265626FE2
S32560251DC06F742077617320636175736564206279207365637572697479206D6F6E69746F4C
S32560251DE0720020205265626F6F74207761732063617573656420627920706F776572206F64
S32560251E006E2F6F666620627574746F6E0020205265626F6F742077617320636175736564F8
S32560251E20206279207761746368646F672031206F7220320020205265626F6F7420776173F1
S32560251E4020636175736564206279204A54414720626F756E64617279207363616E00202098
S32560251E605265626F6F742077617320636175736564206279204A5441472064656275670004
S32560251E8020205265626F6F742077617320636175736564206279207761746368646F672080
S32560251EA0330020205265626F6F7420776173206361757365642062792074656D70657261B0
S32560251EC0747572652073656E736F720050616E69632054656D702045786365656465642005
S32560251EE05368757474696E6720446F776E0043616E20626520636175736564206279204F51
S32560251F00766572636C6F636B696E6720772F6F204865617473696E6B206F72206F74686542
S32560251F207220756E6B6E6F776E20726561736F6E00202042726561646372756D6220230052
S32560251F4020283078002121214D656D496E64657846696C653A3A636C6F73650A0009242427
S32560251F602570203D206D616C6C6F63282575290A000924242570203D207265616C6C6F6312
S32560251F802825702C202575290A00212121496E6465784D656D46533A3A6F70656E002D2D4D
S32560251FA02D2D004E2F41005A3D20003F3F3F004C3A492F4F204366672020523A4170702080
S32560251FC04D656E750041646420537465700044656C205374657000257320252E3332730068
S32560251FE02325732020252E31307300242424204661696C656420746F207365656B20746F95
S3256025200020657874656E6420496E646578207265636F72643A257520616464723A256C6C10
S32560252020750A00242424204661696C656420746F20777269746520496E6465782072656305
S325602520406F72643A202575206279746573207772697474656E3A2025750A00242424204678
S3256025206061696C656420746F207365656B20666F7220777269746520496E6465782072654A
S32560252080636F72643A20257520616464723A256C6C75204375723A20256C6C750A0024244A
S325602520A024204661696C656420746F207365656B20666F72207265616420496E64657820E6
S325602520C07265636F72643A20257520616464723A256C6C75204375723A20256C6C750A007B
S325602520E0242424204661696C656420746F207265616420496E646578207265636F72643AD4
S32560252100202575207365656B3A257520627974657320526561643A2025750A002F6D74707D
S32560252120696E6465782E6461740053657475703A20526573657400526573657420617070C3
S325602521406C69636174696F6E0073657474696E6773206F6E20454550524F4D3F000A466953
S325602521606C6573797374656D20666F726D6174746564202D20416C6C2066696C657320653A
S32560252180726173656420210025642F2575200025732F2573004661696C656420746F206FBC
S325602521A070656E20496E6465782066696C65206F6E2073746F72616765206E756D626572BE
S325602521C020256420747279206D656D6F72792046696C650A0063616E6E6F74206F70656E94
S325602521E020496E6465782066696C65002530347525303275253032755425303275253032AF
S3256025220075253032750020203E3E204D6F76652073616D652073746F726167650020203EF6
S325602522203E204D6F7665206469666665726E742073746F726167652066696C650020203E59
S325602522403E204D6F7665206469666665726E742073746F72616765206469726563746F72FB
S325602522607900202020203E3E204166746572206D6B64697200202020203E3E204166746579
S3256025228072204F70656E46696C654279496E646578000A4D6564696120696E736572746558
S325602522A06420222573222825752920222573220A000A4D656469612072656D6F7665642026
S325602522C022257322282575290A00434F52450052414D2028667265652900564552530047FF
S325602522E046580041444300414443202876616C7565290041444320286E6F697365290041FF
S325602523005544494F004C3A637572736F722020202020523A61646A75737400286D69737342
S32560252320696E67206D73672900766563746F723A3A5F4D5F72616E67655F636865636B3A8E
S32560252340205F5F6E2028776869636820697320257A7529203E3D20746869732D3E73697ABE
S325602523606528292028776869636820697320257A7529005045575045572E544D5000505AC7
S32560252380005058005772697465204552524F522021210046696C65204552524F5220212167
S325602523A00054656D7046696C65204552522021210063616E6E6F7420637265617465207367
S325602523C074643A3A6465717565206C6172676572207468616E206D61785F73697A652829D9
S325602523E0004472756D004261636B20497420557021005363616C6545646974005363616C75
S325602524006520456469746F7200506F6E6720322E30005265666572656E63657300566F6CCE
S32560252420746167657300416369642043757264730043686F7264730056697A6E75746372A3
S3256025244061636B657220737765657400427974656265617473004469616C6563746963205E
S3256025246050696E6720506F6E670042616C6C730053657175696E73003278205365717565EC
S325602524806E63657200506971756564003478204547004C6F772D72656E7473004C6F72652C
S325602524A06E7A0051756164726174757269610051756164726174757265204C464F004D6555
S325602524C074612D51003278205175616E74697A6572005175616E7465726D61696E00347860
S325602524E0205175616E74697A6572004175746F6D61746F6E6E65747A00566563746F72730F
S325602525000048617272696E67746F6E20313230300054726961647300436F706965724D61BA
S32560252520736368696E65004E657572616C204E6574776F726B004461726B6E657373004D9D
S3256025254049444920492F4F005363656E65730043616C69627261746F720053657474696E58
S32560252560677300436C6B2D3100000000000000000000000000000000000000000600000078
S32560252580FFFFFFFFFFFFFFFF0400000005000000060000000700000001000000020000009F
S325602525A00300000009100F1615000000007B9A170029DE07030000000102031002000000E5
S325602525C001000000020000000300000004000000050000000600000007000000B80D00206F
S325602525E000000000E803000000000000AC0D002000003A40989E206000000000000000005C
S3256025260000000000000000000000000000000000000000000000000000000000000000002F
S3256025262000000000000000000000000000000000000000000000000000000000000000000F
S3256025264000C03940289E206000000000000000000000000000000000000000000000000070
S325602526600000000000000000000000000000000000000000000000000000000000000000CF
S325602526800000000000000000000000000000000005FF04FF0E170000880D002000000000CE
S325602526A0E80300000000000000003F40089F206000000000000000000000000000000000FE
S325602526C000000000000000000000000000000000000000000000000000000000000000006F
S325602526E000000000000000000000000000000000000000000000000000000000000000004F
S3256025270000000000000000000000000000000000000000000000000000000000000000002E
S3256025272000000000000000000000000000000000000000000000000000000000000000000E
S325602527400000000000000000000000000000000000000000000000000000000000000000EE
S325602527600000000000000000000000000000000000000000000000000000000000000000CE
S325602527800000000000000000000000000000000000000000000000000000000000000000AE
S325602527A000000000000000000000000000000000000000000000000000000000000000008E
S325602527C00000000000000000000000000000000000000000000000000A09AED580A83FD39E
S325602527E000408D142000A1C8DA1281CFD9F1DB402EA4A608070600000000000080000000B6
S325602528000000000080000000580D002000000000E80300000000000000401940B00F0120C4
S32560252820000000002C570120EC560120000000000000000028000000400000002800000076
S325602528404000000000000000000000000000000000000000000000000000000000000000AD
S325602528600000000000000000000000000000000000000000000000000000000000000000CD
S325602528800000000000000000000000000000000000000000000000000000000000000000AD
S325602528A000000000000000000000000000000000000000000000000000000000000000008D
S325602528C000000000000000000000000000000000000000000000000000000000000000006D
S325602528E000000000000000000000000000000000000000000000000000000000000000004D
S3256025290000000000000000000000000000000000000000000000000000000000000000002C
S3256025292000000000000000000000000000000000000000000000000000000000000000000C
S325602529400000000000000000000000000000000000000000000000000000000000000000EC
S325602529600000000000000000000000000000000000000000000000000000000000000000CC
S325602529800000000000000000000000000000000000000000000000000000000000000000AC
S325602529A000000000000000000000000000000000000000000000000000000000000000008C
S325602529C000000000000000000000000000000000000000000000000000000000000000006C
S325602529E000000000000000000000000000000000000000000000000000000000000000004C
S32560252A0000000000000000000000000000000000000000000000000000000000000000002B
S32560252A2000000000000000000000000000000000000000000000000000000000000000000B
S32560252A400000000000000000000000000000000000000000000000000000000000000000EB
S32560252A600000000000000000000000000000000000000000000000000000000000000000CB
S32560252A800000000000000000000000000000000000000000000000000000000000000000AB
S32560252AA000000000000000000000000000000000000000000000000000000000000000008B
S32560252AC000000000000000000000000000000000000000000000000000000000000000006B
S32560252AE000000000000000000000000000000000000000000000000000000000000000004B
S32560252B0000000000000000000000000000000000000000000000000000000000000000002A
S32560252B2000000000000000000000000000000000000000000000000000000000000000000A
S32560252B400000000000000000000000000000000000000000000000000000000000000000EA
S32560252B600000000000000000000000000000000000000000000000000000000000000000CA
S32560252B800000000000000000000000000000000000000000000000000000000000000000AA
S32560252BA000000000000000000000000000000000000000000000000000000000000000008A
S32560252BC000000000000000000000000000000000000000000000000000000000000000006A
S32560252BE000000000000000000000000000000000000000000000000000000000000000004A
S32560252C00000000000000000000000000000000000000000000000000000000000000000029
S32560252C20000000000000000000000000000000000000000000000000000000000000000009
S32560252C400000000000000000000000000000000000000000000000000000000000000000E9
S32560252C600000000000000000000000000000000000000000000000000000000000000000C9
S32560252C800000000000000000000000000000000000000000000000000000000000000000A9
S32560252CA000000000000000000000000000000000000000000000000000000000FF01000089
S32560252CC0000000000000000000000000000000000000000000000000000000000000000069
S32560252CE0000000000000000000000000000000000000000000000000000000000000000049
S32560252D00000000000000000000000000000000000000000000000000000000000000000028
S32560252D20000000000000000000000000000000000000000000000000000000000000000008
S32560252D400000000000000000000000000000000000000000000000000000000000000000E8
S32560252D600000000000000000000000000000000000000000000000000000000000000000C8
S32560252D800000000000000000000000000000000000000000000000000000000000000000A8
S32560252DA0000000000000000000000000000000000000000000000000000000000000000088
S32560252DC0000000000000000000000000000000000000000000000000000000000000000068
S32560252DE0000000000000000000000000000000000000000000000000000000000000000048
S32560252E00000000000000000000000000000000000000000000000000000000005C0B0020A0
S32560252E2000000000E803000000000000000000005C0B002000000000E803000000000000AA
S32560252E40000000005C0B002000000000E80300000000000000000000000000000000000075
S32560252E60000000000000000000000000FEFFFFFF00000000000000000000000000000000CC
S32560252E800000000000000000C8000000000000000000000000000000000000000000FFFFE1
S32560252EA000000000000000000000000000000000000000000000000000000000180D002042
S32560252EC0000000000000000000000000000000000000000000000000000000000000000067
S32560252EE0000000000000000000000000000000000000000000000000000000000000000047
S32560252F00000000000000000000000000000000000000000000000000000000000000000026
S32560252F20000000000000000000000000000000000000000000000000000000000000000006
S32560252F400000000000000000000000000000000000000000000000000000000000000000E6
S32560252F600000000000000000000000000000000000000000000000000000000000000000C6
S32560252F80000000000000000001000000071800007B1202000000000074C00F400C00000068
S32560252FA0220000000100000048851F4001000000300000000200000048851F4000000000D8
S32560252FC023000000010000004C851F4001000000FF000000FF000000000000000000000013
S32560252FE032024000260018007B0000000000000080000000400D0300000000001000FFFF3B
S3256025300000000000FFFFFFFFFFFFFFFF00000000000000000000000000000000000000002D
S325602530200000000000000000000000000000000000000000FFFFFFFF000000000000000009
S3256025304000000000010000000000000001000000FFFFFFFF000000000000000002000000E5
S325602530600000000000000000010000000200000000000000000000000200000001000000BF
S32560253080FEFFFFFF00000000000000000100000000000000010000000100000002000000A5
S325602530A0FFFFFFFFFFFFFFFF0000000000000000010000000000000001000000000000008B
S325602530C0FFFFFFFF00000000FFFFFFFF02000000FFFFFFFFFFFFFFFF010000000100000071
S325602530E0FFFFFFFF010000000100000054203100010000000100000044C6002049C6002047
S325602531004EC6002053C6002058C600205DC6002062C6002067C60020800000000000000021
S32560253120FF00000041E700200000000004000000E0842120181900005C0B0020000000005C
S32560253140E80300000000000000000000AF00000000320000001900000600000003000000F6
S32560253160000000000032000000190000060000000300000000000000003200000019000025
S32560253180060000000300000000000000003200000019000006000000030000000000000047
S325602531A00032000000190000060000000300000000000000003200000019000006000000DF
S325602531C00300000000000000003200000019000006000000030000000000000000320000DB
S325602531E00019000006000000030000000000000000320000001900000600000003000000CE
S32560253200000000000032000000190000060000000300000000000000003200000019000084
S325602532200600000003000000000000000032000000190000060000000300000000000000A6
S3256025324000320000001900000600000003000000000000000032000000190000060000003E
S3256025326003000000000000000032000000190000060000000300000000000000003200003A
S3256025328000190000060000000300000000000000003200000019000006000000030000002D
S325602532A00000000000320000001900000600000003000000000000000032000000190000E4
S325602532C0060000000300000000000000003200000019000006000000030000000000000006
S325602532E000320000001900000600000003000000000000000032000000190000060000009E
S32560253300030000000000000000320000001900000600000003000000000000000032000099
S3256025332000190000060000000300000000000000003200000019000006000000030000008C
S32560253340000000000032000000190000060000000300000000000000003200000019000043
S32560253360060000000300000000000000003200000019000006000000030000000000000065
S325602533800032000000190000060000000300000000000000003200000019000006000000FD
S325602533A0030000000000000000202000FFFFFFFFFFFFFFFF00000000430000000000000004
S325602533C000000000000000000000000000000000000000000000000043000000000000001F
S325602533E00000000000000000000000000000000000000000000000004300000000000000FF
S325602534000000000000000000000000000000000000000000000000004300000000000000DE
S325602534200000000000000000000000000000000000000000000000004300000000000000BE
S3256025344000000000000000000000000000000000000000000000000043000000000000009E
S3256025346000000000000000000000000000000000000000000000000043000000000000007E
S325602534800000000000000000000000000000000000000000000000008B2C0300751D030052
S325602534A00000000062BF0020E2EA00203EF600203EF600203EF600203EF600203EF60020B0
S325602534C03EF600203EF600203EF600203EF60020FFFFFFFFFFFFFFFFFFFFFFFFFFFF00001F
S325602534E00100415343494900000000000000000000000000000000000000000000000000D7
S325602535000000415343494900000000000000000000000000000000000000000000000000B7
S32560253520000000000000000003000000E4F6012000000000E4F601204CF70120B4F70120D7
S325602535400000000000000000000000000000000000000000000000000000000000000000E0
S32560253560000000000000000000000000000000000000000000000000000000005415012036
S3256025358001000C03000000000000000000000000000000000000000018035000680061005C
S325602535A07A0065007200760069006C006C00650006C9FF0904A15C7508150026FF009540AF
S325602535C00975810295200976910295040976B102C01201000200000040C0168504800201D6
S325602535E0020301290000000000000000000000000000000000000000000000000000000011
S3256025360000000000000000000000000000000000000000000000000000000000000000001F
S325602536200000000000000000000000000000000000000000000000000000000000000000FF
S325602536400000000000000000000000000000000000000000000000000000000000000000DF
S325602536600000000000000000000000000000000000000000000000000000000000000000BF
S3256025368000000000000000000000000000000000000000000000000000000000000000009F
S325602536A000000000000000000000000000000000000000000000000000000000000000007F
S325602536C000000000000000000000000000000000000000000000000000000000000000005F
S325602536E000000000000000000000000000000000000000000000000000000000000000003F
S3256025370000000000000000000000000000000000000000000000000000000000000000001E
S325602537200000000000000000000000000000000000000000000000000000000000000000FE
S325602537400000000000000000000000000000000000000000000000000000000000000000DE
S325602537600000000000000000000000000000000000000000000000000000000000000000BE
S3256025378000000000000000000000000000000000000000000000000000000000000000009E
S325602537A000000000000000000000000000000000000000000000000000000000000000007E
S325602537C000000000000000000000000000000000000000000000000000000000000000005E
S325602537E000000000000000000000000000000000000000000000000000000000000000003E
S3256025380000000000000000000000000000000000000000000000000000000000000000001D
S325602538200000000000000000000000000000000000000000000000000000000000000000FD
S325602538400000000000000000000000000000000000000000000000000000000000000000DD
S325602538600000000000000000000000000000000000000000000000000000000000000000BD
S3256025388000000000000000000000000000000000000000000000000000000000000000009D
S325602538A000000000000000000000000000000000000000000000000000000000000000007D
S325602538C000000000000000000000000000000000000000000000000000000000000000005D
S325602538E000000000000000000000000000000000000000000000000000000000000000003D
S3256025390000000000000000000000000000000000000000000000000000000000000000001C
S325602539200000000000000000000000000000000000000000000000000000000000000000FC
S325602539400000000000000000000000000000000000000000000000000000000000000000DC
S325602539600000000000000000000000000000000000000000000000000000000000000000BC
S3256025398000000000000000000000000000000000000000000000000000000000000000009C
S325602539A000000000000000000000000000000000000000000000000000000000000000007C
S325602539C000000000000000000000000000000000000000000000000000000000000000005C
S325602539E000000000000000000000000000000000000000000000000000000000000000003C
S32560253A0000000000000000000000000000000000000000000000000000000000000000001B
S32560253A200000000000000000000000000000000000000000000000000000000000000000FB
S32560253A400000000000000000000000000000000000000000000000000000000000000000DB
S32560253A600000000000000000000000000000000000000000000000000000000000000000BB
S32560253A8000000000000000000000000000000000000000000000000000000000FFFFFFFF9F
S32560253AA0FFFFFFFFFFFFFFFFFFFFFFFFFFFFFFFFFFFFFFFFFFFFFFFFFFFFFFFFFFFFFFFF9B
S32560253AC0FFFFFFFFFFFFFFFFFFFFFFFFFFFFFFFFFFFFFFFFFFFFFFFFFFFFFFFFFFFFFFFF7B
S32560253AE0FFFFFFFFFFFFFFFFFFFFFFFFFFFFFFFFFFFFFFFFFFFFFFFFFFFFFFFFFFFFFFFF5B
S32560253B00FFFFFFFFFFFFFFFFFFFFFFFFFFFFFFFFFFFFFFFFFFFFFFFFFFFFFFFFFFFFFFFF3A
S32560253B20FFFFFFFFFFFFFFFFFFFFFFFFFFFFFFFFFFFFFFFFFFFFFFFFFFFFFFFFFFFFFFFF1A
S32560253B40FFFFFFFFFFFFFFFFFFFFFFFFFFFFFFFFFFFFFFFFFFFFFFFFFFFFFFFFFFFFFFFFFA
S32560253B60FFFFFFFFFFFFFFFFFFFFFFFFFFFFFFFFFFFFFFFFFFFFFFFFFFFFFFFFFFFFFFFFDA
S32560253B80FFFFFFFFFFFFFFFFFFFFFFFFFFFFFFFFFFFFFFFFFFFFFFFFFFFFFFFFFFFFFFFFBA
S32560253BA0FFFFFFFFFFFFFFFFFFFFFFFFFFFFFFFFFFFFFFFFFFFFFFFFFFFFFFFFFFFFFFFF9A
S32560253BC0FFFFFFFFFFFFFFFFFFFFFFFFFFFFFFFFFFFFFFFFFFFFFFFFFFFFFFFFFFFFFFFF7A
S32560253BE0FFFFFFFFFFFFFFFFFFFFFFFFFFFFFFFFFFFFFFFFFFFFFFFFFFFFFFFFFFFFFFFF5A
S32560253C00000000000000000000000000000000000000000000000000000000000000000019
S32560253C200000000000000000000000000000000000000000000000000000000000000000F9
S32560253C400000000000000000000000000000000000000000000000000000000000000000D9
S32560253C600000000000000000000000000000000000000000000000000000000000000000B9
S32560253C80000000000000000000000000000000000000000000000000000000000000000099
S32560253CA0000000000000000000000000000000000000000000000000000000000000000079
S32560253CC0000000000000000000000000000000000000000000000000000000000000000059
S32560253CE0000000000000000000000000000000000000000000000000000000000000000039
S32560253D00000000000000000000000000000000000000000000000000000000000000000018
S32560253D200000000000000000000000000000000000000000000000000000000000000000F8
S32560253D400000000000000000000000000000000000000000000000000000000000000000D8
S32560253D600000000000000000000000000000000000000000000000000000000000000000B8
S32560253D80000000000000000000000000000000000000000000000000000000000000000098
S32560253DA0000000000000000000000000000000000000000000000000000000000000000078
S32560253DC0000000000000000000000000000000000000000000000000000000000000000058
S32560253DE0000000000000000000000000000000000000000000000000000000000000000038
S32560253E00000000000000000000000000000000000000000000000000000000000000000017
S32560253E200000000000000000000000000000000000000000000000000000000000000000F7
S32560253E400000000000000000000000000000000000000000000000000000000000000000D7
S32560253E600000000000000000000000000000000000000000000000000000000000000000B7
S32560253E80000000000000000000000000000000000000000000000000000000000000000097
S32560253EA0000000000000000000000000000000000000000000000000000000000000000077
S32560253EC0000000000000000000000000000000000000000000000000000000000000000057
S32560253EE0000000000000000000000000000000000000000000000000000000000000000037
S32560253F00000000000000000000000000000000000000000000000000000000000000000016
S32560253F200000000000000000000000000000000000000000000000000000000000000000F6
S32560253F400000000000000000000000000000000000000000000000000000000000000000D6
S32560253F600000000000000000000000000000000000000000000000000000000000000000B6
S32560253F80000000000000000000000000000000000000000000000000000000000000000096
S32560253FA0000000000000000000000000000000000000000000000000000000000000000076
S32560253FC0000000000000000000000000000000000000000000000000000000000000000056
S32560253FE0000000000000000000000000000000000000000000000000000000000000000036
S32560254000000000000000000000000000000000000000000000000000000000000000000015
S325602540200000000000000000000000000000000000000000000000000000000000000000F5
S325602540400000000000000000000000000000000000000000000000000000000000000000D5
S325602540600000000000000000000000000000000000000000000000000000000000000000B5
S32560254080000000000000000000000000000000000000000000000000000000000000000095
S325602540A0000000000000000000000000000000000000000000000000000000000000000075
S325602540C0000000000000000000000000000000000000000000000000000000000000000055
S325602540E0000000000000000000000000000000000000000000000000000000000000000035
S32560254100000000000000000000000000000000000000000000000000000000000000000014
S325602541200000000000000000000000000000000000000000000000000000000000000000F4
S325602541400000000000000000000000000000000000000000000000000000000000000000D4
S325602541600000000000000000000000000000000000000000000000000000000000000000B4
S32560254180000000000000000000000000000000000000000000000000000000000000000094
S325602541A0000000000000000000000000000000000000000000000000000000000000000074
S325602541C0000000000000000000000000000000000000000000000000000000000000000054
S325602541E0000000000000000000000000000000000000000000000000000000000000000034
S32560254200000000000000000000000000000000000000000000000000000000000000000013
S325602542200000000000000000000000000000000000000000000000000000000000000000F3
S325602542400000000000000000000000000000000000000000000000000000000000000000D3
S325602542600000000000000000000000000000000000000000000000000000000000000000B3
S32560254280000000000000000000000000000000000000000000000000000000000000000093
S325602542A0000000000000000000000000000000000000000000000000000000000000000073
S325602542C0000000000000000000000000000000000000000000000000000000000000000053
S325602542E0000000000000000000000000000000000000000000000000000000000000000033
S32560254300000000000000000000000000000000000000000000000000000000000000000012
S325602543200000000000000000000000000000000000000000000000000000000000000000F2
S325602543400000000000000000000000000000000000000000000000000000000000000000D2
S325602543600000000000000000000000000000000000000000000000000000000000000000B2
S32560254380000000000000000000000000000000000000000000000000000000000000000092
S325602543A0000000000000000000000000000000000000000000000000000000000000000072
S325602543C0000000000000000000000000000000000000000000000000000000000000000052
S325602543E0000000000000000000000000000000000000000000000000000000000000000032
S32560254400000000000000000000000000000000000000000000000000000000000000000011
S325602544200000000000000000000000000000000000000000000000000000000000000000F1
S325602544400000000000000000000000000000000000000000000000000000000000000000D1
S325602544600000000000000000000000000000000000000000000000000000000000000000B1
S32560254480000000000000000000000000000000000000000000000000000000000000000091
S325602544A0000000000000000000000000000000000000000000000000000000000000000071
S325602544C0000000000000000000000000000000000000000000000000000000000000000051
S325602544E0000000000000000000000000000000000000000000000000000000000000000031
S32560254500000000000000000000000000000000000000000000000000000000000000000010
S325602545200000000000000000000000000000000000000000000000000000000000000000F0
S325602545400000000000000000000000000000000000000000000000000000000000000000D0
S325602545600000000000000000000000000000000000000000000000000000000000000000B0
S32560254580000000000000000000000000000000000000000000000000000000000000000090
S325602545A0000000000000000000000000000000000000000000000000000000000000000070
S325602545C0000000000000000000000000000000000000000000000000000000000000000050
S325602545E0000000000000000000000000000000000000000000000000000000000000000030
S3256025460000000000000000000000000000000000000000000000000000000000000000000F
S325602546200000000000000000000000000000000000000000000000000000000000000000EF
S325602546400000000000000000000000000000000000000000000000000000000000000000CF
S325602546600000000000000000000000000000000000000000000000000000000000000000AF
S3256025468000000000000000000000000000000000000000000000000000000000000000008F
S325602546A000000000000000000000000000000000000000000000000000000000000000006F
S325602546C000000000000000000000000000000000000000000000000000000000000000004F
S325602546E000000000000000000000000000000000000000000000000000000000000000002F
S3256025470000000000000000000000000000000000000000000000000000000000000000000E
S325602547200000000000000000000000000000000000000000000000000000000000000000EE
S325602547400000000000000000000000000000000000000000000000000000000000000000CE
S325602547600000000000000000000000000000000000000000000000000000000000000000AE
S3256025478000000000000000000000000000000000000000000000000000000000000000008E
S325602547A000000000000000000000000000000000000000000000000000000000000000006E
S325602547C000000000000000000000000000000000000000000000000000000000000000004E
S325602547E000000000000000000000000000000000000000000000000000000000000000002E
S5032A4092
