:0200000460207A
:20000000464346420000015600000000010102000000000000000000000000000000000074
:200020000000000000000000000000000000000000000000000000000000000000000000C0
:20004000000000000104060100000000000000000000800000000000000000000000000014
:20006000000000000000000000000000000000000000000000000000000000000000000080
:20008000EB04180AFF1E0432012600000000000000000000000000000000000000000000D5
:2000A000000000000000000000000000000000000000000000000000000000000000000040
:2000C000000000000000000000000000000000000000000000000000000000000000000020
:2000E000000000000000000000000000000000000000000000000000000000000000000000
:200100000000000000000000000000000000000000000000000000000000000000000000DF
:200120000000000000000000000000000000000000000000000000000000000000000000BF
:2001400000000000000000000000000000000000000000000000000000000000000000009F
:2001600000000000000000000000000000000000000000000000000000000000000000007F
:2001800000000000000000000000000000000000000000000000000000000000000000005F
:2001A00000000000000000000000000000000000000000000000000000000000000000003F
:2001C00000010000001000000100000000000000000001000000000000000000000000000C
:2001E0000000000000000000000000000000000000000000000000000000000000000000FF
:20020000FFFFFFFFFFFFFFFFFFFFFFFFFFFFFFFFFFFFFFFFFFFFFFFFFFFFFFFFFFFFFFFFFE
:20022000FFFFFFFFFFFFFFFFFFFFFFFFFFFFFFFFFFFFFFFFFFFFFFFFFFFFFFFFFFFFFFFFDE
:20024000FFFFFFFFFFFFFFFFFFFFFFFFFFFFFFFFFFFFFFFFFFFFFFFFFFFFFFFFFFFFFFFFBE
:20026000FFFFFFFFFFFFFFFFFFFFFFFFFFFFFFFFFFFFFFFFFFFFFFFFFFFFFFFFFFFFFFFF9E
:20028000FFFFFFFFFFFFFFFFFFFFFFFFFFFFFFFFFFFFFFFFFFFFFFFFFFFFFFFFFFFFFFFF7E
:2002A000FFFFFFFFFFFFFFFFFFFFFFFFFFFFFFFFFFFFFFFFFFFFFFFFFFFFFFFFFFFFFFFF5E
:2002C000FFFFFFFFFFFFFFFFFFFFFFFFFFFFFFFFFFFFFFFFFFFFFFFFFFFFFFFFFFFFFFFF3E
:2002E000FFFFFFFFFFFFFFFFFFFFFFFFFFFFFFFFFFFFFFFFFFFFFFFFFFFFFFFFFFFFFFFF1E
:20030000FFFFFFFFFFFFFFFFFFFFFFFFFFFFFFFFFFFFFFFFFFFFFFFFFFFFFFFFFFFFFFFFFD
:20032000FFFFFFFFFFFFFFFFFFFFFFFFFFFFFFFFFFFFFFFFFFFFFFFFFFFFFFFFFFFFFFFFDD
:20034000FFFFFFFFFFFFFFFFFFFFFFFFFFFFFFFFFFFFFFFFFFFFFFFFFFFFFFFFFFFFFFFFBD
:20036000FFFFFFFFFFFFFFFFFFFFFFFFFFFFFFFFFFFFFFFFFFFFFFFFFFFFFFFFFFFFFFFF9D
:20038000FFFFFFFFFFFFFFFFFFFFFFFFFFFFFFFFFFFFFFFFFFFFFFFFFFFFFFFFFFFFFFFF7D
:2003A000FFFFFFFFFFFFFFFFFFFFFFFFFFFFFFFFFFFFFFFFFFFFFFFFFFFFFFFFFFFFFFFF5D
:2003C000FFFFFFFFFFFFFFFFFFFFFFFFFFFFFFFFFFFFFFFFFFFFFFFFFFFFFFFFFFFFFFFF3D
:2003E000FFFFFFFFFFFFFFFFFFFFFFFFFFFFFFFFFFFFFFFFFFFFFFFFFFFFFFFFFFFFFFFF1D
:20040000FFFFFFFFFFFFFFFFFFFFFFFFFFFFFFFFFFFFFFFFFFFFFFFFFFFFFFFFFFFFFFFFFC
:20042000FFFFFFFFFFFFFFFFFFFFFFFFFFFFFFFFFFFFFFFFFFFFFFFFFFFFFFFFFFFFFFFFDC
:20044000FFFFFFFFFFFFFFFFFFFFFFFFFFFFFFFFFFFFFFFFFFFFFFFFFFFFFFFFFFFFFFFFBC
:20046000FFFFFFFFFFFFFFFFFFFFFFFFFFFFFFFFFFFFFFFFFFFFFFFFFFFFFFFFFFFFFFFF9C
:20048000FFFFFFFFFFFFFFFFFFFFFFFFFFFFFFFFFFFFFFFFFFFFFFFFFFFFFFFFFFFFFFFF7C
:2004A000FFFFFFFFFFFFFFFFFFFFFFFFFFFFFFFFFFFFFFFFFFFFFFFFFFFFFFFFFFFFFFFF5C
:2004C000FFFFFFFFFFFFFFFFFFFFFFFFFFFFFFFFFFFFFFFFFFFFFFFFFFFFFFFFFFFFFFFF3C
:2004E000FFFFFFFFFFFFFFFFFFFFFFFFFFFFFFFFFFFFFFFFFFFFFFFFFFFFFFFFFFFFFFFF1C
:20050000FFFFFFFFFFFFFFFFFFFFFFFFFFFFFFFFFFFFFFFFFFFFFFFFFFFFFFFFFFFFFFFFFB
:20052000FFFFFFFFFFFFFFFFFFFFFFFFFFFFFFFFFFFFFFFFFFFFFFFFFFFFFFFFFFFFFFFFDB
:20054000FFFFFFFFFFFFFFFFFFFFFFFFFFFFFFFFFFFFFFFFFFFFFFFFFFFFFFFFFFFFFFFFBB
:20056000FFFFFFFFFFFFFFFFFFFFFFFFFFFFFFFFFFFFFFFFFFFFFFFFFFFFFFFFFFFFFFFF9B
:20058000FFFFFFFFFFFFFFFFFFFFFFFFFFFFFFFFFFFFFFFFFFFFFFFFFFFFFFFFFFFFFFFF7B
:2005A000FFFFFFFFFFFFFFFFFFFFFFFFFFFFFFFFFFFFFFFFFFFFFFFFFFFFFFFFFFFFFFFF5B
:2005C000FFFFFFFFFFFFFFFFFFFFFFFFFFFFFFFFFFFFFFFFFFFFFFFFFFFFFFFFFFFFFFFF3B
:2005E000FFFFFFFFFFFFFFFFFFFFFFFFFFFFFFFFFFFFFFFFFFFFFFFFFFFFFFFFFFFFFFFF1B
:20060000FFFFFFFFFFFFFFFFFFFFFFFFFFFFFFFFFFFFFFFFFFFFFFFFFFFFFFFFFFFFFFFFFA
:20062000FFFFFFFFFFFFFFFFFFFFFFFFFFFFFFFFFFFFFFFFFFFFFFFFFFFFFFFFFFFFFFFFDA
:20064000FFFFFFFFFFFFFFFFFFFFFFFFFFFFFFFFFFFFFFFFFFFFFFFFFFFFFFFFFFFFFFFFBA
:20066000FFFFFFFFFFFFFFFFFFFFFFFFFFFFFFFFFFFFFFFFFFFFFFFFFFFFFFFFFFFFFFFF9A
:20068000FFFFFFFFFFFFFFFFFFFFFFFFFFFFFFFFFFFFFFFFFFFFFFFFFFFFFFFFFFFFFFFF7A
:2006A000FFFFFFFFFFFFFFFFFFFFFFFFFFFFFFFFFFFFFFFFFFFFFFFFFFFFFFFFFFFFFFFF5A
:2006C000FFFFFFFFFFFFFFFFFFFFFFFFFFFFFFFFFFFFFFFFFFFFFFFFFFFFFFFFFFFFFFFF3A
:2006E000FFFFFFFFFFFFFFFFFFFFFFFFFFFFFFFFFFFFFFFFFFFFFFFFFFFFFFFFFFFFFFFF1A
:20070000FFFFFFFFFFFFFFFFFFFFFFFFFFFFFFFFFFFFFFFFFFFFFFFFFFFFFFFFFFFFFFFFF9
:20072000FFFFFFFFFFFFFFFFFFFFFFFFFFFFFFFFFFFFFFFFFFFFFFFFFFFFFFFFFFFFFFFFD9
:20074000FFFFFFFFFFFFFFFFFFFFFFFFFFFFFFFFFFFFFFFFFFFFFFFFFFFFFFFFFFFFFFFFB9
:20076000FFFFFFFFFFFFFFFFFFFFFFFFFFFFFFFFFFFFFFFFFFFFFFFFFFFFFFFFFFFFFFFF99
:20078000FFFFFFFFFFFFFFFFFFFFFFFFFFFFFFFFFFFFFFFFFFFFFFFFFFFFFFFFFFFFFFFF79
:2007A000FFFFFFFFFFFFFFFFFFFFFFFFFFFFFFFFFFFFFFFFFFFFFFFFFFFFFFFFFFFFFFFF59
:2007C000FFFFFFFFFFFFFFFFFFFFFFFFFFFFFFFFFFFFFFFFFFFFFFFFFFFFFFFFFFFFFFFF39
:2007E000FFFFFFFFFFFFFFFFFFFFFFFFFFFFFFFFFFFFFFFFFFFFFFFFFFFFFFFFFFFFFFFF19
:20080000FFFFFFFFFFFFFFFFFFFFFFFFFFFFFFFFFFFFFFFFFFFFFFFFFFFFFFFFFFFFFFFFF8
:20082000FFFFFFFFFFFFFFFFFFFFFFFFFFFFFFFFFFFFFFFFFFFFFFFFFFFFFFFFFFFFFFFFD8
:20084000FFFFFFFFFFFFFFFFFFFFFFFFFFFFFFFFFFFFFFFFFFFFFFFFFFFFFFFFFFFFFFFFB8
:20086000FFFFFFFFFFFFFFFFFFFFFFFFFFFFFFFFFFFFFFFFFFFFFFFFFFFFFFFFFFFFFFFF98
:20088000FFFFFFFFFFFFFFFFFFFFFFFFFFFFFFFFFFFFFFFFFFFFFFFFFFFFFFFFFFFFFFFF78
:2008A000FFFFFFFFFFFFFFFFFFFFFFFFFFFFFFFFFFFFFFFFFFFFFFFFFFFFFFFFFFFFFFFF58
:2008C000FFFFFFFFFFFFFFFFFFFFFFFFFFFFFFFFFFFFFFFFFFFFFFFFFFFFFFFFFFFFFFFF38
:2008E000FFFFFFFFFFFFFFFFFFFFFFFFFFFFFFFFFFFFFFFFFFFFFFFFFFFFFFFFFFFFFFFF18
:20090000FFFFFFFFFFFFFFFFFFFFFFFFFFFFFFFFFFFFFFFFFFFFFFFFFFFFFFFFFFFFFFFFF7
:20092000FFFFFFFFFFFFFFFFFFFFFFFFFFFFFFFFFFFFFFFFFFFFFFFFFFFFFFFFFFFFFFFFD7
:20094000FFFFFFFFFFFFFFFFFFFFFFFFFFFFFFFFFFFFFFFFFFFFFFFFFFFFFFFFFFFFFFFFB7
:20096000FFFFFFFFFFFFFFFFFFFFFFFFFFFFFFFFFFFFFFFFFFFFFFFFFFFFFFFFFFFFFFFF97
:20098000FFFFFFFFFFFFFFFFFFFFFFFFFFFFFFFFFFFFFFFFFFFFFFFFFFFFFFFFFFFFFFFF77
:2009A000FFFFFFFFFFFFFFFFFFFFFFFFFFFFFFFFFFFFFFFFFFFFFFFFFFFFFFFFFFFFFFFF57
:2009C000FFFFFFFFFFFFFFFFFFFFFFFFFFFFFFFFFFFFFFFFFFFFFFFFFFFFFFFFFFFFFFFF37
:2009E000FFFFFFFFFFFFFFFFFFFFFFFFFFFFFFFFFFFFFFFFFFFFFFFFFFFFFFFFFFFFFFFF17
:200A0000FFFFFFFFFFFFFFFFFFFFFFFFFFFFFFFFFFFFFFFFFFFFFFFFFFFFFFFFFFFFFFFFF6
:200A2000FFFFFFFFFFFFFFFFFFFFFFFFFFFFFFFFFFFFFFFFFFFFFFFFFFFFFFFFFFFFFFFFD6
:200A4000FFFFFFFFFFFFFFFFFFFFFFFFFFFFFFFFFFFFFFFFFFFFFFFFFFFFFFFFFFFFFFFFB6
:200A6000FFFFFFFFFFFFFFFFFFFFFFFFFFFFFFFFFFFFFFFFFFFFFFFFFFFFFFFFFFFFFFFF96
:200A8000FFFFFFFFFFFFFFFFFFFFFFFFFFFFFFFFFFFFFFFFFFFFFFFFFFFFFFFFFFFFFFFF76
:200AA000FFFFFFFFFFFFFFFFFFFFFFFFFFFFFFFFFFFFFFFFFFFFFFFFFFFFFFFFFFFFFFFF56
:200AC000FFFFFFFFFFFFFFFFFFFFFFFFFFFFFFFFFFFFFFFFFFFFFFFFFFFFFFFFFFFFFFFF36
:200AE000FFFFFFFFFFFFFFFFFFFFFFFFFFFFFFFFFFFFFFFFFFFFFFFFFFFFFFFFFFFFFFFF16
:200B0000FFFFFFFFFFFFFFFFFFFFFFFFFFFFFFFFFFFFFFFFFFFFFFFFFFFFFFFFFFFFFFFFF5
:200B2000FFFFFFFFFFFFFFFFFFFFFFFFFFFFFFFFFFFFFFFFFFFFFFFFFFFFFFFFFFFFFFFFD5
:200B4000FFFFFFFFFFFFFFFFFFFFFFFFFFFFFFFFFFFFFFFFFFFFFFFFFFFFFFFFFFFFFFFFB5
:200B6000FFFFFFFFFFFFFFFFFFFFFFFFFFFFFFFFFFFFFFFFFFFFFFFFFFFFFFFFFFFFFFFF95
:200B8000FFFFFFFFFFFFFFFFFFFFFFFFFFFFFFFFFFFFFFFFFFFFFFFFFFFFFFFFFFFFFFFF75
:200BA000FFFFFFFFFFFFFFFFFFFFFFFFFFFFFFFFFFFFFFFFFFFFFFFFFFFFFFFFFFFFFFFF55
:200BC000FFFFFFFFFFFFFFFFFFFFFFFFFFFFFFFFFFFFFFFFFFFFFFFFFFFFFFFFFFFFFFFF35
:200BE000FFFFFFFFFFFFFFFFFFFFFFFFFFFFFFFFFFFFFFFFFFFFFFFFFFFFFFFFFFFFFFFF15
:200C0000FFFFFFFFFFFFFFFFFFFFFFFFFFFFFFFFFFFFFFFFFFFFFFFFFFFFFFFFFFFFFFFFF4
:200C2000FFFFFFFFFFFFFFFFFFFFFFFFFFFFFFFFFFFFFFFFFFFFFFFFFFFFFFFFFFFFFFFFD4
:200C4000FFFFFFFFFFFFFFFFFFFFFFFFFFFFFFFFFFFFFFFFFFFFFFFFFFFFFFFFFFFFFFFFB4
:200C6000FFFFFFFFFFFFFFFFFFFFFFFFFFFFFFFFFFFFFFFFFFFFFFFFFFFFFFFFFFFFFFFF94
:200C8000FFFFFFFFFFFFFFFFFFFFFFFFFFFFFFFFFFFFFFFFFFFFFFFFFFFFFFFFFFFFFFFF74
:200CA000FFFFFFFFFFFFFFFFFFFFFFFFFFFFFFFFFFFFFFFFFFFFFFFFFFFFFFFFFFFFFFFF54
:200CC000FFFFFFFFFFFFFFFFFFFFFFFFFFFFFFFFFFFFFFFFFFFFFFFFFFFFFFFFFFFFFFFF34
:200CE000FFFFFFFFFFFFFFFFFFFFFFFFFFFFFFFFFFFFFFFFFFFFFFFFFFFFFFFFFFFFFFFF14
:200D0000FFFFFFFFFFFFFFFFFFFFFFFFFFFFFFFFFFFFFFFFFFFFFFFFFFFFFFFFFFFFFFFFF3
:200D2000FFFFFFFFFFFFFFFFFFFFFFFFFFFFFFFFFFFFFFFFFFFFFFFFFFFFFFFFFFFFFFFFD3
:200D4000FFFFFFFFFFFFFFFFFFFFFFFFFFFFFFFFFFFFFFFFFFFFFFFFFFFFFFFFFFFFFFFFB3
:200D6000FFFFFFFFFFFFFFFFFFFFFFFFFFFFFFFFFFFFFFFFFFFFFFFFFFFFFFFFFFFFFFFF93
:200D8000FFFFFFFFFFFFFFFFFFFFFFFFFFFFFFFFFFFFFFFFFFFFFFFFFFFFFFFFFFFFFFFF73
:200DA000FFFFFFFFFFFFFFFFFFFFFFFFFFFFFFFFFFFFFFFFFFFFFFFFFFFFFFFFFFFFFFFF53
:200DC000FFFFFFFFFFFFFFFFFFFFFFFFFFFFFFFFFFFFFFFFFFFFFFFFFFFFFFFFFFFFFFFF33
:200DE000FFFFFFFFFFFFFFFFFFFFFFFFFFFFFFFFFFFFFFFFFFFFFFFFFFFFFFFFFFFFFFFF13
:200E0000FFFFFFFFFFFFFFFFFFFFFFFFFFFFFFFFFFFFFFFFFFFFFFFFFFFFFFFFFFFFFFFFF2
:200E2000FFFFFFFFFFFFFFFFFFFFFFFFFFFFFFFFFFFFFFFFFFFFFFFFFFFFFFFFFFFFFFFFD2
:200E4000FFFFFFFFFFFFFFFFFFFFFFFFFFFFFFFFFFFFFFFFFFFFFFFFFFFFFFFFFFFFFFFFB2
:200E6000FFFFFFFFFFFFFFFFFFFFFFFFFFFFFFFFFFFFFFFFFFFFFFFFFFFFFFFFFFFFFFFF92
:200E8000FFFFFFFFFFFFFFFFFFFFFFFFFFFFFFFFFFFFFFFFFFFFFFFFFFFFFFFFFFFFFFFF72
:200EA000FFFFFFFFFFFFFFFFFFFFFFFFFFFFFFFFFFFFFFFFFFFFFFFFFFFFFFFFFFFFFFFF52
:200EC000FFFFFFFFFFFFFFFFFFFFFFFFFFFFFFFFFFFFFFFFFFFFFFFFFFFFFFFFFFFFFFFF32
:200EE000FFFFFFFFFFFFFFFFFFFFFFFFFFFFFFFFFFFFFFFFFFFFFFFFFFFFFFFFFFFFFFFF12
:200F0000FFFFFFFFFFFFFFFFFFFFFFFFFFFFFFFFFFFFFFFFFFFFFFFFFFFFFFFFFFFFFFFFF1
:200F2000FFFFFFFFFFFFFFFFFFFFFFFFFFFFFFFFFFFFFFFFFFFFFFFFFFFFFFFFFFFFFFFFD1
:200F4000FFFFFFFFFFFFFFFFFFFFFFFFFFFFFFFFFFFFFFFFFFFFFFFFFFFFFFFFFFFFFFFFB1
:200F6000FFFFFFFFFFFFFFFFFFFFFFFFFFFFFFFFFFFFFFFFFFFFFFFFFFFFFFFFFFFFFFFF91
:200F8000FFFFFFFFFFFFFFFFFFFFFFFFFFFFFFFFFFFFFFFFFFFFFFFFFFFFFFFFFFFFFFFF71
:200FA000FFFFFFFFFFFFFFFFFFFFFFFFFFFFFFFFFFFFFFFFFFFFFFFFFFFFFFFFFFFFFFFF51
:200FC000FFFFFFFFFFFFFFFFFFFFFFFFFFFFFFFFFFFFFFFFFFFFFFFFFFFFFFFFFFFFFFFF31
:200FE000FFFFFFFFFFFFFFFFFFFFFFFFFFFFFFFFFFFFFFFFFFFFFFFFFFFFFFFFFFFFFFFF11
:20100000D1002043E11C206000000000000000002010206000102060003C2560000000001E
:20102000000000600048050000000000FFFFFFFFFFFFFFFFFFFFFFFFFFFFFFFFFFFFFFFF17
:20104000FFFFFFFFFFFFFFFFFFFFFFFFFFFFFFFFFFFFFFFFFFFFFFFFFFFFFFFFFFFFFFFFB0
:20106000FFFFFFFFFFFFFFFFFFFFFFFFFFFFFFFFFFFFFFFFFFFFFFFFFFFFFFFFFFFFFFFF90
:20108000FFFFFFFFFFFFFFFFFFFFFFFFFFFFFFFFFFFFFFFFFFFFFFFFFFFFFFFFFFFFFFFF70
:2010A000FFFFFFFFFFFFFFFFFFFFFFFFFFFFFFFFFFFFFFFFFFFFFFFFFFFFFFFFFFFFFFFF50
:2010C000FFFFFFFFFFFFFFFFFFFFFFFFFFFFFFFFFFFFFFFFFFFFFFFFFFFFFFFFFFFFFFFF30
:2010E000FFFFFFFFFFFFFFFFFFFFFFFFFFFFFFFFFFFFFFFFFFFFFFFFFFFFFFFFFFFFFFFF10
:20110000FFFFFFFFFFFFFFFFFFFFFFFFFFFFFFFFFFFFFFFFFFFFFFFFFFFFFFFFFFFFFFFFEF
:20112000FFFFFFFFFFFFFFFFFFFFFFFFFFFFFFFFFFFFFFFFFFFFFFFFFFFFFFFFFFFFFFFFCF
:20114000FFFFFFFFFFFFFFFFFFFFFFFFFFFFFFFFFFFFFFFFFFFFFFFFFFFFFFFFFFFFFFFFAF
:20116000FFFFFFFFFFFFFFFFFFFFFFFFFFFFFFFFFFFFFFFFFFFFFFFFFFFFFFFFFFFFFFFF8F
:20118000FFFFFFFFFFFFFFFFFFFFFFFFFFFFFFFFFFFFFFFFFFFFFFFFFFFFFFFFFFFFFFFF6F
:2011A000FFFFFFFFFFFFFFFFFFFFFFFFFFFFFFFFFFFFFFFFFFFFFFFFFFFFFFFFFFFFFFFF4F
:2011C000FFFFFFFFFFFFFFFFFFFFFFFFFFFFFFFFFFFFFFFFFFFFFFFFFFFFFFFFFFFFFFFF2F
:2011E000FFFFFFFFFFFFFFFFFFFFFFFFFFFFFFFFFFFFFFFFFFFFFFFFFFFFFFFFFFFFFFFF0F
:20120000FFFFFFFFFFFFFFFFFFFFFFFFFFFFFFFFFFFFFFFFFFFFFFFFFFFFFFFFFFFFFFFFEE
:20122000FFFFFFFFFFFFFFFFFFFFFFFFFFFFFFFFFFFFFFFFFFFFFFFFFFFFFFFFFFFFFFFFCE
:20124000FFFFFFFFFFFFFFFFFFFFFFFFFFFFFFFFFFFFFFFFFFFFFFFFFFFFFFFFFFFFFFFFAE
:20126000FFFFFFFFFFFFFFFFFFFFFFFFFFFFFFFFFFFFFFFFFFFFFFFFFFFFFFFFFFFFFFFF8E
:20128000FFFFFFFFFFFFFFFFFFFFFFFFFFFFFFFFFFFFFFFFFFFFFFFFFFFFFFFFFFFFFFFF6E
:2012A000FFFFFFFFFFFFFFFFFFFFFFFFFFFFFFFFFFFFFFFFFFFFFFFFFFFFFFFFFFFFFFFF4E
:2012C000FFFFFFFFFFFFFFFFFFFFFFFFFFFFFFFFFFFFFFFFFFFFFFFFFFFFFFFFFFFFFFFF2E
:2012E000FFFFFFFFFFFFFFFFFFFFFFFFFFFFFFFFFFFFFFFFFFFFFFFFFFFFFFFFFFFFFFFF0E
:20130000FFFFFFFFFFFFFFFFFFFFFFFFFFFFFFFFFFFFFFFFFFFFFFFFFFFFFFFFFFFFFFFFED
:20132000FFFFFFFFFFFFFFFFFFFFFFFFFFFFFFFFFFFFFFFFFFFFFFFFFFFFFFFFFFFFFFFFCD
:20134000FFFFFFFFFFFFFFFFFFFFFFFFFFFFFFFFFFFFFFFFFFFFFFFFFFFFFFFFFFFFFFFFAD
:20136000FFFFFFFFFFFFFFFFFFFFFFFFFFFFFFFFFFFFFFFFFFFFFFFFFFFFFFFFFFFFFFFF8D
:20138000FFFFFFFFFFFFFFFFFFFFFFFFFFFFFFFFFFFFFFFFFFFFFFFFFFFFFFFFFFFFFFFF6D
:2013A000FFFFFFFFFFFFFFFFFFFFFFFFFFFFFFFFFFFFFFFFFFFFFFFFFFFFFFFFFFFFFFFF4D
:2013C000FFFFFFFFFFFFFFFFFFFFFFFFFFFFFFFFFFFFFFFFFFFFFFFFFFFFFFFFFFFFFFFF2D
:2013E000FFFFFFFFFFFFFFFFFFFFFFFFFFFFFFFFFFFFFFFFFFFFFFFFFFFFFFFFFFFFFFFF0D
:20140000824205D051F8043B40F8043B8242F9D87047044A04494FF0000342F8043B9142BF
:20142000FBD87047C01A0120C0F801208FB5BFF34F8F774B08227749C3F85421764A77481F
:20144000C3F80021764A774CC3F8F020764AFFF7D7FF764A76497748FFF7D2FFFFF7D9FF03
:201460004FF0E0234FF47002C3F8882D0023724A44F823200133B02BFAD1704B8021704AB7
:2014800003F8011B9342FBD14FF0E0236D49C3F8084DD3F8242D42F4E022C3F8242DCA69F9
:2014A00022F07F0242F04002CA614A6A22F07F0242F040024A624FF0FF31634A9166D16649
:2014C0001167516700221021C3F8942DC3F89C1D5E49C3F8A01D1121C3F89C1D5C49C3F874
:2014E000A01D1221C3F89C1D5A49C3F8A01D5A49C3F89C1D5949C3F8A01D5949C3F89C1D26
:201500005849C3F8A01D584941F01501C3F89C1D5649C3F8A01D01F181510D31C3F89C1DC9
:201520005349C3F8A01D5349C3F89C1D5249C3F8A01D5249C3F89C1D5149C3F8A01D5149B9
:20154000C3F89C1D5049C3F8A01D5049C3F89C1D4F49C3F8A01D00BF00BF00BF00BF00BF2E
:201560000121C3F8941DBFF34F8FBFF36F8FC3F8502FBFF34F8FBFF36F8FD3F8141D4020C7
:20158000444D4FF4805741F440314FF4005C4FF4404E43F24208C3F8141D3F49A1633F490B
:2015A000E163632159614FF480319A6103221A613B4AC3F8202DD3F8FC2D42F08072C3F8BA
:2015C000FC2DA3F550431A6842F001021A605B68EB610F4B1A69960705D5C3F818E05961B6
:2015E000C3F81880F6E7960402D4C3F814C0F1E7D60401D45F61EDE7002AEBDA12F48036F6
:2016000001D09961E6E752064CD45861E2E700BF00800D4068D820601B1018200000000089
:201620000C0D11130018012070470300C01A0120DC1F2460000000209D57020000E400E026
:20164000A0E400E000C00F4000C00A403F0000102500080709001000130020002100020714
:201660001400002025000813C0F801200900001027000B131700004033001013180000609A
:201680002F000B071900007031000B131A0000803B000B13A0CC01206D0E02009D0E020087
:2016A000000020209B4808F017FA9B4AD36E43F44053D366994B1E60C3F80861C3F818611B
:2016C000C3F82861C3F8386103F5A0239A6BD20708D4934A5A6542F615621A659A6B42F0FC
:2016E00001029A639A688F4942F001128E4E9A608E4B8F4AC3F85C22C3F86012C3F864229C
:20170000A2F53042C3F8682202F5E042C3F86C22C3F87022C3F87422C3F878221822DA66AC
:201720001A675A679A67DA67C3F88020C3F88420C3F888200122C3F82C27C3F83027C3F80A
:201740003427C3F83827C3F83C27C3F85027724A936923F0604323F4407343F0004343F4DF
:2017600040739361D2F8843043F00C03C2F88430704B1A6842F002021A6019686E4A21F459
:20178000F14121F073010904090C0A436B491A604FF0FF325A6002F57702886802F56052C2
:2017A0000240674842F000529A60DA6822F07802DA601A6A324002431A621A6A32400243C0
:2017C00021205A625F4A9A62DA62D1F8B82022F03F0242F00102C3F8B820D1F8BC200021A9
:2017E00022F03F0242F00102C3F8BC2040F2056219611867C3F880205867C3F884201A683D
:20180000514822F002021A60504A9A610222DA614F4A42F8041B8242FBD11A68454942F0E7
:2018200001021A600E6816F00106FBD1474B022730468B6140F2F563CF61C1F8003240F2E8
:201840006643C1F8103240F29943C1F82032414BC1F8303242F20143C1F8343240F23543E3
:20186000C1F840323C4BC1F850323C4BC1F854323B4BC1F8603242F20123C1F8643206F047
:20188000FDFC012006F0FAFC384606F0F7FC354BC1F8A060274AC1F8A4300123C1F8B030E7
:2018A0005369DF07FCD5D2F8003121212E4E51619AB245F60D518A422AD045F69D518A42AA
:2018C00040F05381C3F34253032B21D0042B40F04C811021174B8A0204201A6606F0CEFCEB
:2018E000224B3170224EF61A16EB015640F02B8107F096FF00283FD01E4B9A6822B15A6863
:201900003146186808F020F910220021194829E10821DFE70046C32300C00F40004008404F
:201920000000C056F910010000FFF07C00801F40F9B0010000402A401200FFFF00802A40EF
:2019400040000080FF000F8300432A40F05AF05A00422A409F041830EB06180A06320126EC
:201960003806180A0400030018F401200000007000000070F0F5012008F0AAF816230360B7
:20198000BF4BDA6E42F44032DA66DA6E42F44072DA66A3F5603340F237625A64A0229A6429
:2019A0009A6C1606FCD4B74B40F237625A64A0229A649E6C16F08006FBD1B14AB3EE096A79
:2019C000B14BB2481E70936FB14F43F47F039FEDB15A9367D2F8803043F07C4343F4403321
:2019E000C2F8803008F098F900F5804008F094F900F5804008F090F900F5804008F08CF952
:201A0000A0F5031008F04CF800F5804008F048F800F5804008F044F89F4AD2F8803023F096
:201A20000103C2F880300323C2F89030D7F8E030D9B2C3F30B201B0D07EE901AC5F8481F62
:201A40009649B8EEE77A07EE900AC5F84C0FF8EEE76A07EE903A37EE455AD2F88030F8EEDF
:201A6000E77A37EE466A77EEE67AA1EC016A25EE275AC1ED007AC5EE065A75EEA65AFCEE57
:201A8000E55A15EE901ADFED865A37EE657A43EA0153C2F8803027EE277A824B66EE277A47
:201AA000D2F89011C7EE065A35EEA67ABCEEC77A17EE100A87EE867A03EA00430B43C2F8AC
:201AC0009031D2F8901177EE267AFCEEE77A17EE903AC3F30B030B43C2F89031D2F88030B4
:201AE00043F00203C2F880306F4B83F840606F4BC4F840314FF0E02301226D4CC3F8082186
:201B00002368132BFCD96B4B40F6617200214FF00A0CC3F82021D7F82032674A23F07F434F
:201B200093423CBF0A22534301AA1746092BB3FBFCF50CFB153000F1300007F8010B18D9CF
:201B400001312B46F2E75D4FC7E900360026FE6007F08AFF00283FF413AF01237A683146D9
:201B60003868BB6007F0F0FF0AE7002110223170CCE601F1100000235518684400F80B3CB0
:201B80001046CF1A9F4271DC4D4912F8010B3346013620B10A2E21F8020FF6D133460133D5
:201BA000484A49495B009370354AD2F8803043F00303C2F8803040F20442444BC3F86021C4
:201BC000434A1068084203D1D3F8A8118D071AD04FF000415163D3F8402142F00202C3F88F
:201BE00040213A4AD2F840319807FBD44FF0E0234FF400321920C3F88C224FF00042344BFE
:201C00009A6308F0A5F8324B00214FF080422F4D9A634FF4607219600A23C5F8A8312D4B51
:201C2000184607F091FF4FF4810240F2431302604FF480020264C5F85801274AC5F8483127
:201C4000264BC3F804224FF0E0234FF40032C3F80C210123C5F840312368B3F5967FFBD32B
:201C600006F00AFB07F020FF07F0C2FD0778013395F800C000F801CB05F8017981E700BF3B
:201C800000C00F4000800C408024012000C03D4000441F400000AA4200810D40F0DB01201E
:201CA0000000B4420000FF0F00E400E0755902004C45012000800D4080969800F0F5012059
:201CC000A6150120A4150120001C1E0000002E4000900D40000000202551020000180120F8
:201CE000054B064A5A64064A1A644FF42A029A63044B9D46FFF79AFB00C00A40FFBFAAAA73
:201D0000070020000080042010B50521132008F05FF80521122008F05BF80521142008F096
:201D200057F80521112008F053F84A4BDFED4A6A0021D3ED0D7A494BF8EE677ADA8B87EE08
:201D4000A67A22F008021204120CF6EE007ADA830522A3F86E204122A3F87420A3F86A1061
:201D6000A3F86610E7EE277AFDEEE77A17EE902A92B2A3F86020A3F8702043F22302A3F852
:201D80006C200222A3F87820A3F86A10DA8B92B242F00802DA83324A136F43F44003136717
:201DA00002F53012B2F86A30DBB243F41C53A2F86A302C4B1A6812F0404F01D019601960F2
:201DC0001A680021284C42F0005204F2844042F010021A60DA6842F01002DA604FF4E642C5
:201DE000C3F8B020214AC3F8B82002F5A0220A32C3F8BC2042F248621D4B5A649A6C42F092
:201E000020029A6410221A6007F042FDD4F88434184A19491A60194AC3E901126FF0070274
:201E20006FF0FF01DA60164A99611A61042294F888149A822022DA82DA8300229A838B0005
:201E400003F1804303F56C231A600E4A1A600E4BD97610BDA005012000E8804700801E4030
:201E600000C00F4000003B40002001201510161000800C40C8003B400400020208E0FFBF8F
:201E8000000020201700008000800E401B4A002170B502F1E00001260B463C2501F003044E
:201EA00016719371083044F040049360D3751C3202F81C4C41F04004013142F8043C00F8E3
:201EC000084C082900F8075CE8D10D4A4FF03C31C2F86331C2F867310A4AC2F8643CC2F85E
:201EE000683CC2F8843CC2F8883CC2F8C41CC2F8C81CC2F8A43CC2F8A83C70BD1031012047
:201F0000F830012000200120012902D103685B6C184770474B88B3F5807F70B554D1D0F866
:201F2000DC20B1F9043062B1002BCCBF0123002380F8E1303DDD052A3BD10423C0F8DC30EE
:201F400037E090F8B410D0F8C42049B9134483F30303C0F8C4304FF47A63C0F8C03028E021
:201F6000012103EB4303464C80F8E01042F210712468C0F8C810D0F8D41002EBC10200EBF9
:201F80004202B2F8401101EB43213E4B187809B2431C00FB0440A2F84011A0EB8000B1EBAE
:201FA000402F07DA13FB04F3A3EB83035B02A2F8403170BD344B4FF4C0601B685843814260
:201FC000F7DD03EB4303F1E7B3F5007FF1D1D0F8DC20B1F9043062B1134490F8E120002B78
:201FE00005DDC2F105029342A8BF1346A6E70123A4E790F8B410D0F8C4200029A6D00121BB
:20200000B0F838411E4E80F8E01042F2107113FB04F33668C0F8C810D0F8D41002EBC10287
:2020200000EB4202B2F840110B4416490D781BB2691C05FB0665A2F84031A5EB8505B3EBC3
:20204000452F10DA11FB06F3A3EB83035B02A2F84031E3009BB2B3F5807F88BF4FF480734D
:20206000A0F83831A5E708494FF4C06509684D43AB42C2BF01EB41014902A2F84011E8E778
:20208000D8050120B1360120A00501202DE9F04F044685B00021D34807F06AFED4F8D070F9
:2020A000002F72D0D04A01214620D04E07F05CFED4F8D0100A2394F8CC00CD4A0025594395
:2020C000CC4BCD4F0531002808BF1A46DFF870831920DFF87093029107F046FEC74B082261
:2020E0000299322007F03CFC0A2156F8042B3C2069430F3107F038FEC4236B43DB59002BB3
:202100003DD1484607F078FB0135042DECD194F8CC3023B9BA4A37213C2007F025FEDFF888
:20212000F8B2DBF89884B8F1000F02D0042007F0E7FD94F8DD30B348002B00F0B68107F0A0
:202140009FFBB14BDBF89C241B689B1A41F28732934200F21D83AD4B93F8E490B9F1050F16
:2021600000F2A681B9F1030F00F2DA81B9F1010F00F0DB811726522412273546AEE1D4F875
:20218000C430AB42C0D14046BCE7A14B6E210122C3E9011294F8D43013B19E4807F02CFBEF
:2021A000D4F8C420C4239C4903FB02131B6F33B19A4B03EB8203D3F8100107F01DFBDFF808
:2021C0008892A0460525A9F5426A09F1080B3A0115230B21104607F08BFC98F86A3133B1FC
:2021E0004B4608220D21A5F1080007F0B9FB98F864317E1C012B00F02B81022B00F02F8159
:2022000023B932460D21284607F026FCD4F8C830BB4205D10B230F22281F194607F084FCA2
:20222000082E08F1100805F1100540F0D8807F2215230B214FF0480A1046DFF8108207F078
:2022400057FC16237F220020194607F051FC32462021734B092007F083FBD4F8C8500AFB90
:2022600005F304EB051508EB030738F9030007F0FBFC95F9689197F903304022674D1D21A0
:2022800000FB0399122399FBF0FB00FB1B97142007F09AFC05F6884205F5496322211720A0
:2022A00013EA290338BF1346324607F059FB4FF00A098BEAEB7304F5807020222121A3EBC2
:2022C000EB73CDF80090834607F0D2FC554A2521352007F049FD202287EAE7733D2158463D
:2022E000CDF80090A3EBE77307F0C2FC05F6B84332462021592007F033FBD4F8C83020219A
:2023000063200AFB03F338F90320474B53F8222007F02AFD404BD3F8987467B109231D22C9
:202320001F21622007F000FC05F6984332462A21642007F015FBD4F8C83048222A216E20BD
:2023400002FB038898F9023005EB8305D5F8C02C07F00AFD354B08223621092007F000FBE7
:20236000D4F8C82002EB82030433DBB204EB83031B69002B75D02E4A3621142007F0F4FC20
:20238000D4F8C83004EB031393F96531002B02DB284807F031FAD4F8C83004EB031393F963
:2023A000650107F06DFBD4F8C820234B122101FB02339B892BB1214B08223621642007F06A
:2023C000CFFA002F7FF4ABAE94F8CC101623082238465943094B203107F0C2FA9FE63746FA
:2023E000F5E600BF32C500203CC50020000F00201DC5002022C5002024E90120881A0020E3
:2024000052C5002038EC0120E030012030100120E430012050C50020B4E80120F00D00206A
:20242000A01A0020E2EA0020589F2060286200205AC500208EE60020A0240120E01A0020E3
:202440004FC5002046C50020901A002000200120534608220D21284607F082FAD6E65B46E3
:20246000F7E704EB02126420B2F9663103F51C53103393FBF0F2114600FB1235029207F077
:20248000F3F9029A3621143007F0E6FAC24807F0B3F9092D02DCC14807F0AEF9284607F075
:2024A000EFFABF4807F0A8F96AE707F001FB48E6B9F1060F7FF45EAEDBF8A004122707F03D
:2024C0004FFC09FB00F0172600F10A047C2CA8BF7C2404EBD4756D10C5F13E053B4622463B
:2024E0003146284607F0ACFBBB1EA21E711C681CDFF810A307F068FB731D09F1FF39029374
:202500006B1DCAF80430731DCAF80830B9F1040F10D8DFE819F0160035004A004F00EE006C
:2025200064241C2717260E25D8E73624262719264925D3E7DBF8A00405B0BDE8F04F07F08C
:202540005BB9984A1E214E2007F00EFC964A28214E2007F009FC954B082232214E2007F082
:20256000FFF9934B08223221562007F0F9F9914B082232215E2005B0BDE8F04F07F0F0B999
:202580008D4807F0D5F907F0F3FA28B18B4805B0BDE8F04F07F0CCB9894B8A4A587A8A4BAD
:2025A000002814BF10461846F1E7884807F0C0F98748ECE79BF8A4A4DFF850B20AEBCA09F6
:2025C00084484FEAC9030293834B1B68002BB5BF4823824B03FB0AB393F90010ADBF804BDF
:2025E00093F9021093F9039093F90090039107F09FF90AF1010007F08FF97A4807F098F91A
:20260000482202FB0AF23BF90200774A52F8200007F08EF9754807F08BF90399744A02EBF9
:202620008102D2F8F80C07F083F9B9F1000F02DB704807F07DF948464FF0000907F06CF9E9
:20264000029B3BF9030007F0EFFA43680293482303FB0ABA029B99450FD1B8F1000F00F056
:202660009780B8F1020F1EDC1A20634B0822232108FB000007F074F91EE0BAF8043009EBFA
:202680008900282143FA09F3183013F0010F4FF004031A4604D007F007F909F10109D9E79F
:2026A00007F092FAF9E7B8F1030F1AD1062351222721172007F0B4F93B4622463146284684
:2026C00007F032FA07F0A4F900210A238022084607F0B6FA0021494805B0BDE8F04F07F01C
:2026E00047BB08EB8808444B08222C2108F10200C0E7221F3B1FB11CA81C07F0A1FA6B1D67
:20270000DFF80C81CAF80430731D98F8011098F90000CAF8083007F0DFF8DFF8D490034651
:2027200098F80220364909EB82023648D2F8302D07F0D6FA98F8013003F0E003A02B03D14E
:2027400098F9000007F09CF96B1D98F8061098F80320CAF8043006F10F0301322948CAF816
:20276000083098F8053009EB830309EB8109D3F8743DD9F8741D0091234907F0B1FA3B4666
:2027800022463146284605B0BDE8F04F07F0CCB905B0BDE8F08F00BFE2EA00202FE600201E
:2027A00062C5002022C500201DC5002040620020306200205062002065C500206CC50020E8
:2027C0003032012027C500202DC5002072C500205EF10020E7040120A40501204122012038
:2027E000402201205CE40020589F20609CBE0020F00D00208EE60020181B00207CC50020A0
:2028000092C50020E43001209BC5002000200120A02401202DE9F0410A46097804460229D9
:2028200044D0032900F02C8101290FD1AB485388D0F89854BDB1022B0AD190F8A40407F092
:20284000E3F9A74BB3F85C20A3F85E20BDE8F081012B02D14FF0FF31EFE70023C0F8983469
:20286000C0F89C34EDE7042BD2880CD009D8581E0128EBD8032A0FD184F8DD10C4F8D850FA
:20288000E4E7082BE2D194F8DD30002BDED09548BDE8F04107F090B8013B18BF012384F870
:2028A000DC30914B1B68C4F8D830CFE75288082A4AD036D8022A1FD8002AC7D090F8DD3086
:2028C00093B9D0F8D0307BB9012AD0F8C8300CBF0722092213445A4203F0070302F00702BB
:2028E00058BF5342C0F8C830D4F8D830002BADD0002384F8DD303CE0042AA7D190F8DD30FD
:20290000002BA3D190F8CC3083F0010380F8CC30002B9BD0D0F8D030052B97D1C0F8D0200B
:2029200094E7102A92D107F023F930B106F084FF0220BDE8F04107F0E3B96C4B587A80F08E
:20294000010007F011F9F3E790F8DD30002B7FF47DAFD0F8D030002B00F0898090F8CC20DC
:2029600052B9052B08D107F077F9012384F8D4300023C4F8D03069E7013BC4F8C430002AF3
:2029800071D0C4225A4D5B4F26465343012204F18008EA501D44B6F966311036B7F9000046
:2029A000483703F5FA736860AB6096F955313F33EB6007F059F996F9583117F9452C00FBB1
:2029C000023096F85A213C30D2012861D2B296F85431B0454FEA031303F0300343EA0203C1
:2029E00017F8462C02F00F0243EA02036B6137F8443C45F8183FCED100233F4D202084F808
:202A0000D4302B7004F016FC05F052FB402004F011FC0123394A2B70D2F8081CD2F80C3C2C
:202A20005B1A0233F8D0D2F8083C03F0010303F5407352F823000028EED007F0B9F8304DFC
:202A40000D2212232F48C5E9012306F071FF1F211B232D48C5E9011306F06AFF00232B60A1
:202A600007F032F884E7204606F0D6FF80E71B4BD0F8C82083F8A4240122C3F89824E5E674
:202A80005388042B21D1D0F8D030002B7FF4DEAED0F8C81000EB011090F86431022B07D18A
:202AA0000029C2BF90F86A1181F0010180F86A1101330321DBB2B3FBF1F101EB41015B1AEB
:202AC00080F86431012384F8D4305388022B7FF4BDAED4F8C43001334BE700BFB4E80120BD
:202AE0006C23012038EC0120E03001203032012024E901200020012028430120D436012007
:202B0000E4300120A8C50020B7C50020012970B5044611D011F0FD050DD190F8E03053B160
:202B2000D0F8CC0004F5A071064B03EBC00007F0DFF884F8E05070BD0368BDE870405B6CCA
:202B4000184700BF5CED01202DE9F04F0446C749C7482DED028B85B007F00AF9D4F8DC3081
:202B6000002B47D0C34A01214620C34E07F0FCF8D4F8DC100A2394F8E100C04A0025594365
:202B8000BF4BC04F0531002808BF1A46DFF83C831920DFF83C93039107F0E6F8BA4B08228A
:202BA0000399322006F0DCFE0A2156F8042B3C2069430F3107F0D8F817F83530A3B9484642
:202BC00006F01AFE0135042DEED194F8E130002B40F0B481AD4A37213C2005B0BDEC028BFE
:202BE000BDE8F04F07F0C0B8D4F8CC30AB42E9D14046E5E70123DFF8DC827421C8E901130E
:202C000094F8E03013B1A24806F0F6FDD4F8CC20A04B03EBC20393F8A83433B19E4B03EB09
:202C20008203D3F8100106F0E7FDDFF8ACA20025DAF80060B600C6F13F03C6F12B060393B0
:202C4000280101350C212A46053006F005FF082DF6D1D4F8D4000A2309220B210001002503
:202C6000DFF878B2043006F0DBFED4F8D830D4F83C0109220B2100EB03108430434200F0F5
:202C80007F0003F07F0358BF58420A23C0B206F04BFFD4F8D4302F014FF4C06C05EBC3038B
:202CA00007F10809A03334F91310D4F8D03019447A4B1A78DAF8003002FB0333DBF8002040
:202CC000A3EB83030CFB02F2B1EB432F4FEA432003DB9142A8BF11460846314606F080FF92
:202CE000039B181A94F8E230002B00F09680032D40F093806A4B08222821484606F030FEE8
:202D00000135082DC5D194F8E2305BB101212B462A46084606F094FF0121624B2A460846A1
:202D200006F01EFE04237F2200200093039B194607F062F8D4F8D0302BB15B4B08223821E7
:202D4000002006F00DFE594B08220121402006F007FED4F8D4210121492006F07DFE94F8BE
:202D6000E3302BB1524B082201216C2006F0F8FD94F8B43023B9D4F8C830002B00F0DE807B
:202D80000D2329221B212C2006F05AFF0D2329221B212C20642506F017FF2E221E2345492A
:202DA0006FF06300C8E90123D4F8D420D4F8C43003EBC203A03334F91320364B93F8C8340E
:202DC000002B14BF782364235A434FF4C06392FBF3F38A42B8BF5B4293FBF5F500FB0534D1
:202DE000354B36488A42A8BF184606F005FD284606F046FE324806F0FFFC092C02DC3148AD
:202E000006F0FAFC204606F03BFE2F4805B0BDEC028BBDE8F04F06F0EFBCD4F8C430AB429D
:202E200000F1FF3308EE103A5AD194F8B4301BB9D4F8C030002B53DD3E234A4614214846F5
:202E400006F056FE94F8B43033B107F109023E231421104606F04CFE94F8B420032318EE19
:202E6000101A781D073206F01FFD48E0681D0020CEC500203CC50020000F00201DC5002076
:202E800022C500205CED0120881A002052C5002050C50020B4E80120F00D0020B1360120B1
:202EA000700E002090620020701D0020781D0020801D002001FAFFFF8EE6002026EC002084
:202EC000E2EA00202FE600203FE200204FC5002046C50020E4300120D8050120A005012038
:202EE00002234A461421484600933E2306F084FF0323052218EE101AB81D06F065FE2846D4
:202F000006F096FDDBF800304FF4C06231465A4306F066FE034607F10D00F11A0CD4B14226
:202F2000A8BF3146002B4FF0030201F11401B8BF5B4206F0F9FDE3E60021F3E705B0BDEC1B
:202F4000028BBDE8F08F10B50B780446022B24D0032B68D0012B08D14B88102B06D106F0C7
:202F6000ABFE00F00700C4F8D80010BD202B0CD0402BFAD1D0F8D83001335A4203F0070356
:202F800002F0070258BF534204E0D0F8D830013B48BF0723C4F8D830E7E74A88042A3BD0CC
:202FA00016D8531E012BE0D8D0F8DC30FBB9022AD0F8D4300CBF0922072213445A4203F049
:202FC000070302F0070258BF5342C0F8D430CCE7082ACAD1D0F8DC30F3B190F8E12052B9F8
:202FE000052B08D106F058FD012384F8E0300023C4F8DC30B9E7013BC4F8CC3042B1124801
:2030000004F5A07100EBC30006F072FE0023ECE7204606F011FEEAE794F8B43083F0010379
:2030200084F8B430A1E74B88042B06D190F8E23083F0010380F8E23097E7022B95D1D0F85B
:20304000CC300133D4E700BF5CED0120B03006F0B7BDB03006F0B4BD38B50C4605460949EF
:203060003A22234600F5867006F022FE23463A22044905F5597006F01BFED4E90030C01ADF
:2030800038BD00BF682600202DE9F047392300256A4C0646C0F8B0502946C0F8B8504FF0D8
:2030A0000208C0F8C8500127A0F8D85080F8DA50DFF89491C0E92F35614BC0E93444C0F81E
:2030C000CC30C0E93755E43004F07AFB23464FF0FF30002106F58474E3E90801C3E90201D3
:2030E000C3E9040104F1040A0023524659F823100633B3F5AE7F42F8041BF7D104F5AA709B
:2031000006F066FD08F001030022012184F8EC30504684F8ED5084F8EE5084F8EF5084F83E
:20312000F15006F009FE04F5F47006F02DFE0F2304F50A7284F8267284F84B32002384F880
:20314000287284F8295284F84A52C4E9935522F8023F80339BB2B3F5006FF8D142F210733F
:20316000A269204684F8F47084F82D2184F8F570A4F82251A4F81C51C4F8FC5084F8F75070
:2031800084F8F85084F8465184F8485184F83D5184F81E5184F8205184F81F51C4E9403553
:2031A000A36884F8F630636984F82C31636D84F847314FF0FF33C4E94433224B03EA822365
:2031C0004022C4F81831236CD9B25BB284F82E11C4E9495506F05CFD84F83231A4F8300160
:2031E000002184F8333104F5B47084F83C5184F83E71C4F8545284F8605184F8615184F844
:20320000635184F8647184F8655184F8667184F8627106F099FC204606F042FDB8F1010FF6
:2032200004F5167406D1D6F8B032013BC6F8BC30BDE8F0874FF0010854E700BF70E80120C7
:20324000A7D9002000FCFF0368260020012911D002D9023901291AD8D0F8B0304FF4167272
:2032600000215343C21803F5847382F8F911184406F016BD064A0023E430B2F85C1000F890
:20328000303C40F81C3CA2F85E1006F02DBB70476C230120436D2DE9F041072B90F8EC50F8
:2032A000B0F822710CBFAC0090F80441D0F8246104BF0634E4B2A40004EB851404F0FC048F
:2032C000002F67D13E46022305223F21204606F0EBFA442200214020023406F009FB002ED1
:2032E000E4B27ADA73429B11282BA3F12808A3F15007A8BF2823012BB8BF0123C3F3470209
:203300005910A01AC6B240B2002D4AD03F2850DCC4F140000244402056B29A1BC1F11E011D
:2033200006F052FCB8F1000F18DD4346282BA8BF2823C3F347025910A01A5FFA80FC40B225
:20334000002D3AD03F2804DCC4F140000244402056B29A1BC1F11E0106F0A6FA002F40F3CE
:20336000AE80282F3B46A8BF2823C3F347025910A01AC7B240B245B33F2804DCC4F14004D0
:203380004020224456B29A1BC1F11E01BDE8F04106F056BC05233C2120461A4606F084FA3C
:2033A00097E7C2183F2A06DDA3F14002164476B2B3E70026B1E72E46AFE7C2183F2AC2BFEB
:2033C000A3F14002624456B2C3E7C2183F2AC2BFA3F14002D21956B2D5E7B311A3F12808EE
:2033E000A3F15007002B4CD0282BA8BF2823C3F347025910A01AC6B240B2002D43D03F2863
:2034000049DCC4F140000244402056B29A1BC1F11E0106F049FAB8F1000F17DD4346282B9D
:20342000A8BF2823C3F347025910A01A5FFA80FC40B2A5B33F2804DCC4F1400002444020B7
:2034400056B29A1BC1F11E0106F0FAFB002F36DD282F3B46A8BF2823C3F347025910A01A05
:20346000C7B240B21DB33F2804DCC4F140044020224456B29A1BC1F11E01BDE8F04106F0B1
:2034800013BA0123B3E7C2183F2A06DDA3F14002164476B2BAE70026B8E72E46B6E7C218D2
:2034A0003F2AC2BFA3F14002624456B2C9E7C2183F2AC2BFA3F14002D21956B2DAE7BDE8FB
:2034C000F0812DE9F7430E7804460F46032E05D14B88022B17D0042B00F09780D4F8C850FE
:2034E000002D00F05E81022E04F1C80040F0F6807B88013B072B00F2EE80DFE803F0B2CA36
:20350000ECD2ECECECE44FF41673D0F8B0505D43431993F8F931012B60D105F5867500228C
:203520001E210544284606F007FC00221C21284606F002FC00221F21284606F0FDFB0022FB
:203540002021284606F0F8FB00222121284606F0F3FB00222221284606F0EEFB0022232105
:20356000284606F0E9FB00221D21284606F0E4FB00222621284606F0DFFB002224212846E4
:2035800006F0DAFB00222521284606F0D5FB00222721284606F0D0FB00222821284606F05C
:2035A000CBFB00222921284606F0C6FB00222A21284606F0C1FB00222B21284606F0BCFB9E
:2035C00000222C21284606F0B7FB00222D21284606F0B2FB002384F8B4307FE790F8F6215D
:2035E0002E2100F5867082F0010280F8EA2006F0A3FB94F84E242E2104F5597082F0010282
:2036000084F84E2406F098FB68E7D0F8C830002B7FF464AFD0F8E450002D7FF45FAFD0F801
:20362000B0304FF41671DAB2DB4303F0010301FB02024B43B2F84C82062192F8242103F54B
:20364000847903F586738144184406F075FB414648462A4606F0C8FA0121484606F018FA00
:203660003CE794F8DA10013149B20429A8BF0021002384F8DA102846C9B2C4F8DC3006F09F
:2036800013FBC4F8E000284606F002FBA4F8D80021E094F8DA10013949B20029B8BF03213B
:2036A000E6E7D4E937239A4215D20123B4F8D81093400B429AB214BF9943114303B0BDE8E4
:2036C000F04306F03DBA9A4BB3F85C20A3F85E200023C4F8C83003B0BDE8F083032EFAD107
:2036E0007B88022B1BD0042BF5D1914BB3F85C3099071AD495F8EC0094F8DA3094F8E0108E
:2037000003EB80038B48B4F8D82080F8C0370020894B197200215A81C3E90001DBE7844B99
:20372000B3F85C3013F0040304D003B0BDE8F04306F012BA804F8148D7E90012884293411F
:2037400026D33E7A284694F8DA2095F8EC803146019202EB880806F027FA019A7989284622
:2037600006F0D2F8734A5FFA88F892F8C03702EB431302EB481203F1200153F8040B8B42AC
:2037800042F8040BF9D100220023C7E900230EB9D4F8E06094F8DA10D4F8C800C4F8E06025
:2037A00072E7D4F8E4303BB1394604F1E40003B0BDE8F04304F0A0BA022E8CD17B88013BE7
:2037C000072B88D801A252F823F000BFF937206049382060D7362060ED372060D736206029
:2037E000D7362060D736206075382060012384F8503284F8A8346EE74FF41673D4F8B0006B
:203800005843231893F8F9219AB993F8F51100F5867081F00101204483F8F511C26931B1F9
:203820000132072103B0BDE8F04306F085BA013AF7E7002500F5847083F8F951204406F027
:203840002FFA84F8B45046E7D4F8B0004FF416735843221800F5847092F8F9312044B3FAC7
:2038600083F35B0982F8F93106F01AFA002384F8B43030E74FF41673D4F8B020D4F8C01022
:203880005A4302F5847322441144234491F8B4120E290AD80A292CD8062911D00A291CD0AD
:2038A00094F8B43083F00103E1E72E29F8D10021184682F8F91103B0BDE8F04306F0F0B90C
:2038C00094F8B4200121184682F0010284F8B42003B0BDE8F04306F0DBB8DA69042A3FF48B
:2038E000FAAE194604F1E40003B0BDE8F04306F003B9196C4A1C3FF4EEAE0E4A184602EB4E
:203900004112C4E934220E4A02EB8102D2F8982EC4E932320022C4F8DC20196C84F8DA1023
:20392000C9B206F0C1F9C4F8E0001846ACE600BF6C230120F0E00120181001203F0D0300D8
:20394000582600202DE9F84305460E4600F5847400F5B768DFF85890444509D1D5F8B03207
:20396000013BC5F8BC30D6E90030C01ABDE8F88333463A224946201D05F08EFF94F840701A
:2039800020460122394606F083F981B2204606F017F8204684F82E7106F082F9D4F8BC3065
:2039A000003B18BF012384F8EE3004F51674D3E7682600202DE9F0410446D0F8C800002803
:2039C0007FD04A8804F1C806B4F8D850B2F5807F19D1B1F90430D4F8DC20D4F8D4101344F2
:2039E000D4F8E02001B9013A002B0ADB9342A8BF1346C4F8DC3029463046BDE8F04106F0E8
:203A00009FB80023F5E7B2F5007FF4D1D4F8D430B1F9047094F8DA20D4F8DC1083B3D4F837
:203A2000E0C08C452CD10CEB07011029A8BF10210229B8BF0221002FC4F8E0101ADD674BFF
:203A4000B3F85C305F0715D5A1EB0C074FF6FF73BB40634FDB4303FA0CF34FF0000C25EA68
:203A6000030590F8EC309B00DBB2134401EB031327F813C0C9B206F097F8D4F8E030B8E7AC
:203A800090F8EC30CCB256489B00DBB21A44120152FA81F1224430F911305049B1F85C1091
:203AA000490750494CBFDB1903EBC713B3F5EC5FA8BF4FF4EC538B42B8BF0B4620F812308B
:203AC00099E7D4F8E4602EB104F1E400BDE8F04103F0E4BF4A88B2F5807F1CD1D4F8B02031
:203AE000B1F9043013444FF4167283F3010302FB03F5C4F8B03005F58470204406F0D0F8AB
:203B00006319C4F8B860D3F8B032C4F8C060013BC4F8BC3028E0B2F5007F25D194F8B43054
:203B2000D4F8B070B1F90410002B51D04FF41676D4F8C0307E4304EB060806F586704344CE
:203B4000204493F8B45250F825200A44294606F0F3F810B1012388F8FC3106F584730F2D85
:203B6000234410D002D825B1BDE8F081143D012DFAD8184606F094F84FF4167303FB0747EF
:203B8000D7F8B032C3E75A6D93F84010013AD2B20A2A0DD84FF4167202FB074292F836027D
:203BA000884205D0D2F8040247F230529042DBD94FF41672184602FB074282F83612012201
:203BC00006F066F881B21846BDE8F04105F0F8BE04F1B400BDE8F04105F06EBF6C2301202E
:203BE000F0E0012000EEFFFF2DE9F04F044602264FF04108B44D2746B146DFF8E8A22DEDB9
:203C0000028B97B005F0B0FEB7F824224FF6FF739A42C5E9016900F0BC80B7F82A1299429B
:203C200014BF01210B21701E06F056F86B68504605336B6005F07CFE404605F00DFEA34845
:203C400005F076FE97F83602013005F065FE6B6816336B6097F8F53113B19D4805F068FE0B
:203C6000403608F1010807F51677822E5FFA88F8CAD1D4F8B0004FF41676464306F00CF851
:203C800004F1B4010EA805F0C3FF09A806F5847906F09AF806F586732644A144E318059306
:203CA000DDE913239A4276DDD4F8C830002B00F01F82002140238022D4F8E06008464FF09A
:203CC000030805F0BDFF002140238022084605F07BFFD4F8C83094F9DA2002201B6C94F8C5
:203CE000DA709A4207F10107C5E9010840F026813A467849744805F0F3FFD4F8DC2096428C
:203D000040F02881744805F013FE092E30468CBF0221012105F008FEB50094F9DA10C5F1EE
:203D200045030393D4F8C83093F82E01D3F80421884240F060815B6DB3F1070918BF4FF0CA
:203D40000109D3B2B4F8D8A0C5F1440500270493BE4205F1010840F05181039BC6EBC605D8
:203D60001D44D4F8D4307BB10423292128461A4605F02AFFD4F8DC309E4205D10823272188
:203D8000A81E1A4605F020FF17B0BDEC028BBDE8F08F0F2147E709A90EA805F009FE304492
:203DA000059A90F8B4324D4F52F823800E2B4FF0180202FB03770BD8042B0BD9053B092BFA
:203DC00008D8DFE803F0770D07070725343434342E2B27D03A46414609A805F071FD5FE70A
:203DE00009A805F0D9FE9DF8253043B13B4642460B99062005F0E0FE6B6806336B60384B68
:203E000053F8280005F094FD09A805F019FE47E7D9F81C0005F008FFB6F84C1242680B987C
:203E200005F01EFF394609A805F042FD38E7D9F854304FF0000896F93CA2072BB6F838B21A
:203E400014BFB6F80C32FF23BAF1100F049328BF4FF0100A0B9B03930AEB4A03C3F180032B
:203E60000693039B083308EE103A08EB4800069BC2451844D6D01BF0010F07901BBF039983
:203E800008230123022212BF0131022218EE101A05F00AFD9DF810300798434505D1022365
:203EA00003991A460A3105F0FFFC08F101084FEA5B0BDAE799F80430012B15D83A46414694
:203EC00009A805F0A5FCEBE6E430012011C400208EE60020C4D900205CE400206826002041
:203EE000ACA1206062FF0020894909A805F0E8FD0B9B0D9A0233C5E90123B8F1000F14D126
:203F0000844805F0DDFE9DF825302BB13B464246DDE90B1005F050FE9DF82430002B3FF4CB
:203F2000BFAE09A805F028FFBAE6B8F1FF0F01D17948E6E7404605F0A3FEE4E7774B0422C1
:203F4000414605F0F5FD06233846C5E9013805F0E3FCD2E6D4F8C85094F8DA1095F8EC30D6
:203F60002D6A9B00DBB20B441B0153FA82F26C4B33F912C04FF4C0639CFBF3F3A3EB8301AC
:203F80002B44684D0CEB41214A4201F07F0002F07F0258BF504200290A4607EE900AB8BF0D
:203FA00001F17F02BCF1000FB8EEE75B4FEAE2129FED556B85EE067BFDEEC77B17EE907A41
:203FC00013DA0C324FF00C0C7F31574992FBFCFE0CFB1E22B8BF03F1FF3355F82220CDE95F
:203FE0000070524805F07CFE96E655F822205049CDE90070F5E74FF00009A2E6D4F8C8300E
:2040000094F8DA2093F8EC309B00DBB21344444A1B0153FA87F332F91330049A97420CBFD3
:20402000CB464FF0000B002B0AF0010233DB002A41D003F580731B12C3F12B01BBF1000F01
:2040400002D00622284601E00422404605F02CFCD4F8DC309F4210D1364BB3F85C305B079A
:2040600049BF0A2308232621A81E4FBF1A461A46272105F1FF3005F0A7FDBBF1000F05D06F
:20408000022304223C21404605F00EFC01374FEA5A0A07355CE672B1A3F58073002BB8BF50
:2040A0005B421B12BBF1000F02D006222B21C9E704222B21C9E703F2FF1140F2FE32914229
:2040C00004D802232A211A46E818BFE7002B4046ABBF03F58073C3F5807304220422ADBF25
:2040E0001B122B211B12C3F12B0105F06DFDAFE7D4F8E430002B3FF447AE04F1E40003F046
:2041000073FB41E6AFF300807B14AE47E17AF43FB8D900209EC10020A3C100204823002097
:20412000F0E00120B01A0020C8D90020E4300120DBD900206C23012011B903681B6D18470E
:20414000012902D103685B6CF9E770470023A0F8B6307047012904BF0023A0F8B6307047FC
:2041600090F8B6203AB990F8B53080F8B72083F0010380F8B53070470A78022A11D14A8845
:20418000042A09D190F8B62082F0010280F8B620002280F8B7207047082A02D103681B6CD7
:2041A00018477047F8B54B8804460D46042B19D10B78032B06D190F8313483F0010380F84F
:2041C0003134F8BD022BFCD190F830341BB1002380F83034F5E790F82F3483F0010380F85E
:2041E0002F34EEE7082B38D10B78022BE9D190F830345BB190F8321490F82E64B1426ED1CF
:2042000003681B6D9847002384F8303494F82C2494F82D340132052BD2B284F82C2400F25B
:20422000958094F82E1401EB410103EB41030C21DBB201FB034393F838140B2997BF504B43
:2042400003235B1893F828309A4202D3002384F82C344FF47A63C4F8C0306B88012B19D15D
:204260002B78022BADD194F830344BB194F83224531E002A6ED0032BA8BF032384F83234AC
:2042800094F82E24531E002A66D0032BA8BF032384F82E346B88022B93D12B78022B0BD1A6
:2042A00094F83024002A59D094F832340133032BA8BF032384F832342B78032B81D194F859
:2042C000303483F0010384F8303494F82E340133DBB2032B88BF002384F8323471E701EBB6
:2042E00041020C2006EB460C52000FB200FB0243C2EB4C024FF0000C03F234434243985892
:2043000003EB020E0CF1010C0C3343F80C0CDEF80400BCF1060F43F8080CDEF8080043F8FF
:20432000040CECD1042204F2575004EB870702FB064312FB060203F2535313F8010F9A4283
:2043400087F85405F9D184F82E145CE7032A3FF67DAF7EE7002391E7002399E794F82E349B
:2043600084F82C240133032BA8BF032384F82E3494F82D34052B98BF84F82D249CE700BF21
:20438000A8370020B03005F0B7BC10B5044689B9D0F8E8200846D31705F02EFC204605F003
:2043A00017FB074805F0E4FA236820461B6DBDE810401847012902D103685B6CF7E710BD22
:2043C0003BEA0020B03005F0FBBBB03005F0F8BBB03005F0F5BBB03005F0F2BBB03005F0A9
:2043E000EFBBB03005F0ECBB4B88042B2DE9F0410446B0B00F462CD10B78032B12D190F836
:20440000D43B0BB905F0F0FA94F8D43B012B02D1204605F089FC94F8D43B012B02D9204668
:2044200005F02AFA3B78022B13D194F8D43B042B45D194F8D53B84F8D43B94F8D43B002BD2
:2044400044D04FF47A63C4F8C030B4F81034A4F80E347B88082B09D13B78022B2CD1B4F815
:204460000E34002B3AD0204605F0EEFA7B88012B0AD13B78022B1FD1B4F80E34002B00F09F
:204480008280204605F0E0FA7B88022B14D13B78022B07D1B4F80E34002B00F058812046D0
:2044A00005F0D2FA3B78032B06D194F8D43B84F8D53B042384F8D43B30B0BDE8F081013380
:2044C000DBB2032BB7D9002384F8D43B94F81234002BB6D0012384F8D43BB2E794F8D42B8D
:2044E000042A09D1A4F80A34204623681B6C984794F8D53B84F8D43B94F8D43B8BB994F8F1
:2045000029234AB994F8DB3B01335BB2022BD4BF84F8DB3B84F8DB2B4FF47A63C4F8C030C9
:20452000A4E7012B0DD0022B23D0032BF4D194F8DE3B01335BB2012BC8BF002384F8DE3B83
:20454000EAE794F8DC3B502194F9D92B013301FB02425BB2042BA8BF002384F8DC3B92F88E
:20456000DD2A042AD8D9022BD6D1032384F8DC3BD2E794F8DD3B01335BB2052BA8BF002370
:2045800084F8DD3BC8E794F8D43B002B46D194F8292394F82A3382F0010284F829232BB121
:2045A00094F824138C4B03EB8103DA7094F9D83B0020E11881F82C0382B30222DBB2312508
:2045C0000DF1800884F8DB2B24AE834A32F8230002EB83028DF839309178D278ADF83A0055
:2045E00010A88DF83C1006218DF83D200EAA8DF8385005F0E9F910A9404605F03DFA5423AB
:204600006D460C930FCE0FC50FCE0FC596E80F0085E80F0098E80F0005F062F994F8D43B63
:20462000012B07D194F81234002B7FF42DAF84F8403329E7022B56D194F80C34622B3FF649
:2046400023AFB4F9D63BB4F80A0404EB4303B3F842530135ADB2854257D394F8DA3B04EB85
:2046600085050020DFF87081032B95F8506428BF032306F03F0646EA83160346F6B285F8DA
:20468000506408EB83020133D278142B1044C0B2F7D1002856D005F063FA0022C0B2134616
:2046A00008EB8301C9780A44D2B2904247D1DBB226F03F062046334385F85034002385F821
:2046C000513443F20103A5F85234B4F80A3494F8DA1B0133A4F80A34B4F8D63B0133A4F8F3
:2046E000D63B05F079FA94F8D43B032B7FF4CCAE94F8123483F0010384F8123423B394F81E
:20470000403384F84133012391E7421C00F21513281AAA424FEA83034FEA8000A2EB0502E8
:20472000B8BF0420A3F104014FEA8202B8BF0022014418442144204405F01EFA8DE70133D0
:20474000142BADD10023B3E794F841336FE794F8D43B3BB994F824231F4B33F82230A4F8A4
:2047600026339FE6012B0AD0022B0BD094F8D43B032B7FF497AE204605F0B6F992E684F8CE
:2047800040338FE694F80C24002A3FF495AEB4F9D63B934204BF03F1FF33A4F8D63BB4F9FF
:2047A000D63B04EB4303B3F8421301F2151304EB8303B4F80A24914208DB013A94F8DA1BD7
:2047C0002046A4F80A2405F007FACFE71A680131043343F8082CECE73CF801204B88042B79
:2047E0002DE9F04104468AB00F4630D10B78022B24D190F8D5308BB1002384F8D5307B8883
:20480000012B76D13B78022B40F082804FF0FF3120460AB0BDE8F04105F0DEB890F9CA20B0
:20482000142190F9CB3001FB0233D0F8D0103A4A043322F8131005F0BBFAE0E7032BDED1A0
:2048400090F8D530002BD7D103681B6D98477B88082BD4D13B78022BD1D194F8D530002B0D
:204860003CD094F9CC006E4605F0DEF90546DFF8A880EC460FCD0FC60FCD0FC695E80300F5
:2048800094F9CA5005EB850586E8030008EBC505BCE80F000FC5BCE80F000FC596E803003A
:2048A00085E8030094F9CA50284605F0BDF94FF6FF720146194804F0AFFF204605F078FAFB
:2048C000002394F9CB0084F8D530142303FB0500043038F91030C4F8D03090E794F8D4303A
:2048E00083F0010384F8D4304FF47A63C4F8C03085E7022B0CD13B78022B01D1012187E73D
:20490000032B02BF94F8D53083F0010384F8D5300AB0BDE8F08100BF54EE012008200120E4
:20492000F8B54B880446B3F5807F52D190F8D530002B60D190F8D450002D5CD190F9CA00A1
:20494000142794F9CB30714E07FB00378988002B07F10402C8BF033736F812200A444FF0B4
:20496000280101FB006112B2D1F804C0D4BF294636F917100CF1FF35AB42B5BF14252825F0
:2049800005FB00354543B6BF0535755F36F915508A4204DC002BCABF013100220AB2AA42E7
:2049A0004FF01401A8BF05F1FF3501FB0033A8BF2AB2043326F8132005F036F94FF6FF723E
:2049C0000146534804F028FF2046BDE8F84005F0EFB9B3F5007F0ED190F8D530B1F9045069
:2049E00053B190F9CC302B44942BA8BF942323EAE37380F8CC30F8BD90F9CA00282343492C
:204A000094F8D42003FB00135B68002A3FD0002D09DD142202FB0032033231F9126040F28E
:204A2000FE529642E7DC2B442822102B02FB0012A8BF1023042BB8BF0423536094F9CB20F6
:204A40009342DCBF03F1FF3284F8CB20002D0EDD14254543EA182B440232033331F912204A
:204A600031F913509542BCBF013221F8132005F0DBF84FF6FF720146254804F0CDFE204681
:204A800005F096F94FF47A63C4F8C030B3E794F8CB202A44D5B252B2002A84F8CB2012DA3F
:204AA000D4F8DC20002A02F1FF32ACBF03F1FF350135042A6DB2A8BF042284F8CB5042EA7A
:204AC000E272C4F8DC2094F9CB209A4212D1D4F8DC20032A02F10102CABF03F1FF330023D6
:204AE0005BB2042AA8BF042284F8CB3042EAE272C4F8DC2094F9CB30142202FB003304331A
:204B000031F91330C4F8D0305EE700BF54EE0120082001204B88042B70B504460D461CD10B
:204B20000B78032B26D100264FF4F05005F018F8002182B23046013605F036F9202EF3D1E7
:204B400000264FF4F05005F00BF8012182B23046013605F029F9202EF3D16B88082B21D170
:204B60002B78022B05D194F8EF3083F0010384F8EF3070BD022BF0D190F8F0300133DBB24E
:204B8000062B07D9002380F8F0304FF47A63C4F8C030E2E780F8F030002BF6D0184BC0F810
:204BA000F430F2E7012B0BD0022BE2D12B78022B10D194F8EE3083F0010384F8EE30D8E7E6
:204BC0002B78022BD5D194F8ED3083F0010384F8ED30CEE7032BCCD1002400222046013445
:204BE000114605F0E1F8202CF7D10024204601340022012105F0D8F8202CF7D1B9E700BF41
:204C00000B8B0200F7B50A23012705467F22194600200097002604F023FF0C237F22274C7A
:204C200019460020009704F01BFF2548C4E9016704F07EFE0F2395F8B620A360666095F873
:204C4000B730EAB1C3B11F4804F072FE95F8B7200823212104323046BA4004F025FE0023E2
:204C60003726C4E9013695F8B63073B1164803B0BDE8F04004F05CBE144804F059FEEEE7EC
:204C80000BB11348F9E71348F7E7134804F050FE4E231248C4E9013604F04AFE06222323EE
:204CA0000F48C4E9012304F043FE95F8B5000D4A0D4B002814BF10461846D8E7E430012003
:204CC000B9EA0020CAEA0020FDEA0020D7EA0020E4EA0020EAEA002006EB002010EB002047
:204CE00019EB0020A8EA0020B4EA002070B5044600215E4805F03CF894F8CC2002210A2AF2
:204D000034BF7A20742004F0A7FE94F8ED3013B994F8EE305BB194F8E4106820544A554B68
:204D2000002908BF13460822012104F019FE94F8F01041B9204604F02FFE20460121BDE899
:204D4000704004F029BE0F214B4A01204B4D05F00BF894F8D4204A4B53F8220004F04CFD93
:204D6000484B94F8D8200F21662053F8222004F0FBFF454A1921012004F0F6FF94F8DC3080
:204D800005EB8303D3F8100F04F036FD3F4A2321012004F0E9FF94F8E03005EB8303D3F8E5
:204DA000100F04F029FD3A4A2D21012004F0DCFF94F8E43005EB8305D5F8100F04F01CFDE7
:204DC0000120344A372104F0CFFF94F8E800002848D004F055FE304804F00EFD94F8F030FC
:204DE000012B06D11E2317223C2104F1B00004F08FFD94F8F030022B06D11223172266210F
:204E000004F1B00004F084FD94F8F030032B06D11E2321223C2104F1B00004F079FD94F84B
:204E2000F030042B06D11E232B223C2104F1B00004F06EFD94F8F030052B06D11E23352212
:204E40003C2104F1B00004F063FD94F8F030062B0AD104F1B0001E233F223C21BDE870404B
:204E600004F056BD0D48B7E770BD00BF22EB0020B0460020E01A002033EB0020A8370020B2
:204E8000589F2060B01A00203EEB002049EB002054EB00205FEB00202ED900206AEB0020AF
:204EA00001292DE9F041044604D103685B6CBDE8F0411847002958D107468046012600F17E
:204EC000CC0598F8DC2A711E284608F1500804F053FD314698F88D2A284604F04DFD711CE2
:204EE00098F88E2A284604F047FDB11C043698F88F2A284604F040FD112EE2D1B4F80A2409
:204F0000122610212846202AA8BF202204F034FD97F85024711E2846043704F02DFD3146D2
:204F200097F84D24284604F027FD711C97F84E24284604F021FDB11C043697F84F24284666
:204F400004F01AFD922EE3D104F6CF3791263146013617F8012F2846F6B204F00DFD952E57
:204F6000F5D1236820461B6DA1E7BDE8F0812DE9F04FAB4E8DB0044607AD0FCE0FC533687F
:204F80000021A8482B6004F0F3FE94F8D43B0CAA02EB830353F8140C04F02EFC94F8D43BA8
:204FA000042B00F26883DFE813F01C00D900EE01660305009C4A0F21002004F0D5FE9B4AE7
:204FC0001921002004F0D0FE994A3721602004F0CBFE984A372100200DB0BDE8F04F04F04E
:204FE000C3BE00261427DFF89082DFF8549294F9D85B07A8354495FBF7F307FB1355EDB2BE
:20500000294608EB850504F063FE0A2107AA032071431831039104F0A7FEEB78039923B153
:205020004B460822242004F09BFC0136042EDED1814804F08DFDB4F80E34ABB17F4B082249
:205040000F21382004F08CFC7D4B08220F21422004F086FC0822192138207A4B04F080FC61
:20506000794A19214220B7E794F828530822774B0E21402004F074FC29460A2004F0F4FBD1
:205080002A460F214C3004F0E7FC94F9D83B704A0F212344602093F82C5304F065FE94F8BF
:2050A0002933002B52D0664B08220F21742004F057FC94F8292394F9DB3B92B9012B06D198
:2050C000122317226D2104F1B00004F021FC94F9DB3B33B90C2317224D2104F1B00004F020
:2050E00017FC94F9DB3B022B0BD15A4B08221B21572004F035FC584B08221B215F2004F0CE
:205100002FFC012528237F2240201946009504F0A7FC3E2300956FF0030600257F221946E4
:20512000402004F09DFCB4F826332B41D90707D506FB05F0132303222A217C3004F0B4FB6A
:205140000135102DEFD10DB0BDE8F08F2946642004F08AFB294604F083FBAAE794F81214AB
:2051600000295AD03D4B0822002100264FF00A083B4F7620B14604F0F3FB94F9D95B08FBD5
:2051800006F14FF0500A07AA3544183103208DF81D906B4205F0030506F1010603F0030316
:2051A00058BF5D4205F14103EDB20AFB05458DF81C3004F0D9FD384604F01EFB95F8DC0A78
:2051C000013004F05DFC042ED7D1264804F0C0FCB4F80E34002B51D0184B08220F2138200A
:2051E00004F0BEFB204B08220F21422004F0B8FB1E4A0F214C2004F0B7FD124B08221921C7
:20520000382004F0ADFB082219214220164B04F0A7FB174A19214C20DEE6164B0822A4E7FC
:20522000FC4600208DEB002097EB0020ACEB0020BBEB0020C1EB0020C6EB00201847002039
:2052400010470020D00F00205501012020470020CFEB00202847002030470020E80E0020C4
:20526000D2EB0020D7EB00203847002073EB002077F00020B00E00203CF80120684A1921AC
:205280003820684D04F070FD94F9D93B0AFB034393F8DC0A013004F0F3FB94F9D93B23214B
:2052A00038200AFB034393F8DD3A05EB8303D3F8982F04F059FD94F9D93B0AFB034393F8E0
:2052C000DD2A042A08D893F8DE2A2D21564B382053F8222004F048FD544A3721382004F0D7
:2052E00043FD94F9D93B502202FB034393F8DF3A05EB8305D5F8100F04F07EFA94F9DC3B00
:2053000033B92A232122392104F1B00004F000FB94F9DC3B012B06D146232B22392104F177
:20532000B00004F0F5FA94F9DC3B022B06D11E233522392104F1B00004F0EAFA94F9DC3B1F
:20534000032B06D112233F22692104F1B00004F0DFFA374B08220F21382004F001FB94F806
:205360004013344B4420344A002908BF1A460F2104F0FAFC17237F22302019460DB0BDE823
:20538000F04F04F0B5BBB4F80A346FF0630149F6B022642001FB03224FF4C67392FBF3F219
:2053A0001146039204F060FA039A0121683004F053FB224804F020FAB4F80A34202B05D98F
:2053C0000923122200216E2004F0AEFB00264FF00A081B4F94F9DA5B08FB06F13A460320E1
:2053E0003544183101366B4205F00305039103F0030358BF5D4204F0B7FC03992720EAB2A1
:20540000013204F029FB042EE4D10D4804F0A0FBB4F80E34B3B10DB0BDE8F04F04F08CBA49
:20542000DEEB0020A8370020589F2060E5EB00203847002073EB002077F000202ED9002052
:20544000EEEB0020B4F9D62B04EB4203B3F842534FF6FF739D4200F0EB8001320A2004EBF4
:2054600085051146039204F0FFF9039A0F21383004F0F2FAC94804F0BFF995F8501407A858
:2054800001F03F0104F024FC07A804F0B5F9C44804F0B2F994F9DD3B012B40F0BC8095F801
:2054A0005024C04B02F03F0203EB82039978DE78002900F0AC800A20039104F0D5F90399FF
:2054C00004F0CEF92EB1B84B08220F21772004F047FAB64A1921502004F046FC95F8521436
:2054E0000A20039104F0C0F9039904F0B9F9B04804F082F995F85334AE48303B13F0800F91
:20550000AD4B18BF184604F077F995F85304303840B204F0B5FA94F9DD3B4BB9D4F8C030B4
:20552000002B1BDD09230C220E21382004F0FCFA94F9DD3B012B06D112231722512104F100
:20554000B00004F0E5F994F9DD3B022B06D112231722692104F1B00004F0DAF994F9DD3B17
:20556000032B06D10C232122572104F1B00004F0CFF994F9DD3B042B06D10C232122752128
:2055800004F1B00004F0C4F994F80C34002B3FF4DAAD4FF0000B2326804FDA46DFF85482D5
:2055A000DFF85492B4F9D62B5244612A28DC04EB4203B3F844534FF6FF739D423BD0023210
:2055C0000A2004EB85051146039204F04DF9039A3146383004F040FA384604F00DF995F853
:2055E000501407A801F03F0104F072FB07A804F003F9724804F000F995F8520404F040FAAF
:205600000AF1010A0A36BAF1030FCBD19BE56C4804F0F2F856E795F851146420039104F09E
:2056200023F9039904F01CF9664804F0E5F850E704F082F9A8E7BBF1000FE1D102320A202A
:205640004FF0010B1146039204F00EF9039A3146383004F001FA384604F0CEF894F9DA3BD3
:20566000234493F8D03B13F0200F14BF4046484604F0C2F8C4E794F81214A1B1524B0822F0
:205680000021762004F06CF9B4F80E5475B14F4B08220F21382004F063F94D4A0F21422001
:2056A00004F062FBD6E44B4B0822EAE74A4A0F21284604F2164B04F057FB17237F22284636
:2056C000194604F21F4804F013FA2127434B08220E2150204FF6FF7A04F042F9404B0822CC
:2056E0000E216A2004F03CF90595A7F108060135002031463BF8029F2A4604F0ADF918F8CD
:20570000012F002A7AD1374B082231461E2004F027F9354A31464E2004F026FB98F8B007AF
:2057200000F01F00013004F0ABF998F8B037082231469B064FF06A004CBF294B2B4B04F046
:205740000FF9D1450AD098F80C30002B00F09980274B08223146762004F002F994F9DA3B17
:20576000059A934214D194F9DE3B33B90C233A46542104F1B00004F0CBF894F9DE3B012BEC
:2057800006D108233A466A2104F1B00004F0C0F8042D07F10A07A7D1D5E400BF3BEB00203B
:2057A0009CBE00203CF8012010470020F5EB00209BBE00208EE600203EF60020F4EB002043
:2057C00006ED00202ED90020E80E002018470020F7EB0020B00E002002EC0020700E00206E
:2057E000801D00206847002011C4002070470020B80E00207BEB002084EB0020D14588D0E8
:2058000011460A20039204F02FF8039A3146123004F022F9204803F0EFFF98F804000130E4
:2058200004F02EF909F58A7307A814F8231001F03F0104F04DFA07AA3146362004F094FAF8
:2058400007F007030122F91004F22A4E9A40C901D3B24631049300233EF835001841C207C6
:205860000BD50E4AC81A126812F800C00392049A42EA0C0C039A02F800C00133102BEBD1D1
:2058800047E794F8123423B9D4F8C030002B3FF765AF034B5DE700BF5CE40020E430012015
:2058A000E80E002001292DE9F041074604D103685B6CBDE8F041184700294BD10546012423
:2058C00000F1CC0695F83824611E30460C3504F05FF8214695F82D24304604F059F8611C1E
:2058E00095F82E24304604F053F8A11C95F82F24304604F04DF895F93024E11C30468032C1
:2059000004F046F895F93124211D3046803204F03FF895F93224611D3046803204F038F833
:2059200095F93324A11D08348032304604F030F8C12CC7D107F25355C0242146013415F891
:20594000012F304604F024F8D02CF6D13B6838461B6DAEE7BDE8F0812DE9F04F90F8305419
:2059600089B00446002D39D00021C24804F000FAC14D94F82E2408231C26C0490132284652
:20598000C5E9013604F0ACF9BD4A31463A2004F0EBF994F8322494F82E34934218D1B9484A
:2059A00003F0C6FFB84A3721002004F0DDF994F82E0494F83224B549B54B90420CBF0A4660
:2059C0001A4637215A2009B0BDE8F04F04F0CCB90132B049284604F083F9E3E72946AE4846
:2059E00004F0C6F9AD4A0121562004F0BDF994F82E04013004F044F894F82F34002B00F092
:205A00002A8394F82D34052B00F2E9822846A44A0F2104F0A9F994F82D04013004F030F833
:205A2000C5F34600EBB294F82D2405F0010105309A4201EB81014FEAC0004FF0040301F147
:205A40000F014FF00602C0B240F0B88003F02CFF0135062DE4D194F82E34212794F82D5496
:205A60004FF0000803EB4303DFF80C92DFF858B205EB43050C23EDB203FB054303F234429E
:205A8000029293F838240B2A97BF864B03239B1893F8283003935FFA88F6039BB34200F281
:205AA00090800C2606FB054696F838240B2A40F0448196F93C340027059396F93D340693ED
:205AC00096F93E34079305AB4FEA071B082253F827300BF1160903937B1E4946D3F10008AF
:205AE00048EB03084FEA880808F1490A504604F023F8039B0BF11301002B1A46B4BF4220A0
:205B00004820404403F0A8FF94F82C243B1D9A4208D1D4F8C030002B04DD07224946504600
:205B200004F00AF808F15100002F40F0E88096F8392401239340B6F83624134214BF012328
:205B40000023002B0CBF032301230137009364222623494604F050F9032FB4D10C23222153
:205B600003FB054393F93F2402F10903122B8CBF69206E20002AB8BF053803F06DFF94F889
:205B80002C34072B08D1D4F8C030002B04DD0B222621702003F0D0FF0C2303FB054393F80C
:205BA0003434002B40F0BD800020063026214200702009B0BDE8F04F03F0BEBF04F004F879
:205BC00046E7032E4ED8A7F1080A00235FFA8AFAC9E9013A1EB9344803F0AAFE26E00C2387
:205BE00003FB054393F83834082B07D1012E01D12E48F1E7022E19D12D48EDE7092B03D1A3
:205C0000012EF7D12B48E7E70A2B07D1012E01D12948E1E7022E09D12848DDE70B2B26D19A
:205C2000274803F085FE404603F076FE2623C9E9013A002E4AD10C2303FB054393F83824B7
:205C4000184B03EB8203D3F8D00F03F071FE94F82C34B34206D117233A46272104F1B00003
:205C600003F056FE0A3708F10108FFB213E71548B2E700BFD1E00020E43001201DEC00200B
:205C80001BE7002028EC0020FDEA00200FEC002016EC00202EEC002037EC002042EC00209F
:205CA00062FF0020A837002049EC0020B4EA0020D6C500204EEC0020550101200DC40020D4
:205CC00054EC002059EC0020A0480020012E09D10C2303FB054393F839340BEB830353F8BA
:205CE000F80CB2E7022E05D10C2303FB054393F83A34F2E7032EAAD1029BDB79EDE7012F19
:205D000004D196F83A3407FA03F314E7029BDA7901239340029A528813420CBF03230123F9
:205D200013E7632003F01CFF01303C287FF73CAF032003F015FF013837E7002A00F00481C2
:205D4000012796F83934B6F8361407FA03F3BA4203EA01031AD1002B4FF0240308BF0322DC
:205D6000009219464C22402004F046F80C2303FB054393F83834013B092B00F2C180DFE85C
:205D800003F01E2F6C602F6C608D8DE6002B4FF04C024FF0400014BF0123032300931C23D6
:205DA000194604F029F896F83A349F40B6F836341F4214BF0123032300932C23D1E74C22F6
:205DC00034231421104603F093FE24236C2214214C2003F08DFE24236C2234214C202DE0C6
:205DE0004C2234231421104603F082FE142360224C20194603F07CFE1A2367221421602074
:205E000003F076FE20236C221A21672003F070FE6C2228232021104603F06AFE3423602283
:205E20004C20194603F064FE2E2367223421602003F05EFE28236C222E21672003F058FE4C
:205E40005EE024234A221421462003F051FE24234A223421462003F04BFE142360224C20A5
:205E6000194603F045FE24236C221421602003F03FFE342360224C20194603F039FE2423BE
:205E80006C223421602003F033FE2423502214214C2003F02DFE242350229EE74C22342300
:205EA0001421104603F024FE14236C224C20194603F01EFE34236C224C20194603F018FEEA
:205EC0006C2234231421104603F012FE2C23542228214C2003F00CFE2C23542230214C2056
:205EE00003F006FE0C23CF4A4E2003FB054393F83814CD4B082918BF1A46192103F034FFF8
:205F00000C2303FB054393F83824012A02D0053A022A4BD804222421702003F00DFE0C2372
:205F200003FB054393F83444002C4DD100201230002C4FEA400314BF0122032274201946B6
:205F400000927F2203F058FF09B0BDE8F08F1C2354224C20194603F0CBFD2C2354224C207B
:205F6000194603F0C5FDB14B10221B21542003F0F7FCAE4B10222721542003F0F1FC1E2341
:205F80006C226420194603F0B3FD6C2224231E21104603F0ADFD282354221E21662003F06D
:205FA000A7FD202354222A21642047E793F8343475226C20002B14BF01230323009324234F
:205FC000194603F019FFAAE7632003F0C9FD01303C28ABDD032003F0C3FD0138A7E7192790
:205FE000DFF85C82A946DFF85CA2914A0F21284603F0BAFE5FFA85FB42463946002003F011
:20600000B3FE0BF1410305A88DF815908DF8143003F0F2FB94F82E645246394640200BEB84
:20602000860603F0A1FEF6B2264496F85405013003F026FD94F82C345B4507D12F2307F154
:206040000802412104F1B00003F062FC01350A37042DCFD178E794F82E741D464FF00C0853
:2060600007EB47077F00FFB257FA85F35FFA85F905F0010B94F82D24DEB20BEB4B0B4A45C7
:206080004FEA05134FEACB0B03F0E00A13D1D4F8C020002A0FDD08FB0642664B0AF119000D
:2060A0000BF1100192F83824C0B203EB8202D2F8D02F03F059FE08FB06420AF11D005E4BEA
:2060C0000BF11A0192F83824C0B203EB0213102203F02EFD94F82D344B4502D094F83134BE
:2060E000FBB108FB064B9BF83834D3B149469BF8390403F0C9FC9BF83834012B04D949466F
:206100009BF83A0403F0C0FC08FB064393F838340B2B06D108FB0643494693F83B0403F017
:20612000B3FC0135062D9FD104F263560025434A1021002003F018FE05F00302C5F38500E5
:2061400002EB8201013200EB4000490040001831C0B2CDE9020103F07FFC16F8013FDDE9F2
:2061600002011BB10823062203F0DEFC0135082DE2D1002510262F465FFA85F8782005AA25
:20618000314608F141038DF815708DF8143003F0EBFD284603F04CFC28B108230622314651
:2061A000782003F0C1FC94F82E2494F82D3408EB820854FA88F898F85405834202D094F875
:2061C0003134C3B1062313FB02030C2202FB034393F838347BB100F001014008042378221B
:2061E00001EB410140010093C900F3182D301D31C0B203F001FE01350C36042DBCD194F8F8
:206200002D34062B7FF4A0AED4F8C030002B7FF79BAE76223C231021104609B0BDE8F04F6A
:2062200003F066BC79F1002045EA0020484800205DEC0020A8370020E84700207CEC002081
:206240006CEC002074EC00202DE9F04F044600216B482DED028B85B003F08AFD94F9CA2006
:20626000684B53F8220003F0C7FA94F8D550002D4ED0654A0F21002003F076FD94F9CC2070
:20628000624B2321002053F8222003F06DFD7F2304F1B0002B22002103F03AFB5C4A372128
:2062A000002003F061FD5B4A37214E2005B0BDEC028BBDE8F04F03F057BD09232022414637
:2062C000504603F031FC94F8D430002B61D1BBF1330F06F10406D84625D10135042D18D1C8
:2062E00094F8D43004F1E00094F9CA20002B61D02823162103FB027242F21073009353686D
:20630000342203F0B5FC05B0BDEC028BBDE8F08F414F4FEA451A2E464FF00F080AF1020382
:20632000DBB208EE103A94F9CA30282208F1090B02FB03725268B242C9D9142237494FF4F7
:206340007A7904F59F7002FB03630390043337F91320642312FB03F34A4342F21071DB0902
:20636000009118EE101A09FB03F9C9EBD21908F10202D2B203F07CFC01224946039803F091
:2063800003FB94F9CB309E429DD194F8D430002B93D094F9CA30282202FB03735B68013BC8
:2063A000B34294D120235A46514604F1B00003F0AFFA8CE794F9CB3014214FF47A740390D4
:2063C00001FB02331549043337F91320642312FB03F34A430C21DB095C43C4EBD21442F204
:2063E00010720092342203F043FC03222146039805B0BDEC028BBDE8F04F03F0C5BA00BFDA
:206400007FEC0020589F206090EC0020ACA12060FDEA002097EC002054EE0120A0860100DD
:2064200037B53723044680220921002003F0CCFB402202230A21104600933F2303F0DCFC5E
:20644000124B0122D4F81051C3E9012294F8F0302BB10021D4F8F420084603F0FDFA0C4AA9
:2064600000212E2003F080FCD4F8D00003F008FB94F80C3123B12A4600216E2003F0ECFA17
:20648000204603B0BDE8304003F08ABBE4300120A0EC002003F084BB2DE9F04F90F8E57051
:2064A0008BB00446002F40D00021AE4803F060FCAD4D08231C26AD48C5E9013603F038FA4C
:2064C000D4F8EC00013003F027FAA94803F030FA3A23A848C5E9013603F02AFAD4E93B234D
:2064E0009A4219D1A44803F023FA00233726A348C5E9013603F01CFA5A23A14AD4E93B0120
:20650000C5E901369F4B88420CBF104618460BB0BDE8F04F03F00CBA944803F009FAD4F86D
:20652000F000013003F0F8F9DFE790F8E410002940F09A81944803F01BFCD4F8E030052BAE
:2065400007D8DFE803F00331333537398F4803F0EFF9864A01215620DFF85CB203F004FCA4
:20656000D4F8E8004FF012094FF0110A013003F087FA94F8CC30D4F8DC5004F1CC00039337
:20658000D4F8D8305D1B019303F0BEFB029009FB05B905A803F018FC029AAAF10203AA423F
:2065A0000CDA0BB0BDE8F08F7948D0E77948CEE77948CCE77948CAE77948C8E7019A002710
:2065C00005F00F06AA420CBF012200228DF81420039A18BF3A46CDE906738DF815207E237E
:2065E0005F22CDE908237B1B03F00F0358BF5E42072E68DC122373430BEB03021BF8033042
:2066000092F8018028F01F0858EA030805D1D4F8E070002FD4BF0027012704EB4603B3F8FD
:2066200044342BB904EB8603D3F82434002B46DBB8F1010F18D104EB8603D3F82424002AC0
:2066400009DB494B4621C3E9011A564B03EB8203986903F06DF907990822534B3820013134
:2066600003F066FAB0466BE0504B08225146462003F05EFAD4F8E030012B00F3EE81B8F166
:20668000140FEFDD9BF8AB04082207990B28484B01F101018CBF002001204000503003F006
:2066A00047FAD4F8E030002BDCDD05A803F074FA404803F03DF905A803F0C2F9C0E0B8F176
:2066C000010FD7D1C7E7A6F10808404603F0C0FA28B9D4F8E070002FD4BF0027012704EB7D
:2066E00048030138B3F8BC34C0B22BB904EB8803D3F85C34002B32DB012817D804EB880386
:20670000D3F85C24002A09DB174B4621C3E9011A244B03EB8203986903F00AF907990822ED
:20672000214B3820013103F003FA09E01F4B08225146462003F0FCF9D4F8E030012BB4DC79
:20674000002FB2D1D4F8E070052F37D1072EACDD404603F07DFA0128A7D1013732E001286D
:20676000EAD8DBE7D1E00020E430012042EC002025EC00201BE7002028EC0020FDEA0020B3
:206780000FEC002016EC00203EF60020B9EC0020C5EC00200BC90020D2EC0020DCEC002018
:2067A000E7EC0020A0480020B84A0020E01A0020C04A0020F3EC0020A0240120072ECCDCB7
:2067C000002FCAD105A803F0E7F9072ECBBFA64BA64B03EB850353F82500C8BF53F8200CEA
:2067E00003F0A6F8072D14DC99F8011099F9000003F072F80146072DD4F8E020D4BF4B46E8
:2068000009F5D873052A2DD8DFE802F00D2022252729A5F1080003F01BFA954B03EB80008A
:20682000D0F86812E7E75A7893F9003002F0E0021A4318208F4B00FB073305A803F0D4FAD4
:20684000013509F112090AF10C0AA5E69A78F0E793F90420EDE75A79EBE79A79E9E793F9D0
:206860000720E6E70022E4E73946834803F080FAD4F81C34002B3FF494AE804EDFF838A245
:20688000D4F82054D4F81C343D449D4217DA04EBC5054FEAC70995F8F63009F10F09052B94
:2068A00053D195F8F85055B101237548C6E9013903F03EF84D2D28D1724803F039F801375D
:2068C000062FDDD1D4F81C34062B7FF76AAE30233A460E217A2003F077F9D4F81C142622B7
:2068E000D4F82004063903F0FBF826283B464FF00202A8BF262020EAE07000F110017C20CC
:206900000BB0BDE8F04F02F0CFBF482D01D15E48D3E7442D01D15D48CFE7452D01D15C482B
:20692000CBE7542D01D15B48C7E7572D01D15A48C3E75F2D01D15948BFE7422D01D15848D9
:20694000BBE74E2DBBD15748B7E70123C6E9013995F8F43013B1544802F0EAFF95F8F500D6
:2069600002F07AFF95F8F43013B94F4802F0E0FF5046DFF8FCB002F0DBFF95F8F7204B4BA8
:2069800003EB8203D3F8100F02F0D2FF2523C6E9013995F8F6300BEB8303D3F82C0302F08B
:2069A000C7FF4923C6E90139B5F9FA30632B50DC092B4FF006034EDD4FF00008984495F8D3
:2069C000F630012B10D8B5F9F8300BEB830BDBF8180002F0ADFF08F15B03B5F9FA00DBB20E
:2069E000C6E9013902F098FF95F8F6309A1E012A0FD8022B03D1B5F9F80002F08DFF08F18A
:206A00005B08B5F9FA005FFA88F3C6E9013902F083FF95F8F630042B0AD1B5F9FA30002B7A
:206A200002DD234802F084FFB5F9FA0002F074FF95F8F630062B7FF442AFB5F9F80002F0AA
:206A40006BFF1C4802F074FFB5F9FA0002F064FF35E70023B0E79846B0E7B8F1140F7FF779
:206A600024AE01270EE600BFE84A0020C84A0020A0480020244B002009ED0020E430012003
:206A80001CED002024ED002031ED00203CED002048ED002051ED002058ED002064ED00208C
:206AA0006FED002037EC002062E50020A83700208EE6002011C400209CBE002000000000AE
:206AC000F7B50C23264D02264FF4167225492846254CC5E901634FF47A7300933C2303F001
:206AE000FFF816232149AB606E600B68A3FB04234A68A2FB04028968A1FB041064213C270D
:206B00005943B1FBF7F1CDE900011949284603F0E7F8202317496E604A68AB60A2FB0432EB
:206B20000B68A3FB04038968A1FB041012490090284603F0D5F82A2310496E604A68AB6052
:206B4000A2FB04320B68A3FB04038968A1FB04140B492846009403F0C3F803B0F0BD00BF82
:206B6000E4300120A8F10020063A6D00BC360120BAF1002060230120D4F1002000F40120FE
:206B8000E7F100202DE9F041474D4FF4C852DFF848810226EB686427D8ED006A13F00103E9
:206BA000424CF8EE666A424920462DED028B04BF2B610123DFED3F8A08BFEB60AB8A9FED1E
:206BC0003E8A53432A6907EE103AC2EB8212B8EEC77A27EE287AC7EE267A67EE887AFDEE0F
:206BE000E77A17EE903A9B184FF00C0248BF3F339B11C4E9016293FBF7F22B6107FB1233E6
:206C000003F06EF8EB8A4FF4C85298ED007A2B4920465343B8EE477A666007EE903A1623B5
:206C2000F8EEE77AA36067EEA87AC7EE876A26EE888AFDEEC87A17EE903AFDEEE67A93FBF2
:206C4000F7F207FB123317EE902A03F049F820234BF680321A492046A360666003F040F81E
:206C60002A232A7E17492046A3603425666003F037F8154B66601B78A5606BB12046134979
:206C800003F02EF82946124B08223220BDEC028BBDE8F04102F04CBFBDEC028B0D48BDE85A
:206CA000F04102F045BE00BF00F40120E4300120FAF100200080BB430000C8420FF20020F1
:206CC00022F200202FF200205C5601203DF200206861002046F20020D005012037B50021D9
:206CE00040238022104C084602F06EFF00220C230E48C4E9012302F01BFE022116230C4853
:206D0000C4E90113026A0B49A2FB0132C369A3FB0153406AA0FB010100912046064902F085
:206D2000DFFF03B030BD00BFE430012036D4002000F40120063A6D0053F20020164B70B50A
:206D40001C6844B1A06802F0F3FD236820469B6BBDE870401847114C0226114D114802F0F7
:206D6000E7FD0C23AA6A20460F49C4E9016302F0B7FF1623EA6A20460C49A360666002F072
:206D8000AFFF20232A6B20466660A3600849BDE8704002F0A5BF00BF2C430120E4300120BE
:206DA00000F4012013F1002067F2002075F2002084F20020F8B51C4B00AF1C4A02261B6830
:206DC0001B4CBA1A1B4DE41A0C231B492846C5E90163931202F084FF162322461749284676
:206DE000AB60A3126E6002F07BFF012002F020FD044618B9012002F0CBFF0446104B1A7E34
:206E00001AB1104B03EB02531A1B022120230948C5E9011393120C4902F062FF2046BD46A5
:206E2000BDE8F84002F0F0BC54110120C0F8012000002820E430012094F20020A5F200209E
:206E400000F4012000000070B6F2002070B5254E736BDB070BD402F093FDDFED237A01239F
:206E600020EE270A7363BDEEC00A86ED0E0A1F4C02250C231E4AC4E901531E4B18781E4B71
:206E8000002814BF1046184602F052FD16231B48A360656002F04CFD202319486560A360F7
:206EA00002F046FD174802F043FD2A231648A360656002F03DFD154802F03AFD144802F099
:206EC00037FD3423B26B20461249A360656002F007FF114B1B7823B11048BDE8704002F027
:206EE00027BD70BD00F4012000007A44E4300120A7C1002065220120B7C1002033C200209C
:206F00003EF60020C7F20020CDF2002013F10020D2F20020D7F20020B1360120E6F2002074
:206F20007FB5314C02260C23304A314D20461268304955F82220C4E901632F4B120A1B683F
:206F400055F823301B0A02F0CBFE16232B4A2046A3602B4B12681B6855F8222055F82330F8
:206F6000120A28491B0A666002F0BAFE2023264A2046A360254B12681B6855F8222055F88A
:206F80002330120A22491B0A666002F0A9FE2A23204A2046A360204B12681B6855F822207C
:206FA00055F82330120A1D491B0A666002F098FE002002F021FD0390012002F01DFD0290BA
:206FC000304602F019FD0546032002F015FD34216660A1601249CDE90050DDE902322046E4
:206FE00002F07EFE04B070BDE43001202C230120EC220120EEF20020AC050120BC050120BA
:20700000B0050120FEF20020C0050120B40501200EF30020C4050120B80501201EF30020B0
:207020002EF300207FB5334C02250C23C4E90153314B186802F0F8FB304B0290186802F0A5
:20704000F3FB029A2E490346204602F049FE16236560A3602B4B186802F0E6FB2A4B029076
:20706000186802F0E1FB029A28490346204602F037FE20236560A360254B186802F0D4FB23
:20708000244B0290186802F0CFFB029A22490346204602F025FE2A236560A3601F4B1868E9
:2070A00002F0C2FB1E4B0290186802F0BDFB029A03461C49204602F013FE002002F09CFC9F
:2070C0000390012002F098FC0290284602F094FC0646032002F090FC34216560A160124991
:2070E000CDE90060DDE90232204602F0F9FD04B070BD00BFE43001202C230120AC0501201B
:2071000046F30020BC050120B005012056F30020C0050120B405012066F30020C4050120D2
:20712000B805012076F300202EF300203A4B2DE9F74FDA6B12F001010DD103F14002082041
:207140004FF0FF3401389160C2E9001402F10C02F8D10122DA63D3F8A02012F0010F2F4A94
:2071600005D11168C3F8A4100121C3F8A010D3F8A4101668761A41F288318E4202D9126826
:20718000C3F8A420264F4FF00008264C264DDFF8A0B041F2883357F8041B204608F1010AE2
:2071A0009E424FEA11214FF0020981BF4FF0FF320023C4E90123C4E90D2302F031FDF96838
:2071C00004F13000090A02F02BFDC5F80490D4E90D20D4E90131821A0A20CB1A594600FBEE
:2071E00008F00C34019208F105020C3000925246A8600D4802F074FDBAF1040F09D13423AF
:207200000A48C5F80490AB6003B0BDE8F04F02F08FBBD046BDE700BF00F401204C450120AD
:20722000EC22012040F40120E430012098F3002086F3002038B5174A0446D2F8081CD2F801
:207240000C3C5B1A0233F8D0D2F8083C03F0010303F5407352F823000028EED002F0A8FCDB
:207260000D4D252212230D48C5E9012302F060FB78231C210020B4FBF3F203FB12420823BB
:20728000D2B202F011FB00232B60BDE8384002F01BBC00BFD4360120E4300120C9F30020DD
:2072A00038B5114BD4221B7823B11049104802F09FFC38BD0F490E4802F09AFC0E4B1B78D3
:2072C0007BB90B4841F21A3501460A220C88013A2C4421F8024BF9D101331630082BF3D152
:2072E000E7E7B0220549E1E77CED012044C220605045012018C32060B1360120ECC3206080
:207300002A48D4222A4B00212DE9F041013A1CD271B1284CA368201D0133A36002F010FDEB
:207320002146E0810020E02241F8040B02F00CFD214F224DD7F80080214C224E3B6808F575
:207340007A729A420BD8BDE8F0811D78013310F8014BA5421CBF03F8014C0121D6E7D5F899
:20736000082CD5F80C3C9B1A0233F8D0D5F8083C03F0010303F5407355F823000028EED009
:2073800002F016FC0D2212233046C4E9012302F0CFFA1F211B230C48C4E9011302F0C8FA3C
:2073A0000023236002F090FBC8E700BF504501204C0820203C0820204C450120D436012091
:2073C000E43001201CF40020B7C50020F8B5314F0221314D3878314C02F08EFA304E022196
:2073E000287802F089FA2078022102F085FA3078022102F081FA3A782A4B10012A4903EB7B
:2074000002171A580A602A78100103EB02151A584A602278100103EB02141A588A603278EE
:20742000160103EB0210214A9B590326CB60FB6802271360EB685360E36800249360C368F0
:20744000D36052F8045B51F8040B95FAA5F3B3FA83F30F2B10DC5B00D0F80CC006FA03FE98
:2074600007FA03F32CEA0E0C4CEA0303C36001348561042CE5D1F8BD103BD0F810C05B0092
:2074800006FA03FE07FA03F32CEA0E0C4CEA03030361ECE7B9360120DC050120DD0501203C
:2074A000DE050120900300200043012010430120F8B502F065FA8A4CDFED8A7A4FF47A716B
:2074C00084ED000A20EE270A8748BBFE400AFDEEC07A17EE903A93FBF1F201FB12338349AE
:2074E00002F03AFCD4ED007A9FED817AF4EEC77AF1EE10FA4BDB7F4B002217211A7001239E
:207500007D4A13707D4A117016217D4A11701D217C4A11701C217C4A11700E217B4A1170DC
:207520000F217B4A117014217A4A117027217A4A13707A4A11702621794A11702821794AF0
:207540001170794A79491370FF220A7078490A702421784A11702521774A11701921774AC1
:2075600011701E21764A11701F21764A11701821754A11701021754A117111215171744AEC
:207580001370744A1370744A1370744A1370B7EEE76AB5EE007A9FED4C5BB4EEC56BF1EEAE
:2075A00010FA73DBF4EEC77AF1EE10FA94BF012300236B499FED465B0B70B4EEC56BF1EEC0
:2075C00010FA0EDB9FED444BB4EEC46BF1EE10FA07D8052263480260634802600120634AF5
:2075E0001070F4EEC77A624AF1EE10FAACBF0120002082F8A8005F4A4ADBB4EEC56BF1EE06
:2076000010FA45D80123042705260625137007243C4A00200B701D21DFF89CC111701421A7
:20762000394A11701C21394A11700E21384A11700F21384A117002214F4A17604F4A16605E
:207640004F4A15604F4A14604F4A10604F4A13604F4A11600322CCF80020DFF860C1CCF82B
:2076600000704C4F3E604C4E35604C4D2C604C4C20604C4803604C4B19604C4B1A60394B59
:2076800005221A600A22384B1A6005E0002390E700211170002BF2D1454B1A7842B99FED68
:2076A000457AF4EEC77AF1EE10FA0ADB01221A702C4B00221A600A222B4B1A6001222B4BA5
:2076C0001A70F8BDAFF30080295C8FC2F528BC3F666666666666D63FCDCCCCCCCCCCDC3FFE
:2076E0002846012000007A440006012055F40020CDCC4C3DB9360120DC050120DD05012076
:20770000DE050120B4060120B5060120B6060120B7060120C8050120F04201201908012070
:20772000180801201708012064220120FC070120FD070120C9050120CA050120B80601201A
:20774000CB050120CC050120B906012054110120B83601205D5601205E5601205046012071
:20776000B1360120D8050120A00501206522012000F40120254601202C230120BC050120A2
:20778000C0050120C4050120AC050120B0050120B4050120E4050120E8050120EC0501206D
:2077A000F0050120F4050120F8050120FC0501207CED01206666E63EB8050120A0430120FD
:2077C000074A002341774260064A03600382037783770362C0E90222C0E90533704700BFA6
:2077E000A7D900202CF50120C3682DE9F74F06468769002B00F098807C1CC4EBC4043F2C37
:2078000040F39580B37F013B012B98BF4024601C221D0D21964D00EBD0704310C3F140008D
:20782000C3F100092423019002F00AFA2423621D0D21019802F0C8F909F14208102370682E
:20784000C5F80480AB6002F073F8737F002B73D0336A3068013396F91CB096F81CA033627C
:2078600003681B6A98478345824B04BF0AF1040A5FFA8AFA03EB8A03D3F86C0102F058F806
:20788000737F002B58D0B37F002B55D0013B012B00F2EA806410142319221A211C3C44445C
:2078A000204602F091F9142319221A2104F1200002F08AF9306896F91C1003689B6998470E
:2078C000012806D00A2834D84FF4A963C340DA072FD5E31D6B602127674BAF6053F82000F5
:2078E00002F026F8306896F91C100368DB69984704F12503C5E90137051E02DB5F4802F0FB
:2079000017F8284602F008F8B37F1B221921012B4FF016030CBF04F1FF3004F11F0003B015
:20792000BDE8F04F02F0FCB8C7EBC70467E740246DE704F10903CDE72823C5F80480AB60EE
:207940007369BB426AD009F148036B60F3686BB14B4B09F143002721B3F85C305B0747BFD3
:20796000484B0522484B042202F0E2F87369B2680433464832F9131064224FF47A7311FBFD
:2079800002F24143D209C909092A02FB03F301F1050138D8686812386860F06810B96868C1
:2079A00006386860C91A0A233148B1FBF3F3384902F096F9F268C7EBC703641092B30433DE
:2079C000A4EB5304B6F810900025DFF8CCA04444A046BD4228D1C5EBC500F3680444002B62
:2079E00042D02C4B04221B21204602F0A1F87369AB4239D10C2308221921A01E03B0BDE82F
:207A0000F04F02F0E1B8632A02D868680C38C3E7B2F57A7FC1D268680638BDE7384601F023
:207A20007BFFC7E7033BCBE719F0010F15D0082304221B21404601F037FF7369AB4206D156
:207A40000C2308221921A8F1020002F0BDF8013508F107084FEA5909BBE7534604221B21DB
:207A6000404602F065F8E8E703B0BDE8F08F00BFE430012090600020B01A00208EE6002009
:207A80006C230120A561002048230020A086010003F50020206200201C6200202DE9FF47AA
:207AA0004B8804460F46058AB3F5807F73D1467FB6B1904BB3F85C20D10711D5B3F85E20C5
:207AC000006842F00102A3F85E20036894F91C109B689847B7F904301F1820D5002726E0AD
:207AE000A27FB7F90430511E012909D81344022BA8BF0223012BB8BF0123A37700263AE0D6
:207B00006269E1681344A26901B9013A002B04DB9342A8BF13466361F0E70023FBE7942FF8
:207B200037DC042F03D1002BCCBF05270327D4F80080228AD8F8003040460392D3F824908D
:207B400094F91C109B699847029020680168D1F81CA094F91C10D04794F91C10DDE90232FE
:207B6000CDE9000139464046C8473946204601F0D7FE002323622946204602F07DF8002E7D
:207B800000F0B580206803685B6904B0BDE8F04718479427CBE7B3F5007FAFD1837F012BD8
:207BA00052D0022B7AD0002BA8D1C2688169002A43D046698E4210D2FA8852073DD54D4953
:207BC000B1F85E2042F00402A1F85E203146B7F9042001F099FF0126CDE72ED1B7F90420AD
:207BE000B318102BA8BF1023042BB8BF0423002A836111DC4FF6FF7202FA03F335EA030350
:207C000004BF45F00105ADB212E000233146013620461A4601F078FFA269B242F5D8616980
:207C20004FF6FF73521A9340DB438B402B439DB2A369E26853606361CDE72846B7F90420E5
:207C400002F0CAF8054659E7006894F91C1003689B699847B7F904602768064494F91C10D0
:207C60003B6838460B2ED3F824909B68A8BF0B2698478046206826EAE676228A036894F953
:207C80001C10DB690292984794F91C30CDE900033346029A41463846C8472FE7006894F93B
:207CA0001C100368DB699847B7F904606FF00B032768064494F91C1038460C2EA8BF0C26A6
:207CC0009E42B8BF1E463B68D3F824909B68984780462068228A036894F91C109B6902922F
:207CE000984794F91C100346CDE90061D1E704B0BDE8F0876C23012070B50B780446022B35
:207D00007BD14B88013B072B77D8DFE803F00449766576767696CB88580726D5494AB2F8C3
:207D20005E3043F00403A2F85E30D4E90513994214D1454EE5680FCE0FC50FCE0FC596E8FE
:207D400003000C2385E8030040F6FF71C4E9053321822046BDE8704001F08EBF0123802294
:207D60002046BDE8704001F0CFBE637F23B92046BDE8704002F024B8236AFA2B3DD9217F1B
:207D8000013149B20429A8BF00212068217703689B68984701462046BDE8704001F0C0BD24
:207DA000CB8859070BD5274A4169B2F85E3043F00403A2F85E3001236FF07F02D0E7437FFE
:207DC000002BD4D0036AFA2B17D9017F013949B20029B8BF0321D8E7437F7BB1194BB3F81D
:207DE0005C20D2070AD5B3F85E2042F00102A3F85E20837FCBB10023236270BDA37FBBB9EF
:207E0000D4E905208242F8D20123218A93400B429AB210D04FF6FF72824098B221EA020206
:207E2000824296D021EA030193E701238377E2E70023A377E1E711438BE7BDE8704001F097
:207E400053BD00BF6C23012028A42060F0B54FF0280C0026074F084D0CFB067401360FCDDA
:207E60000FC40FCD042E0FC495E8030084E80300F1D1F0BD54EE012028A420602DE9F04FEC
:207E80007E4889B001F064FD7D4B4FF480707D4C197800251A890023DFF808A242EA014261
:207EA00042F4003201F0A8FE774A01AB1068516803C334F9081C40F2FF2054F8042C2F0111
:207EC000CB17A4F1020842EA01421B04BFB243EA114301F091FE00221346164654F8041CDE
:207EE000B14277D89AF80030CBB105F1300301A966488DF8063001F097FD03A8022301AAC6
:207F0000624901F099FD03A801F0A2FD002840F0858003A801F064FD03A801F031FE013599
:207F20002834042DC5D15A4E0024002237461346154605F0030C37F8020B4FEA0C1EBCF1AF
:207F4000030FAEF12001CEF1200800FA01F120FA08F800FA0EF041EA080142EA000243EADB
:207F6000010308D144EA950040F4407080B201F043FE002213460135102DDAD108342036EE
:207F8000A4B2B4F5807FD0D1424D002444F4806001342B7980B255F8052B01F02DFE202C87
:207FA000F4D13D4D0024AB7844F4A060EA7801341B0480B243EA026335F8042B1A4300239D
:207FC00001F01AFE142CEED12C4801F0D1FC09B0BDE8F08F06F0030C38F8020F4FEA0C1EE1
:207FE000BCF1030FAEF12001CEF1200900FA01F120FA09F900FA0EF041EA090142EA0002B7
:2080000043EA010308D147EA960040F4007080B201F0F2FD0022134601365FE71F4903A8CE
:2080200027460126DFF8808042F21079DFF87CB001F04AFC54F8042C03A8194901F08CFEDA
:2080400054F8043C9E42BFF464AF37F9022F434603A80136534348BF7F33DB1193FBF9F16F
:2080600009FB1133642112FB01F25946002AB8BF7F32D21101F070FEE2E700BF3CC200205A
:20808000000120205CEE01202AF5002088510120F0E00120100921203CF801200DF5002039
:2080A0001DF500205C56012040420F0021F500202DE9F04F434C002585B0DFF81491FFF744
:2080C000DDFEC4F83C5F01F0F7FD1723264604F63C7ADFF800B1B0FBF3F202FB13081722CA
:2080E00008EB0503B3FBF2F102FB113309EB8303D3F850723B683846DB689847C20700F1AF
:208100001C0348BF00F11D03042B24D9E218524521D8BA885946638007F110002280221DC5
:2081200012FA83F302930023CDE900228DF80C3028226B4601F0BCFD3B68694638461B6973
:2081400098479DF80C3033B96288D6F83C3F14441344C6F83C3F0135172DC0D1194940F6C5
:208160004173002001F57562013B18D130B3D6F8482F15490132C6F8482F40F64172013A27
:2081800017D1DB43C6F8402F104940F64C72E020A6F84E3F05B0BDE8F04F01F0D5BD15788B
:2081A000013211F8014BA5421CBF02F8014C0120DAE711F8010B03449BB2E0E705B0BDE882
:2081C000F08F00BFB009212000192120F418212058A7012094070020837910B5CBB14379EC
:2081E000C3B902686024017904FB0122D3849386C2790121530902F01F0203F1382301FAF3
:2082000002F260339B001A60152283681A600023837110BD012BEBD102680479D18BA34034
:2082200089B221EA0303D38302EB441200239381D381DDE773B5057904461DB900252846B1
:2082400002B070BD437900F1080623B1304601F07BFB0023637104F180013046019101F06D
:208260009FFD0028EADB0199304601F0C9FC0028E4DB01236371E2E700BF7047074B00221D
:208280000004C3F8A0200122C3F8A400C3F8B0205A69D207FCD501225A61704700402A40A6
:2082A0002DE9F04F2DED028B87B00C4600F03CFB002800F03082AE4E2046AE493C2501F09D
:2082C00073FBD6F8A490AC492046B9FBF5F8B8FBF5F7C6F8A47001F0F7FA182100230A2257
:2082E000B7FBF1F001FB1071204601F009FCA349204601F0E9FA00230A2205FB178120469F
:2083000001F0FEFB9D49204601F0DEFA00230A2205FB1891204601F0F3FB204601F090FA40
:208320009749204601F0D0FAD6F89810204601F02FFCD6F88850002D54D09249204601F01B
:20834000C3FAD6F88810204601F022FCEA0740F1D6808D49204601F027FB2A0629D58B49BC
:20836000204601F0B1FA1022D6F89010204601F05FFCD6F890201F2A00F2D280844920466B
:2083800001F0A2FA1022D6F89810204601F050FC8049204601F098FAD6F898101022204645
:2083A00001F046FC7C49204601F08EFA204601F047FAEB0540F1BE807849204601F0F4FAE9
:2083C0002F0408D57649204601F07EFAD6F89410204601F0DDFBE80340F1C18071492046E1
:2083E00001F0E2FAD6F88C507DB16F49204601F06BFAD6F88C10204601F0CAFBA80740F1FE
:208400002A816A49204601F0CFFA6949204601F05BFAD6ED286AB7EEE67AB4EE477BF1EEE3
:2084200010FAC0F11D816349204601F05DFC6249204601F0B9FA6149204601F045FA604BE7
:2084400060490A2218680023B0FBF1F1204601F057FB5D49204601F0A7FA5C4B9D68AA0773
:2084600008D51A6B20465A4B9A420CBF59495A4901F09AFA6F0703D55849204601F094FA4A
:208480002E0703D55649204601F08EFAE80603D55449204601F088FAA90603D5524920468D
:2084A00001F082FA6A0603D55049204601F07CFA2B0603D54E49204601F076FA15F480753C
:2084C00000F03F814B49204601F06EFA3F4A4A492046936823F48073936001F065FA47493F
:2084E000204601F061FA464B07221A64454A936B43F040039363BFF34F8F30BFFDE7AB0784
:2085000001D5414926E72F0701D5404922E7E80601D53F491EE7A9067FF51FAF3D4919E788
:208520003D4B9A42FFF442AF20339A42BFF43EAF3A4938E7AF0501D539493EE7680501D50E
:2085400038493AE7290501D5374936E7EA0401D5364932E7AB047FF533AF35492DE7A90339
:2085600001D534493BE76A0368D5334937E700BF00FF27201CF7002029F700205CE400206A
:2085800050F7002075F700207EF7002044F8002066F8002086F80020C6F8002027F90020BD
:2085A00061FA002083FA00205EFB002067FB0020AAFB0020CDFB0020D5FB0020DAFB002016
:2085C000D005012040420F00F8FB002000800F40F100AD0B54FD00209DFD0020DEFD002063
:2085E00006FE002031FE002058FE002082FE0020A4FE0020C6FE0020F0FE002012FF00200D
:2086000000C00A4000400D40A7F70020C9F70020F3F7002019F80020C0F80120E4F8002015
:2086200048F9002076F90020BBF90020FBF900202FFA0020A7FA0020D9FA00202B0301D561
:208640008B49CCE6EF0101D58A49C8E6AD017FF5C9AE8949C3E669007FF5D7AE8749D1E650
:20866000B0EEC75B9FED7E4BB4EE445BF1EE10FA01DD8349D8E69FED836AF4EEC66AF1EEE9
:2086800010FA01DD8049CFE69FED806AF4EEC66AF1EE10FAF6D4F5EEC06A0A222046F1EEBB
:2086A00010FA9FED716B46BFB1EE477B0123002337EE067BFCEEC76BB8EE668B16EE901A94
:2086C00037EE488B01F01CFAB2EE045B2E2302A920468DF8083028EE057BFCEEC76BCDED11
:2086E000016A9DF8043006EE903A03F13002B8EEE66B8DF80920032237EE467B27EE057B1D
:20870000BCEEC77B17EE103A30338DF80A3023685B6898478BE65E49204601F045F95D497C
:20872000204601F041F95C49204601F03DF95B49204601F039F95A49204601F035F959497F
:2087400088E6594EDFF87091D6F8C030DFF878A1002B3ED10023C6E92033C6E92233C6E96C
:208760002433C6E92633C6F8A830BFF34F8F4FF0E0224E49C2F8701F2031C2F8701FBFF307
:208780004F8FBFF36F8F4A4A9168916049491363C1F8C03F0123484A1046023200885245AE
:2087A00013FA80F31D44F7D19BB243EA0543C1F8DC3FBFF34F8F4FF0E023C3F8689FBFF334
:2087C0004F8FBFF36F8F012007B0BDEC028BBDE8F08FD6F8DC00294601234A46174602327B
:2087E0003F88524513FA87F31944F7D19BB243EA01439842AED10027DFF8D0B00123D6F8E8
:20880000C020B846BB400137134224D02B49204601F05AF800230A22394609EB8808204629
:2088200001F06EF92649204601F04EF800230A22D8F80410204601F063F95946204601F0F8
:2088400043F8D8F804101022204601F0F1F91D49204601F0A9F8062FD0D17BE7AFF30080CE
:20886000FFFFFFFFFFFFEF7F7C14AE47E17A743F02FB002019FB002042FB00208EFB0020A6
:2088800053C70020FFFF7F4FD1FB0020FFFF7FCFFCFB002014FC00205DFC0020A7FC002017
:2088A000CCFC002014FD002000FF272080FF272000800F4000F02720C0FF272055FF002013
:2088C000C7FB002003040120DCFF272064FF002008B50F4B1B6E9B0700D4FBBE72B60D4B9A
:2088E0000022C3F84021A3F50D130B4A1A64A3F1FF53A3F52B239D46BFF34F8F0748084BCE
:2089000003604FF40013DB699B689847E6E700BF00441F4000002E400300200000802020F8
:20892000000012EB0000000070B5104CD4F880300B2B18D14FF0FF330D4A0E4E0E4D116826
:2089400004324B40202103F00100013906FB00F080EA5303F7D1AA42F1D1D4F8A800C31A6F
:208960005842584170BD0020FCE700BF00FF272080FF27202083B8EDA8FF27202DE9F04F3E
:208980001723874C2DED088BB1B00390029354F8040B01F0CDF9029B013B0293F7D1814B80
:2089A00028AC814D28AFD3F854224FF6FF767F4BBB461A60FFF74AFA0FCD0FC495E80F0089
:2089C00084E80F0020220299794801F0BDF8794C029D04F10800013501F0D6F957F8043BF3
:2089E0002046A680942B04F14804A8BF942323EAE37324F8483C00F053FF082DE9D1F9F7A9
:208A000045FA6D4801F0ECF9202200216B4801F09BF820223C216A4801F096F8402200219F
:208A2000684801F091F8684CFFF710FA002501F00BF90126654801F06BF844F23833502203
:208A40002946634826802381A570656001F07CF80022002308A94FF48070CDE9082300F079
:208A6000F3FE00B320951025002108A82A46219500F0C6FF32462946208108A8CDE91E565A
:208A800000F0BEFF00384FF01103324618BF01201946207008A8CDE91C3600F0B1FF0038AF
:208AA00018BF0120A072039B002B40F09D80A37A002B00F09980474A0AAB474D302710689C
:208AC000516803C30023079307AB9FED318B9FED329B9A460393414B1B78002B00F08D8248
:208AE0000AA93F4800F090FF002800F0868200230AAA3C4928A88DF82A7000F09DFF28A8F6
:208B000000F0A6FF8046002800F0718228A800F047FF002800F06882002428A922A801F037
:208B2000FFF8249B2BB1229B1BB11B78212B00F07481002428A800F033FF002800F0518255
:208B400025A828A901F0ECF8229808B100F0D8FE259B25A82293269B2393279BCDE92644CE
:208B6000CDE9243400F084FE249B23B1229B13B11B78212BDED0229820B101F085F80128B2
:208B800000F28A8102236B608AE100BFAFF300800000000000C09240FCA9F1D24D62503F64
:208BA000A8A9012058A7012028AD00202C4301209CF6012000200120A0240120A42C0120D4
:208BC000C42C0120642C0120000120207C0720203CF801202AF5002054EE01205C56012005
:208BE0008C51012088510120DFF89C920026DFF8A4A2B9F85C30B046954DA9F85E30D9F820
:208C00000421D9F808319A4240F0E780DAF8082CDAF80C3C9B1A0233F8D0DAF8083C03F0D7
:208C2000010303F540735AF823000028EED0012700F0BEFF02238748C5E9017300F078FED9
:208C40000A237F2200201946009700F009FF0C237F2200201946009700F002FF0F237E4869
:208C60006F60AB6000F064FE19237C486F600027AB6000F05DFE37237948C5E9017300F04F
:208C800057FE2F6000F020FFB8F1000FB7D0002E3FF411AFE02541F2BC06284601350021C2
:208CA00000F05AFEB542F8D16E48FFF7C3FA6E496E4800F079FE6E4B4FF0FF316D4AC3E9E4
:208CC00000124FF474629A810123A372FFF7D6F8039B002B3FF4EFAE674B08240022032590
:208CE00004211026FC2793F90000002880F244831A7093F90100002880F242835A7093F93D
:208D00000200002880F240839A7093F90300002880F23E83DA7093F9040010F1040F80F2A0
:208D20003B831F7102980533013020280290DAD10423524A10204FF440651C464FF4C066B7
:208D40005168032900F22C835460B2F90010B1F5C06F80F229831680013B02F12802EFD17C
:208D6000474D1C4610261F46AB78013B0F2B06D94FF6FF7000F0F4FEAE702880EF700134FA
:208D80000435142CF0D13F4C208900F095FD3E4B2278172893F8741028BF012091421EBFBA
:208DA000002183F87420D96793F8641091421EBF83F864200022DA66344B354A03EB8003C4
:208DC0006420D3F8503213609B88238100F0C0FF31B0BDEC088BBDE8F08F584600F09CFE70
:208DE000BDF8A2709DF8A0303846049300F06CFF00287FF404AF082F049B05D1022B7FF43D
:208E0000FEAE0126B046FAE6042F7FF4F8AE022B04BF00264FF00108F1E628A800F0C0FDAB
:208E2000002800F0DE8025A828A900F079FF229808B100F065FD259B25A82293269B239338
:208E4000279BCDE92644CDE9243400F011FD68E6E43001204E0101205B0101206D01012025
:208E60002CEE0020E00E01208101012000060120F01821200441434F1009212054EE012002
:208E80003CF80120000120206C23012058A701202C430120D4360120102800F292806860AD
:208EA0000024A9464FF0010B29F8084F9FEDBCAB6B689B4580F09080002628A800F070FD63
:208EC000002800F08E8025A828A900F029FF229808B100F015FD259B25A82293269B239388
:208EE000279BCDE92666CDE9243600F0C1FC249B23B1229B13B11B78212BDED0229800282E
:208F000061D0002100F004FFB0EE40BA249B002B36D0229E2F21304600F0B6FC80B3861B88
:208F2000002E2DDD25A83346002222A900F0A0FD259808B100F0A8FE059025A800F098FC47
:208F400025A8249B721C22A900F092FD259808B100F09AFE049025A800F08AFCDDED057A8F
:208F6000B0EE4ABBB8EEE77ADDED047AF8EEE77AC7EE276AB7EEE67AA7EE08BBB7EECBBBEA
:208F8000B7EECB0ADFED8A7A9FED8A7A30EE090BB7EEC00B20EE270AC0EE077AFDEEE77A9B
:208FA00017EE903A002B11DDB3F5406F10DC1AB2B3F5C06FC8BF44460BF1010B29F8022F78
:208FC00076E71023DFE59FED7CBA9FE70122F3E744464FF44062EFE7013404EB44046402E1
:208FE0002C8022A800F044FC01238AF8003028A800F0F6FC28A800F0C3FD01370AF1010A85
:209000002835FFB2342F7FF466AD6C4B9B7A002B45D100F0D1FE00283FF45EAE684C694EBB
:20902000D4F83C5F06F15C07DFF8A8812544A5427FF652AE6388E1188D42FFF44DAE22885F
:20904000002A3FF449AE002B3FF446AE4FF0050C334618688088904200F06E8158688088A0
:20906000904240F0368103F1040EBE4500F05281DEF80090B9F1000F00F04C81D9F800308E
:209080004846DB689847C30700F11C02618848BF00F11D02914200F0518121443AE19FEDA6
:2090A000428BDFF834A10025039B13F8014B0393002C00F0938010350AF1280AADB2402D1A
:2090C000F2D1414E00254FF0000A4FF0000B374600244FF0100814F0030900F0B3804FEA22
:2090E00009130134424608A81946CDE9223800F087FC102C27F8020BEDD108352036ADB2ED
:20910000B5F5807FE3D10026304C4FF000084FF000093746082546F4806008A980B2CDE964
:20912000088900F091FB002840F09A800024284D4FF000084FF000092746102644F4A060AD
:2091400008A980B2CDE9088900F07EFB00283FF460AF3246394608A801340435CDE91076C1
:2091600000F04EFC082325F8040C31461A4608A80F930E9600F044FC0123182205F8020CF7
:20918000182108A8CDE90C231A4600F039FC003818BF0120142C05F8010CCFD139E700BF83
:2091A0000000000000C092C00000000000000000000000430000C84200000000000120200F
:2091C000B0092120A8A90120F0E00120100921203CF80120940700205AEE012008A940F27C
:2091E000FF2000F031FB00283FF465AF089E57464FF010090DF19408330CF6B22AF8063C45
:209200004AF8026CA6423FF456AF14F0030B0CD04FEA0B1308A80134CDE9253998E80600BA
:2092200000F0EEFB27F8020FECE745EA940008A940F4007080B28DED088B00F005FB0028E3
:20924000E6D138E745EA940008A940F4407080B2CDE908AB00F0F8FA00287FF440AF4CE7A6
:209260002A46394608A801360534CDE91A7500F0C7FB2A4604F8050C294608A8CDE9185529
:2092800000F0BEFB102304F8040C2A46194608A8CDE9163500F0B4FB182304F8030C2A4611
:2092A000194608A8CDE9143500F0AAFB202304F8020C2A4619460DEB0300CDE9123500F007
:2092C0009FFB202E04F8010C7FF425AF2EE77346BFE698688088904202D103F1080EC4E682
:2092E000D8688088904202D103F10C0EBDE6BCF1010C03F1100EEAD1A7EB0E00082812D097
:209300000C2809D0042805D1DEF800309B8893423FF4ABAE0C468AE61869808890423FF464
:20932000A4AE03F1140EDEF800309B8893423FF49CAE0EF1040EE7E79E4696E6231D414644
:2093400009F11000CDE92833134428222A9300238DF8AC3028AB00F09FFAD9F8003028A9E2
:2093600048465B6998479DF8AC3013B1484600F0DFFC63881C445AE60828C8BF1C70B8E4C4
:209380000328C8BF5D70BAE40428C8BF9970BCE41028C8BFDE70BEE40428C8BF1971C1E4C3
:2093A000102988BF5060D0E4B1F5406FC8BF1580D2E42DE9F04FBE4C8DB00646A36E13F0A6
:2093C00001030BD123612046BA4ABB49C4E90033C4E902330123A36600F01EFC94F86C309A
:2093E00063B916226360C4E90223B44B188900F063FA00F005FA012384F86C30002E52D01C
:20940000DFF8B88298F800302BB1AD4B04220121782000F08DFB07A8AA4F00F0D5FC0223C1
:209420000A20DFF8CC92DFF8CCA2CDE90803D4E90353ED1AA44B2B4407EB8307D4E90123F2
:209440009B1A042BC2BFD4E903329B1A04339D4241DC162D3FDCE36807A8591B4B424B41E8
:209460008DF81C3000F098FBD9F804300633C9F8043057F8043F986800F05AFA3B68B8F83C
:2094800008209B889A4206D10999534608220020013100F04DFB07A8013500F0D1FA099B9B
:2094A0000C330993CAE794F86D30DFF84C82874DABB9D5F81021D8F800309B1A46F2A71276
:2094C00093420CD8DFF83492D5F80421D5F808319A425DD1012630460DB0BDE8F08F00278F
:2094E000DFF81C920120DFF8D4B1C5F80871C5F80471D8F8003089F80070C5F8103100F023
:2095000027FC94F86D30DFF8D8A11BB3E268704B704803EB8203D3F85032CAF800309B884F
:20952000ABF80830FEF758FEFDF750FF94F86E306BB1FEF7BDFDD8F80030D5F810219B1A1A
:20954000B3F57A7FC0F04181002384F86E30002384F86D309BF80030012195F87420DAF8A7
:2095600000009A421EBF002285F87430EA6795F864209A421EBF85F864300023EB6600F05F
:20958000DFF9012389F80030002384F86C30A2E703A800F0C1FABDF80E709DF80C60384652
:2095A00000F092FB00288FD1082F00F0AD8073D8022F00F0F280042F86D1022E84D1064619
:2095C0000746DFF840A1444BCDF814A05B680693424B1B78002B00F0A780414B186800F0C4
:2095E00007FC00F005FA00F033F93E4AD2F8081CD2F80C3C5B1A023326D0D2F8083C03F034
:20960000010303F5407352F82300E8B100F0D0FADFF8DCB002237A1C33495846CBE90133BB
:20962000092300F05DFB314B03EBC703D3F89400019300F07DF9019BD3F8983098470023F8
:20964000CBF8003000F040FA4FF0000BD5F80421D5F808319A4240F08280082F06F1010668
:2096600005A8A8BF082736F07F4308BF4FF0FF3227EAE77708BFCAE9012300F085FABBF160
:20968000000FA0D00023C5F80831C5F80431D8F80030C5F8103117E7B7F5007F7FF414AFE3
:2096A000052E7FF411AFBDF9100000F0A9F80BE754F60120D8130120AD3300000001202063
:2096C0004823002058570120931400406C23012058A70120E0E80120001000E00DDC012095
:2096E0002C430120D4360120AC010120B4AC0020E4300120286200204C45012028F4012093
:209700002843012000F40120F21E53425341013E18BF012684F86E3084F86D60D4E6D9F844
:2097200000300133C9F8003000F0D2F80028F6D100F032FB68B9DFF8A8B0584600F020FB15
:2097400000283FF44EAFD9F808300133C9F80830F3E7D9F804300133C9F80430E8E707A8F5
:2097600000F0DAF99DF81C20BDF81E30052A07D1B3F5807F7FF46AAFBDF920301F4465E763
:20978000022A7FF463AF082B04D0042B7FF45EAF01375BE74FF0010B58E7022E7FF494AE79
:2097A0000E4A95F87410137883F00103994295F8641013701CBF85F87430E86799421EBFDC
:2097C000002185F86430E9667EE67B1CC7F307100193FDF72FFD019B1F46ACE600012020B4
:2097E00020AA0120F8B500BFF8BC08BC9E4670475FF800F0CD7502005FF800F009330000F1
:209800005FF800F0157E02005FF800F0E94B02005FF800F0A53C00005FF800F0F72F00005A
:209820005FF800F02D8402005FF800F0433800005FF800F00D8502005FF800F0B1AB0200EC
:209840005FF800F0893C02005FF800F0859B01005FF800F0F59001005FF800F009940200DF
:209860005FF800F0113300005FF800F05B4500005FF800F009DC02005FF800F0C9440100F3
:209880005FF800F0B16700005FF800F0D14003005FF800F09D3402005FF800F0D9B2010021
:2098A0005FF800F0393000005FF800F07DD102005FF800F0558802005FF800F0857D0200F0
:2098C0005FF800F0513C00005FF800F0713400005FF800F0EFA602005FF800F01DE602009E
:2098E0005FF800F0399102005FF800F06D9A01005FF800F0A5CE02005FF800F07D4802003C
:209900005FF800F0391C03005FF800F095DD00005FF800F0F98E02005FF800F059D30200AA
:209920005FF800F0A19901005FF800F0278802005FF800F009D302005FF800F0C1890200F5
:209940005FF800F0653A00005FF800F0A5DE02005FF800F0219A02005FF800F0354A020089
:209960005FF800F07B3300005FF800F05B8601005FF800F081D902005FF800F0D1E002002C
:209980005FF800F0913800005FF800F0FD8D02005FF800F0A5E002005FF800F0375E010039
:2099A0005FF800F0451E00005FF800F0733400005FF800F0918501005FF800F03D6E0000BF
:2099C0005FF800F0BDDD00005FF800F0554300005FF800F01D4001005FF800F09B590100E6
:2099E0005FF800F08F3B00005FF800F0534401005FF800F0192602005FF800F0D53D000096
:209A00005FF800F0194500005FF800F05F4000005FF800F069CC02005FF800F02F72000055
:209A20005FF800F0AF3300005FF800F0176300005FF800F055D502005FF800F081A500005C
:209A40005FF800F0B53D00005FF800F0F73601005FF800F0353B00005FF800F0F93200002F
:209A60005FF800F0ADCF02005FF800F04D8402005FF800F0CD4002005FF800F06B430000BC
:209A80005FF800F00D3300005FF800F0E18802005FF800F031E302005FF800F0535C00003A
:209AA0005FF800F0EF1702005FF800F0391103005FF800F0958D02005FF800F03B85010050
:209AC0005FF800F0333C00005FF800F011A302005FF800F02D1103005FF800F03D150200B0
:209AE0005FF800F0892500005FF800F0455701005FF800F05D3300005FF800F0ED990100E8
:209B00005FF800F0253E02005FF800F0137601005FF800F0B93B00005FF800F0CD9D0200DA
:209B20005FF800F0B9D002005FF800F0593300005FF800F095CC02005FF800F0EDCC0200D4
:209B40005FF800F0278B01005FF800F0F91003005FF800F0758902005FF800F05B8B010043
:209B60005FF800F08D4002005FF800F049AB02005FF800F039D602005FF800F0A52C03001F
:209B80005FF800F0653B00005FF800F0A5E302005FF800F0A33C02005FF800F0BF3D0000A2
:209BA0005FF800F08F6401005FF800F083B200005FF800F0AF9D02005FF800F0DB960100A0
:209BC0005FF800F0A58E00005FF800F075CF02005FF800F0DD8401005FF800F0C135010097
:209BE0005FF800F0013200005FF800F06DB200005FF800F005FE02005FF800F01D9B010039
:209C00005FF800F089FC01005FF800F0993200005FF800F0C98A01005FF800F061FB020025
:209C20005FF800F0933400005FF800F0759901005FF800F029A502005FF800F0557C000091
:209C40005FF800F0A1CB02005FF800F0CD9001005FF800F0318A02005FF800F07F7100006F
:209C60005FF800F06F8802005FF800F03F5C00005FF800F0E93000005FF800F0CD750100D8
:209C80005FF800F0759402005FF800F0650003005FF800F08BA900005FF800F0D9860100A1
:209CA0005FF800F0A7A900005FF800F069A900005FF800F0EFB101005FF800F049400200FA
:209CC0005FF800F0459402005FF800F04FD902005FF800F0713F00005FF800F0B19302006D
:209CE0005FF800F02DD302005FF800F0533400005FF800F0DB7B00005FF800F0918E00004A
:209D00005FF800F065D302005FF800F0B38A01005FF800F0090E03005FF800F07D170200FF
:209D20005FF800F05D8002005FF800F02B4601005FF800F03F3A00005FF800F09186010025
:209D40005FF800F0DF8D01005FF800F0354800005FF800F0AD5D02005FF800F0D53C0200DE
:209D60005FF800F0AF1103005FF800F0E93200005FF800F07F3300005FF800F0678C010043
:209D80005FF800F0E19602005FF800F051A001005FF800F0291C03005FF800F02595020038
:209DA0005FF800F07B0702005FF800F0058A02005FF800F0835801005FF800F0058102000E
:209DC0005FF800F0FB7501005FF800F0253C00005FF800F01D4802005FF800F0259A01006E
:209DE0005FF800F0FD4600005FF800F0693D00005FF800F0893A00005FF800F06B330000FD
:209E00008D1A000001EB020084C200208AC2002090C2002096C200209CC20020A2C20020EF
:209E2000A8C20020AEC200206CC00F4030000000100F000041A60100012700001700000017
:209E4000120000000001000014851F401AFF000012000000000000000100000018851F40CF
:209E60001BFF000012000000000000000100000010851F400026FF00170000001200000073
:209E80000000000001010000010000000C851F400C851F40000000006CC00F40C0000000A4
:209EA000504F000039A601000CFF000013000000000000000000000024851F400BFF0000F3
:209EC00013000000000000000000000028851F400DFF000013000000000000000000000044
:209EE00020851F400A252400130000001200000012000000010203000000000000000000CE
:209F0000000000000000000070C00F40C00000001200000013000000D0841F400100000029
:209F2000FF000000FF00000000000000000000001300000013000000CC841F40010000004D
:209F4000FF000000FF00000000000000000000001C00000085A20100ACD30020B1D300207C
:209F6000B6D30020BBD30020C0D30020C5D30020CAD30020CFD30020D4D30020D9D300200D
:209F8000DED30020E3D30020E8D30020EDD30020F2D30020F7D30020FCD3002001D40020AC
:209FA00006D400200BD4002010D4002015D400201AD400201FD4002024D40020A0CB0020D7
:209FC000A5CB0020AACB002029D400202ED4002033D4002038D400203DD4002042D4002063
:209FE00047D400204CD4002051D4002056D400205BD4002060D4002065D400206AD40020FD
:20A000006FD4002074D4002079D400207ED4002083D4002088D400208DD4002092D400209C
:20A0200097D400209CD40020A1D40020A6D40020ABD40020B0D40020B5D40020BAD400203C
:20A04000BFD40020C4D40020C9D40020CED40020D3D40020D8D40020DDD40020E2D40020DC
:20A06000E7D40020ECD40020F1D40020F6D40020FBD4002000D5002005D500200AD5002079
:20A080000FD5002014D5002019D500201ED5002023D5002028D500202DD5002032D5002014
:20A0A0006AD4002037D500203CD5002041D5002046D500204BD5002050D5002055D50020A5
:20A0C00059D500205DD5002038D500203DD5002061D5002066D500206BD5002070D500200B
:20A0E00075D500207AD500207FD5002084D5002088D500208CD5002062D5002067D50020E9
:20A100006CD5002090D5002095D500209AD500209FD50020A4D50020A9D50020AED50020D2
:20A12000B3D50020B7D50020BBD5002091D5002096D500209BD50020BFD50020C4D500200D
:20A14000C9D50020CED50020D3D50020D8D50020DDD50020E2D50020E6D50020EBD5002085
:20A16000F0D50020F5D50020FAD50020FED5002002D6002006D600200BD6002010D6002033
:20A1800015D600201AD600201ED6002022D6002026D600202BD6002030D6002035D60020EA
:20A1A0003AD600203FD6002044D60020A3CA0020B2CA0020C1CA0020D0CA0020DFCA0020A9
:20A1C000E4CA0020EDCA0020F4CA0020FBCA002004CB00200BCB002016CB00201ECB002028
:20A1E00026CB002032CB00203ECB00204DCB00205CCB002061CB00206ACB002072CB00208B
:20A2000078CB002080CB002089CB002094CB0020A0CB0020A5CB0020AACB0020AFCB002033
:20A22000B7CB0020BFCB0020C5CB0020D3CB0020D9CB0020E1CB0020E7CB0020ECCB00202B
:20A24000F9CB002001CC00200BCC002012CC002018CC002025CC002031CC00203DCC0020DD
:20A2600048CC002051CC00205CCC002065CC00206DCC002074CC002080CC00208DCC002036
:20A2800098CC0020A7CC0020B6CC0020C1CC0020D1CC0020E1CC0020F1CC0020FBCC00200A
:20A2A00009CD002014CD002024CD002032CD00203FCD00204ECD00205BCD002068CD002073
:20A2C00078CD002085CD002095CD0020A5CD0020B5CD0020C5CD0020D2CD0020DFCD0020B4
:20A2E000ECCD0020FCCD00200BCE002018CE002028CE002038CE002047CE002056CE0020E8
:20A3000065CE002074CE002083CE002092CE0020A1CE0020AFCE0020BDCE0020CBCE002007
:20A32000D1CE0020D7CE0020DECE0020E5CE0020ECCE0020F3CE0020FACE002001CF002067
:20A3400008CF00200ECF002014CF0020D8CE0020DFCE0020E6CE00201ACF002021CF002086
:20A3600028CF00202FCF002036CF00203DCF002044CF00204BCF002051CF002057CF002064
:20A380001BCF002022CF002029CF00205DCF00206DCF00207DCF00208DCF00209ACF002071
:20A3A000A7CF0020B4CF0020C1CF0020CDCF0020DACF0020E7CF0020F4CF002001D0002085
:20A3C0000DD0002015D000201DD0002029D0002035D0002041D000204DD0002053D000207F
:20A3E0005CD0002065D0002071D000207CD0002087D0002093D000209CD00020A6D00020D3
:20A4000000000000000000000000000000000000000000000000000000000000000000003C
:20A420000000000000000000000600000C00000000008000000180010002800200038003FE
:20A44000000480040005800500000000000000000006000007000000000000010002800258
:20A46000800380048005000000000000000000000000000000000000000600000700000043
:20A480000000000180018002800380040005000000000000000000000000000000000000AC
:20A4A000000600000700000000008000800180028003000400050000000000000000000080
:20A4C0000000000000000000000600000700000000000001000200038003800480050000DD
:20A4E0000000000000000000000000000000000000060000070000000000000100028002CA
:20A50000800380040005000000000000000000000000000000000000000600000700000022
:20A5200000000001800180028003000400050000000000000000000000000000000000008B
:20A5400000060000070000000000800080018002000300040005000000000000000000005F
:20A56000000000000000000000060000060000000000800100028003800400050000000040
:20A580000000000000000000000000000000000000060000060000000000800180020003A9
:20A5A000800300050000000000000000000000000000000000000000000600000500000008
:20A5C000000000010002800380040000000000000000000000000000000000000000000071
:20A5E0000006000005000000000080018002800300050000000000000000000000000000C5
:20A6000000000000000000000006000008000000000080008001000280028003000400051B
:20A6200000000000000000000000000000000000000600000500000000008000800280038A
:20A640000004000000000000000000000000000000000000000000000006000005000000EB
:20A66000000080008001800300040000000000000000000000000000000000000000000052
:20A6800000060000070000000000000180010003800300048005000000000000000000001C
:20A6A00000000000000000000006000007000000000080000002800280030004800500007D
:20A6C000000000000000000000000000000000000006000007000000000080000002800269
:20A6E0008003000400050000000000000000000000000000000000000006000006000000C2
:20A7000000000001000200030004000500000000000000000000000000000000000000002A
:20A72000000600000C00000000007300050178010A027D020F038303F6038804FB048D05DC
:20A740000000000000000000000600000C0000000000800000018001C0018002000380031C
:20A7600000048004000540050000000000000000000600000C0000000000800000018001F3
:20A78000C00180020003800300048004000580050000000000000000000600000C000000CC
:20A7A0000000800000018001C00180020003800300044004000580050000000000000000FC
:20A7C000000600000700000000007300EE017D028303F60371050000000000000000000096
:20A7E0000000000000000000000600000500000000008F007D0283031204000000000000A4
:20A8000000000000000000000000000000000000000600000600000000008F00EE01F302B9
:20A820006C0471050000000000000000000000000000000000000000000600000700000025
:20A8400000007300EE01F3028303F6037105000000000000000000000000000000000000AC
:20A86000000600000700000000008F00EE01F3028303120471050000000000000000000046
:20A880000000000000000000000600000700000000000501EE017D028303880471050000AF
:20A8A000000000000000000000000000000000000006000007000000000005010A020F0367
:20A8C000830388048D050000000000000000000000000000000000000006000007000000C7
:20A8E0000000E90078017D0283036C04FB0400000000000000000000000000000000000082
:20A9000000060000070000000000050194017D0283038804170500000000000000000000E2
:20A92000000000000000000000060000070000000000050178017D028303F603FB0400008E
:20A9400000000000000000000000000000000000000600000700000000000501EE017D0276
:20A9600083036C04FB040000000000000000000000000000000000000006000008000000D4
:20A9800000000501EE017D0283038804FB048D0500000000000000000000000000000000A0
:20A9A00000060000080000000000050178017D0283036C04FB047105000000000000000020
:20A9C000000000000000000000060000060000000000730078017D026C04FB040000000091
:20A9E0000000000000000000000000000000000000060000060000000000050178017D024D
:20AA000083037105000000000000000000000000000000000000000000060000060000002E
:20AA20000000EE017D028303F603FB0400000000000000000000000000000000000000002A
:20AA4000000600000600000000000501F30283036C04FB04000000000000000000000000FA
:20AA6000000000000000000000060000070000000000050178017D0283038804FB040000BA
:20AA800000000000000000000000000000000000000600000700000000000501EE017D0235
:20AAA0008303F6037105000000000000000000000000000000000000000600000600000095
:20AAC000000005010A027D02F603FB040000000000000000000000000000000000000000ED
:20AAE0000006000005000000000073007D028303FB040000000000000000000000000000D4
:20AB0000000000000000000000060000050000000000730078018303FB04000000000000B9
:20AB2000000000000000000000000000000000000006000005000000000078017D0283038C
:20AB4000FB04000000000000000000000000000000000000000000000006000005000000EB
:20AB6000000078017D02F302F60300000000000000000000000000000000000000000000EF
:20AB8000000600000600000000007801EE017D026C04FB0400000000000000000000000053
:20ABA0000000000000000000000600000C00000000007800FB007D01F6018302F6027D039E
:20ABC000FB037804000573050000000000000000000600000D00000000008C001701A30123
:20ABE000E901740200034603D1035D04A3042F05BA05000000000000000600000D000000C7
:20AC00000000A200F3009401E5018702D8027903CA036C04BD045E05AF0500000000000030
:20AC200000060000100000000000BF00090153019D01E7013102F0023A038403CF03190483
:20AC4000D70422056C05B605000600001000000000006300C7002A018E01F1015502B802C9
:20AC60001C037F03E3034604A9040D057005D405000600001000000000006300C60029018D
:20AC80008C01EF015302B60219037C03DF034204A504D7043A059D050006000005000000F7
:20ACA0000000ED00AF016A03F3030000000000000000000000000000000000000000000094
:20ACC00000060000070000000000FC00B4017A02840344040C05000000000000000000005A
:20ACE000000000000000000000060000070000000000CE00BB01A1026E034F04250500002C
:20AD000000000000000000000000000000000000000600000C0000000000950029018C01D5
:20AD2000210284021903AD031104A50408059D050000000000000000000600000600000025
:20AD4000000017012F02BA02D103E90400000000000000000000000000000000000000002D
:20AD600000060000080000000000EC00D9014F023B0327049E048A05000000000000000014
:20AD80000000000000000000000600000A0000000000CD0033010002660233039A036604FB
:20ADA000CD049A0500000000000000000000000000060000070000000000C0008001A00233
:20ADC00060032004E0040000000000000000000000000000000000000006000009000000F9
:20ADE000000060002001E001A0020003C003800440050000000000000000000000000000C0
:20AE0000000600000C00000000005A00B5006901C4017802D3022D03E2033C04F1044B05F9
:20AE20000000000000000000000600000900000000008C005D01E901BA0246031704A30468
:20AE400074050000000000000000000000000000000600000A00000000008C001701E901DB
:20AE6000740200038C031704E9047405000000000000000000000000000600000A00000039
:20AE800000008C001701E901740200038C035D04E904740500000000000000000000000055
:20AEA00000060000070000000000D100A30174028C035D042F050000000000000000000076
:20AEC0000000000000000000000600000C00000000003B00EC002701D9018A02C50276036B
:20AEE000B10362049E044F050000000000000000000600000A0000000000B1002701D9017F
:20AF00004F020003B1032704D9044F05000000000000000000000000000600000B000000BC
:20AF20000000A7004E01F5013802DF0286032D046F041605BD050000000000000000000000
:20AF40000006000009000000000091005C01ED01B80248031304A4046F05000000000000CE
:20AF60000000000000000000000600000C000000000000015501EB012B028002C002800388
:20AF80006B04D50440056B05000000000000000000060000070000000000CA00F001BA0230
:20AFA0008403AB0474050000000000000000000000000000000000000006000008000000D4
:20AFC00000009800C101EE0117038103AA04D7040000000000000000000000000000000001
:20AFE0000006000009000000000004013F0143027E028203BD03C104FC040000000000002E
:20B000000000000000000000000600000C00000000003F002A019601EB01BF0215038103D4
:20B020006B04AA04D704D4050000000000000000000600000C00000000004B000901540183
:20B0400012025D02C6028503CF038E04D8049705000000000000000000060000100000003B
:20B0600000006000C00020018001E0014002A00200036003C00320048004E0044005A005AA
:20B08000000600000F00000000006600CD0033019A0100026602CD0233039A03000466041F
:20B0A000CD0433059A050000000600000E00000000006E00DB004901B701250292020003CB
:20B0C0006E03DB034904B7042505920500000000000600000D00000000007600EC00620180
:20B0E000D9014F02C5023B03B10327049E0414058A05000000000000000600000B000000E6
:20B1000000008C001701A3012F02BA024603D1035D04E90474050000000000000000000016
:20B12000000600000A00000000009A003301CD01660200039A033304CD04660500000000E8
:20B14000000000000000000000060000090000000000AB0055010002AB0255030004AB0425
:20B160005505000000000000000000000000000000060000080000000000C00080014002E4
:20B180000003C0038004400500000000000000000000000000000000000600000700000013
:20B1A0000000DB00B70192026E034904250500000000000000000000000000000000000080
:20B1C000000600000600000000000001000200030004000500000000000000000000000054
:20B1E000000000000000000000060000050000000000330166029A03CD040000000000003A
:20B200000000000000000000000000000000000000060000100000000000860005017D010E
:20B22000EE015B02C20224038303DD0334048804D80426057105BA05000600000F0000005C
:20B2400000008F00150194010C027D02EA025103B30312046C04C30417056705B5050000A2
:20B26000000600000E000000000099002801AE012D02A50216038303EA034C04AA040505DF
:20B280005C05AF0500000000000600000D0000000000A4003D01CC015202D1024903BB03A6
:20B2A00027048E04F0044F05A905000000000000000600000C0000000000B1005601EE01D2
:20B2C0007D0204038303FA036C04D8043F05A2050000000000000000000600000B0000001D
:20B2E0000000C10072011602AF023E03C5034304BB042D0599050000000000000000000072
:20B30000000600000A0000000000D30094014502EA0283031204980417058E05000000009B
:20B32000000000000000000000060000090000000000E900BD017D022F03D3036C04FB0461
:20B3400081050000000000000000000000000000000600000800000000000501EE01C202A0
:20B3600083033404D8047105000000000000000000000000000000000006000007000000B0
:20B38000000028012D021603EA03AA045C0500000000000000000000000000000000000040
:20B3A0000006000006000000000056017D0283036C043F0500000000000000000000000071
:20B3C0000000000000000000000600000500000000009401EA0212041705000000000000AF
:20B3E0000000000000000000000000000000000000060000040000000000EE018303D804F2
:20B40000000000000000000000000000000000000000000000000000000600001000000016
:20B42000000046008F00DA0028017801CC0123027D02DC023E03A50312048304FB047A0568
:20B44000000600000F00000000004B009900E9003D019401EE014D02AF0216038303F403B2
:20B460006C04EB0471050000000600000E00000000005100A400FB005601B40116027D0250
:20B48000EA025B03D3035204D804670500060000000600000D00000000005700B1001001BC
:20B4A0007201D9014502B7022F03AE033404C3045C05000000000000000600000C000000EA
:20B4C00000005E00C1002801940106027D02FC0283031204AA044F0500000000000000006C
:20B4E000000600000B00000000006700D3004501BD013B02C2025103EA038E043F050000E5
:20B500000000000000000000000600000A00000000007200E9006801EE017D021603BB0312
:20B520006C042D05000000000000000000000000000600000900000000007F000501940140
:20B540002D02D10283034304170500000000000000000000000000000006000008000000F2
:20B5600000008F002801CC017D023E031204FB040000000000000000000000000000000071
:20B5800000060000070000000000A40056011602EA02D303D80400000000000000000000ED
:20B5A000000000000000000000060000060000000000C10094017D028303AA040000000076
:20B5C0000000000000000000000000000000000000060000050000000000E900EE0116036F
:20B5E0006C04000000000000000000000000000000000000000000000006000004000000D1
:20B60000000028017D0212040000000000000000000000000000000000000000000000006C
:20B62000000600000D00000000007600EC006201D9014F02C5023B03B10327049E04140568
:20B640008A05000000000000000600000D00000000006C00F4005F01D6015302CA02360357
:20B66000AD032A04A1040C05940500000000000000060000090000000000F4005F01D60163
:20B68000CA0236032A04A10494050000000000000000000000000000000600001000000023
:20B6A0000000A5003801BD013702A7020E036F03C9031E046E04B904010545058605C405C8
:20B6C000000600000E0000000000BB005F01F3017802F2026103C9032A048404D9042805E9
:20B6E0007405BC0500000000000600000C0000000000D80092013702CA024F03C903390433
:20B70000A10401055B05B0050000000000000000000600000A0000000000FF00D6019102F0
:20B720003603C9034E04C8043805A0050000000000000000000000000006000008000000F6
:20B740000000380137020E03C9036E04010586050000000000000000000000000000000097
:20B76000000600001000000000003C007A00BB00FF0047019201E20137029102F202590369
:20B78000C9034304C8045B05000600000E000000000044008C00D80027017C01D6013702F9
:20B7A0009F020E0388030D04A104450500000000000600000C00000000005000A500FF0046
:20B7C0005F01C7013702B1023603C9036E0428050000000000000000000600000A000000A1
:20B7E00000006000C8003801B2013702CA026F032A0401050000000000000000000000008A
:20B80000000600000800000000007A00FF0092013702F202C903C804000000000000000049
:20B820000000000000000000000600000300000000008003800500000000000000000000F7
:20B840000000000000000000000000000000000000060000030000000000800380040000D8
:20B860000000000000000000000000000000000000000000000000000006000004000000BE
:20B8800000008001800300050000000000000000000000000000000000000000000000009F
:20B8A000000600000400000000000002800380050000000000000000000000000000000074
:20B8C0000000000000000000000600000400000000008001800380040000000000000000D6
:20B8E000000000000000000000000000000000000006000004000000000000028003800435
:20B9000000000000000000000000000000000000000000000000000000060000020000001F
:20B92000000080030000000000000000000000000000000000000000000000000000000084
:20B94000000600000300000000000002800300000000000000000000000000000000000059
:20B960000000000000000000000600000300000000008001800300000000000000000000BA
:20B98000000000000000000000000000000000000006000007000000000000018001800296
:20B9A00080030004800500000000000000000000000000000000000000060000070000006E
:20B9C000000080008001800200038004000500000000000000000000000000000000000058
:20B9E0000006000007000000000000010002800200048004800500000000000000000000A8
:20BA0000000000000000000000060000070000000000000180010003800380040005000088
:20BA20000000000000000000000000000000000000060000070000000000800000028002F5
:20BA400080030004000500000000000000000000000000000000000000060000070000004D
:20BA60000000800100020003800380048005000000000000000000000000000000000000B4
:20BA800000060000070000000000800080010002000300048004000000000000000000000B
:20BAA000000000000000000003000000030000000300000004000000040000000400000071
:20BAC00004000000040000000500000005000000050000000500000006000000060000003E
:20BAE00006000000070000000700000007000000080000000800000008000000090000000A
:20BB0000090000000A0000000A0000000B0000000B0000000C0000000C0000000D000000CD
:20BB20000D0000000E0000000F0000000F0000001000000011000000120000001200000087
:20BB4000130000001400000015000000160000001700000018000000190000001B00000030
:20BB60001C0000001D0000001E0000002000000021000000230000002400000026000000C0
:20BB8000280000002A0000002C0000002E000000300000003200000034000000370000002C
:20BBA000390000003C0000003F0000004200000045000000480000004B0000004E00000069
:20BBC00052000000560000005A0000005E00000062000000670000006B0000007000000061
:20BBE000760000007B00000081000000870000008D000000930000009A000000A1000000F1
:20BC0000A8000000B0000000B8000000C1000000C9000000D3000000DC000000E6000000F5
:20BC2000F1000000FC0000000701000013010000200100002D0100003B0100004901000026
:20BC40005801000068010000790100008A0100009C010000AF010000C3010000D701000034
:20BC6000ED010000030200001B020000330200004D0200006802000084020000A20200009C
:20BC8000C1020000E102000002030000260300004B0300007103000099030000C3030000AC
:20BCA000EF0300001E0400004E04000080040000B5040000EC040000250500006205000060
:20BCC000A1050000E2050000270600006F060000BA060000090700005B070000B20700004A
:20BCE0000C0800006A080000CC080000330900009F0900000F0A0000850A0000000B000053
:20BD0000810B0000070C0000940C0000270D0000C10D0000620E00000A0F0000BA0F000090
:20BD20007210000032110000FB110000CE120000AA13000090140000801500007C160000CA
:20BD40008317000096180000B5190000E21A00001C1C0000651D0000BD1E000025200000F7
:20BD60009D21000026230000C12400006F26000030280000062A0000F22B0000F42D00007C
:20BD80000E300000403200008B340000F236000075390000153C0000D33E0000B241000009
:20BDA000B3440000D64700001E4B00008D4E000024520000E5550000D1590000EC5D000008
:20BDC00036620000B3660000646B00004C7000006E750000CB7A000068800000468600004B
:20BDE000688C0000D2920000889900008BA00000E1A700008DAF000092B70000F5BF0000DE
:20BE0000BAC80000E6D100007DDB000084E5000001F00000F8FA0000700601006D1201004E
:20BE2000F71E0100132C0100C93901001F4801001D570100CA6601002F7701005388010018
:20BE4000409A0100FEAC010098C0010017D5010085EA0100EE0002005E180200DF3002002D
:20BE6000804A02004B650200518102009E9E020041BD02004BDD0200CCFE0200D521030043
:20BE800077460300C66C0300D5940300B9BE030086EA0300541804003A4804004F7A040091
:20BEA000AFAE040073E50400B81E050000000000FFED002010EE00201EEE00202CEE00205A
:20BEC0000000000000000000F090002000000000010000000100000042EE002051EE002011
:20BEE0005FEE00206DEE002005000000000000000000000000000000020000000200000051
:20BF000083EE00203EF600205FEE00206DEE00200100000000000000000000000000000053
:20BF2000FFFF0000030000008FEE00203EF600209CEE00206DEE00200100000008000000E1
:20BF40000000000000000000FFFF000004000000ACEE00203EF600205FEE00206DEE0020E9
:20BF600001000000000000000000000000000000FFFF000005000000B8EE00203EF60020A3
:20BF80009CEE00206DEE002001000000080000000000000000000000FFFF0000060000006F
:20BFA000C5EE00203EF600205FEE00206DEE00200100000000000000000000000000000071
:20BFC000FFFF000007000000D1EE00203EF600209CEE00206DEE00200100000008000000FB
:20BFE0000000000000000000FFFF000008000000DEEE00203EF600205FEE00206DEE002013
:20C0000001000000000000000000000000000000FFFF000009000000EAEE00203EF60020CC
:20C020009CEE00206DEE002001000000080000000000000000000000FFFF00000A000000CA
:20C04000F7EE00203EF600205FEE00206DEE0020010000000000000000000000000000009E
:20C06000FFFF00000B00000003EF00203EF600209CEE00206DEE0020010000000800000023
:20C080000000000000000000FFFF00000C00000010EF00203EF600205FEE00206DEE00203B
:20C0A00001000000000000000000000000000000FFFF00000D0000001CEF00203EF60020F5
:20C0C0009CEE00206DEE002001000000080000000000000000000000FFFF00000E00000026
:20C0E00029EF00203EF600205FEE00206DEE002001000000000000000000000000000000CB
:20C10000FFFF00000F00000035EF00203EF600209CEE00206DEE002001000000080000004C
:20C120000000000000000000FFFF00001000000042EF00203EF600205FEE00206DEE002064
:20C1400001000000000000000000000000000000FFFF0000110000004EEF00203EF600201E
:20C160009CEE00206DEE002001000000080000000000000000000000FFFF00001200000081
:20C180005BEF00203EF600209CEE00206DEE002002000000000000000000000000000000BA
:20C1A000FF0F0000130000006FEF00207DEF00209CEE00206DEE002003000000010000002B
:20C1C000000000000000000000000000140000008EEF00209CEF00209CEE00206DEE0020DE
:20C1E000040000000300000000000000000000000000000015000000ADEF0020BAEF00209E
:20C200005FEE00206DEE0020060000000000000000000000010000007800000016000000A1
:20C22000C4EF0020D9EF00201EEE0020E7EF00200000000000000000F09000200000000081
:20C2400001000000C80064196432004B9C63BC7F70940CADA8C544DE7CF6C80064196432E4
:20C26000004B9C63BC7F70940CADA8C544DE7CF6C80064196432004B9C63BC7F70940CAD5E
:20C28000A8C544DE7CF6C80064196432004B9C63BC7F70940CADA8C544DE7CF6C80064193A
:20C2A0006432004B9C63BC7F70940CADA8C544DE7CF6C80064196432004B9C63BC7F709441
:20C2C0000CADA8C544DE7CF6C80064196432004B9C63BC7F70940CADA8C544DE7CF6C800BE
:20C2E00064196432004B9C63BC7F70940CADA8C544DE7CF6FF0FFF0FFF0FFF0FFF0FFF0F94
:20C30000FF0FFF0F0000000002000000000000001900000000000000000099193333CD4CB5
:20C3200066660080999933B3CCCC65E6FFFF000099193333CD4C66660080999933B3CCCC8B
:20C3400065E6FFFF000099193333CD4C66660080999933B3CCCC65E6FFFF00009919333306
:20C36000CD4C66660080999933B3CCCC65E6FFFF000099193333CD4C66660080999933B3CA
:20C38000CCCC65E6FFFF000099193333CD4C66660080999933B3CCCC65E6FFFF0000991994
:20C3A0003333CD4C66660080999933B3CCCC65E6FFFF000099193333CD4C6666008099990A
:20C3C00033B3CCCC65E6FFFFAA0AAA0AAA0AAA0AAA0AAA0AAA0AAA0A0000000002000000F4
:20C3E000000000001900000000000000A803871C6635454E24670380E298C1B1A0CA7FE3E2
:20C4000062FCA803871C6635454E24670380E298C1B1A0CA7FE362FCA803871C6635454EA2
:20C4200024670380E298C1B1A0CA7FE362FCA803871C6635454E24670380E298C1B1A0CAF8
:20C440007FE362FCA803871C6635454E24670380E298C1B1A0CA7FE362FCA803871C663593
:20C46000454E24670380E298C1B1A0CA7FE362FCA803871C6635454E24670380E298C1B18F
:20C48000A0CA7FE362FCA803871C6635454E24670380E298C1B1A0CA7FE362FC50524F479A
:20C4A00052414D0001DC02DC03DC04DC07DC08DC09DC0BDC41DC44DC011002100310041008
:20C4C00005100710081009100B100C100D100F101410151019101A101B10019802980398F7
:20C4E0000498014002400340044005400B400C400E4001C809029100030100C03209040103
:20C50000000203000000092111010001222100070582034000010705020320000209040282
:20C5200000030601010007058402400000070504024000000705850320000A0904000002FF
:20C540000103000007240100012500062402010100062402020200092403010301020100EF
:20C5600009240302040101010009050302400000000005250101010905830240000000002F
:20C58000052501010309029100030100C03209040100020300000009211101000122210047
:20C5A0000705820340000107050203200002090402000306010104070584020002000705B8
:20C5C000040200020007058503200007090400000201030000072401000125000624020106
:20C5E000010006240202020009240301030102010009240302040101010009050302000284
:20C600000000000525010101090583020002000000052501010318035400650065006E0082
:20C62000730079006400750069006E006F000403090408034D00540050000A0600020000CD
:20C64000004001000000000000000000002F000000000700070000147F147F1400242A7F55
:20C660002A1200231308646200364955225000000503000000001C224100000041221C002E
:20C680000014083E08140008083E0808000000A060000008080808080000606000000020BE
:20C6A00010080402003E5149453E0000427F4000004261514946002141454B31001814121C
:20C6C0007F10002745454539003C4A49493000017109050300364949493600064949291EAB
:20C6E000000036360000000056360000000008142200001414141414000022140800000260
:20C700000151090600324959513E007C1211127C007F49494936003E41414122007F414174
:20C72000221C007F49494941007F09090901003E4149497A007F0808087F0000417F4100E3
:20C74000002040413F01007F08142241007F40404040007F020C027F007F0408107F003E15
:20C760004141413E007F09090906003E4151215E007F091929460046494949310001017FE6
:20C780000101003F4040403F001F2040201F003F4038403F006314081463000708700807E1
:20C7A00000615149454300007F41410000552A552A55000041417F00000402010204004054
:20C7C0004040404000000E110E00002054545478007F48444438003844444420003844442D
:20C7E000487F00385454541800087E0901020018A4A4A47C007F080404780000447D40000C
:20C80000004080847D00007F102844000000417F4000007C04180478007C0804047800380C
:20C820004444443800FC242424180018242418FC007C0804040800485454542000043F4481
:20C840004020003C4040207C001C2040201C003C4030403C004428102844001CA0A0A07CE0
:20C86000004464544C441414141414140000000001000000030000000000000000000000B0
:20C88000000000000000000000000000000000000000000000000000000000000000000098
:20C8A000000000000000000000000000000000000000000000000000000000000000000078
:20C8C000000000000000000000000000000000000000000000000000000000000000000058
:20C8E00000000000000000000000000000000000000000000100000003000000070000002D
:20C90000000000000000000000000000000000000000000000000000000000000000000017
:20C920000000000000000000000000000000000000000000000000000000000000000000F7
:20C940000000000000000000000000000000000000000000000000000000000000000000D7
:20C960000000000000000000000000000000000000000000000000000100000005000000B1
:20C98000070000000F00000000000000000000000000000000000000000000000000000081
:20C9A000000000000000000000000000000000000000000000000000000000000000000077
:20C9C000000000000000000000000000000000000000000000000000000000000000000057
:20C9E000000000000000000000000000000000000000000000000000000000000100000036
:20CA000005000000150000000F0000001F00000000000000000000000000000000000000CE
:20CA20000000000000000000000000000000000000000000000000000000000000000000F6
:20CA40000000000000000000000000000000000000000000000000000000000000000000D6
:20CA60000000000000000000000000000000000000000000000000000000000000000000B6
:20CA80000100000009000000150000001B0000001F0000003F0000000000000000000000FE
:20CAA000000000000000000000000000000000000000000000000000000000000000000076
:20CAC000000000000000000000000000000000000000000000000000000000000000000056
:20CAE000000000000000000000000000000000000000000000000000000000000000000036
:20CB000000000000010000000900000015000000550000005B0000003F0000007F00000088
:20CB20000000000000000000000000000000000000000000000000000000000000000000F5
:20CB40000000000000000000000000000000000000000000000000000000000000000000D5
:20CB60000000000000000000000000000000000000000000000000000000000000000000B5
:20CB80000000000000000000010000001100000049000000550000006D0000007700000001
:20CBA0007F000000FF000000000000000000000000000000000000000000000000000000F7
:20CBC000000000000000000000000000000000000000000000000000000000000000000055
:20CBE000000000000000000000000000000000000000000000000000000000000000000035
:20CC000000000000000000000000000001000000110000004900000055000000550100000E
:20CC2000DB00000077010000FF000000FF01000000000000000000000000000000000000A2
:20CC40000000000000000000000000000000000000000000000000000000000000000000D4
:20CC60000000000000000000000000000000000000000000000000000000000000000000B4
:20CC800000000000000000000000000000000000010000002100000049000000A500000084
:20CCA00055010000B5020000DB020000EF010000FF010000FF030000000000000000000098
:20CCC000000000000000000000000000000000000000000000000000000000000000000054
:20CCE000000000000000000000000000000000000000000000000000000000000000000034
:20CD00000000000000000000000000000000000000000000010000002100000011010000DF
:20CD20004902000055010000550500006D030000BB030000EF050000FF030000FF070000CE
:20CD40000000000000000000000000000000000000000000000000000000000000000000D3
:20CD60000000000000000000000000000000000000000000000000000000000000000000B3
:20CD8000000000000000000000000000000000000000000000000000010000004100000051
:20CDA0001101000049020000A504000055050000B5060000DB06000077070000DF07000013
:20CDC000FF070000FF0F00000000000000000000000000000000000000000000000000003F
:20CDE000000000000000000000000000000000000000000000000000000000000000000033
:20CE0000000000000000000000000000000000000000000000000000000000000100000011
:20CE2000410000001101000049020000290500005505000055150000AD150000DB160000AF
:20CE400077170000DF170000FF0F0000FF1F00000000000000000000000000000000000022
:20CE60000000000000000000000000000000000000000000000000000000000000000000B2
:20CE8000000000000000000000000000000000000000000000000000000000000000000092
:20CEA0000100000081000000210400008904000049120000950A000055150000D52A0000DB
:20CEC0006D1B0000DB2D0000F71E0000BF1F0000FF1F0000FF3F0000000000000000000073
:20CEE000000000000000000000000000000000000000000000000000000000000000000032
:20CF0000000000000000000000000000000000000000000000000000000000000000000011
:20CF2000000000000100000081000000210400001111000049120000A514000055150000AA
:20CF400055550000B5560000DB360000BB3B0000EF3D0000BF5F0000FF3F0000FF7F00000F
:20CF60000000000000000000000000000000000000000000000000000000000000000000B1
:20CF8000000000000000000000000000000000000000000000000000000000000000000091
:20CFA00000000000000000000100000001010000210400001111000049120000494900003A
:20CFC000954A000055550000D56A00006D6D0000DBB6000077770000EFBD00007F7F000086
:20CFE000FF7F0000FFFF0000000000000000000000000000000000000000000000000000B5
:20D00000000000000000000000000000000000000000000000000000000000000000000010
:20D020000000000000000000000000000100000001010000411000001111000089440000AD
:20D0400049920000A59400005555000055550100B5D600006DDB0000DBED000077770100DD
:20D06000EFFB00007F7F0100FFFF0000FFFF010000000000000000000000000000000000CA
:20D08000000000000000000000000000000000000000000000000000000000000000000090
:20D0A0000000000000000000000000000000000001000000010200004110000011220000E8
:20D0C000914800004992000029A5000055AA00005555010055AB0200ADB50200DBB601002C
:20D0E000BBDD020077EF0200DFF70100FFFE0100FFFF0100FFFF0300000000000000000059
:20D1000000000000000000000000000000000000000000000000000000000000000000000F
:20D1200000000000000000000000000000000000000000000100000001020000411000009A
:20D1400021840000111101004992000049490100A55201005555010055550500B55A050033
:20D160006D6D0500DBB60500BBBB0300F7DE0300DFF70500FFFE0500FFFF0300FFFF070006
:20D1800000000000000000000000000000000000000000000000000000000000000000008F
:20D1A000000000000000000000000000000000000000000000000000010000000104000069
:20D1C0008140000021840000111101004924010049920400A594020055AA0400555505008C
:20D1E00055AB0600B5D60A006DDB0600DB6E0B0077770700EFBD0700DFEF0700FFFD070072
:20D20000FFFF0700FFFF0F00000000000000000000000000000000000000000000000000FC
:20D220000000000000000000000000000000000000000000000000000000000001000000ED
:20D2400001040000814000002184000011110100894402004992040029290900954A050053
:20D260005555050055551500D56A1500ADAD0D00DBB60D00DBED160077771700EFBD170041
:20D28000BFDF0F00FFFD1700FFFF0F00FFFF1F0000000000000000000000000000000000A4
:20D2A00000000000000000000000000000000000000000000000000000000000000000006E
:20D2C00001000000010800008140000021080100112204001189080049920400494A1200FC
:20D2E000A594120055A90A005555150055AD2A00B5D61A006D6B1B00DBB62D00BBDB1D00E7
:20D3000077EF1E00EF7D2F00BFDF2F00FFFB1F00FFFF1F00FFFF3F000000000000000000AE
:20D320000000000000000000000000000000000000000000000000000000000000000000ED
:20D34000000000000100000001080000010101004110040021420400111111004924110053
:20D360004992240029A51400954A25005555150055555500D56A3500ADB556006DDB360060
:20D38000DB6E3B00BBBB3B00F7EE5D00EFFB3E00BFBF3F00FFFB5F00FFFF3F00FFFF7F001E
:20D3A00000000000000000000000000000000000000000000000000000000000000000006D
:20D3C0000000000000000000010000000110000001010100411004002184100011111100FB
:20D3E000894422004992240049494900A5544A0055A94A005555550055AD6A00B5566B00F8
:20D400006D6D6D00DBB66D00DBED760077777700F7DE7B00DFF77D007F7F7F00FFF77F008F
:20D42000FFFF7F00FFFFFF0000000000000000000000000000000000000000000000000072
:20D440000000000000000000000000000100000001100000010101004110040021841000AD
:20D46000111111009148240049922400494A5200A5945200952A55005555550055555501FA
:20D48000D5AA5501B5D65A016D6B5B01DBB66D01BBDD6E0177777701EFBDF700DFF77D013A
:20D4A0007F7F7F01FFF77F01FFFFFF00FFFFFF01000000000000000000000000000000007D
:20D4C0000000000000000000000000000000000001000000012000000102040041200800BA
:20D4E00021841000112122001189480049224900499224012925A500A552A90055A5AA0056
:20D500005555550155B5AA02B55AAD02ADB5B5026DDBB601DB76DB02BBDBDD0277F7EE027E
:20D52000EFBDF702DFF7FB027FFFFE01FFEFFF01FFFFFF01FFFFFF0300000000000000000A
:20D540000000000000000000000000000000000000000000010000000120000001020400A2
:20D5600081402000210841001122440011111101892492004992240149494901A59452020D
:20D5800055AA5401555555015555550555AB5605B5D65A036D6D6D05DBB66D03DB6DB7059F
:20D5A000BBBBBB0377EFDE05EF7DEF03DFEFF703FFFEFD03FFEFFF05FFFFFF03FFFFFF07D5
:20D5C000000000000000000000000000000000000000000000000000010000000140000009
:20D5E0000102040081402000410842002144080111111101894422014992240149529204F5
:20D6000029A59402954AA50255A5AA045555550555B5AA06D56AB50AADB5D60A6D5BDB06D1
:20D62000DBB66D0BDBED760B77777707F7DEBD07EF7BDF0BBFDFEF07FFFEFD0BFFDFFF07C2
:20D64000FFFFFF07FFFFFF0F000000000000000000000000000000000000000001000000B9
:20D66000014000000104100081402000411004012184100211111101918844044922490419
:20D680004992240929292909A5544A0555AA5409555555055555551555AB560DB5566B1554
:20D6A000ADADAD0D6DDBB60DDB76DB0EBBDDED0E77777717F7DE7B0FEFFBBE0FBFDFEF1748
:20D6C000FFFEFB0FFFDFFF17FFFFFF0FFFFFFF1F0000000000000000000000000000000027
:20D6E0000100000001800000010410008180400041100401218410021121220411918808BB
:20D70000492491044992240949494A12A594520A954AA5125595AA0A5555551555D5AA2A36
:20D72000D56AB51AB5D65A2B6D6D6B1BDBB66D1BDB6EBB2DBBBBDD1D77F7EE1EEFBDF71E76
:20D74000DFF77D1FBFDFDF2FFFFDF71FFFBFFF1FFFFFFF1FFFFFFF3F000000000000000065
:20D76000000000000100000001800000010410000101010141100401218410021122440882
:20D78000111111118944221149922409495292142925A524A5522A2555AA52155555551525
:20D7A0005555555555AB5A55B55AAB35ADB5B5366D5BDB56DBB66D5BDBED763BBBBBBB3BF3
:20D7C00077EFDE3DEFBDF75EDFF77D5FBFBFBF3FFFFDF75FFFBFFF5FFFFFFF3FFFFFFF7F73
:20D7E000000000000000000001000000010001000108400001010101412008042104210422
:20D80000214284081111111191482412491249124992244949494949A594524A954A954A11
:20D820005595AA4A5555555555D5AA6AD56AD56AB5D65A6B6D6D6D6D6DDBB66DDBB6DBB669
:20D84000BBDD6EB777777777F7EEDDBBEFBDEFBDDFF7FB7E7F7F7F7FFFFDEF7FFF7FFF7FA9
:20D86000FFFFFF7FFFFFFFFF00000000000000000000000000000000000000000000000030
:20D8800000000000000000002DE9F74F814C4FF0000BDFF81C82012604F55873D4F86C730A
:20D8A00004F55B715846009301377B4B7B4D5B68C4F86C73019398F82830FF2B0CBF4FF09E
:20D8C000040A4FF0070A91F808C091F80CE0BCF1360F4FEA4E0E30D805EB0C1CDCF8102079
:20D8E0009368DCF81C20134214BF0122002242EA0E020831D2B2D3070A7158BF06FA00F259
:20D9000000F101005CBF4BEA02021FFA82FB5045D9D1634E00254FF00109624B03EBC5026B
:20D92000127B802A0BD109FA05F15B460022012089B237602DF052FB15E00022D7E77F2A3D
:20D9400040F09180326809FA05F15B46BA1A89B2B2F5FA7F4FF0000234BF022004202DF08C
:20D960003DFB0023336001350436AA45D5D198F8290094F8DC1336284FEA410100F28280B3
:20D98000464A02EB00121069D2698068104214BF0122002298F82A000A4394F8DD13362811
:20D9A00084F8DC234FEA41016ED83C4A02EB00121069D2698068104214BF0122002298F810
:20D9C0002B000A4394F8EC13362884F8DD234FEA41015BD8314A02EB00121069D2698068A6
:20D9E000104214BF0122002298F82C000A4394F8ED13362884F8EC234FEA410148D8274A33
:20DA000002EB00121069D2698068104214BF012200220A43244884F8ED2319F069FC30B16D
:20DA200002B25B464FF4007105202DF0D7FA1F4819F05EFC30B102B25B464FF48071052071
:20DA40002DF0CCFAD4F86C33A4F8C8B3C3F30A031BB94FF0FF32C4E9D92368462EF0D6F817
:20DA600003B0BDE8F08F002A7FF47DAF3168791AB1F5FA7F7FF477AF09FA05F15B46032065
:20DA800089B257E7002285E7002298E70022ABE70022BEE700200120001000E0800300208F
:20DAA000AC2301206C230120D0230120E0230120A00501202DE9F04FB34F91B007F2C45320
:20DAC0000693B24B5B680793D7F8D035D7F8D435072B0BD9002307F58052C7F8D435C7F819
:20DAE000D835D2F8E8310133C2F8E83101F08CFCD7F8D825A64D002A00F02F81D7F8D43555
:20DB0000072B1FD8D7F8D015E1B963F04F01A148C5F8F82080F841100121C7F8D01520215D
:20DB2000C5F8FC1095F80011002900F011814FF0E0212220C1F8000F01338032C7F8D435DB
:20DB4000C7F8D825D5F804310133022B00F33081C5F8043172B6D5F81031D5F820219C69C7
:20DB6000D5F828011440D5F82421D5F82C619C61D5F81431996911409961D5F818319A697A
:20DB80000240D5F81C019A6183693340836162B6003C18BF012409B144F002040AB144F0E8
:20DBA00004040BB144F00804794F0020C7F8304103F044FD0646012003F040FD08B146F089
:20DBC0000206022003F03AFD08B146F00406032003F034FD08B146F00806DFF8AC81C7F8F1
:20DBE000346158F8183C013348F8183C97F83831002B00F00682D7F83C91B9F1000F00F044
:20DC00000082D8F83CA20021634ABAF810B0C7E950464C46614E6069002800F0D38108468A
:20DC200003F043FA5C4A2369272BA8BF272323EAE37C5B4B03EB8C0CDCF8003833FB00FEAF
:20DC40000BFB00F046F804EF001333FB00F00131143430620829DED1D9F800304846514957
:20DC60000C261B6B9847D5F83C31D8F8BC950093D5F8B031D5F8B4B10893464B5A6CD3F882
:20DC800038A009929A6C0A92DA6C0B921A6D0C925A6D0D929A6D0E92DA6D98F8B9354FF056
:20DCA00000080F9203FB06660A23F6017343019306FB0AF302930B2308AA52F8284007EBCC
:20DCC0008402A100D2F888013A1992F8A851012D00F08281022D00F0A681002D40F084812B
:20DCE0002144009BC9B20A1D0331D2B2C9B203EB820203EB81011269097C039218F0E8FEEA
:20DD0000029B039AC0184FF00B0303D4019D8542A8BF0546B5FBF6FC06FB1C5532B1182285
:20DD200062431BF80210002940F05381162202FB04924FEA4C0132F81C00002D00F0548163
:20DD40000A445288121A6A4392FBF6F210444BE115494FF480608861EEE6144BD3F8E40180
:20DD6000D3F8E81188423FF4EDAED3F8E831C7F8D42503F0010303F5407307EB8303D3F8C6
:20DD8000DC35C7F8D835DDE6F8300120001000E0F0410120A0050120EC22012034430120CB
:20DDA000800300203043012000003A40F84001200023DFF88882C5F804319D4BD3F88434F8
:20DDC0001B69BFF34F8F08F1200208F580744FF0E021944234BF012408244246013CC1F84B
:20DDE0005C2F02F12002F9D1BFF34F8FBFF36F8F97F8C025A3EB08030292002A00F09380AB
:20DE00004FF6F0761E40D5F80831F71A039317F0F00304933FF49EAE2022C7F303172146BF
:20DE2000A1460DEB0200A24630F09AFDA64606EB0713A4462046214605932346CDE90044B9
:20DE4000059A96424CD153B1009BCDF820A00B93019BCDE90ECECDE90C10CDE9099308AB67
:20DE60001A68013422EAE272082C43F8042BF7D108984000B0FBF7F001F065FB0998400081
:20DE8000B0FBF7F001F076FB0A984000B0FBF7F001F086FB0B984000B0FBF7F001F096FBB1
:20DEA0000C984000B0FBF7F001F0A6FB0D984000B0FBF7F001F0B4FB0E984000B0FBF7F0CB
:20DEC00001F0C4FB0F984000B0FBF7F001F0D4FBDDE903321344574ADBB2C2F8083139E6C7
:20DEE0005FFA86FB58FA86F3019A103638F90BB0DA44B3F902B0D944B3F904B05A44B3F96D
:20DF000006B00192009A5A44B3F908B05944B3F90AB000925844B3F90CB0B3F90E30DC4479
:20DF20009E44029B8CE7D5F80C614FEAE30AD6EBE30648BF2036002E3FF40CAE00210F46F7
:20DF400089460A4614E002EB0A030132584203F01F0300F01F0058BF434238F8330008EBD1
:20DF6000C3030444588881449888DB88074419449642E8DC24014FEA09193F010901B4FBAE
:20DF8000F6F4204601F038FBB9FBF6F9484601F047FBB7FBF6F7384601F058FBB1FBF6F1B5
:20DFA000084601F069FB204601F0CDFA484601F0E1FA384601F0F4FA084601F007FBC5F8EB
:20DFC0000CA1C7E53AF8110052F82130A0EB132029E602325A44ACE600280CBF5246092223
:20DFE00003FB042239F81200114A08F1010880F3100002EB8404B8F1080FC4F844027FF430
:20E000005BAE0D4A52F8183CC3F30D032BB94FF0FF31C2F8CC35C2F8C81506A82DF0F6FDD9
:20E0200011B0BDE8F08F03FB04A239F812208DE600200120F0410120F83001200000202065
:20E04000D0F894322DE9F34704460D462BB1013B08BFC0F8FC32C0F89432B4F8C03004F56D
:20E060002A70DFF8D48200272968434493F8102317F009FF0646D4F8EC22D4F8F0329A42DD
:20E080000ED1F30740F153816B6858076DD500230127C4E99733C4F898324FF00109B5E008
:20E0A000D4F8F03203F00302013304EB8202D2F8DC22C4F8F03222B1012ADCD146F0010645
:20E0C000D9E70127D7E702F17B427DE003F17B4387E021B104F51B7005F06DFAC8E0B9461B
:20E0E000C6E0C4F8983284F8D83205E1002F40F003816B681A0700F1FF80D4F89832013377
:20E10000022B02D8C4F89832F6E00123C4F89872E9E730444946009004F1B00018F0FFF9AA
:20E1200094F8C420D4F8FC32012A40F0FC80003B18BF0123AB6485F86820D4F80033EB6406
:20E14000002385F86930D4F8042385F86A302A65D4F8082385F86B306A6502B0BDE8F08741
:20E16000BFF32F8F4FF00009C3E0002F8FD1D4F85CC2D4E92C12002A1346B8BFD31D504254
:20E1800002F0070200F007004FEAE30358BF4242D1F1000E4FEA036308EB82020EF0070EDA
:20E1A000D2F8300301F0070258BFCEF10002002908EB8202B8BF0731D2F83023C9106244A5
:20E1C0004FEA1C6C02EB0162B2F1A06FBFF47BAFD4F86012012A084498BF00220344C4F86E
:20E1E0005C22B3F1A06FBFF471AF012B98BF0023BCEB126FC4F860327FF44FAF1B0EB3EBC7
:20E20000116F14BF4FF001094FF0000904F53E73012153E8002F002AA2D143E80012002AE0
:20E22000F7D1BFF35F8FB9F1000F55D094F8631294F85F3201EB8108D4F86422984403EBE9
:20E2400083030B44D4F8A4124FEA0810DBB202EB081843EA0123C4F8A4321FB9115C062925
:20E260007FF637AF94F8B81004F51B7008F012FED8F80430C4F89C32D8F80830C4F8A0323F
:20E28000D8F80CA01AF0010F07D023F011FB002100F0070240462DF0E9FB1AF0020F0BD05B
:20E2A00023F006FB19230121B0FBF3F202FB130240460C3A2DF0DAFB1AF0040F0CD023F080
:20E2C000F7FA07230221B0FBF3F3C3EBC303C01AC21E40462DF0CAFBBFF35F8F0023C4F85A
:20E2E000F832B9F1000F04D094F8C420032A3FF4F8AEB1073FF5FAAEB3073FF411AF03218C
:20E3000005F1080008F0DDFA94F8C410AA6A0429D4E9A7367FF4FDAED4F88032DB01C4E9D0
:20E32000BF33C4E9C133D4F8FC32002202E7002F7FF4ADAEB94669E7E81E002000000000D3
:20E340002DE9F04F0B688FB0044600F5FE7005934B68019103F0020B414B1B6801EB8303AB
:20E36000996817F029FE3F4B019A04F500701B6802EB8303996817F01FFE3B4B019A04F5AB
:20E3800001701B6802EB8303996817F015FE374B019A04F502701B6802EB8303996817F075
:20E3A0000BFEB4F8B030D4F8FC210133D4F8B8901B041B12013B03EB0213B4F9B42003EB9D
:20E3C0004203D4F8002283F310030493B4F8D4300693A4F80431B9F1000318BF012384F8AC
:20E3E0005831B4F8BC3001331B041B12013B03EB021383F310039BB20293A4F80631B4F952
:20E40000C43081331B041B125A1ED4F8043202EB031383F3100313F4004F9BB209BFA3F5FF
:20E420000043A3F5004A03FB03F2D21304BFA2EB8202D21894F8FC3008BF4FEAA20A013B81
:20E44000D4F80822C4F80CA1052B00F2FA81DFE813F00F00D601DD01E301EA01EF0100BFB4
:20E46000AC050120B0050120B4050120B8050120002311011F469C4618461E461A46B4F9F1
:20E48000C8E00EF1800E4FEA0E4E02EB2E22013A82F3100292B2A2F5004202FB02FE002A6F
:20E4A0004FEAEE3ED8BFCEF1000E0EEB4E0E96444FEAAE1E0EEB8E0E4FEA4E0E0FFA8EF2AC
:20E4C0000392A4F81021B4F9C0208032120401EB2221013981F31001A1F5FF417F3941F3D5
:20E4E0004E0294F81C110792A4F80821B4F8CC200132120406EB2226B4F9D0200132013E8C
:20E5000086F310061204B6B200EB222094F8D820C4F81461914294F81D1100F1FF301CBF84
:20E5200084F81C21012280F3100018BF84F8252100B294F8DC20C4F81801914294F81E1146
:20E540001EBF84F81D21012284F8252194F8E02091421EBF84F81E21012284F8252194F8D7
:20E56000E42012B1C2F11002D2B284F81F2194F8E82012B1C2F11002D2B284F8202194F8E6
:20E58000EC2012B1C2F11002D2B284F8212194F8F020624482F30702520084F8222194F848
:20E5A000F4203A4482F30702520084F8232194F8F820134483F307035B0084F82431A54BA2
:20E5C0001B78362B00F28882A34A190102EB03135258DB6892681A4200F07E824FF0FF329E
:20E5E000D2B284F8F921BBF1000F40F0EE8094F8F831002B40F0E980D4F85C11059B013124
:20E600005807C4F85C111BD5B9F1000F18D0934B994212D8A629D4F8E8E100F225810EEB49
:20E620004E000844800870451FBF4FF0FF33C4F8E801B3FBF0F3C4F8EC310023C4F85C3139
:20E64000059BDB0704D494F82531002B00F063811022002104F59C7030F082F9002384F8ED
:20E660002531002394F81F2104F59A7E04F592708DF8303004F24B1C8DF834304FF6FF7961
:20E6800094F822318DF831208DF8353094F82331B4F820218DF8363094F82431DFF8C48126
:20E6A0008DF83730D4F81431ADF832200493B4F818310593039B5B420693039B5EF8042F47
:20E6C000002B40F3FD810BF10103039903F0030304EB4303B3F8263113FB0122029B160EA0
:20E6E0005F4922F07F421B0B771C029D03EB03230B44995D03F2011ADB5D5B1A0902534390
:20E70000A1F5004101EB23411AF806301AF807A0AAEB030A1B0202FB0AFAA3F5004303EB48
:20E720002A430FFA81FA1BB2A3EB0A034FEA051A1FFA8AFA0AFB03F31B1413FA81F399B295
:20E740001BB281F40041438103F5004318F8066018F807701B12BF1B36025743A6F5004680
:20E7600006EB274620F8026F0CF8013F0CAB13F80B303BB1B4F92E2102F500421A419A401B
:20E780004A4091B24185BBF1000F0BD0038D0DAAA9EB030312F80B205343A9EB23234B433C
:20E7A0001B144385438D0BF1010B049ABBF1040F02FB03F3059A02EB2343079A4385029B42
:20E7C00013449BB202937FF478AFB4F85031019A01999364032382F86830B4F8522181F83D
:20E7E0006930CA64B4F8542181F86A300A65B4F8562181F86B304A650FB0BDE8F08F0023C3
:20E8000016011F469C461846194637E6002310011F469C461E46F7E70F3200234FEA621CE8
:20E820001F461846F6E70F32002357119C46F8E700270F32BC46531138463E4639463A46DC
:20E840001DE6002312011F469C4618461E46194615E600BFDE05012090030020D7080200C5
:20E86000D0920020E1A30020D4F8E0314FF0FF3704EB8300C0F8601103F12000CDE908BBF8
:20E880000B90C7F1000803F140065FFA88F00A90002006F01F0C0B9D04EB8C0CDCF8608153
:20E8A00007EB060C013E0CF01F0C04EB8C0CDCF860C1A8EB0C0CBCF1000FB8BFCCF1000CCB
:20E8C000BCEB181F3CBF0130C0B2B542E1D1089D013FA84224BF0A9DCDE9080517F1080FD8
:20E8E000CFD10133099803F01F03C4F8E0311B1A03F01F0304EB8303D3F86001D4F8E431F5
:20E90000C4F8E401CB1A002BB8BF5B42B3EB111F28BF084687E6B9F1000F6AD0D4F8EC31E6
:20E92000FF2AC4F8483108D0022A95BFC2F10302023AD3409340C4F84831D4F838110DF1FF
:20E940003408D4F8483104F59C7694F81CE104F5A279194494F81DC194F81E71C4F83811A7
:20E960008DF835E08DF836C08DF8377018F8012F56F8040F132A40F081801844B145306065
:20E98000F4D1BAF1000FC0F28580BEF1130F4FEACA3016BFD4F83C310B18D4F8F421C4F86F
:20E9A000F0011CBF9B1A1B18BCF1130FC4F83C310FBF01EB4003D4F84031D4F8F4219B1ADB
:20E9C00018BF1B18132FC4F840310DBF00EB4000D4F84431D4F8F421401817BF9B1AC4F806
:20E9E00044011B18C4F84431D4F8F031C4F8F43137E6049B41F2B030394E3A49069D93FB96
:20EA0000F0F006FB0036771101EB870301EB8701D3F8FC33D1F800140B2D09D8DFE805F0C1
:20EA200006101316191C1F222508282BDB0AC90AC91A06F01F06714303EB511383406FE7CC
:20EA40005B0A490AF4E7DB09C909F1E79B098909EEE75B094909EBE71B090909E8E7DB081A
:20EA6000C908E5E79B088908E2E75B084908DFE75B004900DCE79B008900D9E7194D05EBE1
:20EA80008202D2F87826A3FB0252120242EA1562104473E71B0CD4F83C210AFB03F3D21AFC
:20EAA000C4F83C21D4F84021A2EB430203EB4303C4F84021D4F84421D21AC4F8442193E735
:20EAC0000BF10303069903F0030304EB4303B3F9263101FB032201E694F9002180E500BF8A
:20EAE00050ECFFFFF064002030B504460D4689B0896900F52E7017F05FFAE96904F52F70DE
:20EB000017F05AFA296A04F5307017F055FA696A04F5317017F050FAD4F8B8322A682946A3
:20EB2000049304F1D800D4F8BC3203920593D4F8C0320693D4F8C43207930023009304AB72
:20EB40000DF081FA0123039A294604F5A870009304AB0DF078FA0223039A294604F5E470CD
:20EB6000009304AB0DF06FFA0323039A2946009304F5107004AB0DF066FA09B030BD2DE9E7
:20EB8000F04FD1E900A32DED048B03F0080B7E4B91B004461B6800F5B470019101EB830336
:20EBA000996817F009FA794B019A04F5B8701B6802EB8303996817F0FFF9754B019A04F580
:20EBC000B6701B6802EB8303996817F0F5F9714B019A04F5BA701B6802EB8303996817F0AB
:20EBE000EBF9B4F8B080B4F8B49008F10108D4F8683109F10109D4F870114FEA08484FEAEB
:20EC000009494FEA28284FEA292908F1FF3809F1FF3908EB0318D4F86C3188F3100809EB2E
:20EC2000031989F310031E46B4F8B83004F1D80901331B041B12013B03EB0113B3F5FE4FA8
:20EC4000A8BF4FF4FE43B3F5806FB8BF4FF4806383F310052DB26D0307EE905A9FED489B6D
:20EC6000B8EEE77B37EE097B51EC170B33F0D8F80391074605F5C023C4E94801B4F8BC1065
:20EC8000D4F8740101310493DB17090405930912049B0139C4F83831059B01EB0011C4F861
:20ECA0003C31B1F5FE4FA8BF4FF4FE41B1F5806FB8BF4FF4806181F3100109B24B0308EE57
:20ECC000103AB8EEC87B37EE097B51EC170B33F0A7F818EE103A0546029103F5C023089393
:20ECE000DB170B93089BC4E94A01C4F84031D4F8C8000B9B84F80C014846C4F8443119F031
:20ED00007BFED4F8CC0084F80D01484619F074FED4F8D00084F80E01484619F06DFED4F85A
:20ED2000D40084F80F01484619F066FE1AF0040F13BF01220AF0010CCAF340029446DDE9C0
:20ED40000213BBF1000F27D0B4F84831019A01999364032382F86830B4F84A2181F869303A
:20ED6000CA64B4F84C2181F86A300A65B4F84E2181F86B304A6511B0BDEC048BBDE8F08FCF
:20ED8000000000000000B841AC050120B0050120B4050120B805012094F860010028D3D161
:20EDA000A6F30826A8F30828D4E930E00996BCF1000F07D0DFF8F8C3C4E93ABBC4E936CBE0
:20EDC000C4E938BC42B10022DFF8E4C3C4E94022C4E93CC2C4E93E2C94F80821002A00F05F
:20EDE000CD815FFA8EFEDFF8C4C3CEF105025CF828E0D4E936BC2EFA02FE4FF02062ACEB31
:20EE00000B0989FB0229120E42EA09224FEA2969A2FB0E2A0EFB09AA120ED4F8E09042EAD4
:20EE20000A22B7EB09074FEAEB7A5A4463EBE97307FB0AFA0BFB03AAA7FB0B3757441B0EAD
:20EE400043EA07233F16B3EB0C0367EBEC77A3FB0E3A0EFB07AA1B0E43EA0A239C448BFB1B
:20EE60000C733F0E4FEA236B47EA0327CE4B89FB033A1B0E43EA0A23FB1AA3FB0E376BEBF9
:20EE80002A6A1B0E0EFB0A7743EA072348F201074B44C4E9362CC4F8E03002EB42020CEB00
:20EEA0004C0C03EB430307EB2C4607EB22421B1402960A9394F80A31002B00F06281BB4BDD
:20EEC000C0B2099EC0F1050053F82670D4E93C9EC7404FF02060AEEB090383FB0003000EF1
:20EEE00040EA03201B16A0FB070C07FB03CC000E40EA0C20D4F8F8C0B5EB0C05484461EBA4
:20EF0000EC734FEAE971694309FB0311A5FB09350D441B0E43EA05232D16B3EB0E0365EB4C
:20EF2000EE75A3FB073107FB05111B0E43EA01230EEB030589FB0513090E4FEA236941EA62
:20EF40000321994B8CFB033E1B0E43EA0E23CB1AA3FB073169EB2E6E1B0E07FB0E1143EA38
:20EF6000012348F201016344C4E93C05C4F8F83000EB400005EB450503EB430301EB2040D3
:20EF80001B1401EB25410790039194F809110693002900F0F980854BD4F8EC7053F8285039
:20EFA000DFF80CE2049ED4E93938C8F100004FEAE379C01B4FEAE07CA0FB050105FB0C1140
:20EFC000000E40EA012088FB0E1C090E184441EA0C214FEA2C6CC9184CEBE37CA1FB051A5D
:20EFE0009B1B059E05FB0CAA4FEA116141EA0A21414469EB06084FEAE77903FB09FC07FB7C
:20F0000008C9A3FB073CCC441B0E43EA0C234FEA2C6C13EB0E03A3FB053E4CF1000C1B0E76
:20F0200005FB0CEE48F2010543EA0E233B44C4E93901C4F8EC3005EBA0309B1305EBA131CA
:20F040000490059394F80B71002F00F0A080574B0998D4F804C153F82070DFF85481089E3C
:20F06000D4E93F39C9F100004FEAE37AA0EB0C004FEAE07EA0FB070507FB0E55000E40EA99
:20F08000052089FB085E2D0E184445EA0E254FEA2E6EED184EEBE37EA5FB075B9B1B0B9E93
:20F0A00007FB0EBB4FEA156545EA0B254D446AEB06094FEAEC7A03FB0AFE0CFB09EAA3FB41
:20F0C0000C3ED6441B0E43EA0E234FEA2E6E13EB0803A3FB07384EF1000E1B0E07FB0E887C
:20F0E00048F2010743EA08236344C4E93F0507EBA030C4F8043107EBA5379D13AB1882EA7E
:20F10000000604F20B1C04F21318C3F34F030F96049E0E93831882EA060B079EC3F34F03F6
:20F1200082EA060A029E0D93069B82EA06091344C3F34F030C93039B1344C3F34F030B935E
:20F14000059B1344C3F34F030993049B1344C3F34F03089304F5A4731CF801EFBEF1150F94
:20F1600019D8DFE80EF0171D27292B2D2F31333537393B3D3F414345474A4D50134602922A
:20F1800097E60393079300E7CDE904115AE738463D46B3E71A80E04503F10203DCD1D3E517
:20F1A000029E1E80F7E700BFAAAAAA02A8BA2060999919000A9EF4E7079EF2E7039EF0E7CE
:20F1C000069EEEE7049EECE71980E4E7059EE8E71880E0E71F80DEE71D80DCE7089EE0E7DB
:20F1E000099EDEE70B9EDCE70C9EDAE70D9ED8E70E9ED6E7A3F80090CDE7A3F800A0CAE72E
:20F20000A3F800B0C7E70F9ECBE72D4B1B6801EB830330B5044689B00D4600F2E440996857
:20F2200016F0CAFE274B04F59D601B6805EB8303996816F0C1FE244B04F2EC401B6805EBD5
:20F240008303996816F0B8FE204B04F59E601B6805EB8303996816F0AFFED4F8E4342A68E6
:20F260002946049304F1D400D4F8E83403920593D4F8EC340693D4F8F034079300230093E5
:20F2800004AB0EF015FF0123039A294604F5EC70009304AB0EF00CFF0223039A294604F5B3
:20F2A0003770009304AB0EF003FF0323039A2946009304F5787004AB0EF0FAFE09B030BD74
:20F2C000AC050120B0050120B4050120B80501200548064B1B1AD90F01EBA301491002D058
:20F2E000034B03B118477047C01A0120C01A01200000000008B5054B1BB105490548AFF3EA
:20F300000080BDE80840FFF7E3BF00BF0000000024F8012000482560AA234381034B1B68BD
:20F3200003EB43035B02C381704700BFA005012090F8A6342BB9B0F8863443FA01F101F0F4
:20F3400001031846704709494B68002B0CDB084A482000FB032392F8400292F84122D870A1
:20F360009A704FF0FF334B60704700BFA00501200020012003681847012A02D101600020A1
:20F380007047022A05D0032AF9D0002AF7D10260F5E70B680360F2E7704770477047704704
:20F3A00003680171BBB103F1BF230B4A03F5770302EB23131972137A517A8B4228BF0B465C
:20F3C000917AD27A8B4228BF0B46934228BF1346024A82F87A307047A005012000E400E00B
:20F3E000006910B10368DB6818477047044B03EA0111044B41EA005040F0407058667047B2
:20F40000F0FF0F0000003A40464A2DE9F84F92F86432D2E99115D2E99346002B5ED092F88F
:20F420006502D2E995BAD2E99798A0B30020FFF7DDFF29460120FFF7D9FF21460220FFF74F
:20F44000D5FF31460320FFF7D1FF59460420FFF7CDFF51460520FFF7C9FF49460620FFF7CE
:20F46000C5FF41460720FFF7C1FF2F4C0021D2F8683204F1280000EB430054F8045B20F856
:20F48000115008314029F8D1013303F00703C2F86832BDE8F88F4FF6FF77791AFFF7A6FF06
:20F4A000791B0120FFF7A2FF391B0220FFF79EFFB91B0320FFF79AFFA7EB0B010420FFF7B9
:20F4C00095FFA7EB0A010520FFF790FFA7EB09010620FFF78BFFA7EB0801C3E71348036EFE
:20F4E00003F0784343F4002343F0170303664FF6FF73591A5D1B1C1B9B1B89B2ADB241F4F0
:20F500008011A4B29BB245F49015416644F4A0144FF4806143F4B013456644664161436688
:20F52000A3E700BF002001204422012000003A4070477047036818470B68036070470B6808
:20F54000036070477047094B0009094ADB68000202EB8302D2F80C33C2F8EC0203EB43038E
:20F5600003449B08C2F80C33704700BFA005012000200120084B0009084A1B69000202EB0A
:20F580008302D2F80C33C2F8EC0203EB430303449B08C2F80C337047A00501200020012060
:20F5A000084B0009084A5B69000202EB8302D2F80C33C2F8EC0203EB430303449B08C2F8DC
:20F5C0000C337047A005012000200120084B0009084A9B69000202EB8302D2F80C33C2F845
:20F5E000EC0203EB430303449B08C2F80C337047A005012000200120084A0009D2F82C33C4
:20F60000000202EB8302D2F80C33C2F8EC0203EB430303449B08C2F80C33704700200120B6
:20F62000084B0009084ADB69000202EB8302D2F80C33C2F8EC0203EB430303449B08C2F8DB
:20F640000C337047A005012000200120084B0009084A1B6A000202EB8302D2F80C33C2F843
:20F66000EC0203EB430303449B08C2F80C337047A005012000200120084B0009084A5B6A54
:20F68000000202EB8302D2F80C33C2F8EC0203EB430303449B08C2F80C337047A0050120B1
:20F6A000002001200120704700207047006910B103681B6918477047006910B103685B69D2
:20F6C00018474FF0FF307047006910B103689B691847704707B5006920B94FF0FF3003B0D8
:20F6E0005DF804FB002301220DF107018DF8073003689B6898470028EFD09DF80700EEE709
:20F7000007B500698DF8071028B1036801220DF10701DB68984703B05DF804FB4FF0FF3024
:20F720007047C06870B1426B002A0ADBD0E90B31890302D5934238BF1346002B01DB981AD7
:20F74000704700207047C06820B1406B20EAE070C117704701467047C06858B1D0E90B3269
:20F76000920303D5426B934238BF134623EAE370C117704701467047C36823B900690038B5
:20F7800018BF01207047012070470069003818BF01207047F8B52A4CA4F556752746A4F109
:20F7A000280614F8043C143C4BB16368627A5B7A9A4204D272B62268D3685BB962B6D5F86F
:20F7C00058333A461BB19C42D96835D11160B442E7D1F8BD9C42D96827D1D1606368627A6A
:20F7E0001B6953F8220040B121F030FA72B663680021627A1B6943F822102268937A013B38
:20F80000DBB2937203B913726268937A013BDBB2937203B9137200232374D5F85833C5F860
:20F820005843E360CAE7002BD8D01A46DB689C42F9D1E368D360D1E703F10C020B46C1E7EA
:20F840005823012038B5437A0446E3B1036900221D681A602DB1294621F022FA284621F0FE
:20F86000F5F9637A012B0ED9236900225D685A604DB120462946012221F012FA2846BDE857
:20F88000384021F0E3B938BD036810B504465B699847094B227B03F1080102F001029001BD
:20F8A000002A08BF0B4608221C21C0F16000BDE810402AF023BE00BF80030020054B08469E
:20F8C000114693F85C3303F0FF020BB123F055BF104670470020012010B40446C068134603
:20F8E00030B10A460146A0685DF8044B1DF064BB5DF8044B70472349234B244A48681B6BDF
:20F90000B3FBF2F30A2253432DE9F0414A68121A9342FBD8322600241D4F1E4D97F880342F
:20F920005BB1DFF87C80AB6C1A0625D4D8F8483013F0800320D187F88034174AD2F8003368
:20F9400003F44051B1F5805F03D123F48053C2F800330A232B602B6ADB0710D56B6A013EC7
:20F960001C44DBD107EE904A9FED0C0AF8EE677A27EE800ABDE8F08123F05EFCD3E723F054
:20F980005BFCE8E7001000E0A005012040420F000020012000400C4000801F40D54C87386E
:20F9A00000800C40724BDFED736AD3ED0D7A724BF8EE677A7149DA8B87EEA67A22F008027A
:20F9C0001204120CF6EE007A2DE9F041DA83052200250226A3F86E204122694C4FF00108F4
:20F9E000A3F87420A3F86A50A3F86650E7EE277A644F07F28440FDEEE77A17EE902A92B2FD
:20FA0000A3F86020A3F8702043F22302A3F86C20A3F87860A3F86A50DA8B92B242F0080272
:20FA2000DA83A3F56C231A6F42F440021A67B1F88020D2B242F41C52A1F8802014211A6A5D
:20FA400042F4C0121A629A6A22F00E2242F002229A625A6F42F003025A6703F57C2304220C
:20FA6000C3F86C21C3F86421C3F88021C3F86821C3F840114449C3F830132946C3F87C2100
:20FA8000A36823F00103A360A3683343A360A36823F00203A36041F60373C4F800353B4B73
:20FAA000C4F800343A4BC4F880344FF6FF73C4F80435384BC4F804344FF48853C4F88434AC
:20FAC00043F60173C4F808354FF44013C4F80884C4F88834304BC4F80451C4F884304FF0EF
:20FAE000AA33C4F804322D4BC4F80851C4F888304FF0CC33C4F80832294BC4F80C51C4F8B9
:20FB00008C304FF0F033C4F80C32264BC4F80051C4F88030236B43EA0803236321F0F2F89C
:20FB2000D7F88434204A6FF0FF01DD601A601F4A99619E821E49C3E901261E4A1A6180227C
:20FB4000DA82DA8397F888249D831346B34003F1804303F56C231D601960174BDA76FF233D
:20FB600023616361A361C4F80880BDE8F08100BFA0050120007C924800801E4000C03B40EB
:20FB800000001B4000200120C00001000110830022260001830B030002110302020A030271
:20FBA000020C03020101800080021B4000000101010000800000202000800E4037B5002531
:20FBC0000C4601AB00F1180163228068019526F0AFFE042818BF0195019818B1214621F0E4
:20FBE00087FD012003B030BD37B500250C4601AB00F118016D228068019526F099FE0428C1
:20FC000018BF0195019818B1214621F071FD012003B030BD37B58B7904460846503B1B063A
:20FC200011D421F0E5FD2368A5685B6B01902046984701AB01466322284626F089FFC04331
:20FC4000C00F03B030BD0020FBE737B58B7904460846503B1B0611D421F0CAFD2368A568AA
:20FC60005B6B01902046984701AB01466D22284626F06EFFC043C00F03B030BD0020FBE701
:20FC8000C16811B180681EF049B9704710B5C46813463CB10A46806821461DF067FB20EA7B
:20FCA000E07010BD2046FCE7C16808B5029B39B1022B05D880681DF0CFFBC043C00F08BD11
:20FCC0000020FCE72DE9F041C46886B015461CB9002006B0BDE8F081002A8668F8DB676B9F
:20FCE000D4E90B32920302D5BB4238BF3B469D4226D2214630461DF0CEFAF0B904F13C03C3
:20FD000004F140013046029304F13803CDE90053D4E90A2327F052FF78B9A36B6563C4E963
:20FD20000A35236B43F4A023236300233A46214630461DF091FB00EAE070C043C00FC8E7A2
:20FD4000F3D902230022214630461DF085FB0028BEDB4FF00008636B9D42E6D901230DF190
:20FD60001702214630468DF817801DF025F90028F1DAADE7C16810B5044639B180681EF0A7
:20FD800017F9E0682FF08CFB0023E360206960B1A36803F128029B6A1BB19842196805D13A
:20FDA00011602FF07DFB0023236110BD1A460B46F2E7044B10B504460360FFF7DBFF204646
:20FDC00010BD00BF0807002010B50446FFF7F1FF20462FF065FB204610BD10B500F1180489
:20FDE0002F21204631F0D9FD00B1441C204610BD80EAE0730028A3EBE0734FEA833393FBCF
:20FE0000F1F102FB01F34FEAA333B8BF5B4218467047036810B591B142683229A3EB0204CC
:20FE20000FD88900C1F1FB0184EAE473A3EBE4738B42A8BF0B46002CB8BF5B42134443603B
:20FE400010BDD1F16501EFD50023F4E7002830B515DD20304FF4C0650C2390FBF5F405FB91
:20FE6000140063430028B8BF7F3003EBE0130C20194410FB021080F30700C0B230BD18BF43
:20FE80002038E7E773B512F0800F084415461E4618BF90F8EC5501F1010108BF80F8EC5564
:20FEA0001B062804CCB203F0FE4300F4FE001843631E1B0203F47063184340F4104040F07F
:20FEC000090023F0BBFB33462A469021094800942AF0FEFF33462A469021074800942AF023
:20FEE000F7FF234632462946902002B0BDE870402CF00DB820AA012060BB012010B543787D
:20FF0000B0F90E4003F0E003202B0AD1064B4FF40051B0F9100093F82A29D201FFF768FF42
:20FF20000444204610BD00BF0020012008B5007800F0E003802B25D005D8402B12D0602BE9
:20FF400018D0002015E0A02B1FD0E02BF9D100F01F0008302AF032FFB0F5F06FD4BF0020CC
:20FF6000012006E000F01F000D4B41F288020344985C08BD0B4B00F01F00184441F28803D7
:20FF8000C05CF6E700F01F00E4E700F01F00064B00EBC00003EB4000FFF7B0FFDCE700BF2E
:20FFA0000020012004200120A02401202DE9F04FCBB28246C1F307462DED028B8DB00293C2
:20FFC000C1F307230B9100930B0E0193029B5F1E009BFFB2A3F1F80280F88874072A00F2DC
:20FFE0008B80DFE802F0048947475089895090F8AB240AF51074C049C04851430132B0EB23
:02000004602179
:20000000B10F50468AF8AB242CBF012100218AF8A814A0429AF8AB2409D1182A02D1002279
:200020008AF8AB240DB0BDEC028BBDE8F08F417801F0E001602917D190F90010042913DDA6
:20004000052902F1FF3207D006290FD007290FD0082907D1032100E0182192FBF1F501FBA5
:2000600015220AB9FFF758F91230D2E70C21F4E70621F2E70122002180F8A92480F8AB147C
:2000800080F8A724CEE70122014600F1C00480F8AA24002280F8A7240246D2F8AC040C329E
:2000A000D2F8A454A84218BFC2F8A404A242F4D1BAF884040022012505FA02F40132102ACE
:2000C00020EA0400F8D1AAF8840400220AF1180081F88C24033181F88A248842F8D153463A
:2000E0000AF5107100228B429CD0DA81123323F8022C23F8082CF6E73946FFF719F905463E
:2001000000288FD00C24009B04FB07A9802B09F2AC4900F00F81902B40F0838031464846D0
:200120002AF0C7FD04FB07A1D1F8B024D1F8B40482421ED0019B023202F8026C02F8013CFB
:20014000C1F8B02439465046FFF7F2F8002868D09AF8A30401280AD09AF8A424012A00F00C
:20016000C480022A00F0C380002A00F0B38000224BE0D1F8AC14A2EB010B6FF04042B2EBA2
:200180006B0F4FEA6B0402D15D482DF02BF9012C204638BF012024182BD264B3944228BFCC
:2001A0001446600003912FF073F90399804608EB0B02019BBBF1000F08F80B60537005DD9D
:2001C0005A464046039130F0A1F903990BF1020BC34411B108462FF063F90C2108EB44040C
:2001E00001FB07A1C1F8AC84C1F8B0B4C1F8B444A8E71446D5E7A046D9E702EB42040C5DBD
:200200001CB101328242F8DB421ED2B2019B012102EB4202524482F88B6482F88C3482F8C1
:200220008D1472B24FF00C080AF1120442EAE273A6F500520993019B02EBC3127BB20FFAF7
:2002400082FB0122049302FA03F1C9438BB202FA07F108938BB2B6FBF8F108FB11610793B9
:20026000C9B208FB07A88A4093B2DA43039393B2002206930AF252230593A4F1120308EEE6
:20028000103A059BA34274D1002A3FF4CBAEDAF8B827029B501C02F2E712CAF8B8070AEB57
:2002A00082010AF822300728009B8E704B70019BCB7009D118220AF5F4610AF29C7030F07D
:2002C00025F90622CAF8B8270E4A52F8182CCAF88024A7E60AF28D4194E702EB42040C5D7D
:2002E000B44292D001328242F7DB002416E000220AF28B41F7E700BFABAAAAAA555555157F
:2003000084C10020F8300120D1B201EB4101514491F88D1400293FF478AF01349AF8A524AC
:20032000013252B29042D8BF0022A0428AF8A524EADC6AE7314648462AF0BBFC39465046CC
:20034000FEF7F6FF00283FF46CAF00219AF8A3C452460846CCB2A4457FF663AF92F88B44F6
:2003600001310332B44204BF82F8890482F88A04F0E714F9121C002926DA009B14F8111C3F
:20038000B02B01F0E00139D0E02B41D0902B1BD1C1B9202004F80C1C04F8110C7F2004F852
:2003A0000D0C14F80D1CB14228BF314604F80D1C14F80C1CB14238BF314604F80C1C04F8C4
:2003C000107C01E02029ECD014F8111C11F0E00112D014F8100C874201D010280CD1009B3C
:2003E000B02B00F0A9811CD8902B2FD0A02B00F0F881802B00F0F38012343EE709B1A0292A
:20040000E2D1A021099B04F8111C04F8123CD6E70029D9D1802104F8111C042104F8121CA8
:20042000CDE7009BD02B00F0F981E02BE4D1802940F0048214F9121C0429DDD14FF49052AE
:200440004FF40051584624F802BC97E114F80D0CB042D1D814F80C0CB042CDD334F8062C44
:200460006029039B42EA030224F8062C65D005D820291ED0402974D02A46BDE78029FBD157
:2004800014F9122C002A00F09580012AF4D114F80F2C02EB42020AEB020C9CF88D04D0B1D1
:2004A000A44A4FF4C0619CF88C0412684A437F218FE014F9122C052ADED8DFE802F0030FB5
:2004C000242C3037D9F804209A4912F8020C91F838102AF0EFFC24F8040CCDE714F80F0C98
:2004E00000EB4000504490F88D240A92002AC3D0904990F88B0491F838102AF0DBFC0A9A55
:2005000024F8040C78E748462AF034FC894AC0B292F83810DDE748462AF020FCF6E7D9F82B
:2005200000208449107891F83810D2E7D9F8042012F8020CC0F17F00E8E714F9122C012A3A
:2005400007D032F0020397D118EE100AFEF7E4FE92E7D8F8B024D8F8AC14521A022A8BD19D
:20056000F2E714F9122C032A86D8DFE802F0DA11020D34F9042C002A40F3D380012204F8ED
:200580000A2CAA2224F8082C002224F8042C73E714F80F2C02EB4202524492F88D24002ACE
:2005A0003FF46AAF6349096801EB4101490224F8041C21E7D8F8B014D8F8AC2491420CD032
:2005C00048462AF0BAFB5B4A4FF4C06112684A437F21FFF70DFC00B27DE700207BE714F86B
:2005E0000D0CB0423FF608AF14F80C0CB042FFF403AF34F8062C069B14F9120C1A4000289D
:2006000024F8062C1CDA20291CD12AB9202204F8112C002204F8122CD8F8AC04D8F8B02482
:2006200082420FD0BAF884243A41D1070AD414F9122C052A06D8DFE802F00E1A2931353A8A
:200640002029E9D014F8112C02F0E002602A35D114F9122C82E7D9F80420364912F8020CAB
:2006600091F838102AF026FC24F8040CEAE714F80F2C02EB4202524492F88D140029E1D05D
:200680002C4992F88B0491F83810EBE748462AF071FB284AC0B292F83810E3E748462AF0ED
:2006A0005DFBF6E7234A007892F83810DAE7D9F8042012F8020CC0F17F00EAE7402A0DD038
:2006C000802A7FF4D9AE14F9120C80BBD8F8B014D8F8AC2491427FF473AFFCE6BAF8842438
:2006E0003A41D2073FF5C8AED8F8B004D8F8AC1414F9122C884204D132F002010FD124F8DD
:20070000041C012A7FF4B8AE14F80F2C02EB4202524492F88D24002A7FF4AEAE35E7032A2A
:20072000EFD1044A126802EB420252022DE70128ACE600BFA0050120402E0CD1019BBAF8BF
:2007400084043F2B1DD940FA07F1CB0703D4079B1843AAF8840414F8111C01F0E001A029DB
:200760007FF44AAE14F9121CB1427FF445AE364A4FF4C061019812684A437F21FFF738FB2D
:20078000A9E6049B002B19DD089B1840AAF8840414F8111C01F0E0014029DCD1D8F8B00440
:2007A000D8F8AC148842D6D114F9121C022910DC0029D0DB002124F8041CCCE700214FF0A2
:2007C000010E0EFA01FC0131102920EA0C00F8D1DCE70329BFD11C49096801EB41014902ED
:2007E000E9E780297FF408AE14F9121C03297FF403AE9AF8A31400220AF28B408A42BFF619
:200800003BAE02EB420C10F80CC0B44501D00132F4E714F80F1C9142A9D02DE680297FF456
:20082000EBAD14F9121C02297FF4E6AD064A4FF4C061304612684A437F219FE720297FF4A1
:20084000DBAD24F802BCD7E5A0050120836810B5044613B1032201469847204610BDF0B5D3
:20086000002480F83A404E68A5B290F83A30AE4208D8B1F90020426113B1131E18BF012336
:200880000370F0BDD70708D504355F1C0C3331F9155080F83A7020F8135052080134E3E705
:2008A00010B50446B0F9000016F098FC0146A28804F10800BDE81040D1E7234B00F10C0C54
:2008C00019442DE9F04F91F8DC634FF001080021DFF878E046FA01F3DB070FD401310729AB
:2008E000F8D190F85B3090F85C20002B0CBF0A230423134480F85C30BDE8F08F0D2390F897
:200900005C9090F85DA0002403FB01F5E3B21CF9052001349342E1DA05EB43025EF8147C9F
:200920008318825C5B784A4453444FEAE30B03F0070302EBCB1208FA03F317F802B043EA72
:200940000B03BB54E2E700BF80030020F83001202DE9F041264F88B09C46054603AC80F8BE
:200960005C1080F85D200E9E0FCF0FC43B68002203AF604623609646144657F8041BB14282
:200980000DDC61451CDC04F12008013490FBF1F3E844E4B208F81C3CDBB201FB1300013226
:2009A000052AEAD14CB101AF0026013617F8011B2846FFF782FFB442F7DC08B0BDE8F0819C
:2009C000012908D104F12001631C0DEB010404F81CECDCB2E3E795F85B3095F85C10002BEA
:2009E0000CBF0A2304230B4485F85C30D7E700BF68070020F8B544780546194A002304F046
:200A0000E00412F8010BA04201D00133F9E70029CCBF01224FF0FF3213445A1C1BD0062BE5
:200A200008BF05230F4A134493F8FC63A64214D195F90070002F10DB20462AF021F9431E4D
:200A4000BB42A8BF3B4606F0E0006E702B70001B18BF0120F8BD0023E4E70023F3E700BFF0
:200A60007C0700208003002010B50C4611462246FFF7BEF96342984203DBA0420346A8BFBE
:200A80002346184610BD70B50A4D860005EB800454F8083C53B908202EF0FAFC48F2100327
:200AA00044F8080C03804FF0FF334360354455F8080C70BDF83001201FB52AF0F1F988B1EE
:200AC000002369460A4801930A4B00930A4B03930A4B02932BF043F96846FFF7B7FE05B03C
:200AE0005DF804FB05B05DF804EBFEF72CBC00BFA8320120DF1A00000D1B0000111B0000C5
:200B000010B4114C6368002B104B09DA4822606002FB0030827883F84122C27883F840223A
:200B200093F840221144226849B25042814283F8401204DA83F840025DF8044BBCE7914217
:200B4000C8BF83F84022F7E7A005012000200120024B43E9040110462AF00AB8F830012053
:200B6000024B43E9040110462AF02AB8F830012029F0FEBF2AF024B8F8B506230C46002543
:200B8000064FB0FBF3F6AE4203D12046BDE8F840F0E738460135FFF7EBFFF4E79CBE0020A5
:200BA000CB1001F0070100EBC310044B53F8142C01238B40115C0B4313547047F8300120B8
:200BC00029F0AEBE13B50124009429F023FE02B010BD10B49DF8044001945DF8044B29F067
:200BE00019BE29F08BBC10B50B46044681B1012108220846FFF7F5FF092022460121FFF7FF
:200C0000A7FF0A237F2200201946BDE81040D9E70120F2E770472DE9FF41851802270C460D
:200C20009846013D0B46009706462A46FFF7D1FF04EB0803611C3246013B30460097029361
:200C40000391FFF7C6FF029B2A46039928460097FFF7BFFF029B2A46304619460097FFF774
:200C6000B8FF04B0BDE8F081027B084B03EBC20292F8D81181F0010182F8D811027B03EBBD
:200C8000820341F28832C3F818227047F830012038B504464FF4AC65605908B12EF000FCD6
:200CA0000C3DB5F5946FF7D1204638BD10B5044678302AF0B5FF204610BD13B50446084603
:200CC00001912DF0A8FE23680246019920465B6802B0BDE810401847EFE738B50546FFF71F
:200CE000ECFF0446284620F003FC204438BD10B5044620F0D5F8204610BD43688B42836867
:200D000088BF41608B42036838BF8160C3EBC3031944C908016070472DE9F74F846B0D4683
:200D20001746002C00F0BB80A37898071BD5190713D46369DB1916D2B84604F1100A6369CD
:200D4000B8F1000F15D1E2699A4280F09E80E361A37863F07F03A3709DE0E169204618F0C4
:200D600094FE0028E5D1637843F001036370002791E0A068C3F30806216990F8059019EA10
:200D800053290AD14EB9002935D0A278520626D5E2699A4223D901312161A06821698379F5
:200DA00002399940436919444944002E2FD1B8F5007F2CD3B8F5806F58D2436B2A46994271
:200DC00002BF4FF0FF3380F828604363C06A03685B6A98470028C6D04FF400793BE05246D5
:200DE00018F037FD0028BEDBD7D1204618F011FF0028D2D1B7E7236A3BB9204618F009FF70
:200E00000028B0D023692362C7E72361C5E7C6F50079C14528BFC14626BB6269E3699A423F
:200E200022D2A37813F0200F0CBF01220522283018F0C0F8002896D030444E444A462946B1
:200E40002CF014FCB6F5007FA06804D1283018F048F8002887D063694D44A8EB09084B44B0
:200E600063616CE70122E2E70522E0E703794FEA58222830A3EB0903934228BF13462A46DB
:200E80004FEA432917F0EAFFE3E7844BD3F83832002B7FF45DAF384603B0BDE8F08FC46BC1
:200EA000002C00F0F98094F83330990721D51A0718D4B94604F1180A4FF0010BD4E900638A
:200EC000B9F1000F1CD1D4E90212B1429A4180F0DC80C4E9026394F8333063F07F0384F8AF
:200EE0003330D8E7D4E90423204618F071FA0028DFD194F8323043F0010384F8323036E71B
:200F0000206AA169D0F838341E40C6F3080826BB002957D094F833305B064CD590F845046F
:200F2000D4E902320930013BC0B242F1FF32C0F1200EA0F1200CC34002FA0EFE22FA0CFCAA
:200F4000E26943EA0E0343EA0C0313448B422FD8204618F0C9FA0028CBD0206A4FEA562C68
:200F6000A16990F845240239D0F82C34914001EB56211944B8F1000F30D1B9F5007F2DD39C
:200F8000B9F5806F71D2D0F81C322A46994202BF4FF0FF3380F81082C0F81C32D0F81402F0
:200FA00003685B6A98470028A3D04FF4007641E00131A161D1E7524618F08CF8002898DB02
:200FC000C6D0CAE7E3693BB9204618F08DFA00288FD0A369E361C0E7A361BEE7C8F500763B
:200FE0004E4528BF4E46B8F1000F3CD16368226900936369019323689342DDE900329341A9
:2010000031D3052200F5047017F0D4FF00283FF470AF4044B044324629462CF027FBB8F59E
:20102000007F206A06D100F5047017F05AFF00283FF45FAF3544A9EB0609D4E90032D4E9D6
:201040000401F31842F10002984291413CBF94F8331061F07F01C4E900323CBF84F833106B
:20106000C4E904322AE70122CCE70BFA02F34FEA592200F50470A3EB0C03934228BF1346DD
:201080002A465E0217F0EAFED1E7044BD3F83832002B7FF420AFFEE62746FCE6F83001206C
:2010A000183039E6103037E67047064BD3F83C3233F81020044B03EB8003D3F80C03A2EBA9
:2010C00010207047F83001200020012003790F2B0DD8074A937672B60649012203799A40BA
:2010E000B1F8403223EA0203A1F8403262B6704700800E40F830012008B5022129202DED8F
:20110000028B20F0BFFFFEF7F6FB03212920B0EE408A20F0B7FFFEF7EEFBF0EE408A052147
:20112000292020F0AFFFF0EE047A38EE680AB4EEE70AF1EE10FA05DCBDEC028BBDE8084034
:20114000FEF7D9BBBDEC028B9FED010A08BD00BF0000000037B502AB03E90600C27C0B469B
:20116000002A39D072B6C27CD10708D54FF0E0244569D4F8801129408162C4F8801195079E
:2011800008D54FF0E0248569D4F884112940C162C4F88411540708D54FF0E024C569D4F88E
:2011A000881129400163C4F88811110708D54FF0E024056AD4F88C1129404163C4F88C11FE
:2011C000D20608D54FF0E021446AD1F8902122408263C1F8902162B68268934228D01D4A0B
:2011E000836092691C49C2F30114C2F3826201EB84010132D1F80444B4FBF2F12BB38B4257
:201200000BD8B1FBF3F2B1FBF2F18B4200D20132B2F5817F03D2022A03D8002302E040F23F
:201220000112931E59080A0442EA01221343C360036800221A6103225A62C2681A64019A87
:201240001A6601221A6103B030BD9442EAD30A46DDE700BF00C00F4080030020002102464F
:20126000084610B5136914321C1E52F8103C18BF0124003B18BF01235B0043EAC40352F8FE
:20128000144C132C18BF43F0010312F8084C003C18BF012443EA84038B400431202940EAE4
:2012A0000300DFD110BD10B400F110020023064C54F823100633F02B42F8041BF8D1036812
:2012C0005DF8044B9B68184794070020012910B508BF0023054C08BFC4F85C3203689B69A3
:2012E0009847002384F8B83510BD00BFF83001200E4BD3F85C2210B49AB153F8184CD3F883
:201300000C15D3F80425611AC3F80C4540F6BA7404FB0122D3F808158A4288BF0022C3F8D3
:20132000042503685DF8044BDB691847F8300120103010B5FFF792FF08490822002391F8D6
:201340007C461831002C14BF4FF07F444FF07744013A44EA1323F2D1184010BD00012020BF
:20136000704700224FF47A71C0E901210249027301600261704700BF5C0B00200022016196
:2013800002734B6810B54FF47A740133C0E90124014A4B60026010BD5C0B0020006910B157
:2013A00003681B6B1847704710B5044600694368013B43603BB90368DB6A9847206910B157
:2013C00003685B6898470023236110BD044B10B50360044603690BB1FFF7E6FF204610BD95
:2013E0005C0B002010B50446FFF7F0FF20462EF057F8204610BD10B50446006930B10368A8
:20140000DB6A98472046BDE81040CDE710BD43688B4203DC83688B42A8BF0B4618467047F0
:2014200038B5831C00F1C2040025A34200D138BD184603F8025C162200212DF091FA034698
:201440001833F2E70F4B93F8B92530B5541C0E4D91FBF4F4AD6B2C44D3F8BC550B23434369
:20146000181935F810005AB111F0010208D00029B8BF52422244134435F81330184440100A
:2014800030BD00BFF8300120A005012000220280C0E90122C0E903227047826843680846B9
:2014A0000232023310B4034C44E904325DF8044B29F05EBBF830012070B504460D46D16833
:2014C0001646FFF7EAFFA3680F4A0233216942E90413336993B153F8250025F0E7FB63784A
:2014E0002BB133462A46D4E9021015F02AFD237843B12046BDE8704014F0E9BF284625F0B3
:20150000EDFBECE770BD00BFF830012070B504460D46D1681646FFF7C0FFA368124A023333
:20152000216942E90413336993B153F8250025F0BDFB63782BB133462A46D4E9021015F04E
:2015400000FD23787BB12046BDE8704014F0BFBF0DB90648EBE7FF2D01D10548E7E728461D
:2015600025F0BCFBE5E770BDF83001209EC10020A3C10020F7B504460D46D16816461F4617
:20158000FFF78BFFA368114A0233216942E904133369A3B153F8250025F088FB637833B1AD
:2015A00073682A460097D4E9021015F0C9FA23784BB1204603B0BDE8F04014F088BF284674
:2015C00025F08CFBEAE703B0F0BD00BFF830012073B504460E46D9681D460192FFF75DFFE7
:2015E000A368206902330C4941E90403304625F05DFB6378019A23B12B46D4E9021015F02A
:20160000A0FC23782BB1204602B0BDE8704014F05EBF02B070BD00BFF830012003780BB10B
:2016200014F055BF70478368426802330249023241E90423704700BFF83001201C4A92F892
:20164000C035032831D8DFE800F00215282C92F8C115362909D8174A02EB01121169D26989
:201660008968114214BF01200020834214BF002001207047104A92F83C1036290AD80D4ABA
:2016800002EB01121169D2698968114214BF0122002200E000229342E8E7074A92F83D106B
:2016A000EBE7054A92F83E10E7E70020704700BFF830012080030020A005012010B51AB18B
:2016C0004FF0FF33036006E0036823B1034C6143994201D9026010BD5B1AF3E7F47E1D005C
:2016E00038B504461546212230F044F984F8215038BD212230F03EB938B5437804464568DD
:20170000FF2B1DD185F0010523780122E90703F1FF3302FA03F24FEA55034CBF13439343A9
:2017200033B920F0C5F8227800F00103013A934022784FF0FF306360904023EA000038BDB7
:2017400020F0B6F8FF236278B0FBF3F3C3EB0323C01A8242D6D8D7E738B5037804460D465B
:201760008B4208D220F0A4F8237800F001009840636803436360257038BD0F2810DC0D28FC
:2017800010DC0B2810DC092810DC072810DC052810DC094B094A0328C8BF13461846704726
:2017A000074BFBE7074BF9E7074BF7E7074BF5E7074BF3E7074BF1E7A0430120E405012001
:2017C000FC050120F8050120F4050120F0050120EC050120E8050120CB0801F00701413339
:2017E000313103702D23817043700023C37070470022002317F0ECBDF7B5044617F0E8FD3C
:2018000020B194F83320930702D4002003B0F0BDE369002BFAD012F04002A16938D0206A07
:2018200090F84554D4E902260935013AEDB246F1FF36C5F1200CA5F12007EA4006FA0CFC4D
:2018400026FA07F742EA0C023A430132E9B1013B4D1C5B1A01951A442AB10023019917F039
:20186000CFFB0028D1D02046D4E90023C4E90223C4E9042394F8333063F07F0384F8333046
:2018800003B0BDE8F04017F07ABC0193E161E3E7B1B1019201AA206A17F01CFC0028B4DBE3
:2018A00007D04FF0FF32A169206A17F000FE0028ABD001990029D6D0206A17F0CAFED0E72C
:2018C0000193E161F5E70A46D0F8801400B58FB039B100236846009319F030FB0FB05DF820
:2018E00004FBD0F884040028F8D00B460C910146684618F031FFF1E7836B10B55BB1187867
:2019000010F008001EBFD8695B69C01A0028B8BF6FF0004010BDC06B0028FBD090F83130F1
:2019200013F008030ED0D0E90413D0E90024881A63EB0403B0F1004F73F1000328BF6FF07A
:201940000040E7E71846F5E7836B33B11B7813F0700F14BF012000207047C06B0028FBD06F
:2019600090F8313013F0500FF3E7F7B5846B8CB101220DF107012046D4E9045617F0C8FFF6
:20198000012814BF4FF0FF309DF80700C4E9045603B0F0BDC46B94B101220DF107012046D7
:2019A000A569D4E9006717F075FC01280CBF9DF807004FF0FF30A561C4E90067E8E74FF057
:2019C000FF30E5E7836B13B1184617F0A1BFC06B08B117F05FBC4FF0FF30704730B4856B96
:2019E000114625B143B9284630BC18F04EB8C06B10B130BC17F0ECBC002030BC7047836B1E
:201A000013B1184617F0A5BEC06B08B117F0B7BB70472DE9F74FD0F838B0174698469DF84A
:201A200030609DF834909DF838A09DF83C400191BBF1000F45D09BF800301B0740F18380C4
:201A4000A2F2BC737F2B7ED808F1FF330B2B7AD8731E1E2B77D8B9F1170F74D8BAF13B0FD6
:201A600071D83B2C6FD8584617F073FE00286AD00121584617F05EFE0546002863D03246B6
:201A80004146384617F0A0F9224607465146484617F0ABF9019B9E0706D514F001042F8246
:201AA000E88118BF64246C73019B590748BFE882DBF8080048BF2F8303B0BDE8F04F17F0E0
:201AC00066BAC56B002D3ED095F831301A073AD5A7F2BC737F2B36D808F1FF330B2B32D872
:201AE000731E1E2B2FD8B9F1170F2CD8BAF13B0F29D83B2C27D8284617F041FB18B34146D2
:201B0000324638464FF0000B17F05EF922465146804648465F4617F068F914F00104019B22
:201B2000814618BF642403F0020A00225FFA8BF1284617F0EFFA30B10278852A07D04032D8
:201B4000D2B2012A1FD9002003B0BDE8F08F95F83120296A02F03702828091F8102242F05C
:201B6000010281F81022BAF1000F04D00475A0F80890A0F80A80019B5B0742BF4475A0F80E
:201B80000C90A0F80E800BF1010B394617F078F995F830205FFA8BF307469A42C5D20122ED
:201BA00005F12401286A17F07BFA0028CBD04780286A03B0BDE8F04F17F0D6B940F8031B5D
:201BC00011448A4200D1704712F8013B00F8013FF7E72DE9F0430D46C1F1FF21002395B02A
:201BE00001F57F0155F803CB1A461C46FD314FF0010E4E19B4452DDD072A15F8016F16D117
:201C000003F1500203AF6A4402F83C4C01229C180DF15009013217F8018B59FA84F4082AA3
:201C200004F83C8CF3D108330022DBB21446370642BF0EFA02F706F07F06E41902F15007D7
:201C400002F1010248BFE4B26F44342BD2B207F8446CCED95D1C50336B44EDB203F83C4C38
:201C600003AC0023E9189A42C9B207DC05AA0190FFF7A4FF019815B0BDE8F083503114F87B
:201C8000016B0133694401F83C6CEBE710B5044625F07CF848B1064B93F8B831F02B05D13D
:201CA000236820465B689847012010BD0020FCE7F0410120314B2DE9F041164693F8BA21C9
:201CC000BEB005467D2A0F4654D193F8BB21622A50D193F8BC21B24249D1684603F5DE73A9
:201CE0000021024613F8014FF72C05D0013100F8014BC9B23C29F5D12EA8FFF75FFF0023BF
:201D0000DDF8B8800DF1BB0E19461C46184643450FDB0FAA1EA8FFF751FF1E9A1FA938469B
:201D200022EAE2722BF0A2FC01202E713EB0BDE8F0811EF8012F94B104F1FF3C40FA0CFCC9
:201D40001CF0010F01F1010C01F1F80118BF42F08002694401F8BC2C5FFA8CF10246013411
:201D60003D2904F00704D4D001331046CFE702710020DBE7002318462B71D7E7F041012098
:201D800037B502AB03E90600012311461C461A46994211D8009CD0E90035C4F12000A4F1C3
:201DA0002001E34005FA00F025FA01F103430B4303EA020003B030BD04FA03F501332A4325
:201DC000E6E730B581EAE17500230A24A5EBE1758542BCBF0633DBB2132890FBF4F206DCC3
:201DE000002902DA0BB1063BDBB2184630BD1046EEE72DE9F843064629F06FFD80460F46A1
:201E0000701C29F067FD0C468146B01C29F062FD02462302F01C090443EA196341EA1241AF
:201E200015040B4345EA092543EA070429F052FD090645EA080541EA102145EA0065301DB6
:201E40000C4329F04AFD0443701D29F043FD44EA0024B01D29F03EFD44EA0044F01D29F09B
:201E60003CFD0146284644EA0161BDE8F883F0B50371C3F30724C3F30747C2F30746150EA1
:201E800012F47F4F4FEA1363C2F3072102808670C57044718771C37116D011F0E00F13D19A
:201EA0004B1E172B58D8DFE803F00C1B1E2124272D30332A2A2A4548544B4E512A36393C2E
:201EC0003F424FF40053038006F01F0605F01F058670C570002C41D10FB97F238371F0BDC0
:201EE00042F20103EFE742F20203ECE742F20303E9E742F20403E6E742F20503E3E74FF46D
:201F00008043E0E74FF4C043DDE746F20103DAE746F20203D7E746F20303D4E746F20603FB
:201F2000D1E746F20703CEE746F20803CBE746F20903C8E74FF40043C5E748F20103C2E7F1
:201F400048F20203BFE748F20303BCE748F20403B9E7A0234370B7E70023FBE7BC4288BF7A
:201F60008471BCE770B50024034602467F262146C4F34205013451701232202C02F8121C37
:201F800002F80E1C22F8041C22F8021C02F80D1C02F80C6C02F80F5CEAD100217F240A46E2
:201FA00083F84312013183F841221233202983F82E2283F83222A3F83C22A3F83E2283F8AA
:201FC000332283F83442EBD180F8AB2470BDF8B506780546154A002306F0E00712F8010BA0
:201FE000B84201D00133F9E7012918BF4FF0FF3119444B1C18D0062908BF05210C4B06F07D
:202000001F060B4493F8A048204628F0F3FD01388642D4BF34430443E4B22C7004F0E0040F
:20202000E01B18BF0120F8BD0021E7E7200C002080030020704738B5046841F2BB039C423B
:2020400027D8154D95F8DB320BB920F06EF8A2083F2304F00304FF20B2FBF3F3C3EB831150
:2020600044EA8304521A05EB420502F5C021B5F8DC2201F5F86152000B0302EB01329A42DA
:2020800000D838BD33F8021BCDB2AC4208BF080AF5E7FF20F5E700BFF0410120F7B5054606
:2020A0000C468E18B44201D103B0F0BD14F8017B01A80195FFF7BFFF874203D039462846FC
:2020C00020F0ECF80135EDE773B58D180C46461AAC4204EB060301D102B070BD01A80193AF
:2020E000FFF7A9FF04F8010BF2E72DE9F04FA04DC1B032209F4E21F08DFA40F2EE27D5F8C3
:202100005C4325F032FE002800F01E812FF044FFA0B140F6B73425F028FE18B9D5F85C33E8
:20212000A342F8D9944901F110002FF0E9FE92481FF0DEF940F2DC5021F06CFA2FF01CFF35
:202140008E4816F071FD95F800318D4C1BB104F1C40016F069FD4FF0E0228A4EDFF814A207
:20216000D2F8FC3D43F08073C2F8FC3D336843F00103336014F010FC2FF012FF9AF8643276
:202180004BB381497C48FEF7A8FD804B0322804F7F49C3F83C217F4B78481A46CDE908735F
:2021A000FEF7D8FF7C4A7D49136E03F0784343F4002343F01F0313667068236BB3FBF1F378
:2021C0000A214B437168091A8B42FBD8744B0520536621F01FFADFF8E0B19BF8C035002BC8
:2021E00000F0C1806F4E4FF40068012109201FF049FF01210820C6F884801FF043FF4FF404
:20220000803302210C20C6F888301FF03BFF40F28A2021F0FFF95B49C6F888806422486878
:20222000236B1B0C534343F69A32B3FBF2F34A68121A9342FBD84FF48061524A4FF0190C11
:2022400043F69A3E57484FF48036D2F80480236B1B0C0CFB03F3B3FBFEF3D2F80490A9EB44
:2022600008094B45F9D8C0F88460D2F80480236B1B0C0CFB03F3B3FBFEF3D2F80490A9EBBF
:2022800008094B45F9D80139C0F88860DDD1052021F0C0F9D5F85C13424840F2ED22836863
:2022A0009E0704D4D5F85C335B1A9342F7D9354964224868236B1B0C534343F69A32B3FB79
:2022C000F2F34A68121A9342FBD8364B4FF40062C3F88420344E4FF0FF382FF045FEE022B2
:2022E000002106F50460C6F83C882CF039FBE02208A90020C6F84488FFF7E6FEDFF8BC8042
:20230000089B43455CD1BDF82830D42B58D1BDF82A9008A814F097F9814551D1D6F844384B
:20232000099A9A4201D201334AD10023E02208A91E48C6F83C382BF099F9D4221C491D4821
:202340002BF094F9012345E0D5F85C3396F85C231B1B32B1B3F5FA6F3FF6D8AE20F06CFFC3
:20236000CFE6BB42F8E74FF4C87021F053F9B1E7F041012000200120000601201406012067
:20238000A0050120001000E0BFC1002000801F4000366E010700004000003A4040420F0011
:2023A000010000080040004200002020400820204C08202050450120F8300120014C414366
:2023C000D6F83C380133B8D1D423C6F84088A6F84838002385F83434B5F820341BB94FF443
:2023E0007053A5F8203495F82C3413B9192385F82C3495F83534CBBBBF4ADFEDC07A92ED4D
:20240000007AD5F82824B4EEE77A12F0080200F0A983F1EE10FAC0F283830F2284F83E3042
:20242000012384F814210E2284F83D30172384F815211C2284F83C30162384F816211D2271
:2024400084F817211E2284F829201F2284F82A20182284F81821242284F82B20252284F8FD
:202460002C20192284F819218BF8C135A44AD4F83081936BA34E23F47C0343F480239363E6
:20248000D8F80020D8F8041013680B4313600222D4F82C311A6124F0CFFB94F834319A4AB1
:2024A00008EB0310017A06EB01118F693A604A69C168116002690AB14369136094F83511A2
:2024C000914A08EB011090F8283006EB03139F695B693A60C26A1A60036B0BB1426B1A60D9
:2024E00024F0AAFBD5F82834180711D5A769DAF82C33CAF82C736769616AD4E90720E7618C
:2025000027692762E768C4E905236762C4E903107E4B7F4ACBF83C3208237E49013B42F8CA
:20252000041BFBD14FF008097B4B7A4AB9F1010943F8042BFAD19BF8C035002B00F0618366
:20254000FDF730FA754AD5F82834CBF8BC251907734AC5F8B42111D5E76DD5F8B031C5F8BD
:20256000B071A76DE16CE365D4E911206764676DA764276DC4E91502C4E91371012194F8C2
:202580005C021FF0AFFD0A2021F044F894F85D02012100901FF0A6FD012100981FF052FD44
:2025A000002180225F48CAF868122CF0D9F99AF864321BB95C4B0322C3F83C219BF8C0351F
:2025C00033B1594B1422C3F84021584AC3F83023574900234FF6FF7282F31002013341F804
:2025E000042B082BFAD1FCF70FFF95F824344FF40062002184F84030D5F8283403F00403F3
:20260000002B14BFA023A12384F86A3214BFC023C82384F86B32474B18462CF0A1F900F5C8
:20262000806300F624270121C7F8E0310023C7F8DC0194F87702C7F8E831C7F8E43187F895
:20264000EC3187F8ED311FF04DFD94F87852012128461FF047FD012194F879021FF042FDB7
:20266000362D05D806EB05152B69EA69C3F88420012020F0CFFF94F87832362B05D806EB65
:2026800003131A69DB69C2F888300A2020F0C2FF94F87832362B05D806EB03121169D269C1
:2026A000C1F8842094F87722362A05D806EB02121169D269C1F8842094F87922362A05D8E0
:2026C00006EB02121169D269C1F88820362B05D806EB03131A69DB69C2F88830142020F01D
:2026E00099FF94F87832362B26D806EB03131A69DB69C2F884301FE028460120CDCC4C3DC1
:2027000000C00F408003002061F8010000460120EC22012000AA0A000C230120504501205D
:202720007C0720206C22012000801F40C000010044220120D4360120142020F06BFF94F89B
:202740007742362C05D806EB04131A69DB69C2F888301921D34814F09BFF362C05D806EB1D
:2027600004142369E269C3F88420CF49CF4E4868CF4B326BB2FBF3F24B681B1A9A42FBD846
:20278000CC4C4FF47C51DFF874B394F80001CA4A002800F03982C94B002098615961032194
:2027A0009965CBF8C8204FF0E0230422C4493020C3F8842281F82200C3F8042114F0AEFF1E
:2027C000DFF83C830023C8F8D435C8F8D835D7F8E421D7F8E8319B1A0233F8D0D7F8E43158
:2027E00003F0010303F5407308EB8303D3F8DC050028ECD04FF0000A24F00DFFB14D48F887
:2028000014AC25F0B9F946F2A813D4F83C24C5F86CA3C5F87033D207D4F85C33C5F87C3445
:2028200096F828301CD496F81421C4F85034C4F8402496F81621C4F8442496F81921C4F832
:20284000482496F81821C4F84C2496F81521C4F8542496F81721C4F858240122C4F83C24E4
:20286000FF2BDFF8A0A20CBF042307230093964B53F8040B022109F101090AF1080AC0B285
:202880000193CAF800001FF02DFC009BFF229945019B8AF80420EBD14FF000091022002177
:2028A0008A482CF05DF84FF6FF7A022196F82900C5F8C893A5F8CC9385F8CE931FF012FC2E
:2028C000022196F82A001FF00DFC022196F82B00A5F8DCA3A5F8D093C5E9F5991FF002FCC4
:2028E000022196F82C001FF0FDFBD4F82834C5F87894494603F00102C3F34003A5F8ECA359
:2029000085F8E133C5F8749485F8D1232022704885F8E093C5F87094C5F87C94DFF8E8A118
:20292000C5E9F999C4E950992CF01AF82022494668482CF015F82022494667482CF010F845
:20294000664BC4F8A89102A9C3F8049008A8644BCDF808A0049329F03AF940F29F5208A954
:2029600060481EF027FA08A829F037F902A829F034F950215B48FCF713FD042020F04AFE04
:20298000F36905EB8303D3F8EC22D5F82C33120A05EB8303D3F8EC12736A090A05EB83039F
:2029A000D3F8EC02336A05EB8303D3F8EC321B0A03EB102301FB02330BB1C4F85C344A4B4E
:2029C00002A908A8CDF808A0049329F000F908A945F6BF5245481EF0EDF908A829F0FDF84A
:2029E00002A829F0FAF880214048FCF7D9FCD7F8E421D7F8E8319B1A0233F8D0D7F8E431DF
:202A000003F0010303F5407308EB8303D3F8DC050028ECD024F0FFFD01261C23344848E9E8
:202A20000463002628F0A4F848F8146C25F0A4F894F860344BB3324647F612212D481BF05E
:202A400071FED4F8B834324647F6122118680368DB6998474FF6FF73A4F8BC64C4F8CC342A
:202A6000C4F8D034D4F85C3384F8BE64C4F864350323C4F8C864C4F8C46484F85C65C4F85D
:202A8000D864C4F8606584F8D4341B4B40264FF480314FF480574FF4005C4FF4404E43F276
:202AA000420933E0FE070120001000E0A005012040420F00F0410120F979010000C039404D
:202AC00000E400E00020012030460120AC230120384301205843012078430120984301203A
:202AE0004D0200001C0801202100000024080120D3C100202C08012000800D4000180120C5
:202B0000F83001206C230120280C00201A6A900740F18B80C3F828E05962C3F82890F5E744
:202B2000042284F83E30012384F81421052284F83D30022384F81621162284F83C30032382
:202B400084F82A20152284F82920172284F81821102284F82C200F2284F82B200E2284F827
:202B6000192181E4F1EE10FA29DB1D238BF8C12584F814311C2384F815310E2384F816316A
:202B80000F2384F817311E2384F82B301F2384F82C30182384F81931242384F829302523A8
:202BA00084F82A30192384F81831012384F83C30172384F83D30162384F83E3056E405238A
:202BC0008BF8C12584F81431042384F81631162384F82B30152384F82C30172384F81931C1
:202BE000102384F829300F2384F82A300E2384F81831012384F83C30022384F83D3003238F
:202C0000DAE72FF0ADF99DE4124B9861596103219965CBF8CC204FF0E02308220E493020B9
:202C2000C3F8842281F82300C6E5900402D4C3F824C06BE7D00401D45F6267E7002ABFF6FA
:202C400065AF12F4803001D099625FE7520605D45E625BE700003A4000E400E0D14AD24EEC
:202C6000D2F8803043F00303C2F880304FF04042CE4B9A634FF440425A630522186003F547
:202C80008F130A20C3F8B4200822C3F8A422C84B5A6842F080625A604FF08062C3F884200B
:202CA00020F0B8FCD6F8403143F00203C6F84031D6F8407117F00207FAD1D4F89C35D4F8E7
:202CC0001026C4F87435BB4BC4F8B02503F13C0203F1BC09C4F89C35C4F810263A4609EBE4
:202CE000020000921DF0E8F8009A4032B2F5807FF5D1B14B00224FF001091946013241F8A9
:202D0000049B202AFAD14FF480720021AB482BF027FE0021A84B84F8901FC6F890904FF01A
:202D20000309C6F8A891C6F84811C6F85431A44BC6F84C11C6F85811C6F84031D6F8843153
:202D400043F48053C6F88431D6F85831D6F854319C4BCBF800324FF0E0234FF48032C3F87E
:202D60000C21994BC6F84831D6F8483143F01203C6F84831D6F8483143F44023C6F848312D
:202D8000924B934EC8F83832924BA6F16400C4F8943FFE2386F8693418F043F9044686F89C
:202DA00068042E2086F86A04002C00F03A82DFF88C9299F8753389F87443002B40F0428210
:202DC000D9F8F433DFF8788293B9B9F8F83308A8013BA8F8403708F54073C9F8F4337E4B9E
:202DE00008937E4B0A9328F0FCFE08A828F0F5FE99F874331BB17A497A4828F05BFA7A4B4A
:202E00000024B3F5F80F88F84449C9F8FC434CD2C3F5F803B3F5002F47D3744F7822744EF1
:202E200021463846C9F8FC632BF09AFD1C22214607F1A8002BF094FD6E4B4FF4803207F144
:202E40007801C8F8C43938466B4BC8F8DC290822C8F8C839694BC8F8E0294FF44872C8F81E
:202E6000CC39674BC8F8C069C8F8D0398023C8F8E429C8F8D439C8F8D839C8F8E839C8F83A
:202E8000EC39FF23C8F8FC39012388F844391AF02FFBA04207F17801C0F221820123594933
:202EA000594888F8453928F005FA584E584CD6F85C33584F0093B5F8C83313F0040F14BFEA
:202EC0004FF0030A4FF0010A13F0080F03F0030318BF4FF0020A01934F49D1F8E421D1F864
:202EE000E8319B1A0233F7D0D1F8E43103F0010303F5407304EB8303D3F8DC050028EBD084
:202F000024F089FB4FF0020B12F0DBFF434A444B97F86502002814BF1046184627F028FEF3
:202F20001123404844E904B327F022FEBAF1030F05D10C2380220F21584627F0F1FC022260
:202F40001D23394844E9042327F012FEBAF1020F05D10C2380221B21504627F0E1FC2923C0
:202F60004FF0020B44E904B3019B032B07D12F4827F0FEFD352344F810BC44F80C3C2C489E
:202F800027F0F6FD2B4827F0F3FD2B4827F0F0FDDFF8B0E00DF1200CBEE80F00ACE80F004D
:202FA000009A51E000C00F4000022E4000A00D4000800042644701200050012080500120EA
:202FC000158B01007130020004000003B7A30100F0510120A1B50100380C0020995C020037
:202FE000E9C100208851012000480500E80E012000007460ADA60100B1A70100D1A70100AF
:20300000411E0000F1C10020E00E0120F0410120F830012000200120F8400120A7C10020B3
:20302000B7C10020FEC100200FC2002020C2002033C200209CBE00203EF60020E8520120E8
:20304000A0050120480C0020D6F85C339EE803009B1A32228CE80300B3FBF2F102FB1133FE
:2030600043B91EF025FC0623B0FBF3F202FB1300C9F800044FF0000BD9F8003440AA5846C0
:203080000BF1080B02EB83033821082253F8E03C27F034FABBF1800FEED1009B3821D6F8C3
:2030A0005C230020D21A4FF4FA63D201B2FBF3F2D2B20823802AC8BFC2F5807227F030FCB4
:2030C00027F0F3F8D7F87024D7F874349A4240F014814FF0000B44F814BC24F04DFDD6F8F1
:2030E0005C33009A9B1AB3F5FA6FFFF4E4AEB7F8C833BAF1030F4FF47A728948A7F8CA3359
:2031000008BF012596F82C3418BF88F80CAA02FB03F3DFF8389212BFCDF800B088F80C5A07
:2031200000959342DFF828A238BF1346DFF824B2C7F87033D6F85C33C7F87C3424F0A4F8A9
:20314000019B80F00100032B5FFA80F80CBF012040462EF0E1FED6F85C330193D9F8E4212D
:20316000D9F8E8319B1A0233F8D0D9F8E43103F0010303F5407304EB8303D3F8DC050028E2
:20318000ECD024F048FA1C2527F08FF816234A221B20194627F038F9172244E90452B8F152
:2031A000000F00F0AE805F4827F0E2FC21235E4844F8105C44F80C3C27F0DAFCD7F87024E0
:2031C000D7F874349A4240F0A680002344F8143C24F0D2FC052020F01DFAD6F85C33019A71
:2031E0009B1AB3F57A7FB9D3B7F8C833A7F8CA33009B73B1D6F8283443F00043C6F828342E
:203200004A4BD3F850329A88C6F83C31484BA3F808210121D6F83C0141B0BDE8F04FFEF731
:2032200055B849461EF02EFF4249434B4868434A1B6BB3FBF2F303EB83034A68121A934221
:20324000FBD8B4E599F87633002B3FF4B9AD72B600243B4B702209F560702146A9F87C430B
:20326000C9F878332BF07CFB214601244A0901F01F03013109EB820204FA03F3FC29D2F8D1
:20328000800343EA0003C2F88033EFD12C4B5F80013703F58273FC2FF9D199F8F063E6B95B
:2032A00008202CF0F5F88023044602A90371254B066008A80493CDF808A028F088FC4FF666
:2032C000FF1208A920461DF075FD08A828F085FC02A828F082FC1DF0F7FC62B670E53846D3
:2032E0001AF07FFE0028FFF6E0AD174938461AF0FFF80028BFF6D2ADD7E502A824F09AF955
:20330000E0E6504627F034FC2123584644F8105C44F80C3C50E708A824F08CF94EE700BF88
:203320003CC2002048C2002054C2002058A7012000002020001000E0A005012040420F0068
:2033400020092020FF0D0200600F0120F840012061C200206DC20020704700BF194A00237F
:2033600070B5026005465C324360486805F11804AA608A68E8602A610A7B2A758E6CC5E9ED
:20338000143376B12B83AB762C650FCE0FC40FCE0FC4336823600C4B2846AB600023AB65DE
:2033A00070BDCB6C002BF6D003F1340285F84960A5F84A606C6553F8041B934244F8041BB6
:2033C000F9D1E8E7F80D0020800E0020036D13B1586900217047436D13B1D3E900017047CC
:2033E0001846F6E7036D13B1D86900217047436D13B1D3E9040170471846F6E7036D23B9D2
:20340000406D003818BF01207047012070470148704700BF08C4002000487047700E0020F8
:20342000F0B5124D95F965202A3535F8280CD11740EA4220490241EAD251102215F9013F28
:20344000A2F12007C2F120062033DC1703FA07F723FA06F693409440063218433C43402A5C
:2034600044EA060441EA0401E8D1F0BD303201204FF492707047094B012283F8462083F82C
:203480008E2083F8D62083F81E2183F8662183F8AE2183F8F62183F83E22704700200120A2
:2034A000A0F1B000E7E708B513F098FE4068002808BF0C2008BD002070478022002100F590
:2034C000A0702BF04DBAD1E90030C01A7047D1E90030C01A704740687047008A7047012300
:2034E00080F870307047022300F26C4280F86C34032380F86D34012380F86E34042380F804
:203500006F34072380F87034062380F87134052380F87234092380F87334082380F87434A0
:203520000A2380F875340B2380F87634436A022B15D0032B25D0012B05BF0C230E2100F2CB
:20354000774380F8773401BF0D2380F8791480F8783400F27A439B1AC0F8683470470F23D4
:20356000132180F87734102380F87B1480F87834112380F87934122380F87A3400F27C4331
:20358000E9E714231A2180F87734152380F87D1480F87834162380F87934172380F87A34A3
:2035A000182380F87B34192380F87C3400F27E43D1E71A2070472DE9F047074686B00C46C7
:2035C00090F804C0054601AE0CEB440ECCF101084FEA44094FF0030A5FFA88F80FCF0FC638
:2035E0003B6801461C4F3360002307EB0E1E0EF1040ECA1806A8B2FBFAF606EB4606921B7A
:20360000023200EB82025EF82300013352F8146C032B064442F8146CEBD109EB0C002E462E
:203620008DF8088000013A5801AF1144B1FBF3F303EB4303C91A01910FCF0FC63B683360C1
:203640003CB12B790BB944F080046B6A44EA03246C6206B0BDE8F087301001202520704736
:203660006A20704710B504694CB104F12C0204F10801806819F0A0F908B9A080A06210BD7F
:2036800010B50446806D18B12BF00AFF0023A365236D0BB9636D2BB104F11800BDE8104014
:2036A00016F0B1B810BD38B5074D044605F1080390350360FFF7E4FF04F11800A56016F029
:2036C000A2F8204638BD00BFF00D002010B50446FFF7E9FF20462BF0E3FE204610BD18304F
:2036E000FEF743B91830FEF707B91830FEF787B91830FEF767B937B5046D1146002C37D01B
:2037000013B1002003B030BD204616F0BEF90028F7D0A3789B07F4D5236A002BF2D0216989
:2037200019B3002301AAA068019316F092F80028E7DB07D06FF070422169A06816F001FA5E
:203740000028DED0019921B1A06816F0F3FA0028D7D063692046E361A37863F07F03A370E4
:2037600003B0BDE8304015F0F4BF01932162E9E7406D0028C5D003B0BDE83040FEF73CB8C7
:2037800030B40446029811461D4620B904F1180030BCFEF723B901280ED1236D04F118005F
:2037A00013B15A69002303E0636D93B1D3E900238A1843EB0503EBE702280CD1236D04F153
:2037C00018000BB1DA69EDE7636D13B1D3E90423EEE71A46ECE7002030BC70472DE9F04F67
:2037E000D0F858A006462DED028B8DB0BAF1000F1AD14FF480702BF04BFE0546B065002815
:2038000000F0FE80346D80F800A0002C00F0A380CDF80CA02778002F3FD0E378BBBB17F01C
:20382000600707D02F230380B06D0DB0BDEC028BBDE8F08F3946204615F07CFF68B301467A
:203840003A460824082A0B780BD1202B1CD010242E23FF2FBC4620D0013705F80C30FFB22D
:203860000FE0A3F1410C0131BCF1190F07D890F80CC014EA0C0FECD02033DBB2E9E7202B6E
:20388000E7D101320C2ADDD10023EB55CCE7214603A815F00CFB002855D100232B70C3E76F
:2038A000A18803A8A1EB080189B216F03EF981460028F2D0C17A0F29EFD1017801F01F01B9
:2038C0005945EAD14FF0000B5FFA8BF1484623F00CFEBAF1000F26D000F5105189B2B1F5DE
:2038E000806FDAD2484BC0F3090003EA8A22104300F58030394618EE102A16F011FC07462E
:203900000028CAD04FF0000A0BF1010BBBF10D0FDAD108F101081FFA88F85FFA88FBE17851
:203920005945BDD207E000F5205292B2B2F5006F04D30028DED100233B7075E7B2F5806F44
:20394000ABD28246E0E705F1FF032F464FF0010808EE103AE1E7D6F854A0BAF1000F3FF4EF
:2039600063AF9AF83130002B97D080464FF002099AF830304B4539D300224946504615F0C6
:20398000C9FB002889D00378C12B86D1074600F11E0B05F1FF0237F8020FFCB100F5105183
:2039A00089B2B1F5806FBFF478AF174BC0F3090003EA8424204300F580304146019216F082
:2039C000AFFB804600283FF468AF0024019A5F45E1D109F101095FFA89F9C9E700F52051FB
:2039E00089B2B1F5006F05D30028E6D1002388F8003019E7B1F5806FBFF44FAF0446E6E790
:203A0000024BB36510E700BF00FC0F00B4E801201830FDF799BF10B504461830FDF794FF51
:203A200050B1206D10B1002116F02FF8606D18B1BDE81040FDF7DCBE10BD026D10B50C467D
:203A400088B00AB36946104615F0C2FEF8B1BDF81030BDF80E2053EA020117D002F01F01ED
:203A6000012049002170C2F34511D20A6170A27003F01F022271C3F343125B0A013A03F537
:203A8000EA636271A37102E0436D13B9002008B010BD03F12401186A15F002FB0028F5D065
:203AA00043890289D7E7026D10B50C4688B00AB36946104615F08CFEF8B1BDF81830BDF887
:203AC000162053EA020117D002F01F01012049002170C2F34511D20A6170A27003F01F029E
:203AE0002271C3F343125B0A013A03F5EA636271A37102E0436D13B9002008B010BD03F165
:203B00002401186A15F0CCFA0028F5D0C3898289D7E71FB58A79A2F150031B0612D40C78E9
:203B200002F26C724B79183003944C7801330294DBB28C780194097900910221FDF769FFCA
:203B400004B010BD0020FBE71FB58A79A2F150031B0612D40C7802F26C724B791830039425
:203B60004C7801330294DBB28C780194097900910421FDF74EFF04B010BD0020FBE70A4645
:203B8000D0F8841400B58FB061B1002368460093012317F0D3F910B1684616F03AF90FB0FD
:203BA0005DF804FBD0F888040028F8D00C9101230146684616F0D0FD08B90020EFE768467F
:203BC00015F074FD0028F8D0E9E72DE9F04F04239D4D8BB0044695F82C9C037395F8A88440
:203BE0009A4EB8F1000F04D00023C14685F8A834F37295F8A93483B10027384685F8A9748C
:203C0000F77224F0D5FB924A0220924B126883F86070C3F8102126F0D9FF95F8AA344BB176
:203C2000002385F8AA3424F0F7FB01230220F37226F0CCFF737A83B1B9F1000F0DD000209D
:203C400024F0B6FB834B0022022083F86020804A1268C3F8102126F0B9FF27F021F90190D2
:203C6000002800F07A817C4B1F68B8F1000F00F0F9800023C846F3720225FBE0DCF8003026
:203C80003EDD029800FB03FA0498BAFBF1FA8244039888B1BEF1080F0ED0002B03F0010BD3
:203CA000B8BFCBF1000BBBF1010F05D19942C2BF0598B0FBF1FBDA4457452CBF4FF0010AB5
:203CC0004FF0000A86F800A007D25AB9DCF800208A42D4BF0022012205E00133012BCCF8F0
:203CE0000030F2D1019AB9F1000F00F0DD80DCF800308B42D4BF4FF000094FF00109D3E088
:203D0000002B02980CBF4FF0000A824604988244574512D30133C1F1010193FBF1FBCCF8F9
:203D2000003001FB1B33591E4B424B41337012B1B9F1000F0FD1019A05E04FF00003337015
:203D4000002AF5D191463378002B00F0AD800123CCF80030A8E057454A4634BF4FF00009A2
:203D60004FF00109EFE7D6F89020D6F880309A4200F0C680DFF8E890D6F88000D6F89030EB
:203D8000834200F0BD8083680BB929F04AFBC3689847484612F0A6FAEEE7317B081D56F8F6
:203DA0002030002B3CD0002D3AD0FB1A2B4A05FB03FC944584BF0022C6E90422C1F10502F0
:203DC00056F8222062B35BB356F820000344B0699B1A224A5B086B43934228BF13460F2BE1
:203DE00038BF0F23B2FBF3F2B3FBF5F592B273604FEA650C328072803A1AB2EB650FC8BF1F
:203E0000D21A82EAE273A3EBE2739C4506DD042B04DD002A0BDD013A0244B261012373738E
:203E200081F001013173043146F821707FE018BF0132F1E71A68002A00F09C80013A1A60B9
:203E400098E00023C4E000BFA0240120303201204C4501206C230120E030012040420F00D8
:203E6000A832012096F80B80B8F1000F3FF404AFB56EC846B369DDF80490049373680293D3
:203E8000029A96F964305B4E5A430393642306F1180CB2FBF3F300220593964696F90B1012
:203EA00000297FF4EBAE31700EF1010E01360CF1040CBEF10B0FF1D14F4EB9F1000F1CD00D
:203EC000F36906F12A0106F138004FF0010C0133F3614A4B1B68B361002311F901EFBEF169
:203EE000000FC8BF40F823C001330B2BF5D196F86C3083F0010386F86C30002A7FF433AFA7
:203F0000B8F1000F7FF449AF737B83B17DB1337B043356F823207368BA1A5B00B3FBF5F318
:203F20009A4204D924F078FA012024F041FA26F0B7FF90B1F37A83B196F828306BB10023FF
:203F40002F4806A9CDE906332E4B09932E4B089327F005FF06A8FCF779FC2C4904F1140371
:203F600004F134004FF4FA7511F8012F002A3FF461AF1D6004338342F6D11F4D95F829302E
:203F800023B1207BAA21400023F098FF95F82A302BB1207BAA214000013023F08FFF26F0AC
:203FA0007FFF20B11A4B18684FF4C0635843237B0001184D05EB0313C3F8540826F070FF26
:203FC00000287FF43EAF124B4FF4C0621B685343227B1B0105EB0215C5F85C38636B0BB1E3
:203FE000013B6363A36B0BB1013BA3630BB0BDE8F08F00BF5032012030320120E0300120BE
:20400000B8E8012093790100417501004F320120A0050120A0240120A94AC16B13685B1ABF
:20402000B3F57A7F88BF40F6C4132DE9F04F88BF83638DB013680446C3630369232B01DD49
:2040400022F0DCFAA56B2269002D39D01723232A03FB05F5A3F6DB1395FBF3F505F1170616
:2040600005F1180514DC00212B468022084626F0CBF932463146207B26F096FF7F232A469A
:204080000021207B009527F012FE0DB0BDE8F08FC6F13F072B4680220020394626F0B4F955
:2040A0003A46207B7F230021009727F000FEC6F14002207B11460DB0BDE8F04F26F074BFA1
:2040C000232A00F3AB8018238022294628467D4F26F09AF90C2334221821284626F094F977
:2040E00007AE0FCF0FC63B682946207B3360232632233246009627F0DAFD32231722207B55
:204100001946009627F0D3FD22690021207B131F48BFD31C032A0CAA4FEAE30303F101035A
:20412000D8BF002302EB8303192253F8143C27F0EFFD1522207B114626F036FF16227F232B
:204140000021207B009227F0B2FD2369032B00F3CB8026F0A5FE03465B4D207B002B00F0F3
:204160008B805A4E95F86C2006F10803002A18BF33460122114626F025FF06F148030122DE
:204180000C21207B26F01EFF6B88642019460293FDF717FE029B00F116010122207B27F036
:2041A000A9FD2369022B74D0494826F0E1FC207B484B01224F2127F0ABFDA86E26F000FD2F
:2041C0002169CBB2232B00F3C281013B222B00F2D881DFE813F0E301EC01F001F401F4010A
:2041E000F401F401F401F401F401F4010A020A020A020A020A020A020A020A022602260251
:204200002602260226022602260226020A020A020A020A020A020A020A020A0228461723A6
:204220008022292126F0F0F828460C2334221D2126F0EAF81E222946207B0092322327F023
:2042400036FD2923207B1E2200933223194627F02EFD2946207B21221F4B27F059FD2A220B
:204260002946207B00927F2327F021FD2B22207B114626F099FE68E70122184B114626F09D
:20428000A1FE174A697A02F10803002918BF134675E701220D4B2C21207B26F093FE95F9F0
:2042A00065300A2019460293FDF78BFD029B00F134010122207B27F01DFD0A4875E700BFB0
:2042C000E0300120D00E002030320120A00E00201CC4002021C4002013C40020700E0020C4
:2042E000B00E00202ED900200B2B28DCDFF898830127DFF89893DFF898A318F9016F1EB9F9
:204300002B1D22699A4212D105F0030139EA260328BF5346207B3A464901013127F0F8FCA4
:20432000002EB8BFC6F10106304626F049FC0135082D3FF445AF042D08BF0A37DDE7132B7C
:2043400000F39380DFF84C9304F110080127D9F800A05046D9F8041005AB05F00306042DA1
:204360004FEA461608BF0A3706F1010B03C39C46BC4B0FCB8CE80F001C23BB4A6B43D25C71
:20438000002A70D00CA802F0E001B84B00EB52100392029110F81C0C83F8E000084626F0C5
:2043A00029FC039A029902F01F0CB04B6045A8BF6046802944D01BD802F0C002402A4BD1EC
:2043C000013000F0FF00092889BF0A222022B0FBF2F2303288BFD2B283F8E1200A22B0FBC7
:2043E000F2F102FB1100303083F8E200A04B09E0A029E5D0E0292FD10CABC0B203EB80001D
:2044000050F8143C3A465946207B27F081FC994B3A4606F11701207B26F0D4FD58F8043F2E
:2044200053B1207B16360823092200F00100394606EB801026F074FA0135082D89D1BFE65C
:204440008D4AC0B2E03302EB8000D0F8102112785A7020229A70D5E72A2283F8E120202234
:2044600083F8E220C2E7854BCCE71B2B1EDC844F0126A7F1080805F00301042D636B4FEA80
:20448000411108BF0A36043173B12369A3F11402AA420CBF43463B4601353246207B26F014
:2044A00091FD082DE7D18BE63B46F5E7232B25DCDFF8E4810127DFF8E49105F0030618F8A6
:2044C000013F042D4FF064004FEA4616194608BF0A370293FDF775FC711C029B3A460144E3
:2044E0000135207B27F006FC4B463A4606F11701207B27F00DFC082DDFD161E62B2B3FF73F
:204500005FAEDFF89C812D27DFF8909105F0030618F8013F042D4FF064004FEA4616194638
:2045200008BF0A370293FDF74CFC711C029B3A4601440135207B27F0DDFB4B463A4606F1EB
:204540001701207B27F0E4FB082DDFD138E6243B072B3FF69AADA1F12403002B1A46B8BFE7
:20456000A1F121020A2192104A43594203F0030301F0030102F1350258BF4B425901132345
:204580004DE0207B0A23002100F001001A4680010B300DB0BDE8F04F26F020B91323092207
:2045A000162120460DB0BDE8F04F23F046BC0D2309223421F5E70D2309226D21F1E70B1F31
:2045C000002B1A46B8BF01F1FF320A2192104A43594203F0030301F0030102F1090258BFBE
:2045E0004B4259010C230831DBE70C394B4201F0070103F0070358BF59420A2300290A468A
:20460000B8BFCA1C92105A434B4201F0030103F0030302F1090258BF594213234901013121
:20462000BFE7636B002B7FF430ADA1F11403207B002B1A46B8BFA1F111020A2192104A4346
:20464000594203F0030301F0030102F1010258BF4B4259010B4B0C310DB0BDE8F04F26F093
:20466000B1BC00BFF00E0020103101203010012010110120D00F0020F00D002093EB002031
:20468000C80E0020D80F00205A320120F5EB002011C4002027C40020632C01202ED9002099
:2046A000832C012038B5284B0446027B13F8323063BB0269EAB923F0CFFE2369012B24D1DD
:2046C000226D224892B1216C03689B1A04EB810253641F4A93421DD900232364226C032336
:2046E00092FBF3F303EB4303D21A2264036823650BE0A2F11403072B08D8164B134401222C
:2047000083F859204FF49663436338BD2046FCF7ABFAD2E7013103292164DFD1D4E9113581
:204720002B44E56C2B44B3FBF1F39342094928BF13460F2B38BF0F23B2FBF3F292B24B606D
:204740000A804A80CAE700BFD0320120E030012040420F00303201202DE9F041694C00230E
:20476000027B036414F832400365036974B919442B290B4641F28831A8BF2B2323EAE373D0
:204780000361614B43F82210BDE8F081DAB2232A16DC013A222A23D8DFE802F084927AA44C
:2047A000A4A4A4A4A4A4A4262626262626262664646464646464646D6D6D6D6D6D6D6D00C5
:2047C000243A072AE0D8514A134493F8E4270A44642AA8BF642222EAE27283F8E427D3E7A1
:2047E000BDE8F04123F038BEA3F10C041C27484E6743F55D07EB060805F01F056D180BD5E3
:204800004FF0FF314046FDF7E2FB28B1F05D00F0E00026F0EFF9451E1C236343F05C00F05A
:20482000E00026F0E7F9A84203DD002D08DA002510E001214046FDF7CAFB0028F5D0002541
:204840001C236343F05C00F0E00026F0D3F9A84200DC451E1C236343F25C22F01F022A4379
:20486000F25491E72B4A1344012283F859204FF49663436388E7284A134493F8C4270A44B9
:20488000642AA8BF642222EAE27283F8C4277BE7204A936E0B44182BA8BF182323EAE37373
:2048A000936671E71B4A53880B441C499BB2012B38BF0123B1FBF3F113805160538063E72E
:2048C000144A92F86530194449B2002908DB6329A8BF632149B282F8641082F8651053E76E
:2048E0000021F7E70E4A134493F92B200A446FF01E01182AA8BF18228A42B8BF0A4683F876
:204900002B2041E7D0320120103301207C24012010310120303201208424012040420F009D
:204920002C3201202DE9F04188B0254CCDE9002326F0B6FA88B909230146029068461A4615
:204940000393FDF71DFA1F4B80B2012838BF0120B3FBF0F320806360608007230922092186
:204960006846CDE904231A46FDF70AFA40B2002824DB6328A8BF632040B2134D4FF0060827
:2049800006AE84F864006FF01E0784F8650010246846CDE9064896E80600FDF7F1F920387E
:2049A00006341828A8BF1820B842B8BF3846402C05F8010FECD108B0BDE8F0810020DBE709
:2049C0003032012040420F005A32012008B503482DF0EEFABDE808402DF0E2BAE0E801207A
:2049E000A0F1B000F2E72DE9F0410446144D00264FF005084FF6FF7705F10800013612F047
:204A00005BFF2846A5F80080483525F8447CFBF747FF082EF0D1204604F180020023A0F890
:204A20006631103080F8553180F8583180F85431C0F8503180F85A319042F0D1BDE8F081BE
:204A400000200120002310B5C0F86C3101230446C0F87C310223C0F88C310323C0F89C31C0
:204A60000423C0F8AC310523C0F8BC310623C0F8CC310723C0F8DC3104482DF099FA2DF0C7
:204A80008FFA2046BDE81040ADE700BFE0E80120A0F1B000D6E72DE9F84FC421D0F8C430FA
:204AA000344A07464B43D418D35813B9BDE8F84F99E7314D064604F1C0084FF6FF7ADFF832
:204AC000BCB04FF0030963682846A5F804A0942BA8BF942323EAE3732B80FBF7E1FEB5F93B
:204AE0000000FEF7E0FCA368A3F5FA73A6F86631E3683F3B86F8653123693C3B5BB293FB29
:204B0000F0F286F8683172B1DBF800C0CCF100018A4203DB94456146A8BF114600FB123300
:204B2000E97086F86831636948351036C3F3C01286F85A21C3F3011203F00F03B2FBF9F190
:204B40000B2B01EB4101A8BF0B23521A86F8542105F8463C54F8183FA04525F8443CB2D1D6
:204B60003B6838465B6C9847002387F8D430BDE8F88F00BF24E9012000200120A0050120A8
:204B80002DE9F04F074687B00024DFF84882894E22F0FCF8054620B9874E8146DFF81CA245
:204BA00038E098F8005096F88023F02D96F88133EED096F882138DF80D5005F0EF058DF83C
:204BC0000C108DF80E208DF80F3003997B48FBF7EDF9802D08BF0124DAE796F8568096F8BF
:204BE0005720B8F1F00F96F8583013D096F8551050468DF8118008F0EF088DF810108DF8E5
:204C00001220B8F1800F08BF5C468DF813300499FBF7CCF9304622F097F983460028DCD1EF
:204C200006F58A56B9F1000F7CD0DFF8ACA1DFF88C9123F090F90646002876D1002C40F0C9
:204C40008780DFF898913C4607F1E0085C4EA9F6C33A5C48FEF7B9FF94F8643119F801BF62
:204C600013B1BBF1000F03D094F8682184F86921BAF80C201AB14FF0000284F86921022BAA
:204C80004FEAC503019302D1BBF1000F1CD04E4BEA00981826F0B0F894F86A3101461BB1DA
:204CA00015B1D4F85031194436F9082C94F96931042A6AD101EBC31316F9052C4FF4C0612B
:204CC00001FB0233C4F86031D7F8C830D4F8602103EB83030433DBB207EB83031B693BB91A
:204CE00042F21071B4F966310B44534393FBF1F294F96531E9001344344A1B015350BBF119
:204D0000000F51D04FF4FA73C8F800300135103408F104084836082D0AF1120A9CD107B056
:204D2000BDE8F08F4FF0010974E79AF87580B8F1F00F3FF47EAFDAF8741008F0EF08484649
:204D40000591B8F1800F08BF3446FBF72FF970E7DFF8688008261E4C4FF00109DFF880A03C
:204D6000B8F80C206AB1514604F10800FBF777FD013E84F8469008F1120804F14804EFD19D
:204D80005FE72046FBF78CFDF2E716F9062C3046D20113F0CBFA16F9053C4FF4C06202FB0F
:204DA0000300C4F860018FE7D8F80030002BADD0013BA9E7B4E8012020AA0120A02401205C
:204DC0000820012038EC0120F0310120E42C012000200120A8430120544601206330012016
:204DE00028A42060A0F1B000CAE6F8B50C46084E0025084F01353046234631223946C436C4
:204E000013F029FE042DF5D1D4E90030C01AF8BD24E90120E00F002010B50C460B461B2213
:204E20000349B43013F017FED4E90030C01A10BD7814002010B50C460B46252203490448A3
:204E400013F009FED4E90030C01A10BD001700208CEC01202DE9F04105460C460A4F002681
:204E6000DFF8288001363846234631224146C43713F066FE042EF5D12846FFF70CFED4E936
:204E80000030C01ABDE8F08124E90120E00F002010B50C4600220C4904F5C670FCF720FCE9
:204EA00004F5D77000220949FCF71AFC04F5E87000220749FCF714FC04F5F970002205499D
:204EC000BDE81040FCF70CBC30C400207AEF002070E2002099EF002010B50C46364920466F
:204EE000FCF707FC04F121003449FCF702FC04F142003349FCF7FDFB04F163003149FCF7D5
:204F0000F8FB04F184003049FCF7F3FB04F1A5002E49FCF7EEFB04F1C6002D49FCF7E9FBD6
:204F200004F1E7002B49FCF7E4FB04F584702A49FCF7DFFB04F229102849FCF7DAFB04F5C1
:204F4000A5702749FCF7D5FB04F26B102549FCF7D0FB04F5C67000222349FCF7C1FB04F507
:204F6000D77000222149FCF7BBFB04F5E87000221F49FCF7B5FB04F5F97000221D49FCF75A
:204F8000AFFB04F5057000221B49FCF7A9FB04F2362000221949FCF7A3FB04F516700022DA
:204FA0001749FCF79DFB04F27A2000221549BDE81040FCF795BB00BF35C400203DC40020C5
:204FC00045C400204DC4002055C400205CC4002063C400206AC4002071C4002078C40020B8
:204FE0007FC4002086C400208DC4002091C4002095C4002099C400209DC40020A1C4002002
:20500000A5C40020A9C4002010B50C462C492046FCF76FFB04F121002A49FCF76AFB04F155
:2050200042002949FCF765FB04F163002749FCF760FB04F184002649FCF75BFB04F1A50088
:205040002449FCF756FB04F1C6002349FCF751FB04F1E7002149FCF74CFB04F5C670002268
:205060001F49FCF73DFB04F5D77000221D49FCF737FB04F5E87000221B49FCF731FB04F5C1
:20508000F97000221949FCF72BFB04F5057000221749FCF725FB04F2362000221549FCF748
:2050A0001FFB04F5167000221349FCF719FB04F27A2000221149BDE81040FCF711BB00BF53
:2050C000ADC40020B5C40020BDC40020C5C40020CDC40020DBC40020E0C40020E5C400205F
:2050E000EDC40020F3C40020F9C40020FFC4002005C500200BC5002011C5002017C500207C
:20510000A0F1B0002CF00CBF012021F083BB002021F080BB2DE9F843BA4E04460D464B88C2
:20512000D6F89884B8F1000F00F0C280B3F5007FB1F9047096F8A44415D0B34B04EBC40446
:20514000B84433F9340012F049F8B8F1000F436807DD03334345A8BF4346C6F89834BDE88C
:20516000F8830123F9E7B8F1010F17D14822A64904EBC40002FB04F301EBC000CB5A3B44BF
:205180001BB2942B08DC002BB8BF942362438B52BDE8F843FBF784BB0023F7E7B8F1020FF8
:2051A00040D19A4A1368002B994B09DA14604821954A01FB042291781970D178954A117074
:2051C0001A783A44D1B252B20B2A1A700BDD9148914C90F900202468A242BFBF013202709F
:2051E000A1F10C021A7093F90020002A0CDA8A48884C006894F9001040428142C1BF01F167
:20520000FF310C3221701A7093F90020002A05DA00221A70BDE8F843FBF74EBC0B2AF9DDBD
:205220000B22F6E74823784E04EBC405B8F1030F04FB03F306EBC50506EB0302B2F80490DC
:2052400024D1F05E11F0CAFF4FF6FF724368002F02FA03F26FEA020291B202EA09020FDA40
:205260003B44784242FA00F09A4040EA02039BB2482263EA010302FB04629380284687E766
:20528000DB1B42FA03F3BA401343F0E7A8F104080123002F03FA08F39BB2CCBF49EA0309B8
:2052A00029EA0309482303FB0466A6F80490E5E7B3F5807F08D190F8DD30B1F904109BB1DF
:2052C00006F56170FFF748FA6B88B3F5007F7FF446AF94F8DD30B5F90410002B4DD04F480E
:2052E000BDE8F843FFF738BAD0F8D03073B10029CCBF0122002280F8CC207FF730AF052B18
:205300007FF42DAF0423C4F8D03028E70122D0F8C83080F8D42090F8CC209AB948203A4A4A
:2053200000FB0322D37819443B4B1B6849B25842D170814201DAD07011E799427FF70FAFE1
:20534000D3700CE703EB83020432D2B200EB82021269002A7FF403AF00EB0313B3F966217D
:2053600011442F4AB1F5FA7FA8BF4FF4FA719142B8BF1146A3F86611F1E6D4F8D02094F859
:20538000CC3052B11144002905DDC3F105038B42A8BF0B46B7E70123B5E7012284F8D4207C
:2053A000D4F8C8201601002B3CD1A31993F96851154B0D4448214A43985E9F18FEF773F835
:2053C0003C2D29466FF03B03A8BF3C219942B8BF194691FBF0F26AB1FB780F4D13442D689F
:2053E0005BB2C5F1000CFB70634507DA87F803C000FB1211264486F86811B0E6AB42C8BF1F
:20540000FD70F5E7B4E8012000200120A40501204122012040220120A005012038EC012069
:205420000CFEFFFF344494F9653119446FF03E034029A8BF40219942B8BF194684F86511F8
:205440008DE62DE9F8430022466801F10E0501F18E048046360213461146A5F110094FEA99
:20546000011C39F8020F0131ACF12007CCF1200E042900FA07F720FA0EFE00FA0CF047EA7A
:205480000E0742EA000243EA070307D1B0B2771C11F078FF00223E46134611464D45DED1B6
:2054A0001035AC42D9D10123034888F80030BDE8F84325F099BE00BFC2C500202DE9F04FE9
:2054C000D0F8CC3087B0DFF87C8004464FEAC30B00F5A77608EBC30300F5E77A0025D3F89C
:2054E000AC743F02A6F1100945B97A1C02A9B8B2019211F07BFFF8B1019A174610232A01E5
:2055000002A8013505936B44049205F0030593E80600FCF735FC29F8020F4E45E4D110366C
:205520005645DFD1D844012388F8A834002384F8E03007B0BDE8F08F204607B0BDE8F04FF9
:20554000FDF7BBBFB4E8012073B50C4E002405460B4821F099FE200274600134694600F466
:205560007F4011F043FF042C06F8080BF3D12846FFF7A4FF2CF0DCFC02B070BD5CED0120E0
:20558000C2C50020A0F1B000DEE72DE9F74F0446BE48FAF7CBFC002800F02E810023C4F854
:2055A000D830BB4825F028FCB0F5406FCCBF0123002384F8E33040F34B8194F8E870A7B9AF
:2055C00004F1E80504F5947828F084F9064628F081F945F8086F40EAE67045456860F3D127
:2055E000012384F8307184F8E830AA4B93F8C73B33B194F83031013303F00F0384F830316D
:20560000012021F0D5F8D4F8D031C4F8D0000220C4F8D43121F0CCF8002814DD022021F02E
:20562000C7F89D4B7F2293F8C8144FF4C053594301F51051FAF7DCFBD4F8D431184480F30A
:205640000700C4F8D401002004F5E07521F0B0F8002800F03B8191484FF4C06725F0CCFB98
:2056600000284FF0600204F1F008B4BF4FF0FF33012390FBF7F607FB160790FBF2F0D4F89C
:20568000D820002FC4F83C011644B8BF7F420836724206F0070602F0070258BF5642334442
:2056A00006F1140A03F0070B04EB0A1A04F5E8730BF11409019304EB091994F8E3303AF9D9
:2056C00002CB39F9022BBBB3032E19D194F830118900D8E9003EC1F1200CA1F12000CB4025
:2056E0000EFA0CFC2EFA00F043EA0C030343C3F3810103F0030303EBC103A03334F913C04A
:20570000BBF1030F18D194F830219200D8E9003EC2F12000A2F12001D3400EFA00F02EFABA
:2057200001F103430B43C3F3810203F0030303EBC203A03334F91320C7F5C06107FB02F3F7
:20574000574A0CFB01334FF4C06CD4F8D0101278544893FBFCF30B4453490068096802FBEE
:205760000111A1EB8101B3EB412F4FEA412205DB0CFB00F098420246A8BF1A4629462046CA
:2057800010F0B2FA0235019B08F10808AB4294D10025454E454FDFF8088194F8E230002BBA
:2057A00000F00B81032D40F008813A4B93F8C42B42B993F8C52B2AB993F8C62B12B993F85A
:2057C000C73B1BB16421032022F078FB0135082DE3D1B4F83831102B8ABF03F1FF331023BD
:2057E0009BB2A4F83831D4F8C83013B1013BC4F8C83003B0BDE8F08F2D48FAF797FB08B157
:205800000123CCE62B48FAF791FB08B10223C6E62948FAF78BFB08B10323C0E62748FAF76B
:2058200085FB08B10423BAE62548FAF77FFB08B10523B4E62348FAF779FB08B10623AEE6CF
:205840002148FAF773FB00283FF4ABAE0723A6E600230F4884F8E83025F0CEFA10F5406F77
:20586000BFF6CEAE0B4B93F8C73B002B3FF4C8AED4F8D83001335A4203F0070302F00702A4
:2058800058BF5342C4F8D830BAE600BF1031012008320120A0240120B4E80120F031012098
:2058A000B1360120A0050120D8050120E42C01202C3101204831012064310120803101204B
:2058C0009C310120B8310120D431012094F8E330D4F8D860434FDFF81081DFF81091002B6A
:2058E00044D0032E42D104F1E80604F5947A4FF4C06B94F8302156F8083F9200D6F804C062
:20590000C2F12000A2F12001D3400CFA00F02CFA01F10343D9F800000B43C3F3810203F04E
:20592000030303EBC2033A78A03334F91310D4F8D0301944D8F8003002FB0333A3EB830369
:20594000B1EB432F4FEA432204DB0BFB00F28A42A8BF0A462946204610F0C6F9B24505F1C0
:205960000205C6D10023C4F83C3111E7143604F5E87A4FF4C06B04EB0616D4F8D03036F92C
:20598000021B3A781944D8F80030D9F8000002FB0333A3EB8303B1EB432F4FEA432204DB38
:2059A0000BFB00F28A42A8BF0A4629460235204610F09AF95545E0D1D4E733684FF4C061C8
:2059C00098F8002002FB0332B3FA83F35B095A4304F5E07333F9153001FB02331B0147F878
:2059E0003530F3E6B1360120D8050120A0050120A0F1B000C9E5A0F1B0002CF09DBA0A46AA
:205A00000430032110F086B938B5436804460D4699421AD0084611F0E1FB4FF6FF7140686D
:205A2000236981409AB223EA01039BB20BB942F0010204340321204610F06CF92A46204679
:205A40000021BDE8384010F065B938BD37B504460B461B220D46B4300F4913F071F8D4F86A
:205A6000B41004F1B000C4F838150190FFF7CCFF0023019884F82331D4F8C030A4F82C3121
:205A8000FDF731FDD4F81835013BC4F84435D5E90030C01A03B030BD781400202DE9F843F5
:205AA00000F1B40204460023554850F823100633A22B42F8041BF8D100254FF0FF3304F107
:205AC000B00704F5B8760521C4F828313846C4F8205184F8245104F5A769FFF795FF304608
:205AE000A4F82C5111F0E8FEB4F8C080D4F8B400A4F82C81C4F8280111F070FB424604F51F
:205B0000836801463046FAF7AAFEC4F8D053C4F8B051C4F8CC53C4F8C85308F120064E4544
:205B200060D138464FF48035FDF7DDFC04F5DA7010F008F948F21003324A0021A4F8C03136
:205B40004FF0FF33D4F80C01C4F8C431D4F8E430C4F8EC1384F8D4332B4BA4F8F413A4F877
:205B60001614C4F80C14C4F84015C4F84815C4F8FC53C4E9F6237F2302B284F8E0330D230F
:205B8000A4F80224A4F8E2334FF07F43A4F80024C4F8F033D4F81031013B9BB2A4F8063486
:205BA000034404F5AA60A4F80434184BC4F80834174BC4F81034012384F814340523C4F83E
:205BC00038351A23C4E9F911C4F844352CF0B8F93846FDF788FCD4F81835013BC4F84435E2
:205BE000BDE8F88308F10C001422002146F8205C28F0B6FE46F81C5CC8F80850B0468CE76C
:205C0000781400200000A67F01007F7F0300010000000101012910B504460DD002D9023982
:205C2000012908D804F1B000FDF75DFCD4F81835013BC4F8443510BD002300F5AA6000F8F7
:205C4000143CBDE8104011F045BB70B50C46064636492046364DFBF74CFD364904F1210003
:205C6000FBF747FD344904F14200FBF742FD04F163003249FBF73DFDD6F8D43004F584704B
:205C800005EB8302022BD2F8982F3DD0032B42D0012B47D196F8EC3005EB8303D3F8A83F6E
:205CA000002B3FD0264910F033FF04F229102549FBF71FFD04F5A5702349FBF71AFD96F84D
:205CC000D83004F26B10214905EB8305D5F8E42F10F01EFF04F5C67000221D49FBF700FDC6
:205CE00004F5D77000221B49FBF7FAFC04F5E87000221949FBF7F4FC04F5F970002217495B
:205D0000BDE87040FBF7ECBC96F8003105EB8303D3F8B83FC4E796F81C3105EB8303D3F8D6
:205D2000CC3FBDE70E4910F0F3FEBEE7D6C50020F00D0020DCC500208DC50020E3C50020F4
:205D4000E8C50020F3C50020FAC5002001C6002005C600200EC6002017C6002020C60020F6
:205D6000EFC5002037B5D0F85025044632B100F5AA6003B0BDE830402CF01EB90A78022A91
:205D80004AD14B88013B072B1ED8DFE803F004171D1F1D1D1D2A90F82231B430D4F8B820BC
:205DA00083F0010380F86E3033B10132012103B0BDE830400FF0AEBF013AF7E790F82331F4
:205DC00083F0010380F8233103B030BDD0F83815D0F8B4309942F7D0B03003B0BDE83040D5
:205DE00012E6D0F84835034493F81C35032B0CD1D0F8B420042AE7D000F1B00104F5AA6012
:205E000003B0BDE8304011F025BA90F83C3583F0010380F83C35D7E7032AD5D14B88042BEE
:205E20000DD1D0F8382500F1B005114628460192FFF7EAFD019A042AC6D02946DEE7022BC4
:205E400002BF90F8213183F0010380F82131BBE7D0F8502538B504462AB100F5AA60BDE8D1
:205E600038402CF055B84A88B2F5807F0CD1B1F90420D0F838351344942BA8BF942323EAE8
:205E8000E373C0F8383538BDB2F5007FFBD190F83C2562B3D0F84825024492F81C55032DFC
:205EA000F1D000EB8503B1F90420B4302946D3F8B4301A440FF02EFF10B1012384F82031A2
:205EC000082DE0D104F1B000FDF70DFBD4F81835013BC4F84435D4F8D430002BD3D1D4F846
:205EE000481504F23C50BDE838400FF05ABFB1F90410F6E72DE9F04F8BB000F21C474FF0CF
:205F000000080DF1140A052455465146384610F024FA286810F00AFE013C45F8040BF8D17C
:205F2000059C404657F8043C4FF0010BC4F305244FEA5379C4F1400409EB08064A46214689
:205F400024F028FC30460322214624F0DFFB30465AF82B50082203942B12C5F30525029064
:205F6000C5F140040193214624F014FC039B02989C422FD1022221460BF1010B24F0C6FB8A
:205F80000298BBF1040F00F10800E1D106F11800099E0223C9F108024FEA262BC6F30526F0
:205FA000C6F14001CDE9020124F01CFD019B83EA0B0313F03F0FDDE9020115D1032208F1CE
:205FC000200824F0A3FB2037B8F5807F9BD10BB0BDE8F08FB5BF1B1BE21A21461946B4BFBA
:205FE0005A1C01320290C7E7B542B3BF721BAA1B21460132A8BF0132E1E738B5094D0B466D
:206000000C462522084905F5767012F099FD20F061FAD5F86C34013BC5F8D434D4E9003058
:20602000C01A38BDB4E801200017002008B50B78022B27D14B88013B072B1AD8DFE803F04B
:206040000F0419121919191A012102201FF044FF78B100211448BDE808400FF00BBF4FF06C
:20606000FF31F2E7114A92F8F43483F0010382F8F43408BD0D4A92F8CC3483F0010382F85A
:20608000CC34F6E7032BF4D14B88042BF1D10023074A084850F823100633DE2B42F8041B92
:2060A000F8D10121D6E700BFD8ED0120B4E801208CEC0120001700204B88B3F5807F70B567
:2060C0000CD1B1F9041005201FF006FF00283CD000212048BDE870400FF0CCBEB3F5007F2A
:2060E00033D11D4CB1F9041094F8CC3473B3D4F8D8546319284693F871641FF0EDFE20B3B4
:206100000E2E06D120F0E6F9D4F86C34013BC4F8D43400210F480FF0ADFE042E12D00E2E9F
:2061200013D120F0D7F9D4F86C34013BC4F8D43494F81034022B08D029460848BDE8704046
:206140000FF02FBE012384F8703470BD04F2CC40F4E700BFD8ED0120B4E8012080ED012015
:206160000B784FF0000C2DE9F04F03F00103B54D0F46824685F82C3C8DB04B6805F5346083
:20618000C5F8C01707F1440603F0010224314FF0010E85F8E82BC3F3400285F8E92BC3F3C1
:2061A0008002C3F3C00385F8EA2B05F6EB3285F8EB3B51F8044FB4F5F06FD4BF0023012319
:2061C00002F8013F50F8043FE31A002BB8BF5B42202BCABF82F820E082F820C00460B142BF
:2061E000E7D1994820239949401B51F8042F002A04DD013A0A600AB940F81120013BF4D12D
:20620000934A904E126802EB42025102324609B2B2F90A00002807DD013880B2508118B9C4
:20622000147A4CB31072D18101331232202BEFD1884B6FF4BF74DFF824824FF0000903EB5E
:20624000040B854C019324F02BFEB8B198F92B30A3B198F82030002B40F03E8198F86D30BD
:2062600043B10023484688F86D3024F08FFD002840F03881002340E1D481D5E7774B9B7A7F
:2062800023B10023A371A360E375A3612046F9F74DFEE37D94F90420002BE0750CBF8446CD
:2062A0004FF0000C002AD9D06D4B1968BCF1000F00F0DE80E068002AA1EB0000C4E90310BF
:2062C00040F3EE81A3790133DBB2581ED0F1000C4CEB000C9342A8BF0023A371BCF1000F8A
:2062E00040F0E880BAE70120F0E0A02B40F0A681574B4FF4C06288EAE87005EB070B1B68FC
:206300007F21A0EBE8705A43FAF7AEFB9BF81C36C2B2934200F0928196F8401220460392B7
:2063200025F0B8FE039A8BF81C2687E196F947224C4999F8003001EBC20252681211B2F546
:20634000C06F27DD03930021474B40461A78F9F77DFD039B834663B96423024621465046F0
:20636000F9F790FD89F800B005EB8703C3F86C4564E1834200F062811A462146504625F03A
:20638000EBFD64235A4621465046F9F77BFD89F800B053E1002B00F051811A4621465046DA
:2063A00025F0DAFD002389F8003047E196F9403299F80020002B0DDB0F2BA8BF0F232B49E9
:2063C000B8F5C06F0B4493F8F8BF05DD002A40F03581D6E70023F2E7002A00F02F815A463B
:2063E000DCE71B4B4FF4C06288EAE8707F211B68A0EBE8705A43FAF737FB96F94032C1B20B
:20640000022B09D0042B0BD0002B40F017810AEB070383F81C1611E1204625F00FFE0DE165
:2064200043F6FF724FF4105108F59050F9F7E0FC43F6FF7180B28142A8BF0146204625F09E
:20644000BFFDFBE0A0240120BCF5FFFFE02D0120A005012063300120103101203032012084
:20646000E0300120E42C0120D8050120F00D0020002ABFF6F3AEA06800283FF42FAF81421B
:20648000FFF42CAFA379524201339342BFF626AFD9B223694FF0640CA171C90793FBF2F3D0
:2064A000627903FB02F292FBFCF24CBF9B1A9B180344A36094F9140000287FF714AF0130A4
:2064C000A369A27D617DC0B211F0E6F9A3690133A36100283FF4C2AE484624F057FC002835
:2064E0003FF4BCAE7649DBF800200B689B1ACBF880300B68CBF80030012309F10109019A89
:206500000BF1040B08F10108B9F1080F02F8013F04F11C0401927FF496AEDAF8103050466C
:20652000DFF8C4810024013B4FF00A0908F1410B13F57A6FB8BF4FF47A63CAF81030DAF8EC
:2065400000304FF0240A5B6898475E4B1B6804935D4B1B6805935D4B1B6806935C4B1B6888
:2065600007935C4B1B6808935B4B1B6809935B4B1B680A935A4B1B680B9318F8011F58469D
:20658000F9F747FC072C1EDC98F9202004AB53F8241082EAE273A3EBE27307EB8100394408
:2065A000DBB213FB02F3DBF8042009FB03F3121193FBFAF353434FF47A7293FBF2F383649D
:2065C000002381F8683001340BF1080B202CD4D1DFF818910023A9F2FC5A019396F8413229
:2065E00013F0E00351D096F843721F2F4DD83D4A07F5D47196F8424202EBC70205EB8101DC
:2066000052684FEA2218B8F5C06FD4BF002201220292CA69A8EB0202002AB8BF5242202ABC
:20662000C8BFC1F81C80802B3FF4DBAE3FF65DAE202B3FF47BAE402B3FF4B8AE96F841322B
:2066400003F0E003202B10D107F5C47205EB8202D369002B09DD013BD36133B92B1921463E
:20666000504693F8EC2525F077FCEA19B8F5C06F0299574492F85C37D8BF002382F85C1787
:20668000C8BF83F0010387F83C37019B123609F101090133202B0193A0D10DB0BDE8F08FBD
:2066A00000234FF0640EA371534290FBF3F06379434393FBFEF303440B44A360DBE600BFF5
:2066C000E0300120A0430120E4050120E8050120EC050120F0050120F4050120F80501200D
:2066E000FC050120E42C0120A32C01209C2A0120B03035E5B03033E54FF47A620368026191
:206700001B681847B030F7E7B030F5E703689B68184738B504464FF480701BF0EBF8B4F94B
:206720001A3000B2A17D8342C2BF237E83F001032376A38809B9227E22B301331BB2B4F938
:206740000850B4F906209D421846A38001DAD9B1A280B4F904309342BFBF0233A380012377
:206760002376B4F90430991A4A424A41E275B4F90020092A22D8DFE802F00B11161A2E4A07
:206780004F54595E013BD9E7831E2176A380E0E72B4A134413F8F03CA3810FE0284A1344A2
:2067A00013F8703CF8E7264A13441B7CF4E7E08910FB03F0C1172BF07FFBA081B4F90C005C
:2067C000B4F9023090FBF3F203FB12000002A08100F47F4038BDE1892022012511FB03F1BD
:2067E00000232161237505FA02F0DBB288430BBF207D5B421B185BB204BF23750123013A15
:20680000F1D294F91420637513440C33C4E70C4A134493F89030BFE7094A134493F81031C7
:20682000BAE7074A134493F89031B5E7044A134493F81032B0E7024A134493F89032ABE79C
:20684000E81E00207E294389B0F90420A8BF7E2121EAE1710B44C1801BB2012BB8BF01234B
:206860007F2BA8BF7F238A42B8BF8180B0F9042003819A42C8BF838070477F29B0F906203C
:20688000A8BF7F210129B8BF01218B184181B0F904101BB2012BB8BF01237F2BA8BF7F23C5
:2068A0009142B8BF8280B0F9042003819A42C8BF8380704750F82100000100F2FF70001340
:2068C000704750F82100C00000F2FF700013704750F82100400100F2FF70001370470A6866
:2068E0002DE9F04F02F00105044691B000F5D8702A468A460121FAF7E1FE04F5DA7000907E
:206900000FF025FA00983DB1B4F8CC203F4B134493F810130FF029FAD4F8B431D80740F1C9
:206920008581DAF804300AF10809D4F8C4200621C3F34003DAF8386048460493D4F8BC3028
:2069400000939DF900300293DAF81C309B0103F2FF7302EB23330593D4F8B8300193D4F839
:20696000C8309DF90450039394F820319DF90C700693002384F82031FFF79CFFD4F8B4B066
:20698000B4F8C08048B10790584610F027FC079A4168404610F07AFC8046069B3BB9D4F84D
:2069A00028319B4503D1B4F82C3143450CD05846C4F828B1A4F82C8110F010FC4246014606
:2069C00004F5B870F9F74BFF94F8D830042B0DD8DFE813F005000E001E000C00380107214C
:2069E0004846FFF76EFF019B184445B200231DE007214846FFF75EFF009B184440B20B2872
:206A0000A8BF0B2020EAE0730293EFE7E81E002007214846FFF75CFF6FF00B0340B20C285C
:206A2000A8BF0C209842B8BF18460346049A009394F823311A43D4F8D430019284F8242139
:206A4000002A40F0D981022B00F01E81032B00F05381012B31D194F8EC1094F8E43094F8F2
:206A6000E82002299846914600F0FB80032900F00481012903D13F3607EBE61677B204F59F
:206A8000E0705FFA88F10390FAF766FE84F8D483039884F8C191FAF72FFEB8F10B0FCBBF45
:206AA000A8F10C08C8F10C080FFA88F800FA08F0C8BF40FA08F0C0F30B06272F059A0199D5
:206AC000A8BF272782F3050227EAE773002900F0AB8194F8D80094F8D01003280CD1DAF82B
:206AE0002400800100F2FF7001EB20311F29A8BF1F210829B8BF0821D4F8C803D4F8D063FD
:206B0000411AD4F8C803864201D2D4F8D013C4F8D013D4F8D0130131C4F8D013511CD4F8E1
:206B2000D0030138801AC0B204EB4000B0F9C801089094F821010028D4F8D00318BF002296
:206B4000013892B212FA81F1013289B2401A11FA82F1C0B289B204EB400011FA82F2B0F9F0
:206B6000C8010990D4F8D0030138401AC0B204EB4000B0F9C8010A90D4F8D0030138821A60
:206B800002F0FF0204EB4202B2F9C8210B92DAF80420510740F1538101356DB2029A05EB6A
:206BA000450508AFAD49D20104F5836651F823306D0204F5A36BB84604F5B8790193D8F88B
:206BC0000010019B33FB01F1009B4846039211F0ADFB41193046203602910FF0D2F8029965
:206BE000B345039A48F8041BE9D10AF144080AF1670604F598754FF0000A57F8043B2846ED
:206C000008351B0145F8083C94F82E11F9F701F955F8043CA9454FEA231348F8043F06F87A
:206C200001AFEAD18E4B0122C3F8E82004F587638C4904F5A7648C489C4240F0058111B045
:206C4000BDE8F08FDAF82430039A9B0103F2FF7302EB23335BB2272BA8BF272323EAE37790
:206C6000C4E6FF3603EB66231BB2202BA8BF2023012BB8BF0123984601E7073602EB26130C
:206C80001BB283F30809FAE6D4F80011D4F8F030D4F8FC2011F0FC0F4FEA03334FEA022237
:206CA00003F47F23C8B292B209D111F0FE0F11D101280BD03F3607EBE61677B20AE004280D
:206CC000F8D102EB061282F3100203E003EB061383F310039BB20221121204F57670A4F8DD
:206CE000D8331B0B84F8DE23A4F8F633012384F8F43311F00FFCDEE694F8043194F808E154
:206D00009B460493D4F81031D4F80C01013BCDF80CE001B29AB20FFA83F8D4F818310692F8
:206D2000D4F814210FFA83F9003A18BF0122079294F81C21013A042A59D8DFE802F00324BD
:206D40002E404C00FF36049B03EB662B0FFA8BFBBBF1080FA8BF4FF0080B2BEAEB7B04F5A7
:206D60007F70FFF76FFD4146FFF787FD039BA4F8FCB3A4F8FE33079BA4F80A9484F812346D
:206D8000FFF7C7FC97E60F3600EB661000B27E28A8BF7E2020EAE071E1E70F36069B03EBC3
:206DA000661C0FFA8CFCBCF17F0FA8BF4FF07F0CBCF1010FB8BF4FF0010CE046CFE70F36B3
:206DC00003EB66131BB27F2BA8BF7F23012BB8BF01239946C3E70F360EEB66131BB2792B54
:206DE000A8BF7923022BB8BF02230393B7E73F3607EBE61677B2B2E7022B12D0032B0DD054
:206E0000012B7FF45AAE94F8EC30002B7FF455AE06F13F0307EBE3135FB24EE694F81C3143
:206E2000F3E794F80031F0E7D4F8C813C8B2013104EB4000A0F8C861C4F8C8136CE612079F
:206E40007FF5ACAE013DA8E653F8202C20338A428CBF1218002243F8402CEDE6800B002026
:206E60003010012059761F00A689E0FF084B0C22017102FB0131D1F818338360D1F81C3384
:206E8000C360D1F82033036100230360704700BFE81E002038B50C46FFF7E8FF436AB4FAB6
:206EA00084F14909C90141EA0321416238BD0023264A274870B550F823100633DE2B42F83C
:206EC000041BF8D11FF006FB224C2423002504F5A86604F2FC40C4F8D4340123294684F8D4
:206EE0007054C4F8D054C4F8D85484F8F434C4F8F854FFF7CFFFC4F8205570190C350EF09D
:206F000021FF302DF9D14FF400220021124BC4F880254FF400621148C4F884251022C4F895
:206F20007C35C4F88835C4F8701584F87415C4F87815A4F88C1527F013FD1FF0CBFAD4F894
:206F40006C34013BC4F8D43470BD00BF8CEC012000170020B4E801200800000844EE0120B5
:206F6000012908B50CD002D90239012907D81FF0B1FA094AD2F86C34013BC2F8D43408BDF5
:206F80000548002390F8E81300F2FC4000F8303CBDE808407EE700BFB4E801202DE9FF4742
:206FA0000024002A9A4606680394CDE9014437D006F1020E4FF0030401ADBEFBF4F707EB0B
:206FC0004707AEEB070E06F10107B7FBF4FC0CEB4C0CA7EB0C074FF00C0C3BDD02F10208B4
:206FE00055F82630B8FBF4F80CFB083845F8268002F1010855F82730B8FBF4F80CFB08389F
:2070000045F8278055F82E3092FBF4F732440CFB073745F82E70B2FBF4F404EB4404161BD6
:2070200000240327321904ABB2FBF7F505EB4505521B951C03EB820250F8255052F80C2C66
:207040000D442A444AF824200134032CEAD104B0BDE8F0876FF00208C2F1020955F82E302A
:2070600099FBF8F90CFB093945F82E90C2F1010E55F827309EFBF8FE0CFB0E3E45F827E0BB
:20708000C2F1000E55F826709EFBF8FE0CFB0E7745F826706FF0010505FB0262BBE72DE9DD
:2070A000F04F0E46A84C09682DED028B83B0D4F83435D4F838259A4240F09480B4F80C24A4
:2070C000A24BA348134493F810230EF0DCFE10F00103054600F09B8094F8E81304F2FC40D8
:2070E000FFF7D8FE002384F87034D4F8D833D4F8E023D4F8EC934FFA82FB94F8F48394F83B
:20710000FC7300931DB994F80434002B5CD194F8DC33A3B106EB8303596AD4F8F83403F166
:207120002000814203DCA3F12000814202DA0B46C4F8F81400993F3301EBE313009394F815
:20714000E41339B1013906F10800FFF7BAFB10444FFA80FB5A466FF0020394F8F013032A92
:20716000A8BF03229A42B8BF1A46934629B1013906F10800FFF7A5FB8144B9F1030F6FF06E
:20718000020394F8F813A8BF4FF003099945B8BF994639B1013906F10800FFF792FB404443
:2071A0005FFA80F8B8F1050F94F8001428BF4FF0050831B1013906F10800FFF782FB384464
:2071C000C7B2052F28BF052794F81034002B40F09F80B8F1050F00F25B83DFE808F02A59D6
:2071E0006A7B858FD4F8383503F00302013304EB8202C4F83835D2F824252AB1012A7FF409
:2072000056AF41F0110152E741F010014FE794F87024002A3FF469AF10F00E0F3FF465AF7C
:2072200094F8E81304F2FC4084F87034FFF732FE5BE7AF0703D501214648FCF7BCF96807B8
:2072400003D502214348FCF7B6F9290740F1208303214048FCF7AFF9009B0C2194F80874EB
:207260004A4611FB0B313C4BA3F11800C4F81015FFF794FE002F00F00F83012F00F0218325
:20728000002D00F0B380354B0122C3F8E820ADE06A0703D502212F48FCF78DF92B0703D545
:2072A00003212C48FCF787F9AF0740F1F1820121CFE7280703D503212648FCF77CF9A907E0
:2072C00003D501212348FCF776F96A0740F1E0820221BEE7AB0703D501211E48FCF76BF9B2
:2072E0002F07F2D50321EDE7280703D503211948FCF761F96907D7D50221D2E76A0703D57F
:2073000002211448FCF757F9AB079ED5012199E7012B65D1052F00F2BB82DFE807F003213D
:2073200032434D57AF0703D504210A48FCF743F9680703D505210748FCF73DF9290740F1BA
:20734000A782062185E700BFB4E80120E81E0020F4ED0120B0ED0120C8ED012030100120D8
:207360006A0703D50521BE48FCF725F92B0703D50621BB48FCF71FF9AF0740F18982042131
:2073800067E7280703D50621B548FCF714F9A90703D50421B248FCF70EF96A0740F1788237
:2073A000052156E7AB0703D50421AD48FCF703F92F07F2D50621EDE7280703D50621A848C1
:2073C000FCF7F9F86907D7D50521D2E76A0703D50521A348FCF7EFF8AB07AFD50421AAE7AE
:2073E0009DB994F80434002B3FF436AF9D4906F14802A1F1200024F099FC0023B366F36619
:2074000003B0BDEC028BBDE8F08FD4F82434964A84F87C35D4F8283484F87D35D4F82C34AC
:2074200084F87E35D4F8303484F87F35D4F8343484F88035D4F8383484F88135D4F83C34B2
:2074400084F88235D4F8403484F88335D4F8443484F88435D4F8483484F88535D4F84C3442
:2074600084F88635D4F8503484F88735D4F8543484F88835D4F8583484F88935D4F85C34D2
:2074800084F88A35D4F8603484F88B35D4F86434116884F88C35D4F8683484F88D3506F15E
:2074A00008031846FFF706FA7049024618460968FFF700FA6E4908EE100A18460968FFF721
:2074C000F9F96C49824618460968FFF7F3F91146019094F814041EF005FF18EE101A94F832
:2074E00018041EF0FFFE514694F81C041EF0FAFE019B94F8200419461EF0F4FED4F8703500
:2075000003F1010AC4F870A5B8F1050F00F2EB80DFE808F00338618AB2CD534694F87E2555
:2075200094F87D1594F87C0510F0B6F918B101214B48FCF740F8534694F8812594F88015DC
:2075400094F87F0510F0A8F918B102214448FCF732F8534694F8842594F8831594F88205E0
:2075600010F09AF918B103213D48FCF724F8052F3FF672AEDFE817F0BF00E80011013A01AC
:2075800055017001534694F8812594F8801594F87F0510F081F918B102213148FCF70BF853
:2075A000534694F8842594F8831594F8820510F073F918B103212A48FBF7FDFF534694F8E8
:2075C0007E2594F87D1594F87C0510F065F90028CDD00121C8E7534694F8842594F88315F7
:2075E00094F8820510F058F918B103211C48FBF7E2FF534694F87E2594F87D1594F87C0510
:2076000010F04AF918B101211548FBF7D4FF534694F8812594F8801594F87F0510F03CF9E9
:207620000028A4D002219FE7534694F87E2594F87D1594F87C0510F02FF918B101210848AF
:20764000FBF7B9FF534694F8842594F8831594F8820510F021F90028D9D00321D4E700BFF2
:20766000B0ED012064EE01202C230120BC050120C0050120C4050120534694F8842594F85D
:20768000831594F8820510F007F918B103219248FBF791FF534694F8812594F8801594F87E
:2076A0007F0510F0F9F8002888D0022183E7534694F8812594F8801594F87F0510F0ECF868
:2076C00018B102218448FBF776FF534694F87E2594F87D1594F87C0510F0DEF800283FF467
:2076E00038AF012132E7052F00F2D280DFE807F0032C557E99B4534694F8872594F88615EB
:2077000094F8850510F0C8F818B104217248FBF752FF534694F88A2594F8891594F8880591
:2077200010F0BAF818B105216B48FBF744FF534694F88D2594F88C1594F88B0510F0ACF8FC
:2077400000283FF489ADFCE5534694F88A2594F8891594F8880510F09FF818B105215E4874
:20776000FBF729FF534694F88D2594F88C1594F88B0510F091F818B106215748FBF71BFFAB
:20778000534694F8872594F8861594F8850510F083F800283FF460ADF1E5534694F88D254B
:2077A00094F88C1594F88B0510F076F818B106214948FBF700FF534694F8872594F88615A8
:2077C00094F8850510F068F818B104214248FBF7F2FE534694F88A2594F8891594F88805C2
:2077E00010F05AF800283FF437ADD9E5534694F8872594F8861594F8850510F04DF818B11E
:2078000004213548FBF7D7FE534694F88D2594F88C1594F88B0510F03FF80028D9D00621B0
:20782000D4E7534694F88D2594F88C1594F88B0510F032F818B106212748FBF7BCFE53469F
:2078400094F88A2594F8891594F8880510F024F8002895D0052190E7534694F88A2594F804
:20786000891594F8880510F017F818B105211A48FBF7A1FE534694F8872594F8861594F8DC
:20788000850510F009F800283FF451AF04214BE7002D3FF4A6ADDFE4D4F81035DB01C4F88C
:2078A0009035D4F81435DB01C4F89435D4F81835DB01C4F89835D4F81C35DB01C4F89C3589
:2078C000DEE4D4F81035DB01C4F89035C4F89435C4F89835F2E700BFB0ED012000F114030C
:2078E0002430834200D1704753F8042B41F8042BF7E72DE9F04F87B026480827264E0DF18C
:20790000040BD0F8205502A900F2FC40FFF7E6FF02ACDA465A21214A54F8048F4FF00C0980
:2079200008F1780393FBF9F009FB10330BF8013B02EB8303D3F8C00CC6E9011723F018F9E1
:20794000103798FBF9F0013023F03AF9382F134A4FF05A01E0D100244FF04208104F15F0CD
:20796000800F14BF2B202D20C6E901841FF080F905F07F0310342D0A3B4493F850031FF0F3
:2079800077F9402CEBD1202150461EF0E3FD07B0BDE8F08FB4E80120E4300120F00D0020A0
:2079A000E81E0020F8B500F11C0300F5D675144E1C461846002256F822700632182A40F8CE
:2079C000047BF8D11033AB42F3D101290BD0022912D0F8BD19F06CFF00F00702204610348D
:2079E000002124F043F8AC42F4D1F2E7204610340122032124F03AF8AC42F7D1E9E700BF0F
:207A0000402200202DE9F34100F1B006044600234348324650F8231006332A2B42F8041B21
:207A2000F8D104F1CC0304F517753E4F9C461946002257F822000632182A41F8040BF8D148
:207A400010339D42F3D1002504F51B7704F5367829463846C4E99755C4E999C5FFF71AFA4E
:207A6000C4F8905204F52A7545454CD10025102204F53F7004F54378C4F8F4522946C4F849
:207A8000F05284F8D852C4F8EC52C4F89C52C4F8F852C4E9A85526F063FF01213046FFF7A4
:207AA00081FFD4F8A43294F8B81038461B02C4E99755C4F8A432FFF7EDF9D4F86422C4F8A0
:207AC000985294F8C41053680429C4F89C329268C4F8A0221CD1D4F88032DB01C4E9BF338C
:207AE000C4E9C13330220021404626F039FF00230322C4F81833C4E9CC230622C4E9C723F4
:207B000002B0BDE8F08128460C350EF01BF9ABE7009201212A4630460EF001FDE2E700BF2C
:207B2000A022002040220020044A0023017B02F83130027A02B10372704700BFD03201205C
:207B40000B692DE9F04F0646E3B00D46002B00F09880DFF880815D4F4FF48472002120A851
:207B600026F0FEFE2C69D5F80890A36A002B5ED1022341468DF8803022A828F0C5FDA36A00
:207B80000133A362414622A826F04DFF0028E3D0394622A826F047FF0028DDD0802205F10C
:207BA0001801684626F07FFE684626F034FF78B10DEB000313F8013C2F2B09D07D2807D851
:207BC000431C2F220DF80020002218460DF80320C0F1800222A9684426F065FE9DF88040B0
:207BE000012C55D1542027F053FC0746002848D0014623466A46A86816F0BCFB002861DB3A
:207C0000982027F045FC0023AA6804463049436001600361C0E902276946802204F11800C4
:207C200026F041FE21463046F9F7A8FB2CE0012B20D004F1200A04F1080BA288A38B9A42FC
:207C400008D1E37FEBB152465946484614F0B4FEA8B9A08020ABA2885946484615F076F8BC
:207C600008B1831C0BD1A388023003F10103A380E3D084E7022339468DF880307CE70028D6
:207C800080DC3046F9F76DFB304663B0BDE8F08F342027F0FDFB07460028F2D001466A467C
:207CA000A86815F047F900280CDB982027F0F0FB0023AA6804460649436001608260C0E949
:207CC0000337A9E7384627F0EBFBDAE7E1EA002008070020E2EA00202DE9F0414FF47A7321
:207CE00096B000240F46064606A88DF81440CDE903433B4BCDE91444029311F084FD3D6DA1
:207D0000002D53D006AB069414932B7813F0700F3BD06C6914F01F0437D1274600212846F1
:207D2000D5F8148011F092FE78B302786AB32E2A21D0E52A1FD0C17A11F0080F1DD11CB13A
:207D40001FF0E7FBB84220D10023C8F34F12294606A8009412F010F8B8B1149BBBB15C204D
:207D600027F096FB044602A9FBF7F8FA21463046F9F704FB11E00024D0E70F29FBD151068F
:207D8000CCD502F01F04477BC8E700231493159B002BE4D13046F9F7E4FA124B06A802937E
:207DA00011F031FD304616B0BDE8F081796D0029D3D006AB1295159391F8313013F0500F44
:207DC00002D100231593C8E70B6813F01F03F8D11A4606A812F0AAFA0028BED1F1E700BFF3
:207DE000800E0020800E0020012B70B5044696B00E464FF000052CD0022B40F2022318BF57
:207E00002B464FF47A7106A80395049120498DF814500291CDE90032CDE9145511F0F3FC0C
:207E2000D6F88414DDE90032B1B106A80695149013F084F8E0B91490159BE3B92046F9F737
:207E400090FA144B06A8029311F0DDFC204616B070BD44F20223D4E7D6F8880440B11291BF
:207E600006A91591014606A812F076FC00B91590149B002BE0D05C2027F00AFB054602A9CE
:207E8000FBF76CFA29462046F9F778FAD9E700BF800E0020800E00202DE9F04391B0554D4C
:207EA0000446F9F745FA01900EF008F9202101980FF075F86B68D4F8386506336B604E4B9A
:207EC00003EB8603D3F8540222F052FED4F8B4309E4205D1494B04220221012022F00EFB29
:207EE00094F8233113B994F824312BB1444B04220221662022F002FB94F8223133B16E2259
:207F000002234048C5E9012322F032FE94F8213173B33B4B04220221762022F0EFFAD4F870
:207F2000B0311B0F03339A0808D0374A23F0030302217C201344042222F0E0FA04F23C5141
:207F400008A8DFF8C8804FF018090EF0F1F903A8F9F79CFADDE90D239A420BDDD4F85035CE
:207F60001BB104F5AA602AF00BF811B0BDE8F083224BCFE703A908A80DF03EFF204490F897
:207F80001C3504EB8302032B09FB0385D2F8B47007D0082B14D02A46394603A8F9F78CFA76
:207FA000D8E7D4F8B4000FF019F9B4F82C11426805981EF090F8294603A81EF07FF8C9E75C
:207FC000D4F8D430012BE6D194F8D4338020D4F8C4210F2B0599D4BF03EB430630260DF015
:207FE00027FF2A46C6F17F06394603A806960EF0BFFFAFE7E4300120589F20604823002060
:208000004C2300208EE6002050230020781400202DE9F0433C4C93B00C273C4D01A904F28E
:20802000FC40D4F8E863FFF759FC0DF04AFF019BDFF8E880F6B2783393FBF7F207FB123370
:2080400005EB8303D3F8F80C22F092FDD8F804300633C8F804302E4B03EB8603D3F87C04CE
:2080600022F086FDD8F804300633C8F8043094F8F4344BB301AE4FF00109D8F8043009F192
:2080800001090633C8F8043056F8043F783393FBF7F207FB123305EB8303D3F8F80C22F058
:2080A00067FDB9F1040FE8D11A490AA81A4D18260EF03EF905A8F9F7E9F9DDE90F239A42A4
:2080C00011DD13B0BDE8F08301AD0126D8F80430013655F8040F0633C8F804301DF0D0FF5E
:2080E000042EF3D1E0E705A90AA80DF085FE204490F8712405A804EB820306FB0252D3F821
:20810000D813F9F7D9F9D8E7B4E80120F00D0020E81E002080ED012000170020E4300120F9
:208120008900C9B20A442549F0B501EB4212059C051D0021A1421ADB00F1080500224FF679
:20814000FF719BB2944218DC294600226FF0404C94421ADC04F18043013B55F823204FF687
:20816000FF739A4208BF04F1FF348470F0BD32F9026B013145F8046FDCE743FA02F6F607B2
:2081800058BF45F822100132DCE7631C00EB83038B4202D101320431DAE753E90167B7420D
:2081A00007D104EB0C06013C55F826601E60043BEEE7B8BF43E90176F9E700BFF0E001209A
:2081C000C0697047808D7047012380F8F5307047022908D0032909D0012914BF90F84400B2
:2081E00090F84800704790F84C00704790F850007047022905D0032905D0012905D1406B32
:208200007047806B7047C06B7047006B704790F8F13030B500F5D6743BB1012B00F09E800E
:208220002246121BC0F8A82130BD062380F8AC310A2380F8AD310F2380F8AE31036C032B14
:2082400003D8DFE803F0272D313500F2AF121421134603F8021B416D072933DC14BF15257C
:2082600017250729557027D1D31C18259570042203F8012B07221A7008225A701A229A706A
:208280000022DA700279042A1FD8DFE802F0292D303F540000F5D8720B2380F8AF31D6E77E
:2082A00000F5D8720C23F8E700F5D8720D23F4E700F5D8720E23F0E7856D052DD7D1D31C25
:2082C0001925D3E716255570D4E71A1D0729A8DC1346032103F8021B012151701A46A0E7A1
:2082E0005A1D05251D71F1E75A1D0925FAE72F2236251A7130225D725A7131229A7132221C
:20830000DA7105221A7203F10A02DFE72F2236251A7130221D735A7131229A713222DA71B8
:2083200005221A7233225A7234229A723522DA7203F10D02CAE72F2235251A713022DD72D9
:208340005A7131229A713222DA7105221A7233225A7234229A7203F10C02B7E71D2380F8C7
:20836000AC31232380F8AD31222380F8AE31036C032B03D8DFE803F010161A1E00F2AF11A6
:2083800028230B70456D072D35DC17D1242325224B70CB1C8A7017E000F5D8710B2380F833
:2083A000AF31EDE700F5D8710C23F8E700F5D8710D23F4E700F5D8710E23F0E726234B702A
:2083C000836D052B14D08B1C1A461C2302F8013B1F231370202353701B2393702E23D3707D
:2083E0000379042B0BD8DFE803F01B1F22313100CB1C2722CEE72E238A1C4B70E8E7131DE1
:20840000072D06DC1A46022102F8021B0121597013462E211A1D197059709970D97000E757
:20842000531D1E211171EBE7531D2121FAE72923392113712A23517253712D2393713723FA
:20844000D3713823137202F10A03D9E72923392113712A23D17253712B2393712C23D371D5
:208460002D231372372353723823937202F10C03C6E77020704780897047012380F8D03056
:2084800070470023032180F868314368042B1BBF0123022200F2691380F869311CBF00F284
:2084A0006B1380F86A211A4630B502F8011B00F5B474017C0A290ED8DFE801F0060606065D
:2084C0000A0A0A2E3C465D0090F8EB508D4202D004219A1C597005231370037E032B9BBFB5
:2084E00006230721531C53709CBFD31C917009221A7008225A700A229A700B22DA700C222A
:208500001A7131225A7190F8C820002A54D19A1D121BC0F8642130BD0D2211215A700F2289
:2085200099719A701022DA700E221A7113225A71DA1DD0E7142217215A70152219719A703F
:208540001622DA705A1DC6E7182221215A70192299729A701A22DA701B221A711C225A7188
:208560001D229A711E22DA711F221A7220225A7203F10B02AFE7222230215A702322D973C4
:208580009A702422DA7025221A7126225A7127229A712822DA712B221A722F225A72292232
:2085A0009A722A22DA722C221A732D225A732E229A7303F110028EE73221DA1D9971A7E766
:2085C000B4207047022905D0032905D0012905D180687047C0687047006970474068704712
:2085E000022905D0032905D0012905D1808D7047008E7047808E7047008D7047012380F8CC
:2086000080307047022905D0032905D0012905D180697047C0697047006A704740697047F1
:20862000022905D0032905D0012905D1C06C7047006D7047406D7047806C7047406A7047CA
:208640004420704738B50C4605460022214904F5C670F9F745F895F80C31042B0AD8DFE8EB
:2086600003F003181B1E210001221B4904F5E870F9F736F80022194904F5D770F9F730F8C0
:2086800095F86433042B24D8DFE803F00F171A1D200000221249E9E702221249E6E7022297
:2086A0001149E3E702221149E0E70122104904F5F970BDE83840F9F713B800220D49F6E746
:2086C00002220D49F3E702220C49F0E702220C49EDE738BD30D9002034D900205ED9002007
:2086E0003DD9002046D900204DD9002055D9002062D900206BD9002074D900207BD90020D1
:2087000083D9002038B50C46054624492046F8F7F0FF234904F12100F8F7EBFF214904F1E8
:208720004200F8F7E6FF204904F16300F8F7E1FF1E4904F18400F8F7DCFF1D4904F1E700A7
:20874000F8F7D7FF95F8C430032B09D8DFE803F0021C1F220022174904F5C670F8F7C0FF4C
:2087600004F5D77000221449F8F7BAFF04F5E87000221249F8F7B4FF04F5F9700022104945
:20878000BDE83840F8F7ACBF01220E49E4E700220349E1E700220C49DEE700BFD6C5002031
:2087A0008CD900205501012090D9002097D900203DC90020A2D9002091E300207BE20020D2
:2087C000EEE200204EEA002091D900202DE9F04F89B0044600F51B704FF0050B04A94FF034
:2087E0000308FFF77BF8059BD4F8A4720C2478336021FDB20DEB04003F0A93FBF4F204FBC0
:2088000012338DF80C30069B783393FBF4F204FB12338DF80D30079B783393FBF4F204FBCC
:2088200012338DF80E301DF095FE0822B5FBFBF606EB860304FB06F0ED1A0330164B04FBBC
:2088400005F1594421F05AFEFBB2304629463F0A6043614306300831B3FBFBF606EB860570
:2088600004FB06F95D1B012309F1060204FB05FA00930AF1080321F0CDFF084B08220AF170
:20888000050109F1030021F039FEB8F10108DBD109B0BDE8F08F00BF58260020602600204F
:2088A000F8B504460C4F0B460D4604F1CC0604F5177407220949B03010F0CDF8304610369B
:2088C0002B460422394610F0C6F8A642F6D1D5E90030C01AF8BD00BF40220020A022002075
:2088E000F8B50D4600F1F40600F2F474074F304606F5E0762B463322394610F0ACF8A64245
:20890000F5D1D5E90030C01AF8BD00BFD82B002038B50C46054608491F222346F03010F08D
:208920009AF823461F22044905F51C7010F093F8D4E90030C01A38BDA0300020F8B50446FA
:208940000C4F0B460D4604F1CC0604F5177407220949B03010F0F4F8304610362B46042233
:20896000394610F0EDF8A642F6D1D5E90030C01AF8BD00BF40220020A022002001290CD13D
:20898000064B93F874201AB1002283F87420DA67002100F537700DF06DBA70476C230120E2
:2089A00038B50B780446022B23D14B88013B072B0DD8DFE803F038040C060C0C0C0D01215B
:2089C00032E090F8103383F0010380F8103338BD90F8103333B190F8283383F0010380F812
:2089E0002833F4E790F8143383F0010380F81433EDE7032BEBD14B88042BE8D1B03004F5EA
:208A00003E7353E8002F002AFBD143E80025002DF7D1BFF35F8F94F8C810FEF7C3FFBFF393
:208A20005F8FC4F8F852002104F53770BDE838400DF020BA4A88B2F5807F38B504460CD101
:208A4000B1F90410D0F80C230A44182AA8BF182222EAE272C0F80C2338BDB2F5007FFBD102
:208A600090F81023B1F90410C2B190F828237AB1D0F80C23D0F86402D4F8343300EB0210B7
:208A800050F823200A441946BDE8384022F0EEBF00F54A70BDE838400DF083B990F81423FE
:208AA0009AB1D0F82023062AD6D800EB8204084B1820D4F8B05000FB02302944F8F7A7FC8E
:208AC0008542C9D0C4F8B000C6E700F54570E1E7A02200200A460A2110B5044604300DF00E
:208AE0000BFA012384F8F53010BD032A11D8DFE802F002070A0D0A46102104300DF0FCB989
:208B00000A461121F9E70A461221F6E70A461321F3E770472DE9F84F0F46D0F89C1005460D
:208B200090469B469DF828A09DF82C60D0F80491846D49B960B24FFA89F4052833D8DFE8D9
:208B400000F0232F458DBE45013907F10800FDF7B8FE204440B2002816DB0528EBDD95F928
:208B6000A02095F86830002A45D11FB24FF4807018F0C0FE8742C1BF95F93E31B3FA83F39D
:208B80005B0985F83E3123E00EB100240BE009F1010464B24445F8DC0CBF0120002003E053
:208BA00076B14FFA88F40020C5F8044130B195F93D31012B04BF022385F83D31BDE8F88F9F
:208BC00009F1FF3464B2002CE6DAEAE70528C6D095F93E015FFA89F460B3002ED5D1013413
:208BE00064B244457DDBD34516D34FFA88F485F83E61304611E007EB82077A68120202F2D0
:208C0000FF7203EB22373FB2B7F5807FA8BF4FF4807727EAE777A9E70120D5F83C3123F0F2
:208C20007F4323F0FF03B3F5807FBDD1022385F83D31B9E7002EB4D1013C64B2002CB3DCB7
:208C4000BBF1000F4AD1012385F83E3195F93D31012B04BF022385F83D3196E795F93E01E9
:208C6000002395F8EF20A0B112B909F1010464B285F8EF30002E88D1444532DBD3454FF0F4
:208C80000100CAD34FFA88F485F83E6185F8EF00AFE71AB909F1FF394FFA89F485F8EF30EC
:208CA000002E7FF47EAF002C3FF77EAFBBF1000F14D1012385F83E3185F8EF30C6E708F165
:208CC000010018F017FE002E7FF45FAF44B2A04507DC18F0EDFD00F0010065E74FF0FF306C
:208CE00062E7304660E7D0F824312DE9F0411B010F4690F870100446154600F5A678C66EA5
:208D0000C0F84C31D1B1013902F108000DF00CF930446428A8BF642020EAE070C1B2404627
:208D2000F7F777F8D4F8503105EB8702E9191B119364002381F86830BDE8F081F1B2EEE729
:208D400038B5144642680D46D3B2012B40D012F0FE0F01D16BB338BD023B022BFBD80023BA
:208D6000B0F81C2180F81F314FF6FF739A4290F81E310CBF0122002280F8202130D1B3FA65
:208D800083F35B095B0043F0010380F81F31164B80F81E2190F81F1190F8EC20702000FBB0
:208DA00002300FF063FD04EB85032C44986402230BE004EB8102B0F81C314FF6FF712C44A3
:208DC000591A4B424B419364012384F86830C2E704EB8103D0F828210C449A640023F4E75F
:208DE000002BD4D00423D0E7F0E40120012905D10023C83000F8143C0EF06CBA7047012969
:208E000005D10023C83000F8143C0EF063BA704710B5044600F5847029F0C6F804F55870B7
:208E2000BDE8104029F0C0B838B50A4604460D46043002210DF08AF80123A4F8D85084F898
:208E4000D03038BD2DE9F34104460E4600F1F40500F2F477DFF83C80334633224146284698
:208E60000FF06EFE281F2989002205F5E0750190FFF7DAFF0198FFF704FBBD42ECD1D4F8A7
:208E80005432013BC4F8BC30D6E90030C01A02B0BDE8F081D82B0020F8B5D0F8C8300446FD
:208EA0000A4623B1C830BDE8F84029F031B84B88B3F5807F12D1D0F8B020B1F9043013448D
:208EC0004FF4E07283F30203C0F8B03002FB0303D3F85432013BC4F8BC303AE0B3F5007F71
:208EE00037D190F8B430D0F8B070002B43D04FF4E073D0F8C0507B43C118294491F8585233
:208F0000022D26D003F1F006032DB2F90420064420D0052D07D1317E032904D1317C032976
:208F200088BF02EAE27203F1F4002946204450F825301A440DF00AF828B14FF4E073012263
:208F400007FB0333E254052D09D82923EB40DB0707D4F8BD317C0329E5D1317EDFE7312D45
:208F6000F7D13046FFF78DFA4FF4E07303FB0747D7F85432AEE7B1F90410B430BDE8F840EB
:208F80000CF00FBF2DE9F8430F7804460E46032F0ED14B88022B0BD1D0F8B0004FF4E07396
:208FA00000224FF6FF7103FB0040F030FFF73CFFD4F8C85035B1314604F1C800BDE8F8436D
:208FC00028F0FABF022F58D17388013B072B17D8DFE803F01804162316161634D4F8B060AD
:208FE0004FF4E07505FB0640D0F81821F430013209210CF0ABFF18B106FB0555012363556B
:20900000BDE8F883D4F8B0604FF4E07505FB0640D0F81821F430013AEAE7D4F8B0304FF456
:20902000E072013303F00303C4F8B03002FB0343D3F85432013BC4F8BC30E1E74FF4E0733F
:20904000D4F8B010D4F8C02059436318134493F85832022B0AD1F03121444A68042ACFD048
:2090600004F1C800BDE8F8430EF0F4B894F8B43083F0010384F8B430C2E7032FC0D17388FB
:20908000042BBDD1D4F8B0304FF4E07204F1F4064FF6FF7902FB0343D3E93D78D4F8B030C6
:2090A000AB421ED04246012130460CF04FFF33689F4216D038460EF091F84168B36809FA3D
:2090C00001F19AB223EA01039BB20BB942F00102022130460CF03AFF3A46002130460CF01A
:2090E00035FF013506F5E076042DD7D188E72DE9F04F037E0D460446096890F810B02DED27
:20910000028B89B008EE102A90F8EB900593043BDBB2012B019370D90123059A93400B4206
:2091200014BF01230023BBF10A0F02930AD194F8C4200123013A93400B4214BF01230023D7
:2091400084F8E93004F1F40003900CF000FE029B3BB1238CBF4A0398D15C00294FD00CF0B7
:2091600004FED4F8F430DB070DD594F8E830227F0133DBB2934284F8E8304FF00003C0F0D8
:20918000738484F8E830019B012B40F27284029B002B40F06E840023029394F8C8004FF01F
:2091A000480ED4F8CC2094F8EB100228039308BF524201EBC10AA84B16BF52B24FFA82FCB5
:2091C0004FF0000C03EBCA0608BF00220EFB0133D4F8DC7006F1080A83F8430083F844C002
:2091E00083F84520ABF10703032B00F2AF82DFE813F018004A01A200DB01002393E7ABF1B4
:209200000403DAB2022AACD84B45A8BFABF103039945BEBFD4F8F43043F00203C4F8F4300F
:209220009FE74846F7F72FFC019B8146012B40F2FC8394F83810F8F78FFA94F8482094F8F5
:209240003C304AB105EB82025268120202F2FF7203EB223383F3080389F80130029B002BC2
:2092600062D04846F8F748FA94F85010804694F844B069B1013905F108000CF055FE58448E
:20928000C0B2782828BF7820012838BF01208346337AD4E909769BB394F84C1094F8403018
:2092A00079B1013905F1080003930CF03DFE039B1844C0B2792828BF79200228034638BF88
:2092C000022399F800205FFA88F807F140015046082A0BFB08F801EB5B0128BF082228FA5D
:2092E00002F8B8FBF3F203FB1288A1EB08010FF0EBF8A3680C2202FB063300EBC31713E0A6
:2093000094F838304FEACB1BABFB08B8C3F120022BFA03FB0C2308FA02F85E4348EA0B08CA
:2093200008EBC71707EBC617D4F8DC30BB4200F0ED823E4681E3019B012B40F27683636EAD
:2093400094F878101B0303F47F2841B1013905F108000CF0F0FD08EB001080F310081FFA83
:2093600088F8E36E94F880101B02A4F820814FEA1838A4F83E811FFA83F841B1013905F10C
:2093800008000CF0D8FD08EB001080F310084FEA282394F8841084F82631236F1B021FFA27
:2093A00083F841B1013905F108000CF0C4FD08EB001080F310084FEA282394F8881084F899
:2093C0002731636F1B021FFA83F841B1013905F108000CF0B0FD08EB001080F310084FEA18
:2093E000282384F82831029B002B9DD00123022104F5907084F83C310FF08CF894F87C1054
:20940000804694F8689069B1013905F108000CF08BFD4844C0B2782828BF7820012838BFEF
:2094200001208146337AD4E90967BBB106F140014FEA182801EB590109FB08F85046A1EBE1
:2094400018210FF041F8A36800EBC3100C237B4353E700BFF821002000200120062FC9EB89
:2094600009494FEA084818EE100AA8BF06274FEAD91927EAE771F7F7E5FFA9FB089840442F
:2094800000EBC6178DE0019B012B40F2CE82D4E94032A3F5F60313431FBF4FF4F6020023FB
:2094A000C4E94023C4E9442394F85C2094F854304AB105EB82025268120202F2FF7203EBE0
:2094C000223383F3080303F54073029A190443F3C033C4E94213002A3FF426AF94F8589081
:2094E000D4E94402D0F1807762EB420C7A4300FB0C22A7FB007002443F0E47EA0227121609
:2095000007FB03F801FB0288A7FB017188443F0E94F8601047EA08274FEA2868C4E946780B
:20952000C4E9447869B1013905F108000CF0FCFC4844C0B2782828BF7820012838BF01201E
:209540008146337AD4E9096B93B1A9FB07734036504609FB08333F0E06EB590147EA0327C6
:20956000C91B0EF0B1FFA3680C2202FB0B33C4E6BBF1060FC9EB094918EE100AA8BF4FF0AE
:20958000060B4FEAD9192BEAEB71F7F75BFFA9FB07974FEA196900EBC61049EA072900EBCA
:2095A000090787F31007BFE6019B012B40F23D82D4F8983094F8B410003B94F88C9094F859
:2095C000B08018BF012384F85A31D4F89C30A4F85E31002978D10FFA89F00B2894F8B8101B
:2095E00094F89090A8BF0B2020EAE070A4F84401002971D10FFA89F094F8C030A4F84601A6
:20960000002B77D10FFA88F8B4F9A010B8F17F0FA8BF4FF07F08B8F1010FB8BF4FF0010815
:20962000A4F8528104F5A2784046FDF70BF9D4F8A4104046013909B2FDF71FF994F8E9307E
:2096400033B1B4F84A31A4F84831002384F8E930029B002B3FF468AE94F85B31F3B14FF422
:20966000807094F8A890D4F8AC7018F043F9C0B2484513D2FFB2781C384418F03BF9D4F85D
:20968000A010C01B0144404609B27E29A8BF7E2121EAE171C4F8A010FDF7D4F84046FDF709
:2096A00038F894F8BC10804694F8949059BB0FFA89F9337AD4E90967C3B306F140014FEA4C
:2096C000181801EB6901B7E6013905F10800FDF7F1F8484400B280E7013905F108000CF079
:2096E00023FC484400B27928A8BF79200228B8BF022081E705EB83035B689B0103F2FF7305
:2097000008EB23387EE7013905F108000CF00CFC81440FFA89F9B9F1780FA8BF4FF07809B2
:20972000B9F1010FB8BF4FF00109C2E7062FC9EB094918EE100A4FEA0858A8BF06274FEA45
:20974000D91927EAE771F7F77DFE96E6039B002B00F06781636ABBF1030F94F9F22094F971
:20976000F17002EB0306A36A94F9F3801F44A368984422D805EB8B039B6A626908EE903A33
:20978000D3B20493049994F9F03084F8F02099421FBF0023C4F8EC3084F8EA30A4F8F230CF
:2097A000019B012B19D9CB4517D0049B013B032B13D8DFE803F051580C5FABF104039942B8
:2097C000D8BFABF1030305EB83039B6CD5E7494605F10800FDF77CF80644042F6FF0030340
:2097E0006FF00B0218EE901AA8BF042750469F42B8BF1F46B8F10B0F3346A8BF4FF00B0873
:209800000C2EA8BF0C2328EAE8789342B8BF13464FEAC81207930EF089FD94F9EA600C222B
:20982000019B3E440690012B02FB06F600EBC61600F2FD80D4F8DC20B24200F01381CB45C9
:20984000079B00F0EB80049A013A032A00F2E680DFE802F0A2BA1BD2494605F10800FDF72A
:2098600029F88044B9E7494605F10800FDF729F80744B2E7494605F10800FDF71BF8002128
:209880000246204622F049F9A7E7494605F108000493FDF71DF894F9F220049B824200F019
:2098A000BD80636A6FF00B0284F8F20003440C2BA8BF0C239342B8BF1346012202FA09F9EA
:2098C0006A6819EA020906D0059A042A0CBF4FF001094FF0FF39039994F9EA2084F8EA9051
:2098E000002900F0BC804FEAC81218EE901A50460EF01CFD06900C234F445F43069B03EB1A
:20990000C717D4F8DC30B34240F09380002694F8341004F1E008276B002900F0978001398A
:2099200005F108000CF000FB38446428A8BF642020EAE070C1B24046F6F76BFA18EE103A4A
:2099400005EB8302D4F8E4301B11936418EE103A1D44002385F86830029B23B9019B012B65
:2099600076D8002E74D0D4F8DC1004F5CE700CF008FA4FF0FF33C4F86031434BD4F89C2165
:209980009A428ABF414B00239B18C4F89C3109B0BDEC028BBDE8F08F494605F10800049380
:2099A000FCF788FF94F9F320049B824236D0A26884F8F30000EB0208B8F10B0FA8BF4FF04D
:2099C0000B0828EAE87878E7494605F108000493FCF777FF94F9F120049B82421ED0A76A16
:2099E0006FF0030284F8F1000744042FA8BF04279742B8BF174660E7494605F1080004936E
:209A0000FCF758FF94F8D0100246C4F8EC00204622F083F800230393049B4EE70022039269
:209A20004BE7019B012B3FF67FAC002669E737467AE4019B012B88BF3E46E36AC4F8DC60A3
:209A400001263B441B01C4F8E03060E7F9B272E70022012104F5B070F7F730FE8DE74A45B1
:209A60007FF449AF37464CE7019A012A3FF693AB0293D4F8EC20204694F8D01022F04DF8FC
:209A80000123FFF78ABB00BF59761F00A689E0FF38B504460D460022F030FFF728FB294658
:209AA00004F52C700122FFF722FB294604F58E600222FFF71CFB294604F5C6600322BDE8FC
:209AC0003840FFF714BB2DE9F84F074600263223DFF88CB107F1F4044FF0030A31462DED43
:209AE000028B9FED5D8BC0F8B060C0F8B860C0E92F36C83028F024FAA4F10409F5B22246E0
:209B000000235BF823100633B3F5997F42F8041BF7D13246032120464FF001080CF016FA2C
:209B20003246052120460CF011FA4FF0FF3384F8E750002504F1F000C4F8D03084F8CC8068
:209B4000A4F8D450C4F8D85084F8E45084F8E55084F8E650C4F8E85084F8ED5084F8EE50E7
:209B600084F8EF5084F8EC500CF0ECF84FF480320023D4F89C104846A4F81C51A4F820812E
:209B800084F83951C4F8305184F83851A4F84051A4F84281A4F84CA1A4F84E81A4F85A51B6
:209BA00084F8568184F8578184F85881C4F8505184F85451C4E93F23C4E9432347F6A673B3
:209BC0000AB2A4F81E314FF07F43A4F84621C4F834317F23A4F844212A4684F8223184F85B
:209BE000233184F824310D23A4F82631D4F8A030013B9BB2A4F84A310B444146A4F84831F6
:209C000084ED418BC4E94A5584F8555121F085FF4846C4F85C51FEF734FC04F5D270C4F8F1
:209C200098511422294604F5E07424F099FE4FF4E07344F8245C03FB06734644042EC3F85E
:209C400094527FF459AFD7F85432BDEC028B013BC7F8BC30BDE8F88F999999030000000037
:209C6000D82B00202DE9F7430E4600F1F00500F5FE642227DFF83480DFF83490A54202D1B7
:209C800003B0BDE8F08395F8EB3000216A6805F5E07507FB0360013358F8222000F5C670B9
:209CA00000924A461CF0A6FFE8E700BF589F2060AAD90020B0F5705F38B50D460146A8BFC7
:209CC0004FF470514FF4C0640C23284621EAE171B1FBF4F46343A1EBC31141F35811C1F136
:209CE0003C0120F057FD204638BD2DE9F04186B004460D4600F5D07001A9DFF840810CF0DB
:209D00002CFB6E1CD4F86011062394F89F713046090F5F431CF080FF207C3F0AC31F032BE0
:209D20006BD8DFE803F002565A5E94F8EB00F6F7AAFE94F83820416805F11F001CF05AF909
:209D400005F11A0E3C234FF0010CD910D8F8000003F00702043B0EEBC1110CFA02F20C2B4A
:209D6000445C42EA04024254EFD101980CF0DEFE3A4631463E44FFF79DFF02980CF0D6FED5
:209D800031460622FFF796FF03980CF0CFFE0622B118FFF78FFF04980CF0C8FE06F10C015E
:209DA0000622FFF787FF05980CF0C0FEC7F1060206F11201FFF77EFFC0F10F001E4B02221E
:209DC000810005F11C00013920F098FB06B0BDE8F0812022D4F81011AEE70822B4F82A1172
:209DE000AAE705F10803B4F94801C8F804300423C8F8083020F0E4FEA2E7D8F8002005F167
:209E00000F04135D43F010031355F7F74EF918235843022300F2FF700013002805DA4242E2
:209E20000621204420F0DEFD8AE714BF0246012206212046F6E700BF8A330020E4300120C2
:209E400010B504460021F030FFF74FFF04F52C702021FFF74AFF04F58E604021FFF745FFD7
:209E600004F5C6606021BDE810403EE738B504460D46032A0AD8DFE802F0020D151D0A4645
:209E8000043009210CF080F8A4F89450012384F8803038BD0A4604300A210CF075F8A4F877
:209EA0009650F3E70A4604300B210CF06DF8A4F89850EBE70A4604300C210CF065F8A4F8D5
:209EC0009A50E3E72DE9F843DDE908980F46044641461546FEF776FBB8421E460CD120468F
:209EE000FEF77EFB904207D1D4F8AC30B34203D1D4F8B0304B4561D038460DF06FF94FF644
:209F0000FF734268934035EA030308BF45F00105B8F1020FC4E92B692A4604F104041AD0D9
:209F2000B8F1030F28D0B8F1010F36D10A2120460CF02AF83A46414620460CF025F8324601
:209F4000052120460CF020F84A4612212046BDE8F8430CF019B80B2120460CF015F83A4670
:209F6000414620460CF010F83246062120460CF00BF84A461321E9E70C2120460CF004F8CD
:209F80003A46414620460BF0FFFF3246072120460BF0FAFF4A461421D8E7092120460BF052
:209FA000F3FF3A46002120460BF0EEFF3246042120460BF0E9FF4A461121C7E7BDE8F8834A
:209FC0002DE9F04F8FB0D0F8D450044688460D93013590F8403005920893043B0A68DBB2AB
:209FE000C0F8D450012B01934DD9012308998B40134214BF0126002604F1E00002900BF038
:20A00000A6FE02982EB1B4F84430AA4AD15C0BF0ACFED4F8E03013F001030B930BD00023BE
:20A02000C4F8D850C4F8D430012384F881304FF6FF73C4F8C430A26B5AB3059B2BBB9E4B3B
:20A040001B78362B23D89D49180101EB03130958DB688968194214BF0123002394F9B910B0
:20A0600084F8B9308B4294F8BA30BCBF012184F8B8109BB1002384F8BA30636AC4F8B43015
:20A08000C4E928330AE00026B6E78D4BD8E70023E4E7636AD4F8B4109942EFD194F9B83019
:20A0A000B3B1D4F89C300132013393FBF2F1C4F89C3002FB1133626A1344032BC8BF043BEC
:20A0C000C4F8A030002384F8B830012384F8BB30019BD4F8C010012B0B9B98BF01230293C8
:20A0E000E36D0C939DF830300393029B002B00F07782D4F83CA0A26E5FFA8AF30993D3B286
:20A100000793059B0799002B94F9CE300CBF012603268B420AD00023C4F8BC3084F8CC30AA
:20A1200084F8CF30A4F8D03084F8D230D4F8A030204694F9D2B084F8CE209B445946C4F8D5
:20A14000B4B0C4F8A4B0FEF75DFA94F9D15005442046FEF765FAA36D94F9CF9094F9D070C5
:20A160009944019B0744012B22D9079B013B042B15D8DFE803F00355646B5C00314608F14D
:20A180000800FCF79EFB0BEB00012046C4F8A410FEF738FA05462046FEF742FA074694F87C
:20A1A000BB302BB1012384F88030002384F8BB30D4F8A430002B50DA0023C4F8A430B9F1AC
:20A1C000040F6FF0030394F8A4202046A8BF4FF0040994F880109945B8BF99460B2D6FF0B7
:20A1E0000B03A8BF0B250C2FA8BF0C2725EAE5759F42B8BF1F46D4F8BC3021F04DFC1AF0A3
:20A20000FC0314BF06F1FF32099A08EB8202926A049233B3099B042B54D04FF0000A28E06A
:20A22000314608F10800FCF745FB0544B7E7314608F10800FCF73EFBC4F8BC00AFE7314663
:20A2400008F10800FCF73DFB8144A8E7314608F10800FCF72FFB0744A1E7032BAFDD032336
:20A26000ABE73B46EA01049904F1EC000EF05EF8824694F9CC3003EB090B0A930C2303FBF1
:20A280000BFBD4F8C03006930AEBCB1B019B012B00F24D81069B5B4500F04B81079B013B25
:20A2A000042B00F23F81DFE813F0690000011A01E5003301F8210020DC0501209003002067
:20A2C000DE050120019B012BA7D994F874C094F86C2094F87000BCF1020F94F878109346B3
:20A2E00003468A4611D0BCF1030F3FD0BCF1010F17D104983F3001EBA01109B27829A8BF86
:20A3000078210129B8BF01218A460499FF3102EB212212B2202AA8BF2022012AB8BF012298
:20A32000934604F598705FFA8BF10A930690F7F713FA0A9B069884F8313184F838B1F7F7CC
:20A34000DBF994F83031C0B207F14001082B0AFB00F001EB6A0128BF0823D840091A04F1D0
:20A36000EC000EF0B1F800EBC51A82E7049B0F3300EB23131BB283F30803D2E7314608F19E
:20A380000800FCF79EFA94F9D230834200F0CA80D4F8A430C31869D50023C4F8A43001230C
:20A3A000D4F8A41084F8D2002046FEF72BF905462046FEF735F9074684F8BB3094F8BB3051
:20A3C00053B1D4F8BC30012194F8A420204621F063FB002384F8BB30013E0123F6B203FAE8
:20A3E00006F6D8F804301E4005D0089B042B0CBF01264FF0FF36029B84F8CC60002B00F092
:20A4000079813B46EA01049904F1EC000DF08EFF82460C2306EB09015943039B022B0AEB80
:20A42000C11140F08280069B5B1A18BF012384F881309DF83030C4F8A850012B7BD0022B8D
:20A4400000F08580002B40F09580099A042A40F0918094F87C20012A00F0BC80022A40F0AA
:20A460008980069A914240F085806DE0032BC8BF032392E7314608F10800FCF729FA94F96F
:20A48000D020034682424DD0D4F8A4102046FEF7C7F8C7186FF00B0284F8D0300C2FA8BF9F
:20A4A0000C279742B8BF174688E7314608F10800FCF700FA94F9D1200346824232D0D4F88F
:20A4C000A4102046FEF79EF8C51884F8D1300B2DC4F8A850A8BF0B2525EAE5756EE73146C5
:20A4E00008F10800FCF7EDF994F9CF30834219D0A36D84F8CF0000EB03096FF00303B9F1E7
:20A50000040FA8BF4FF004099945B8BF994655E7314608F10800FCF7CDF90123C4F8BC0038
:20A5200084F8BB300023029348E700237FE759467FE706997DE794F9CC30626E4B441344FD
:20A540000C2253430AEBC313C4F8C43012E094F881307BB10023626E84F8813094F9CC30B8
:20A560004B4413440C225343D4F8C82002EBC312C4E9312A019BD4F8C000012B33D8BBEBAE
:20A58000000018BF012098B101225F4B1A60019B934288BF8B469342C4F8C0B008D8039B2B
:20A5A00033B94FF6FF73C4F8C430039BC4F8D430039AD4F8C430002A40F09380002B4BD0DA
:20A5C000B4F960308BB9019B012B4FF001037DD8039D0EE0D4F8343113F00103CAD1B3E79F
:20A5E000DDF808B0C6E7081ACBE7A3F1FF067542754194F8CD20D4F8D4609A4200D19EB9CA
:20A6000055B94AF6AB2232FB03F202F30F0202EB0312C4F8DC2007E0D4F8D820FF2B4FEA2F
:20A6200052074DD1C4F8DC7084F8CD305DB9D4F8D850D4F8DC206B08B2EB550F24BF43F0C6
:20A640000103C4F8DC30D4F8DC30B34294BF00234FF6FF73C4F8C430D4F8C4304FF6FF720E
:20A660009D1A01226B426B410D9D08EB8505AB640D9B434483F86820059B08EB8303996429
:20A68000059B9844002388F868300B9B1BB9019B012B28D838B304F5B0700BF072FB4FF016
:20A6A000FF33C4F82C31194BD4F860219A428ABF174B00239B18C4F860310FB0BDE8F08F11
:20A6C0001A0232FB07F202F30F02A2E794F840209340D8F8042013424FF6FF7308BF002300
:20A6E000B8E70022C0E70022012104F59670F6F7E5FFD8E70A9BB3427FF48BAE039B59469C
:20A700009A1E5342534192E61811012059761F00A689E0FF70B504460D4602230022EC3075
:20A72000FFF74EFC294604F51B7003230122BDE8704045E401EB4202012330B555880246C1
:20A7400091F9004000F120010370002322F8023F2B448A429BB2F9D1012380F82340437028
:20A7600030BD83682DE9F04FDAB2D0F854905BB2D0F8FC704FFA89F68A46013790F8F510D6
:20A78000072E04462DED048B8BB0C0F8FC70D4BF4FF000084FF0010805934368039208939D
:20A7A0009DF92030079321F0F7F9059B022B64D0DAF80050002B5DD005F00405003D18BF8B
:20A7C0000125072E0FDC04F5AA7004900BF0BFFA049825B1A389AD4AD15C0BF0C6FAD4F88F
:20A7E000545105F00105059B012B48DC25B994F8F630059A934245D0A54B4FF0010B059AD6
:20A8000053F83230C4F81031B4F80C31013BA4F80C31039B072E84F8F63000F3AA8094F872
:20A820007410636981BB5BB2039394F82C2103999DF80C308A4284F82C3134D0039BD4F890
:20A840001021132B69DDD4F814314FF0404BA3FB0B3B904B039903EBC10353F8A03CA2FB97
:20A8600003236FF07042C4F81431A3FB0232C4F800211BE005F00105A0E70025A1E74FF088
:20A88000000BC6E7AB46C4E701390AF108000393FCF710F8039B184440B21A28A8BF1A20C7
:20A8A00020EAE073C0E7BBF1000FC7D1D4F8143113B90123C4F8143194F91010012913DC79
:20A8C00094F8F83083B9DAF8043091BBC3F3400394F8F72084F8F7309A4281BF0022A4F81D
:20A8E0000C21012284F8F82094F8483123BBB4F90C310398D4F814211328A4F80C3134DCE7
:20A900004DB1002B1ADC644B034493F8183EA4F80C31C4F8FC20284613E003995F4B03EBFB
:20A92000C10353F8083CA2FB03234FF0000B9B0197E7C3F3C003CBE70023DAE70020A4F8D2
:20A940002201D4F8FC20D4F814319A4200D340BBB8F1000F00F09381002D36D103390329D9
:20A9600050D8DFE801F03CA1B1B5002DD1D10120E7E70B2E0CDC6DB1D4F810310027C4F8C7
:20A980001431C4F8FC70BB46384639460397D8E70027F8E7A8462846AB462F462946039524
:20A9A000CFE7B8F1000FD7D1D4F80031C4F8FC80BB4205D85F45CFD294F8F830002BCBD1B2
:20A9C0000BB0BDEC048BBDE8F08F94F84831002BC4D0002384F84831C4F80431BEE7304B73
:20A9E0001B78362B72D82F4A190102EB03135258DB6892681A4214BF0123002383F00103AF
:20AA0000002BDDD194F8901041B301390AF10800FBF750FFA58D0FFA80F8E769B8F1000F04
:20AA200008D038460CF0DAFB4246416828460CF02DFC0546B4F84431AB420FD00023384652
:20AA4000C4F8407184F8F530A4F844510CF0C6FB2A46014604F5F470F5F701FF94F8F83046
:20AA60005FFA89F994F94080049394F93331434537D094F8EE307BBBA9F10403022B01D810
:20AA800084F83281012304932BE000BFF821002090E801209833002058260020D83300207C
:20AAA000DC05012090030020A74B1B78362B11D8A64A190102EB03135258DB6892681A42C2
:20AAC00014BF012300239BE7A14B89E7002395E79F4BEAE7002393E7072E02DC012384F8D4
:20AAE0003D3194F93D3184F83381012B2CD194F9328194F88C10B1B301390AF10800FBF799
:20AB0000E0FE40444FFA80FB8BF3020894F8A4702FB1791E0AF10800FBF7DAFE47B2B9F100
:20AB20000F0F24D8DFE819F02100D600D600D6001801180118012800600160016001600191
:20AB4000A801A801A801A801022BD2D1002384F83D31A9F10403022B4FF0010398BF84F890
:20AB600032810493C5E78B46D0E784F832810025B0462B462A4637E000235FFA88F12046BA
:20AB800084F83D31FDF724FBC51994F932316DB2102DA8BF1025022DB8BF0225434507D1C5
:20ABA00094F93431AB4203D194F847319E420BD020464246FDF71DFB94F8EC1003460095C3
:20ABC00004F5B070FDF7ACFA049B84F8328184F8345113B10023A4F8603107234FF0FF383F
:20ABE00084F8473100231A464FF00109B8F1070F94F832B124DC59462046FDF7E9FA38440F
:20AC000045B22FB1102DA8BF1025022DB8BF0225D4F80411002980F283810021C4F8041145
:20AC20000499681ED2B20191DBB200925146C2B22046FDF76FFF003818BF012084F8F0004D
:20AC40005946204684F82EB1FDF7D3FAB8F1070FA4F8300184F8345100F07281D4F8043162
:20AC600080B2184140F30003C707A4F8223103D5B9F1000F40F06B81002384F8F830079B40
:20AC8000012B3FF49DAEB4F81C31002B3FF498AEB4F91820002A40F0EC83039B132B00F3F0
:20ACA00015840B2E00F31284059B002B40F04584284B1B78362B00F23884244A190102EBEB
:20ACC00003135258DB6892681A4214BF0123002300F02CBC94F8F050D4F8383115B301332C
:20ACE00020469E42B8BF0023C4F838314344DAB25BB2032BC8BF131F84F83231012394F8B9
:20AD00003211FDF765FA514602462046CDE900930023FDF7FFFE049594F938313246B046FE
:20AD2000002561E7BBF1000FF6D094F832315B445BB2002B02DA84F83251EDE7032BC8BFFB
:20AD4000032384F83231E7E7DC05012090030020DE050120B936012094F8EC2084F847916B
:20AD60005ABB724B1B78362B0AD8714A190102EB03135258DB6892681A4214BF01220022F8
:20AD800094F93C319A421EDAD4F83831A9F1030901335FFA89F94B45C8BF0023C4F838319C
:20ADA0004344D9B25BB2032BC8BF0B1F84F832310123049384F83C21D9E65E4B1B78362BC6
:20ADC000D3D90022DCE7BBF1000FF3D094F832315B445BB2002B03DA002384F83231E9E7EF
:20ADE000032BC8BF0323F8E75FFA88F12046FDF7EFF9C51994F934316DB2D4F85CB0102D81
:20AE0000A8BF1025022DB8BF0225AB4207D194F846319B4503D194F847319E420AD005EB9F
:20AE20004501454B5FFA8BF204F50A7003EB4101FFF780FCA6F1080304F50A7084F832810D
:20AE400084F8345184F846B184F84791BBF1000F0AD10AEB830399680BF0C4FDB046002343
:20AE6000C4F804011A46BFE6344A40F6FF7152F82330A1EB1321EFE75FFA88F12046FDF789
:20AE8000A7F9C51994F934316DB2D4F85CB0102DA8BF1025022DB8BF0225AB4207D194F854
:20AEA00046319B4503D194F847319E420AD005EB4501214B5FFA8BF204F50A7003EB41018E
:20AEC000FFF738FC04F50A70A6F10C0384F8345184F846B184F8328184F84791BBF1000F7D
:20AEE00012D10AEB830399680BF07CFDD4F80831C4F8040183424FF000030DD0B046C4F823
:20AF0000FC30C4F80801ADE70C4A40F6FF7152F82330A1EB1321E7E7B0461A46994665E605
:20AF2000A942C8BFC4F804517AE600BFDC05012090030020DE050120843400200C2301208E
:20AF40004FF6FF73A4F822310023C4F804314FF6FF7394F88010256AA4F81C31002940F093
:20AF6000DB806BB294F878100493002900F0DC8001390AF10800FBF7ABFC6FF00B0340B204
:20AF80000C28A8BF0C209842B8BF184608EE100A94F88410656A002940F0C9806BB20693E4
:20AFA000072E049B03EB43054FEA452500F0CC8094F8EC3094F804219B00DBB25B4402EB9B
:20AFC0000313CB4A32F913302B44C4F8243104F5F473D4F8241108EE903A069BDB0118EEB4
:20AFE000900A09EE103A18EE103A19EE102A0DF09DF9D4F8C03094F8EC9003F10108D4F8C5
:20B00000C83006905F1CD4F8D0304FEA0848C4F824015D1CD4F8D4303F0401332D044FEAC7
:20B0200028281B043F1208F1FF381B122D12013F013B1FFA88F8013DBFB21FFA83FB079BB7
:20B04000ADB2023B022B5BD894F9A81031B101390AF108000AF06FFF08EBC00894F9AC1024
:20B0600031B101390AF108000AF065FF07EBC00794F9B01069B101390AF108000AF05BFFA2
:20B080004FF6FE7305EBC0059D42A8BF1D4625EAE57594F9B41031B101390AF108000AF0C9
:20B0A0004AFF0BEBC00BD4F8DC3094F8B8105B029BB289B101390AF1080009930AF03BFF69
:20B0C000099B4FF6FE7203449342A8BF1346B3F5807FB8BF4FF480737021854AC3F3462368
:20B0E00001FB0922D4F8E01082F85214D4F8E41082F85314D4F8E81082F8503482F8541448
:20B100009DF82030013B032B3FF6B6ADDFE813F0F20026014D01860101390AF10800FBF761
:20B12000D0FB284443B21DE708EE101A30E701390AF10800FBF7BEFB284440B20B28A8BFC8
:20B140000B2020EAE0732AE794F89810676E00294DD17FB207F1010894F89410D4F86090E8
:20B160004FFA88F884F8668100294DD14FFA89F394F965219A4204D0012B5BD052DC002B24
:20B1800054D094F8629184F86531B9F1000F00F0AB80B9F1010F4FD1B8F1010F4CD1002353
:20B1A00084F8613184F8633194F8612194F9633103EB430104EB8203D3F8683103EB4123E6
:20B1C00094F864110A4484F8612194F86021013284F860211D446FF07F439D42C4F8245153
:20B1E00002BF0023A4F82231A4F81C31EFE601390AF10800FBF765FB07447FB2042FA8BF19
:20B20000042727EAE777A5E701390AF10800FBF758FB00EB09035BB2042BA8BF042323EAB8
:20B22000E373A5E79A1ED2B2012AAAD8012284F86421A6E7FF22FAE7032B3AD009F1FF302F
:20B24000A9F1020140B249B294F96121914501DD002A0CDA94F9642194F863C1002A9444CD
:20B26000D4BF0246002284F863C184F8612194F96321904501DD002A96DA94F96421002A99
:20B28000D2B2D4BFBC464FF0000C022B84F863C18AD1524252B2002A84F86421D5BF8C46F9
:20B2A0004FF0010C3A46002284F861C184F86321CAE716F0FDFA4FF6FF7394F96621B0FBDE
:20B2C000F3F3C3EB0343C01AC3B2C0F3072093FBF2F102FB113384F86331B0FBF9F309FB0E
:20B2E000130084F861015FE76FF07F4372E700BFF0E00120A56A049B94F888101D44EDB21B
:20B3000031B101390AF10800FBF7DBFA2844C5B26DB2072E05EB45054FEA45251BD094F8BC
:20B32000EC3094F82E219B00DBB2134494F8042102EB0313844A32F91330591918EE103AE5
:20B3400019EE102A18EE900AC4F828110CF0EEFFC4F8280190E406992944EFE770217A4B9D
:20B3600000207A4D01FB09F15A1803F580630B44C2F80054A2F85A040225A2F80404A2F8EB
:20B380001084A2F81274B3F856101986D96D19624FF40031C3E91251D4F8C43082F8563441
:20B3A000D4F8CC3082F8573466E47021664A02206D1001FB09F1531802F58062A3F85A0463
:20B3C0000A446248A3F80454C3F800040020A3F81084A3F80604A3F8127493F85804A3F82C
:20B3E00014B4B2F85610118683F83204B3F86014D06D10620320A3F824144FF40031C2E94A
:20B400001201D4F8C42083F85624D4F8CC2083F85724D4F8D82083F858242DE470214A4AD5
:20B4200002206D1001FB09F1531802F58062A3F85A040A444548A3F80454C3F8000400208D
:20B4400093F85854A3F80604A3F81084A3F81274A3F814B4B2F85610118683F83254D16D77
:20B46000B3F8605411623A49A3F82454C2E91210C7E7A2F1FF035942594194F87C3083B1B3
:20B480000AEB83035B685B0203F2FF7302EB23331BB2F1B9FF2BA8BFFF23012BB8BF012376
:20B4A0001A4694F82D31D4F8FC50934200D1F5B909B10B2E13DD4AF6AB2333FB02F303F3CC
:20B4C0000F0303EB0213C4F8183110E0FF220121D3E740F2C7129342A8BF1346DDE7D4F835
:20B4E0001401FF2A4FEA500019D1C4F8180184F82D2159B9D4F81421D4F818115308B1EBFD
:20B50000520F24BF43F00103C4F81831D4F81831AB420FD80023A4F81C31FFF751BA1302A0
:20B5200033FB00F303F30F03CDE7059B83F00103002BEFD04FF6FF73EDE7064B1B78362B5D
:20B540007FF6BBAB1346F1E7F0E001200000FF7F03000200DD050120F8B5254F0C46254B85
:20B560000546D7E90026D3F8B8070132D3F8BC1700F1010046F100060131C3F8B807C3F8A9
:20B58000BC17C7E900262268D60741BF0026C3F8A007C3F8A467C3F8B867520705F5847626
:20B5A00005F5587542BF00221348C0E902122146304648BFC3F8BC27FFF7D3F82146284671
:20B5C000FFF7CFF8224630460021FDF78CFB224628460121FDF787FB224630460221FDF7D1
:20B5E000AFFB224628460321BDE8F840FDF7A8BB18100120F0E0012090E80120022A00F183
:20B60000040007D0032A08D0012A0A4608D10C210AF072BC0A460D21FAE70A460E21F7E7E5
:20B620000B21F5E713B5044680F8F4200AB1A0F83011636D072B10D194F832112046FCF7C5
:20B64000D8FD034620460A46FCF7C2FD94F8EC10009004F5B070FCF763FD02B010BD416AB6
:20B6600038B5044600F5A07503291FD8DFE801F00212161A00F24112002384F840312046AF
:20B68000FCF7A0FF04282ED0032929D8DFE801F0101F222500F241120123EEE700F2411210
:20B6A0000223EAE700F241120323E6E72A46E6E71346092203F8012B0D221A7008225A70C7
:20B6C0001A1D03290ED8DFE801F02E33373B13460A22EFE713460B22ECE713460C22E9E78B
:20B6E0001346E9E79A1C152313700E23537094F83C30042B28D0911C19230B700F234B704C
:20B7000094F84030032B97BF10228B1CCB1C8A7016221A70E26D42B3013A012A20D89A1CD5
:20B72000182159701DE0042199701121D970DAE7052199701221F9E7062199701321F5E71E
:20B74000072199701421F1E71D23D11D93701A23D3701B2313711C2353711E239371CBE73E
:20B760005A1C521BC4F83C2138BD9A1C1721D8E72DE9F74F064600271E23DFF844A106F168
:20B78000F004C0F8B070C0F8B8700121C0E92F37C83026F0D5FBA4F10409224600235AF86F
:20B7A00023100633BA2B42F8041BF8D17A000E212046002501920AF0E7FB019A0F21204642
:20B7C0004FF0FF380AF0E0FB4FF6FF734FF0010B04F1DC00A4F89230642384F87CB084F842
:20B7E000C9304FF47A73C4F88080A4F89080C4F88480C4F88880A4F89480C4F88C80A4F820
:20B800009680C4F8C45084F8C850C4F8985084F8B65084F8B45084F8B55084F8B750C4F848
:20B82000B85084F8CB5084F8CC5084F8CD5084F8CE5084F8CA50C4F8D050C4E92F55C4E94E
:20B840002755C4E92955C4E92B55C4E935330AF079FA04F1E8000CF02FF82B462A46594612
:20B86000484620F019F94846C4F82851FFF7F7FE102304F5B470C4F8308184F82C31802331
:20B88000C4F85C51142284F82D312946A36E04F5C07404F84C3C23F063F84FF4C07344F8DE
:20B8A000205C03FB0763C3F854523FB1D6F828324344C6F8BC3003B0BDE8F08F5F466AE72D
:20B8C000A0300020F8B5044600260B460D4604F1EC071F221A49F0300DF032F931463246F4
:20B8E00038460136FCF77CFE01463846FEF7BEFA042EF3D13846002604F51B77FFF7AFFEEC
:20B900002B461F220E4904F51C700DF019F93146324638460136FCF763FE01463846FEF7D8
:20B92000A5FA042EF3D13846FFF799FED4F82832013BC4F8BC30D5E90030C01AF8BD00BF21
:20B94000A03000202DE9F04F00258DB00446914E2F46A8464FF00C09D4F864222B0109FBDE
:20B9600007FA09FB08FB0AF1030070600BF10500B060D35C884AD05C1BF07AF9D4F80C332A
:20B98000AB4206D14B464A460BF1020150461EF025FF042F05F1010513BF013708F10108C0
:20B9A0000027BFB208BF1FFA88F8192DD2D194F863120C2794F85F020A23794378431A4681
:20B9C000033101301EF0ACFF94F81033002B55D00AF084FA71481FF0CBF80525D4F80C0322
:20B9E0004FF03E0A4FF0650B90FBF5F001301FF0E7F82C201BF03CF9D4F80C0390FBF5F5A6
:20BA000005EB8505401B01301FF0DAF8D4F80C33D4F8647204F54A7094F8289307EB03178C
:20BA2000D4E9CD83A8EB03050AF077FC064607A82C460F25F5F72AFDA642594B02DA0DB018
:20BA4000BDE8F08FA045CDF828B007A80CBF012200228DF81C200CBF4A4600228DF81D2081
:20BA60007E220B921822CDE908A502FB043257F824100C350134F5F71FFDDDE703AD4FF005
:20BA80000109DFF820A103A904F51B7094F87082FBF724FF0AF022FA55F8043F09F1010997
:20BAA000783393FBF7F207FB12335AF823001FF05FF87368B9F1040F03F103037360EBD121
:20BAC000B8F1000F5ED12B201BF0D2F80F2604F54570DFF8D4A0DFF8D4B00AF01EFC8146FB
:20BAE00007A894F81483D4E9C875F5F7CFFC7D1BA945A4DBAF424FF065020CBF0123002315
:20BB00008DF81C300CBF43460023012D8DF81D304FF03E03CDE908364FF07E03CDE90A23C6
:20BB200004F1B00353F825104FF0180303FB05A32ADC00298C4601F00702B8BF01F1070C66
:20BB4000484200F0070058BF42425FEAEC0C0BEB8202D2F8AC2E106801909288ADF808207A
:20BB600001F0070200D11AB90CF1300C8DF804C0602207A80A920A4601A9F5F729FD0C368A
:20BB80000135B5E72D209FE71A4607A8F5F794FCF5E700BFE430012038220020B2D9002080
:20BBA00040220020E81A0020A0220020582600202DE9F04F044693B0412606252746DFF8A9
:20BBC000E4914FF00208F5F7B3FB00900AF046FA202100980BF0E3F93046C9E901581BF007
:20BBE00047F8D9F804300233C9F80430D7F8180108B11AF045FAD7F85012681F20350136A9
:20BC0000090F07F5E0771BF007F8862DF6B2E3D1D4F8B0000AF0B2F94FF4E073D4F8B0600D
:20BC200004F1B4010AA85E430AF082FB05A806F1F00806F1F40A2644F5F728FCA044A244BB
:20BC4000DDE90F239A4209DDD4F8C8301BB104F1C80026F095F913B0BDE8F08F05A90AA8F2
:20BC60000AF0CAF830444C4D182290F858325AF8237002FB0355052B7BD8DFE803F0037ABB
:20BC80001D377A2C05A8F5F7CEFC9DF8153053B12B463A46079906200BF053F9D9F8043066
:20BCA0000633C9F804303D4B53F827001EF060FF05A8F5F7B3FCC3E7D8F804000BF08EFAA6
:20BCC000B6F8C811426807981AF005FA294605A81AF0F4F9B4E798F81030032B56D903238A
:20BCE0002A46394605A8F5F745FCA9E7D8F81030DAB2062A18DC13F0FC0F37D0284B96F815
:20BD0000DB1118681B79039005A88DF81030131F8B4203A9A8BFD31E3A4641338DF80F3063
:20BD20002B46F5F755FC8BE7072A1FD1D8F83820079912F0F00FD3B296F8DB010CBF03EB51
:20BD4000430B4FF0300B01930091F4F79CFE019B4268802000990AF06BF8CBF17F032A46E7
:20BD6000394605A808930BF003F969E798F81830B3E7302B08D80C2B02D8063B012B05D8AD
:20BD8000069B0233069301E0322BF9D02A46394605A8F5F791FB53E7D82B0020ACA12060EF
:20BDA000EFD90020E43001201620704738B50222002314210446C0F81C2280F80C32C0E971
:20BDC000852100F1B002224850F8231006337E2B42F8041BF8D109230025102204F59C70A9
:20BDE000C4F804314FF466432946C4F80C51A4F80851A4F81051A4F82251A4F82451C4F810
:20BE00005C5184F85851C4F8E851C4F82651C4F82A51C4F82E51C4F83251C4E9453541F21D
:20BE20001333A4F81C31132384F81E3122F098FD8022294604F5B070C4E9785522F090FDE8
:20BE40004FF44073C4F8F451A4F8F83138BD00BFF0640020012904BF002380F8103270477D
:20BE600009207047704702780A2A0CD80123934040F2B672134208D113F0490F14BF0120CB
:20BE8000002040007047002070470420704750F8210030B5441E0A2C24D8DFE804F0060630
:20BEA0000606102424242C343C000F3932F9211053F8202002EB011243F8202012E00F397A
:20BEC000586832F9214000EB04105860986832F9214000EB0410986032F921101A6902EB10
:20BEE00001121A6130BD0F3952F8211053F8202002EBA112E0E70F3952F821105A6A02EB9E
:20BF0000A1025A62EEE70F3952F821109A6A02EB41129A62E6E70F3952F82110DA6A02EB29
:20BF20008102DA62DEE7002300F5BA7180F87431052380F87531062380F87631037E10B549
:20BF4000002B4FD100F277120A23137090F82830002B53D1531C1B22163303F8162C1C22CC
:20BF600003F8152C1D2203F8142C1E2203F8132C1F2203F8122C202203F8112C0F2203F871
:20BF8000102C102203F80F2C112203F80E2C122203F80D2C132203F80C2C142203F80B2C5D
:20BFA000152203F80A2C162203F8092C172203F8082C182203F8072C192203F8062C1A223D
:20BFC00003F8052C212203F8042C222203F8032C232203F8022C242203F8012C5B1AC0F850
:20BFE000703110BD072300F5BD7280F87731082380F87831092380F87931A5E70C230E24DE
:20C0000053700D23D4709370131DA4E74FF48470704750F82100032810B510D0052810D0F7
:20C0200060B10D2406390138C4F1100452F8211053F82020A1400A4443F8202010BD0C24D0
:20C04000F0E70E24EEE72DE9F74F90461A460378044645690E461B02062101350C9FFF3352
:20C0600001922D044FF00B0B436603792D121B02013DFF334567714D8366037A1B02FF3397
:20C08000C366037B1B02FF33036700F16403FFF7C0FF019A07212046FFF7BBFF019A082196
:20C0A0002046FFF7B6FF019A09212046FFF7B1FF606E80F310006066C043A26EC0F3072E8C
:20C0C000E36E82F3100205EB4E05A2665FFA80FE94F810A0B5F8F89192B2B5F8FA51524323
:20C0E000616FA5EB090583F3100C0EFB05F540F6FF7EC4F86CC009EB25204FF00109150DFE
:20C10000236FAEEB1252D4F828E009FA0AFA80B262634B4A83F3100302EA8C3CBEF100023B
:20C120002367A3F5004318BF01221AEA080F1BB2206384F8582018BFC846726808BF4FF07C
:20C14000000881F310011AEA020F4FEA03136167C1F3072114BF4A46002208FA09F8C4F806
:20C1600038C084F86020374AE363D2F800A0364A216512680BFB07223AF81220D2431FFA59
:20C1800082FA91B1626D91420FDC002184F859906165002184F85910BEF1000F46D02364A7
:20C1A0004FEAEC73C4E912C306E0B8F1000FF0D194F859100029ECD1236C1B1AD4E9120197
:20C1C0002364181841EBE3710128C4E9120171F100010BDA616D00201B13013161650021C2
:20C1E000C4E91201A5F6FF714B4323644FEACA320023D4E91201824273EB010107DAA5F697
:20C20000FF75C4E91223236C1B136B43236406EB87023E44D4E91231DB0B43EA414393644C
:20C22000022386F8683003B0BDE8F08F216C19449942D4BF21642364BEE700BFF0640020B0
:20C2400000C0FF3FB4360120D805012024207047012904BF002380F8C0307047002300F199
:20C26000A80280F8A830012380F8A930022380F8AA30032380F8AB30042380F8AC300523BC
:20C2800080F8AD30062380F8AE308369C3B900F1AF030D21063303F8061C0E2103F8051CF0
:20C2A0000F2103F8041C102103F8031C112103F8021C122103F8011C9B1AC0F8A43070475A
:20C2C000072100F1B50380F8AF10082180F8B010092180F8B1100A2180F8B2100B2180F889
:20C2E000B3100C2180F8B410D3E750F8210048B101380F3932F9211053F8202002EB01128E
:20C3000043F820207047402070472DE9F047D4300021DFF8E0C0354C402901D1BDE8F08713
:20C32000D0F8C03000F1C405314E00F58270C3F140022B44374683424DD1BB1863454FD1C5
:20C3400001F10802CD103F23D210ED01D20105F17F0E02F17F0817F803A0A8EB0309266823
:20C3600006F809A04FEA5A09266809F00809164449EACA1906F803A04FEADA0606F00406B8
:20C3800049EA06094FEA5A1606F0020649EA06094FEA4A1606F0400649EA06094FEACA0652
:20C3A00006F0200649EA06094FEA4A0606F0100649EA0609266849EADA19AEEB030A5FFA95
:20C3C00089F906F80A9026682E4406F80390013BC1D21031A0E713F801EB06F801EBAAE7A9
:20C3E00015F8012B03F8012BA8E700BFE4300120F4EE012034EF0120012380F88030704710
:20C4000090F9983000F5927110B533B1012B33D00A46521AC0F8202110BD0323092480F8AE
:20C4200024314368042B0CBF1E23012380F82531022380F82631112380F82731062380F836
:20C440002831C369062BD7BF072200F2291300F5957380F82921026A052A04BF082203F8F7
:20C46000012B0A221A700B225A7004229A700522DA709A181C71CCE71323172480F8243112
:20C480004368042B0CBF1E23122380F82531192380F82631112380F827311C2380F8283194
:20C4A000C369062BD7BF1A2200F2291300F5957380F82921026A052A04BF1B2203F8012B9E
:20C4C00014221A7015225A7016229A701822DA705A1DCFE7192070475820704738B50C464A
:20C4E00005460022194904F5C670F5F7F9F8D5F84831012B1DD0022B1ED02BB90122144983
:20C5000004F5E870F5F7ECF80022124904F5D770F5F7E6F8D5F8C832012B10D0022B11D092
:20C520009BB901220C4904F5F970BDE83840F5F7D7B800220949E3E700220949E0E700229A
:20C540000849F0E700220849EDE738BD30D90020C4E000205ED90020DEE00020CDE0002088
:20C56000D6E00020E7E00020F0E0002010B50C460222184904F5C670F5F7B2F804F5D7706D
:20C5800002221549F5F7ACF804F5E87002221349F5F7A6F804F5F97002221149F5F7A0F8CA
:20C5A00004F5057002220F49F5F79AF804F2362002220D49F5F794F804F5167002220B49DE
:20C5C000F5F78EF804F27A2002220949BDE81040F5F786B830D900205ED90020F8E000204C
:20C5E000FCE0002000E1002004E1002008E100200CE1002010B50C4600220C4904F5C67066
:20C60000F5F76EF804F5D77000220949F5F768F804F5E87000220749F5F762F804F5F9705D
:20C6200000220549BDE81040F5F75AB8A2D90020EEE20020F2E2002009E300202DE9FF47B0
:20C6400091F8008004460E46B8F1030F21D14B88022B1ED14FF4C073D0F8B05003FB050551
:20C66000EC356F6A28463946FBF7ACFF394681462846FBF7C7FF394603902846FBF7D0FF89
:20C68000039B4FF6FF724946CDE900072846FDF719FCD4F8C8703FB1314604F1C80004B0A7
:20C6A000BDE8F04725F088BCB8F1020F60D17388013B072B17D8DFE803F0190416241616C5
:20C6C0001635D4F8B0504FF4C0735D4305F1F0002044426D0132152109F056FC18B125444E
:20C6E000012385F86C3104B0BDE8F087D4F8B0504FF4C0735D4305F1F0002044426D013A16
:20C70000E9E7D4F8B0304FF4C072013303F00103C4F8B03002FB0343D3F82832013BC4F801
:20C72000BC30E0E74FF4C073D4F8B050D4F8C0205D436319134493F82C32093B032B10D8A2
:20C74000EC352544696A2846FBF73CFF04280246C9D0294604F1C80004B0BDE8F0470AF01E
:20C7600079BD94F8B43083F0010384F8B430BAE7B8F1030FB7D17388042BB4D14FF4C07333
:20C78000D4F8B05003FB0545D5F81011EC3528460391FBF717FF039906462846FBF720FF05
:20C7A000039980462846FBF72DFF039981462846FBF736FF3D46824604F1EC0704F51B74D8
:20C7C0004B46424631463846CDE900A5FDF77AFB4B46424631462046CDE900A50135FDF70C
:20C7E00071FB042DECD17EE7F8B5D0F8C860044626B1C830BDE8F84025F08ABB4A88B2F514
:20C80000807F1ED1D0F8B020B1F9043013444FF4C07283F3010302FB03F5C0F8B03005F1EB
:20C82000EC002044FEF71BFF63193146D3F82832013BC4F8BC3004F1B400BDE8F84009F01E
:20C84000B0BAB2F5007F4FD190F8B430D0F8B070B1F90410002BEED04FF4C0737B4303F105
:20C86000EC06E2180644D0F8C000024492F82C520E2D2ED00F2D09D196F84020032A05D16C
:20C8800096F83C20032A88BF01EAE17103F1F000204450F825200A44294609F075FB30B121
:20C8A0004FF4C073012203FB074383F86C21082D1ED015D8032D17D83046FEF7D0FE4FF4E4
:20C8C000C07303FB0743D3F82832013BC4F8BC300AE096F83C20032AD8D196F84020D1E784
:20C8E0000F2D02D80D2DE7D8F8BD162DE4D0FBE73046FEF7B4FE4FF4C07303FB0747D7F8ED
:20C900002832013BC4F8BC30012387F8A631EBE7B0F5705F4FEA420238B50D460146A8BFAE
:20C920004FF470514FF4C0640C23284621EAE171B1FBF4F46343A1EBC31141F35811C1F1A9
:20C940003C011DF027FF204638BD2DE9F04786B007460D4600F5B27001A94FF0060809F0E2
:20C96000FCFC6C1CD7F82C1105F13A09204697F86361090FDFF8F4A01AF04EF997F83C009A
:20C9800008FB06F604284FEA16264ED197F838310121D7F83421484609F04AFA38353C2303
:20C9A0004FF0010CD910DAF8000003F00702043B05EBC1110CFA02F20C2B475C42EA07026A
:20C9C0004254EFD101980AF0B1F8324621463444FFF79EFF02980AF0A9F821460622FFF721
:20C9E00097FF03980AF0A2F80622A118FFF790FF04980AF09BF804F10C010622FFF788FF3C
:20CA000005980AF093F8C6F1060204F11201FFF77FFFC0F10F00144B02228100484601392D
:20CA20001DF06CFD06B0BDE8F087DAF8002005F11F07D35D43F01003D355F4F736FB1423AF
:20CA40005843022300F2FF70C012002805DA4242414638441DF0C6FFA0E714BF02460122BE
:20CA600041463846F6E700BF8A330020E430012010B504460021EC30FFF767FF04F51B70D7
:20CA80004021BDE8104060E738B50C46054621492046F4F72EFE04F121001F49F4F729FEF8
:20CAA00004F142001D49F4F724FE04F184001C49F4F71FFE04F1A5001A49F4F71AFE04F1F1
:20CAC000C6001949F4F715FE95F8FC20174B04F1E700174903EB8203D3F814270AF018F866
:20CAE00004F5C67003221349F4F7FAFD04F5D77003221149F4F7F4FD04F5E87003220F493B
:20CB0000F4F7EEFD04F5F97003220D49BDE83840F4F7E6BD55010120DCC5002010E100206E
:20CB20001BE1002020E1002026E10020F064002001C6002030D900205ED90020F8E00020BE
:20CB4000FCE0002070B50C4606462B4920462B4DF4F7CFFD04F121002949F4F7CAFD04F1DE
:20CB600042002849F4F7C5FD04F163002649F4F7C0FD04F184002549F4F7BBFD04F1A500C2
:20CB80002349F4F7B6FD04F1C6002249F4F7B1FD04F1E7002049F4F7ACFD96F8C83004F574
:20CBA000C670032205EB8303D3F83017F4F798FD96F8CC3004F5D770032205EB8303D3F8E2
:20CBC0003017F4F78DFD96F8D03004F5E870032205EB8303D3F83017F4F782FD96F8D43011
:20CBE00004F5F970032205EB8305D5F83017BDE87040F4F775BD00BF2DE10020F06400204F
:20CC000035E100203DE10020DCC5002047E100204DE1002052E1002058E10020114B1868C1
:20CC200010B500EB40100C460F492044F4F761FD04F5C67000220D49F4F752FD04F5D7707C
:20CC400000220B49F4F74CFD04F5E87000220949F4F746FD04F5F97000220749BDE810406E
:20CC6000F4F73EBDEC0501205DE1002030D900205ED90020F8E00020FCE0002010B50C46D3
:20CC80000B4615220349B0300BF0E5FED4E90030C01A10BDF064002010B50C460B460A2266
:20CCA0000349B0300BF0D7FED4E90030C01A10BD786C0020F8B50D4600F1E00600F5807420
:20CCC000074FA64203D1D5E90030C01AF8BD2B462522394656F8040B0BF0BDFEF1E700BFE4
:20CCE000686D0020F8B50D4600F1D80600F52E74074FA64203D1D5E90030C01AF8BD3046D4
:20CD00002B460B22394678360BF0A5FEF1E700BFE0700020F8B50D4600F1D40600F2E444BE
:20CD2000074FA64203D1D5E90030C01AF8BD30462B461322394606F582760BF08CFEF0E77A
:20CD4000E871002010B50C460B461F220349B4300BF081FED4E90030C01A10BDB073002030
:20CD6000F8B50D4600F5887600F50D64074FA64203D1D5E90030C01AF8BD30462B460A22B8
:20CD80003946F8360BF067FEF1E700BF9876002010B50C460B4615220349B0300BF0D0FE2D
:20CDA000D4E90030C01A10BDF064002010B50C460B460A220349B0300BF0C2FED4E9003003
:20CDC000C01A10BD786C00202DE9F84304460D4600F1E00600F58078DFF8349046450BD1F4
:20CDE000D4F8E030D3F87031013BC4F8C830D5E90030C01ABDE8F88356F8047B2B4625228E
:20CE0000494638460BF09CFE3846FFF78CF8E5E7686D0020F8B50D4600F1D80600F52E7451
:20CE2000074FA64203D1D5E90030C01AF8BD30462B460B22394678360BF082FEF1E700BF10
:20CE4000E07000202DE9F04104460D4600F1D40600F2E447DFF83080BE4209D1D4F87831C0
:20CE6000013BC4F8C830D5E90030C01ABDE8F0812B461322414630460BF062FE3046FFF77A
:20CE8000EDF906F58276E7E7E87100200AF0BCB80B78022B27D14B88013B072B2BD8DFE851
:20CEA00003F0040B2A112A2A2A1BD0F8B81011BB2022B03009F089B8D0F8B810D9B96FF063
:20CEC0001F02F6E7D0F8B830ABB990F80C2202B9012380F80C32704790F8103283F00103FD
:20CEE00080F810327047032B05D14B88022B04BF012380F8253170474B88B3F5807F09D1FD
:20CF0000D0F8B830B3B9B1F9042090F80C12B03009F05BB8B3F5007F0CD190F81032B1F91D
:20CF2000042013B1D0F81C12F1E7114600F5047008F037BF704710B500F1B0020023104CEF
:20CF400054F8231006333C2B42F8041BF8D100230C4AC0E93A33C0E93623C0E93832C0E943
:20CF60003C23C0E93E32C0E94033092280F86031C0F878310223C0E96032C0F8883110BDEA
:20CF8000786C002099991900F8B5314C256D284619F00FFE0822002304F14001013A53D21F
:20CFA000626D6FEAD303681C02EB4511C3F38523284D04EB4101A1F85830414200F007030A
:20CFC00001F0070158BF4B420021236543074FF0010002BF013202F01F026265636D0133AF
:20CFE0000B44013103F01F031F2904EB430204EB4306B2F89820B6F858604FEAE20702F00B
:20D00000070206EBC7162F6800FA02F217F806C042EA0C02BA5504EB430204EB4303B2F883
:20D020001821B3F8D8304FEAE20602F0070203F1400300FA02F203EBC6132E68F75C42EAE7
:20D040000702F254CAD1F8BD31F8020B0344A5E7F4EE0120E43001200A780346022A24D104
:20D060004A88013A072A20D8DFE802F00C041F121F1F1F19B030D3F87811202201B10121C0
:20D0800008F0BCBFB030D3F878116FF01F02F5E7D0F87821C2F10102C0F87821704790F8E6
:20D0A0007C2182F0010280F87C2170474A880346B2F5807F08D1B1F90420B030D3F87811F6
:20D0C00001B1012108F09ABFB2F5007F0DD1B1F9042090F87C1119B1D0F88811B030F1E761
:20D0E000114600F5BE7008F05CBE70472DE9F84F044600F1DC0B00F1FC090027DFF89CA03E
:20D10000DFF89C805BF8046F76BB4FF4D07022F0BFF93346054602465AF823100633DE2B05
:20D1200042F8041BF8D13A4605212846002608F07DFFD8F85832314605F1A8005A1CC5F87D
:20D1400094300B23C8F85822C022A5F89830C5E9276621F005FC2846C5F89C61C5E95A6679
:20D16000FEF7E1FECBF800500137CB4507F00307C8D10023D4F8E02084F8B030D2F8702140
:20D1800084F8BC30013AC4F8CC3084F8DC30C4E92D33C4E93132BDE8F88F00BF686D0020AF
:20D1A000F4EE01202DE9F04F04469DB00E4600F580750F1D00F592782846043545457BD19A
:20D1C000D4F800313746A44D0893D4F804310993D4F808310A93D4F80C310B93D4F8103156
:20D1E0000C93D4F814310D93D4F818310E93D4F81C310F9357F8443B0193D4F8E430D3F861
:20D200009420702303FB025292F86C10D4F8E820D2F8942003FB025292F86C20120442EA73
:20D220000122D4F8E010D1F8941003FB015191F86C100A43D4F8EC10D1F8941003FB01517B
:20D2400091F86C1042EA01620592D4F8F020D2F8942003FB025292F86C10D4F8F420D2F847
:20D26000942003FB025292F86C2041EA0221D4F8F820D2F8942003FB025292F86C2041EA4F
:20D280000241D4F8FC20D2F8942003FB025393F86C3041EA0363039306F16703029304F159
:20D2A000DC03009306F164036C4E0493049B9F4207D11DB0BDE8F08F57F8041F08F07CFE20
:20D2C0007AE7009B4FF000084FF47A7153F8044FCDF8408000932046A38801331B041B1216
:20D2E000013B1193238901331B041B12013B1293A38901331B041B12013B1393238A0133D2
:20D300001B041B12013BCDE9143894F82830169394F82C30179394F830301893D4E90832D6
:20D3200001FB023308AA0F211993D4F884305B029BB21A93D4F88C305B029BB21B9310ABBC
:20D34000FEF7A5FD08AA10212046FEF7A0FD08AA11212046FEF79BFD08AA12212046FEF744
:20D3600096FD08AA13212046FEF791FD08AA14212046FEF78CFD08AA15212046FEF787FDB9
:20D3800008AA16212046FEF782FD129B83F3100E149B83F31009169B11994345139A81F347
:20D3A000100182F310021191CDF848E01392CDF8509031DACDF85880179B002B31DA002349
:20D3C0001793189B002B30DA00231893199B002B2FDA002319931A9B002B30DA00231A937C
:20D3E0001B9B002B31DA00231B93D4F894C0702394F800A003FB0C58BAF10A0F43D8DFE889
:20D400001AF02F002701480167018201AD01D801EE011002600232021F2BC4BF1F231693A1
:20D42000CAE7202BCDDD2023CAE7202BCEDD2023CBE7B3F5803FCEDB4FF6FF73CAE7B3F547
:20D44000803FCDDB4FF6FF73C9E7B3F5803FCCDB4FF6FF73C8E700BFF0E401200000FF7F58
:20D4600003FB0CF30020EA18A2F85A00EE50B2F8563090801386D36D118213620223A2F87B
:20D4800012E0C2E91230D4F888301A9A191E4FF0700318BF012103FB0C53A3F8622083F89E
:20D4A000641094F8982052450BD084F898A0B3F84820B3F938109142C1BF00221A871A64F3
:20D4C0009A877023E26D03FB0C5383F85220226E83F85320626E83F85420E26E83F8562081
:20D4E000226F83F85720626F83F85820A26FA3F85C20E26FA3F85E20D4F88020A3F86020CC
:20D50000BDF86C20520A83F850206069032800F305820123019A8340C0B2134214BF4FF0BA
:20D52000010B4FF0000BF4F789F8814604F5CE70BBF1000F40F00E8294F899200121F4F75E
:20D54000BDF8BBF1000F04D0D4F89C300133C4F89C3094F834309DF858A09DF85C109DF820
:20D5600060209BB1013B0120DBB200FA03F3019803420BD0D4F8A03094F8380001338342F3
:20D58000C4F8A03024BF0023C4E92733BBF1000F0ED094F828305BB10AF10100D4F89C30D5
:20D5A000C0B2CDE906120AF077F98346DDE9061284F8A4A084F8A51084F8A620BBF1000F2C
:20D5C00014D0207E90B1199B4FF47A725A430DD00128D4F86831E16940F0BE818B4203D242
:20D5E00004EBC303C3E92A224FF0000B0021182320464FF0FF3C8E46C4E95A31013B80F040
:20D60000B081002940F0CD814FEA4B01C9B2B9F1000F40F0C881A36E002B40F0C48194F8C3
:20D620009930002B40F0C281404684F899900BF01DF9D4F8903013B1C0F5FF407F30029AB8
:20D640004000022347F8040F02F8013F02922DE603FB0CF352104FF0020BE818A0F85AB0E5
:20D66000EE500023828090F85820018280F83220B0F85610C26D01860262B0F86010C04AB0
:20D68000C380A0F812E0A0F8149081848264C364F9E603FB0CF352104FF0020BE818A0F84D
:20D6A0005AB0EE5000238280018290F85820B0F8561080F832200186C26DB0F86010026270
:20D6C0000322C380A0F812E0A0F814908184DDE703FB0CF30020EA18A2F85A00EE5092F878
:20D6E0005630908082F8303092F85830118282F83130B2F85C30A2F812E01384B2F86030A7
:20D700005384A04BBDE603FB0CF352104FF0020B89B2E818A0F85AB0EE5047F6FF7382802D
:20D7200090F85620018280F8322090F85820818280F83320B0F85610C26DC38000230186A6
:20D740000262B0F85C10B0F860200381C284A0F812E08D4AA0F81690818497E703FB0CF340
:20D7600052104FF0020B89B2E818A0F85AB0EE5047F6FF73828090F85620018280F83220E4
:20D7800090F85820818280F83320B0F85610C26DC380002301860262B0F85C10B0F86020F1
:20D7A0000381C2840422A0F812E0A0F8169081846CE703FB0CF30020EA18A2F85A00EE5008
:20D7C000B2F85630118202211386D36D908013624FF40033A2F812E0C2E9121353E603FBFC
:20D7E0000CF34FF0020B5210E818A0F85AB0EE5000238280C38090F85830B0F8562080F88E
:20D800003230C36D028603620323B0F8602083644FF440330182A0F812E0A0F8149082844F
:20D8200035E703FB0CF34FF0020B5210E818A0F85AB0EE5000238280C38090F85830B0F821
:20D84000562080F83230C36D028603620323B0F8602083644FF400330182A0F812E0A0F80B
:20D860001490828413E703FB0CF34FF0020B5210E81889B2A0F85AB0EE5047F6FF7382808D
:20D88000C3800023B0F85620038190F85630028680F8323090F85830B0F85C2080F8333001
:20D8A000C36D01820362B0F86030A0F812E0C3840423818283644FF48023A0F8169082840C
:20D8C000E5E603FB0CF34FF0020B5210E81889B2A0F85AB0EE5047F6FF738280C3800023A0
:20D8E000B0F85620038190F85630028680F8323090F85830B0F85C2080F83330C36D018254
:20D900000362B0F86030A0F812E0C384042381828364A0F816901D4B8284B8E6A0F1040B9E
:20D920000599DC45D8BFA0F1030B4FEACB0BCBF12002ABF1200321FA0BFB039901FA02F29A
:20D9400021FA03F34BEA020B4BEA030B0BF0010BD946EBE55A46F1E58B4228BFD4F86C31A8
:20D960003EE6D0F86421CAB13C2A11D93C3A62453CBF9446C4F86C31C0F8642108383DE680
:20D9800003000200020001000400020001000300C0E958EE0121C4F86831EFE7C4F86831E4
:20D9A000ECE7022133E641F001013DE641F004013AE60B78022B31D14B88013B072B2DD8B4
:20D9C000DFE803F00D042C132C2C2C3AD0E92D3120223833013150F8230008F053BBD0E95F
:20D9E0002D316FF01F023833F4E790F8B030012B1BD190F8C03093B1D0F8B430D0F8CC2067
:20DA0000383350F82330134493F874310C2B06D190F8DC3083F0010380F8DC307047002302
:20DA200080F8B03080F8C0307047012380F8B030002380F8BC30704790F8B03023B990F8E9
:20DA4000BC3083F00103F4E790F8C03083F0010380F8C0300023DFE74B88B3F5807F70B5A9
:20DA6000044665D190F8C030B1F90420D0F8B410F3B301F1380350F82300D4F8CC30034407
:20DA800093F874310C2B33D194F8DC3090F8285013B31544002D2ADD2A460A2108F0C6FADD
:20DAA000D4F8B430383354F8230090F82C30AB4203DD6A1C0B2108F0B9FAD4F8B4303833B3
:20DAC00054F8230090F830309D4210DA2A460C21BDE8704008F0AABA90F82C309D4204D33E
:20DAE0000B21BDE8704008F0CDBA002AF8DB70BD0A44D4F8B85082F30302002DC4F8B420A3
:20DB000002F1380254F8221008DA0023C4F8B830D1F87031013BC4F8C830E8E70846FEF745
:20DB2000A2F98542A4BF00F1FF30C4F8B800EFE7B3F5007FDBD190F8B030B1F90420BBB939
:20DB4000D0F8B430D4F8B810383350F8230094F8BC300BB10131C4E7511807D4FEF783F9E9
:20DB6000884200DC411EC4F8B810C0E71946FAE790F8C0303BB3D0F8B430383350F82350FD
:20DB8000D0F8CC302B4493F874610C2E0FD195F8281095F83030994204D93146284608F091
:20DBA00071FA01E0002AF8DBD5F87031B2E73146284608F067FA062E01D00A2EF4D1284667
:20DBC000FEF7B1F9F0E71146C030BDE8704008F0E8B8F8B5D0F8E03004466C4ED3F89400B3
:20DBE0001DF0B0FB402828BF402085B20020A8426BD1D4F8E430654ED3F894001DF0A2FBA5
:20DC0000402828BF4020203085B22020A84268D1D4F8E8305D4ED3F894001DF093FB40287A
:20DC200028BF4020403085B24020A84265D1D4F8EC30564ED3F894001DF084FB402828BFB0
:20DC40004020603085B26020854262D1D4F8F0304E4ED3F894001DF075FB402828BF402010
:20DC600085B20020854260D1D4F8F430474ED3F894001DF067FB402828BF4020203085B2CC
:20DC8000202085425DD1D4F8F830404ED3F894001DF058FB402828BF4020403085B2402058
:20DCA000A8425AD1D4F8FC30384DD3F894001DF049FB402828BF4020603084B26020A0424B
:20DCC00057D1BDE8F84009F09FB936F9021B471CC1F384214A1CC1F11F011CF017FD384610
:20DCE00085E736F9021B471CC1F384214A1CC1F11F011CF00BFD384688E736F9021B471CC8
:20DD0000C1F384214A1CC1F11F011CF0FFFC38468BE736F9021B471CC1F384214A1CC1F15B
:20DD20001F011CF0F3FC38468EE736F9021B471CC1F384214A1CC1F13F011CF0E7FC384608
:20DD400090E736F9021B471CC1F384214A1CC1F13F011CF0DBFC384693E736F9021B471C62
:20DD6000C1F384214A1CC1F13F011CF0CFFC384696E735F9021B461CC1F384214A1CC1F102
:20DD80003F011CF0C3FC304699E700BF50F101202DE9F84F1E4A0027054600F1D80402F566
:20DDA0003F6B02F545684FF0280A40F6FF793E46204600215BF821200631422940F8042B4E
:20DDC000F8D139464046F3F722FB22690137114B9042E663A36318BF2061042F84F859606E
:20DDE00084F86060C4E90CA9C4E9146604F17804DED10123C5F8B460C5F8C46085F8B0300B
:20DE00000A23C5E92E66C5E93236BDE8F88F00BFF064002000C0FF3F304B2DE9F04706460C
:20DE200000F1D404002703F6F84903F563682246002359F823100633722B42F8041BF8D1EE
:20DE400039464046F3F7E3FA636B00250137984247F6A673A4F84C50A4F84E304FF0010306
:20DE600018BF60632046A4F850309A464FF07F4384F86950256663667F2384F8685084F8CA
:20DE8000523084F8533084F854300D2384F87050A4F85630C4E91655FEF7E0F904F1C400D4
:20DEA0004022294620F05CFD042F84F8BC5004F5827444F8445CBAD1D6F87831C6F8B450DE
:20DEC000013B86F8B0A0C6F8C450C6F8CC50C6F8C830C6E92E55BDE8F08700BFF064002055
:20DEE0000B78022B20D14B88022B0BD0082B15D0012B19D17822D0F8B83002FB03036FF0CC
:20DF00001F0205E07822D0F8B83002FB03032022D0F8BC1003F1D8001DF092BD90F8C03038
:20DF200083F0010380F8C03070474B88B3F5807F09D1B1F90420D0F8B830134483F30203A7
:20DF4000C0F8B8307047B3F5007F13D190F8C030B1F9042053B1D0F8B830782101FB0303CA
:20DF6000D0F8CC1003F1D8001DF06ABD1146C03007F017BF70472DE9F04F00268DB005462F
:20DF80000C461D22314604A80396DFF818A120F0E7FCDFF814B105F1700301930DF10C0806
:20DFA0004FF00009474609F101097823019A03FB09F3D35CB34208D1B8454A465FD1404618
:20DFC0000DF11108594623F055FCB9F1040FEAD1002306EB461001363946204488F800307B
:20DFE000F3F787FB042ED9D104F5847304F184080193A9464FF0000A3E46DFF8B0B0D9F810
:20E00000F0300AF1010A73B1204ABE42304602EB830318BF5946524608BF1D49D3F8A0318C
:20E0200023F028FC0644BAF1040F09F17809E6D100234046394608F1210833700435F3F75F
:20E0400058FB019B9845D4D104F5C67002221149F3F746FB04F5D77002220F49F3F740FB96
:20E0600004F5E87002220D49F3F73AFB02220C4904F5F970F3F734FB0DB0BDE8F08F40465B
:20E08000514608F1020823F0F5FB9EE7E87500207BE1002081E1002087E100208DE10020CD
:20E0A00093E1002076E100206FE100207AE100202DE9F04116461A4603798EB00D460168F1
:20E0C0001B02044609030192FF33DDF8508001F47F210393037BFF311B0202910F21FF3378
:20E0E0000493037C1B02FF330593037D1B02FF330693037F1B02FF33079390F820301B025B
:20E10000FF33089390F824301B02FF33099390F828301B02FF330A9390F82C301B02FF336C
:20E120000B9390F830301B02FF330C93037A1B02FF330D9302ABFEF7D8F8019A102120465B
:20E14000FEF7D3F8019A11212046FEF7CEF812212046019AFEF7C9F804F1700104F1A0002C
:20E160001A6882F3100241F8042F884243F8042BF6D1BDF8083004F14C00A76BA4F84C30D7
:20E180001B0B003FA269A4F86A30049B18BF0127B2F1000E079A4FEA2323DDF80CC018BFF2
:20E1A0004FF0010E84F8687084F852301FFA8CF1059B6FEA0C0CA4F84E10490B1B1284F821
:20E1C00069E000291FFA8CFC84F85330069B4FEA232384F85430089B4FEA032303EB0243D8
:20E1E000099A13440A9A23660B9B4FEA032303EB02430C9A134494F8342063660D9B4FEA39
:20E200002323A4F8503001F1010308BF02235CFA03FC4FF0010308BF4FF0010C9340A4F8A0
:20E220006CC033426A6814BF0121002113404900002B14BF0123002323D041F0010184F8D2
:20E2400070300AF067F905EB8803454498640323C0F30F2085F8683094F8BC3083420DD08D
:20E26000D4F8C030C0B25A1C23443F2A83F8C4000ED90023C4F8C03084F8BC000EB0BDE89A
:20E28000F08194F87020002AD9D041F00401D6E7C4F8C020F0E70B78022B22D14B88022B15
:20E2A0000CD0082B17D0012B1BD14FF48272D0F8B83002FB03034FF0FF3206E04FF48272D9
:20E2C000D0F8B83002FB03030122D0F8BC1003F1D4001DF09FBB90F8C03083F0010380F83E
:20E2E000C03070474B88B3F5807F73B5044613D1D0F8B820B1F9043013444FF4827283F325
:20E300000203C0F8B83002FB0303D3F87831013BC4F8C83002B070BDB3F5007FFAD190F898
:20E32000C030B1F90420CBB1D0F8B8504FF482735D43D4F8CC3005F1D40025442B4420442D
:20E3400093F87C61019031461DF064FB062E0198E0D1FDF783FFD5F87831D8E71146C03071
:20E3600002B0BDE8704007F01CBD2DE9F04F00258FB006460C461D22294606A80595DFF8A2
:20E380001CA120F0EDFADFF818B1331D03930DF114084FF00009474609F101094FF4827318
:20E3A000039A03FB09F3D35CAB4208D1B8454A4662D140460DF11708594623F05BFAB9F1BD
:20E3C000040FE9D1002305EB451001353946204488F80030F3F78DF9042DD8D104F5847305
:20E3E00004F18408B1460393CA464FF0000B3D46DAF810310BF1010B73B1234ABD42284619
:20E4000002EB830318BF21495A4608BF2049D3F8B83123F02FFA0544BBF1040F0AF5827A85
:20E42000E6D14FF0000A4046394608F1210885F800A009F10409F3F75CF9039B9845D3D133
:20E4400004F5C674134D303E134F0AF1010A4FF4827320463A4603FB0AF303212234F35C71
:20E4600055F823300093534618F0C4FBBAF1040FEBD10FB0BDE8F08F4046514608F104088A
:20E4800023F0F8F99BE700BFE87500207AE100207BE1002074240020AAD9002099E10020CE
:20E4A0009AE1002038B50A4604460D460430032107F0ECFD0123A4F8885084F8803038BDF6
:20E4C00038B5436804460D4699421AD0084608F085FE4FF6FF714068236981409AB223EA76
:20E4E00001039BB20BB942F0010204340321204607F0CCFD2A4620460021BDE8384007F045
:20E50000C5BD38BD38B504460B461F220D46B4300A490AF015FB04F1B000FDF771FFD4F852
:20E52000B410C4F84812FFF7CBFFD4F8D031013BC4F8FC31D5E90030C01A38BDB07300204F
:20E540002DE9F84F06469A464B688B469DF82C009146C3F3C00396F86C109DF8288040EA2C
:20E56000030596F99340376A39B978B2052836D8DFE800F033430E6B970E01390BF10800B0
:20E58000F8F79FF9384440B2002826DB0528EDDD052F12D196F9703096F82470002B35D1CD
:20E5A0003FB24FF4807013F0A5F98742C2BF96F8993083F0010386F8993096F89930E4B24A
:20E5C000B3B35DB9013464B24C4509DBC24576D34FFA89F486F8995002E035B10024002571
:20E5E000284686F89340BDE8F88F013464B24C45F4DC0CBF01250025F2E715B14FFA89F409
:20E60000EDE7013C64B2002CF3DAF7E70BEB830BDBF804305B0203F2FF7307EB23373FB270
:20E62000B7F5807FA8BF4FF4807727EAE777B8E7002DE3D1013C64B2002CD1DCBAF1000FB9
:20E640003FD1012386F89930C8E796F89910002396F8962099B10AB9013464B286F8963056
:20E66000002DBBD14C45BBDBC2454FF0010326D34FFA89F486F8995086F89630B0E70AB9AC
:20E68000013C64B286F89630002DB7D1002CA7DCBAF1000F15D1012386F8993086F8963030
:20E6A0009CE709F1010013F025F9002D96D144B2A14595DC13F0FCF800F0010590E7012550
:20E6C0008EE74FF0FF358BE72DE9F0410446B43000234549024651F823500633BA2B42F85E
:20E6E000045BF8D104F1B0060246002351F823500633BA2B42F8045BF8D10025042101272E
:20E700002A4684F8485107F0C1FC05213046FFF7D7FE4FF0FF3304F5A870A4F83071C4F8DE
:20E720003431324BA4F8385184F84971A4F84A5184F84C51C4F83C51C4E9503507F002FBDD
:20E740004FF47063A4F89C71A4F8BE3104F5CE73C4E9705523F8025F8035ADB2B5F5006F1A
:20E76000F8D104F5AE770025384609F0A5F808F0E1F8D4F8B400B4F8C08084F83051C4F883
:20E780003401A4F8388108F029FD424601463846F2F765F83046C4F8C851FDF731FE1E238F
:20E7A000294604F50270C4F8F851C4E97F3523F0C7FB4FF4E0633046C4F82C52A4F84432FC
:20E7C0000523A4F83452C4F84832C4F8405284F84652C4E98E55FDF713FED4F8D031013BB9
:20E7E000C4F8FC31BDE8F081B073002001010100012938B504460DD1002500F5027000F811
:20E80000145C08F067FD044BC4F82C52B3F85C20A3F85E2038BD00BF6C2301202DE9F041B8
:20E8200090F94351002490F947712E0190F840810536A5420AD13B462A460621304601341E
:20E8400018F022F9A045F4DABDE8F08120013B46224604210630F2E7F8B5076E04462C4AAC
:20E86000B7F5005F967984BF2A4B036516B900263046F8BD92F83C0092F83D10C3B2884262
:20E88000CAB238BF0C339B1ADBB2002BEFD0A56D17F03CFBB4F86820E36D2844012A03F13B
:20E8A0000103A0650CBF4FF400628022E3659742DDD9194AB0FBF3F0D2ED006A07EE900ABD
:20E8C000D4F8BC30F8EE666AF8EE677A5A1C04EB8303092A86EEA77A84ED127A83ED307A39
:20E8E0004FF0000311D9C4F8BC300122A36584ED2E7A84F85420094AC4E9173382F86030BC
:20E90000074B1B68C2F81031B2E7C4F8BC20ECE7E0E801209FE10020D40501206C230120F0
:20E920004C4501202DE9F04F0F46054600F5E47400F688190021DFF85C832DED028B8BB093
:20E94000A145A4F1B80637D1CC4C002940F00182CB4A9379002B00F0FC8192F83C0092F879
:20E960003D10C3B28842CAB238BF0C339B1ADBB2002B00F0EE8105F50D6696ED008B17F00B
:20E98000C5FA07EE900AD5F8E018B8EE676B2268D5F8D838521A40F2EE2136EE086B01330D
:20E9A0008A4286ED006BC5F8D83800F2DF810BB0BDEC028BBDE8F08F54F8B03C54F8B8CC71
:20E9C000002B4BD054F8842C54F8AC0C3C3208FB00F044F8842C824208D354F8802C0020ED
:20E9E000C2F1010244F8840C44F8802C54F8802C02FB03CC54F8B43C0C2202FB0C3354F8F7
:20EA0000902CDB0107EB82003A4444F87C3C8364002382F8683014F878BCBBF1000F00F071
:20EA2000968154F8683C002B74D114F8633C002B70D114F8773C013B0D2B6BD8DFE813F008
:20EA4000110055006A0087008700870087008700870087008700870087004A0144E92133D4
:20EA6000C8E73046FFF7F8FE002853D054F8543C0A2B36D954F8703C6946204644F86C3C29
:20EA800007F02AFB0A23DFED7F7A6A46B2EC017A013B77EE877AF9D114ED1C7AF2EE066A4C
:20EAA000FF2244F8543C37EE877A44F8743C04F84E3C24F84A3CC7EE267A24F84C3C24F81A
:20EAC000502C04F8643CB6EE007A77EE877AFCEEE77AF8EE677A44ED1C7A14F8773C0133CE
:20EAE00032E0013344F8543C14E034F9483C664A06EB830654ED1C7A02EB8302013392ED39
:20EB00007B7A1BB267EE877A092BC6ED1D7A17DC24F8483CD5F8F03042F28D020133934213
:20EB2000C5F8F03009D9D5F8F430013303F00703C5F8F4300023C5F8F030F8345946FFE663
:20EB4000002324F8483C032304F8773CE2E73046FFF782FE0028DDD054F8542C40F2DC5168
:20EB600014F8773C8A4252D9052B0FD9B7EE047A54ED1B7A67EE877A14ED1C7AF4EEC77ABE
:20EB8000F1EE10FAC4BF414B44F8683C54F874AC46F2666120460AF54C5233328A4269464F
:20EBA00084BF3B4B44F8683C07F096FA0A22DFED357A6946B1EC017A013A77EE877AF9D14C
:20EBC00014ED1C7AF2EE066A14F8771C77EE877A54F8683C01F14C0087EEA67A04ED1B7A00
:20EBE00026F810A0002B95D1FF23013144F8542C44F8742C04F84E2C24F84A2C24F84C2C2E
:20EC000024F8503C04F8642C04F8771C82E706EB830354ED1C7A013293ED197A44F8542C78
:20EC2000B4EEE77AF1EE10FA36DD14F84E3C33B934F8503C5B0843F0010324F8503C012335
:20EC400034F8502C04F84E3C012A54F8743C134444F8743C34F94C3C02D1013324F84C3CBC
:20EC600034F94C3C052B7FF755AF34F94A3C052B7FF750AF40F6B83334E700BF4C45012030
:20EC8000E0E8012000000000E8750020A4E10020AAE1002040420F00E2D514F84E3C33B1FC
:20ECA00034F8503C5B0843F0010324F8503C002334F8502C04F84E3C012A54F8743CA3EB54
:20ECC000020344F8743C02BF34F84A3C013324F84A3CC5E754F8583CB3F5FA6F14D934F943
:20ECE000483C54F88C2C03F15001580032F8132036F911100A44B2F5803F0ED32B4B44F8FB
:20ED0000683C0F2304F8773C34F9483C0A2B7FF701AF012304F8633CDFE654F8901C0A2BB1
:20ED200003F1010307EB81063944B2644FF0030681F8686054F8881C0844428004BF012262
:20ED40000A70002224F8483C44F8582CDCE78B46F3E6D5F8E02823689B1A154A93427FF68C
:20ED600026AE05F6DC0500232B6020E607EE903A104A0023B8EE677BD2ED004A05F6DC0289
:20ED8000F8EE644A86EE075BBCEEC55BB8EE455AC4EE857AC2ED007A0022C6E90023002309
:20EDA000C5F8D8382368C5F8E03800E6B0E10020A0860100D405012003290BD8DFE801F0A7
:20EDC00002040608806B7047C06B7047006C7047406C7047002070470B682DE9F04F04462C
:20EDE00089B000F5A87003F001050E46029006F0AEFF02982DB1B4F8D8304A4AD15C06F068
:20EE0000B4FFD4F8502112F0010200F0F982D4F8C430D4F8BCA00593D4F8DC304FFA8AF86F
:20EE2000D4F8CC500293D4F8E0306FB294F800210693D4F8B83004932AB1511E06F108007E
:20EE4000F7F738FD0246002194F83031D4F8B4B0B4F8C09084F830115AB158460393079278
:20EE600008F0BCF9079A4168484608F00FFA039B81463BB9D4F834319B4503D1B4F83831B9
:20EE80004B450CD05846C4F834B1A4F8389108F0A5F94A46014604F5AE70F1F7E0FC94F98D
:20EEA0004B31434503D194F94A31BB4204D0002384F8478184F84431D4F8181184F84A711D
:20EEC00084F84B8149B3013906F10800F7F7F9FC50444FFA80FA8AF30208D4F82411F1B151
:20EEE000013906F10800F7F7ECFC4FFA80FB04F1B0090E2F00F26E82DFE817F016006F011E
:20EF00006F016F01B601B601B601FB01FB01FB01FB0143024302430243028A46DDE78B4683
:20EF2000E5E700BFF821002084F847813A46B8463D460397062F94F947A13EDC94F8C830E6
:20EF4000012B40F04C82C34B1B78362B00F24A82C149180101EB03130958DB6889681942B2
:20EF600014BF012700275FFA8AF14846FFF724FF584445B2BBF1000F01D085F3030594F9C8
:20EF80004331002B80F23082002384F8433195B194F84131BB420ED99DF80C3002F00102AD
:20EFA000314648460192EAB200935FFA88F3FFF7C7FA84F8450184F8417194F94331A7491E
:20EFC00003EBCA0384F8405103EB8303CA1811F903A092F9023092F904500393069B92F908
:20EFE00003801D446FF0050392F90170062DA8BF06259D42B8BF1D46B8F1000F00F0F9812A
:20F00000D4F8B4004FF0000908F0E8F890F90430029A4345A8BF4346013B1A44029294F8C5
:20F02000FC1049B1013906F10800F7F743FC049B034483F30403049394F8081169B1013971
:20F0400006F10800F7F73DFC05446FF00303042DA8BF04259D42B8BF1D4694F8041189B187
:20F06000013906F10800F7F725FC029B03440F2BA8BF0F2302936FF00E03029A9A42B8BF9D
:20F080001A46029294F80C1159B1013906F10800F7F717FC504440B20828A8BF082020EA40
:20F0A000E07A94F8143153B106EB83035B689B0003F2FF7307EB23335BB283F3020794F885
:20F0C000101169B1013906F10800F7F7FAFB039B184440B20428A8BF042020EAE073039343
:20F0E000049B04F5AE7849464FF00C0BDA014046029B069209F01AF9594A494602EB87071E
:20F1000097F92C322B440BFB03F300EBC3134046049302EB8A03069A93F93DA20593029BFE
:20F120009A44534609F002F9059B069A494693F93E32029040465344079309F0F7F8059BC8
:20F140008246069A404693F93F12079B0B44494609F0ECF8424A039B97F92EC202EB83016C
:20F1600097F92D3291F961222A441A44029B0BFB02F203EBC21291F9623291F963122B44E2
:20F18000F264294497F92F526344049A29440BFB03F30BFB01F10AEBC31300EBC1100499D1
:20F1A0003365B1640021706586F8681086F8691086F86A1086F86B10D4F83C319A4205D0E4
:20F1C000284B01221A60049BC4F83C314FF0FF33C4F8C83109B0BDE8F08F94F9452194F9D4
:20F1E00044312AB31344EDB248465BB29F42B8BF002384F8443143444FF00108DAB25BB258
:20F20000032BC8BF131F84F8473194F84711FFF7D3FD0023C2B231464846CDF804800095EF
:20F22000FFF78EF9424694F944810397002581E694F94731BAF1000FF5D053445BB2002BFE
:20F2400002DA84F84721EEE7032BC8BF032384F84731E8E7DC05012090030020100921206C
:20F26000E875002018110120694B1B78362B29D81901684A02EB03135258DB6892681A420C
:20F2800014BF0121002194F842318B421CD994F84431033D01336DB25BB29D42B8BF00237D
:20F2A00084F844314344DAB25BB2032BC8BF131F012284F847314FF0000884F84211CDF864
:20F2C0000C80B3E70021DEE794F94731BAF1000F01D10022EFE753445BB2002B03DA0022CB
:20F2E00084F84721E7E7032BC8BF032384F84731EFE7474B1B78362B3ED8464A190102EB84
:20F3000003135258DB6892681A4214BF4FF0010A4FF0000A94F84231534530D95FFA88F1BC
:20F320004846FFF749FD584445B2BBF1000F01D085F3030594F94C3104F5CE70AB4209D05D
:20F340000621354B0022039005FB01111944FBF7F1F9039806EB870384F84C5184F8478193
:20F3600053F8141C07F03EFB84F8430184F842A1002290460392DDE54FF0000ACAE7002555
:20F38000F4E75FFA88F14846FFF716FD584445B2BBF1000F01D085F3030594F94C3104F587
:20F3A000CE70AB4209D006211B4B0022039005FB01111944FBF7BEF9039806EB870384F85D
:20F3C0004C5184F8478153F8241C07F00BFB84F84301CDE70022904615460392AAE50123B5
:20F3E00084F841310027BEE5AB42C8BF84F84351CDE5BDF9143006EB8303D3F828900EE637
:20F40000012104F5E47009B0BDE8F04FF2F756B9DD0501209003002084340020F7B50F7827
:20F4200004460E46032F3ED14B88022B3BD100F1B40500221221284606F028FE0022132102
:20F44000284606F023FE00221421284606F01EFE00221521284606F019FE002216212846B6
:20F4600006F014FE00221721284606F00FFE00221821284606F00AFE00221B21284606F030
:20F4800005FE00221A21284606F000FE00221921284606F0FBFD00221C21284606F0F6FD3C
:20F4A000002384F8F431D4F808323BB1314604F5027003B0BDE8F04022F07EBDD4F82C32B5
:20F4C000002B53D0022F3ED1738804F50B70013B072B38D8DFE803F00414371C37373741A6
:20F4E00094F8353201335BB2042BA8BF002394F9381284F8353203B0BDE8F04006F07EBFAA
:20F5000094F83532013B5BB2002BB8BF0323EEE794F84632CBB994F84532D4F8381201333D
:20F52000DBB2994206D2012349B284F8463284F83412E0E707D101390123C4F8381284F837
:20F54000463284F8341203B0F0BD002384F8463294F93432C4F83832F5E7644BB3F85C202F
:20F56000A3F85E200023C4F82C32ECE7022FEAD17388013B072BE6D801A252F823F000BF90
:20F58000391D01007B1D0100DF1C0100991D0100DF1C0100DF1C0100DF1C0100BF1D0100F7
:20F5A00094F948319BB994F8313104F1B400D4F8E02083F0010384F8313133B101320B21F6
:20F5C00003B0BDE8F04006F061BD013AF7E7002504F1B00084F84851FCF712FF84F8F451D2
:20F5E000B1E794F9483104F1B000B3FA83F35B0984F84831FCF704FF002384F8F431A2E709
:20F60000D4F84812D4F8B430994201D105299AD104F1B0000190FEF753FF019803B0BDE860
:20F62000F040FCF7EDBED4F80032234493F8D431112B1ED006D8032B0DD094F8F43183F0D0
:20F640000103DAE71D3B012BF7D8002304F1B00084F84831E2E7D4F8B420042A3FF473AFE9
:20F6600004F1B00104F5027003B0BDE8F04007F0F1BDD4F8E4201F2A3FF765AFD4F8BC5011
:20F6800004F1B006E9B23046FFF796FB184B02EBC10184F845026DB2C4F82C62C9B284F8F2
:20F6A000355202EBC5051F2950B205EB850598BF01EB810184F834021D44C4F8380298BF23
:20F6C0005B18C4F830521A7884F840229A7884F841225A7884F84222DA7884F843221B799F
:20F6E00084F84432002384F846322CE76C23012010092120D0F808220B4670B504462AB157
:20F7000000F50270BDE8704022F002BCD0F82C024A88002800F0D480B2F5807F26D194F800
:20F720004632B1F90420B3B9D4F8381294F94502521803D4431C9342A8BF134659B2984213
:20F74000C4F8383284F834120FDB04F50B70BDE8704006F053BED4F83C321344042BA8BFE0
:20F76000042323EAE373C4F83C3270BDB2F5007FFBD194F94512D4F838624A1C94F93552F2
:20F78000D2B296427FD294F9342202EBC505D4F83C22042AE9D8DFE802F003182E44600063
:20F7A0009A8894F8403213445BB2002B09DA002384F8403205EB850594F840226B4B5A55D9
:20F7C000D3E7082BC8BF0823F2E79A8894F8413213445BB2002B0ADA002384F8413205EB1B
:20F7E0008505624B1D4494F84132AB70BDE7042BC8BF0423F1E79A8894F8423213445BB278
:20F80000002B0ADA002384F8423205EB8505574B1D4494F842326B70A7E7032BC8BF032305
:20F82000F1E79B8894F843621E4476B2002E84F84362406803DA002384F8433205E007F04E
:20F84000CDFC4368DAB29642F6DC484B05EB85051D4494F84332EB7087E79A8894F84432A2
:20F8600013445BB21A1D0ADAFC2384F8443205EB85053E4B94F844222B441A7175E7042B7E
:20F88000C8BF0423F1E7B3F904200A4482F30302531C84F84522C4F83832032D3FF665AF59
:20F8A000DFE805F002080A0C0D210430BDE8704006F0ECBB0E21F8E70F21F6E71021F4E7F1
:20F8C000B2F5807F0DD1B1F90420D4F848321344942BA8BF9423052BB8BF0523C4F8483257
:20F8E00043E7B2F5007F7FF440AF94F8F421AAB3D4F80022224492F8D451032D3FF435AF0E
:20F9000004EB8503B1F9042004F1B4062946D3F8B43030461A4406F0B9FB072D0CD8052D0D
:20F920007FF623AF04F1B000FCF76AFDD4F8D031013BC4F8FC3118E70C2D7FF416AF94F893
:20F94000BC1004F1B000FFF737FAD4F8E43083427FF70BAF42B229463046A7E704F5FA7070
:20F96000B1F90410BDE8704006F01BBA1009212038B5002300250446162283642946C3641B
:20F98000FF23A0F8405045640565A0F85450A0F8683080F86A50C566A0F87050C0E91655D5
:20F9A000C0E91855A0301EF0DBFF294604F174002C22BDE838401EF0D3BF01292DE9F04125
:20F9C0000FD002D90239012909D800F5887500F50D642846F835FFF7CBFFAC42F9D1BDE817
:20F9E000F081704B0024704A1126704D1A6040F2031280F8FC409A806D4AC2F81C33AA69A7
:20FA000022F00052AA616B4A9A60C83AC2F8C860694EC2F82C16326F42F44002326706F584
:20FA20003016B6F85820D2B242F48852A6F85820AA6942F00802AA618522604DDA71604A0D
:20FA4000C2F854525D791A79002D6CD11C6801FA02F6B4F88C7106F00F0C4FEA061EBFB274
:20FA60005FFA8EFE47EA06373602BFB206F47066A4F88C71B4F88E71BFB247EA0C07A4F825
:20FA80008E71B4F88871BFB247EA0E074FF4005EA4F8887102EB420704EB4717A7F804E0CF
:20FAA0004FF4806EA7F806E04FF6FF7E7D80602707FB02425581A2F80EE05582D5825583A0
:20FAC000D583B4F8882192B24CEA020CDA7946EA0C0602F16042A4F8886102F56442302451
:20FAE00014701C791A6807FB04224FF4A054D48483F83C50DD871D6483F83D500925958677
:20FB00009484DC79620904F01F0402F1382201FA04F44032920014600122B030BDE8F04165
:20FB20009A7106F0F3BA1D6801FA02F74FEA421E4FF6FF78EE8BB6B226EA0706EE8305EBEA
:20FB40004216D201B48102F4C072748125F80E8049F6404E42F44052A6F802E0F480B482BE
:20FB6000F4823483B28144F24042F28183F83C4083F83D40EA8BDC871743DA791C643024B2
:20FB800002F16042BFB202F56442EF831470DC79620904F01F0402F13822A14040329200C3
:20FBA0001160B9E7E0E8012000C01D4000C00A40F4EE0120C8801F4000C00F40857701006E
:20FBC00000180120002300F1EC0180F8EC30012380F8ED30022380F8EE30032380F8EF3026
:20FBE000082380F8F0300F4B1A68836A9A4211D10423072280F8F130052380F8F42080F8A6
:20FC0000F230062380F8F33000F1F5035B1AC0F8E8307047092200F1F30380F8F12080F806
:20FC2000F220F3E7EC0501202DE9F0470027044600F58875DFF8C090DFF8C0803E46DFF87D
:20FC4000C0A0294600235AF8232006333C2B41F8042BF8D12846C5E90A79C5E90C86C5E9BF
:20FC60000E660137FFF784FE284609F11609FFF7A9FF082F05F1F80508F11808E1D11C4BDF
:20FC8000F822002000211B6802FB0342C4F8F830D2F8F821C4F80861013AC4E9406204F5D5
:20FCA0000D62C2E9000104F6DC020021C4F8D8681048116004F1BC02C4F8B860C4E92C63A8
:20FCC000002350F823100633182B42F8041BF8D100250323102204F1E0002946C4F8D85043
:20FCE000C4E934531EF03CFEC4E93C55BDE8F087EC0501205C780020504501207C072020AF
:20FD0000987600202DE9F04104460D4600F5887600F50D67DFF83080BE4209D1D4F8F8311F
:20FD2000013BC4F80431D5E90030C01ABDE8F0812B460A224146304608F002FF3046FFF7B9
:20FD400041FFF836E8E700BF987600202DE9F04F05462DED028B8DB006F0B3F8D5F8B8309F
:20FD6000FBB17F481AF004FF95F8103205F50470D5F820424FF00F090593D5F81C32DFF8B6
:20FD8000F8811C1B029306F0C8FA039007A8F1F77DFB039B9C4256DD0DB0BDEC028BBDE87D
:20FDA000F08FD5ED527A95F8F931B8EE676BFF2B9FED677B9FED685B26EE076B86EE058B96
:20FDC000B7EEC88B05D0674B042202217A201AF095FBDFED657A182195F80C22B4EEE78A75
:20FDE000624B01FB0233F1EE10FADA6814DBDFED607A642028EE277ABBFE477AFDEEC77A84
:20FE000017EE901A91FBF0F300FB13110091594959481AF0BFFEA7E7B7EE007A4FF47A7030
:20FE2000C7EE087A9FED557A67EE877AFBFE677AFDEEE77A17EE901A91FBF0F300FB131177
:20FE400000914F49E4E7029B00205F229C420CBF012300238DF81C30059B18BF0346032CC0
:20FE60008DF81D304FF07E03CDE90A2305F1B003CDE9080953F824100AD018223B4B02FB87
:20FE8000043207A809F10C090134F1F715FB80E7C1F303163B4BDFF8F0C006EB06261E4481
:20FEA0000B0306F2011B03F470430493030E20F07F4E00F1FF6003F1010AF25C1BF803300E
:20FEC000B0F17F4F16F80A701BF80AA0A7EB02074FEA0222AAEB030A4FEA03230EFB07F76E
:20FEE000A2F500420EFB0AFAA3F5004302EB274203EB2A4397B21BB212B2A7F50047A3EB45
:20FF00000203049A02FB03F307EB23472CF8027BCCD15F221C4F4FF0010C099B37F8020B99
:20FF20000833D8F80060A3EB5033D81003F0070302EBC0100CFA03F3013216F800E07F2ADD
:20FF400043EA0E033354E8D15723104A0B9398E7000000A0AA46D0400000E0FFFFFFEF4185
:20FF6000B5E1002048230020CDCCCC3DF06400200000C842C9E10020E430012000007A4463
:20FF8000E0E10020D092002020F20120386500202DE9F04F044687B005F093FF31481AF02E
:20FFA000E7FDB4F8B030D4F868210F2701334FF0000A4FF0540B1B041B12013B03EB0213A0
:20FFC00083F3100318121AF0FBFD4221264B02222648C3E901121AF0CBFDB4F8B430D4F819
:20FFE0006C2101331B041B12013B03EB021383F3100318121AF0E4FDD4F8780105F0A0FF3E
:02000004602278
:2000000004F5BE7006F089F9064601A894F87C91D4E96285F1F73AFAA8EB0505AE42144B07
:2000200002DA07B0BDE8F08FA84504F1B00101A8CDF810B00CBF0122002251F825108DF835
:2000400004200CBF4A4600228DF805207E220592182202FB05320135CDE902A70C37F1F7F0
:200060002BFADBE7F5E10020E4300120FCE10020786C00202DE9F04F044602274FF041081D
:20008000794E04F1EC05BA46DFF8E89191B005F018FF781EC6E9017AD5F82C11090F16F02E
:2000A000BBFD736840460533736016F0E1FD736823200233736016F0DBFDD5F8A400013092
:2000C0001AF07EFD73680C33736095F86830022B3AD1D5F8A83059F823001AF049FDA86DD3
:2000E00008B115F0CDFF403708F1010805F5C075822F5FFA88F8CCD1D4F8B0004FF4C077B1
:2001000005F01EFFD4F8B0B004F1B40108A807FB0BF706F00DF903A807F1EC09F1F7B6F918
:2001200007F1F0032744A144E3180193DDE90D239A4211DDD4F8C8301BB104F1C80021F0D7
:200140001FFF11B0BDE8F08FD5F8A4102846F8F759FA59F82000C0E703A908A805F04CFEB8
:200160003844019A90F82C32404D52F82380032B4FF0180202FB035523D803A8F1F753FA51
:200180009DF80D3043B12B4642460599062006F0D8FE736806337360354B53F828001AF02C
:2001A000E7FC03A8F1F73AFAC0E70E2B0DD8DFE803F0121212120C372C0C0C0C0C0C0C0C0B
:2001C0005500093BDAB20E2AEFD92A46414603A8F1F772F9AAE7D7F8908148464146F8F790
:2001E000F1F906F0FBFFC023426803FB0BF3059853FA88F804EB4808B8F8801115F06BFF43
:20020000294603A815F05AFF90E799F83C30032BDBD903232A46414603A8F1F7ABF985E750
:2002200099F83C30042B16D197F824328020D9F834210F2B0599D4BF03EB430A4FF0300AE1
:2002400005F0F6FD2A46CAF17F03414603A8069306F08EFE6AE799F84030D8E72A464146B4
:2002600003A8F1F753F961E7E4300120A0300020ACA12060E81A00202DE9F04F054641263C
:200280000624BD4F05F1DC084FF00209ABB005F0E5FE3046C7E9014916F0EAFC58F8043FE2
:2002A000601FD3F89C11090F16F0B6FCD8F80030D3F86C2103EBC203D3F8A82062B1D3F8FB
:2002C000AC1004F11600C900B1FBF2F102224B1CC1F109011AF086FB10340136862CF6B258
:2002E000D7D1D5F8B40005F0C7FED5F8B43095F8B0403833002C40F0828122A855F8236089
:20030000F1F7C4F80F22602322A823948DF88840CDE924237E23994A269395F8BC308DF87F
:200320008930D5F8B830964D03930399954B03EB8103D3F8D432D3600B46013336F82310FE
:200340000793F1F7B9F8D6F8941070224A43AB1835F90280B3F93800B3F848900A90B3F8BA
:200360004A000490B3F85A000890186C049B002B00F08B804FEA49034FF480720133B2FB1E
:20038000F3FA4FEA5A0300277D4C0B93030E384605970C93702359436B1861180293B3F817
:2003A0004E30119106930AF4FF730F93029B30330E93754B03F1100203F12006B9B284B250
:2003C000894566D8069919B1894508BF23F8024B6E4F4FF6FF7100253E461180198037F936
:2003E000021B2846013589124A1CC1F13F011AF08DF9059B9D42F2DD1A465F4D013206EB3B
:200400004200114601268C4200F3C880A01A9442B8BF002084187F2C05DCC4F180023F212D
:2004200020461AF0B7F95A4D1A21039B4FF6FF77584E05EB430306F10208B3F87C03079BB8
:2004400005EB4303B3F87C234FF6FF739A424FF002030BBF241A121A621C01324A4C042A9C
:20046000B8BF04221AF0BEFA002334F8020BB84240F0AA80484C4FF6FF7634F8020BB042F4
:2004800040F0B3802BB0BDE8F08F8023B3FBF9FA77E7069D35B1119DB5F84CC08C4508BFD0
:2004A00023F8024B049D02F1020C002D3BD08D4239D114800B9A14440F9A20B2B218964273
:2004C0002ED1624602993CB20A9D80B2098A22F8020B0AFB01F10914012938BF0121A5421B
:2004E00005D10C9C4C4300EB1424A4B205944FF07F44029D08444FF0000EB4FBF1F40D946E
:2005000000B235F9024F06EB41010994A4EB0804029510948E420DD10137DDF824804DE771
:2005200026F8028BCBE7089D002DCBD08D42C9D11480C6E70E9C4FEA1E6B124DE45D05EB4B
:200540008404109DD4F8E8C23CF81B400CEB4B0CCEF30F2BBCF802C0ACEB040C0BFB0CFCED
:2005600004EB1C44C4F34E046C4308EBE43426F8024B0D9CA644CDE7E43001203C11012014
:20058000F0E40120E875002060F2012080F20120F4EE01208833002070F2012030F9023B1C
:2005A000D5F800C09B12C3F13F03DF1003F0070301EBC71706FA03F301311CF807E043EA05
:2005C0000E030CF807301EE703F10109DB0749BF4346334602221C214EBF00F1FF3002222E
:2005E0001C2119F08BFF4B463FE705EB4003B3F98C239212C2F13F011AF088F83DE705F1AB
:20060000C00122A84FF00008DFF8E8B1DFF8E891DFF8E8A155F8234005F08AFE12A8F0F71A
:2006200035FFDDE927239A4255DDB8F1000F3FF429AF1A2380221921002019F0E5FE1A2343
:2006400080221921002001271AF0C8F894F89C1094F82C3005F1D40094F82820019194F8D0
:20066000301000911B2115F06DFC17A8F0F70EFF4FF480732620ADF85C302723CDE9187314
:200680003A23CDE91A0395F8DC301CAD002B00F09680534E0FCE0FC596E80300514B1CAA62
:2006A00085E803001D9717A894F828101F93F0F703FF01236A214C4A17A88DF85D303C2383
:2006C00018937E23CDE91A1394F8283094F83010F0F750FFD6E612A922A805F08DFB2044E3
:2006E000182390F87411052954F8216003FB01B31ED00C2942D0002953D112A80293F0F74D
:2007000092FF9DF84920029B3AB132461499062006F017FC7B6806337B60344B03EB860381
:20072000D3F814031AF024FA12A8F0F777FF78E7032E05DC1A46314612A8F0F7BDFE70E79D
:20074000D9F80000321FB9F804101C9012A8ADF87410D4F894108A421CA9A8BFF21E413238
:200760008DF87020BAF80020ADF872209AF802208DF874203246F0F72BFF52E79DF84930BE
:20078000DBB994F89C1005F1D40094F8A53094F8A420019194F8A6100091149915F0D2FB2E
:2007A000C2E7092905D80629C4D9139A02321392C0E70B390329BDD8F7E7984631E70C4E55
:2007C0000FCE0FC596E803001CAA85E8030094F8283017A894F82C100133F0F7CBFE68E713
:2007E000586E002007E20020886E0020E8750020706E0020686D00200BE2002003E2002072
:2008000070B58EB00446214D022605F027FC06234120C5E9013616F02BFA26234220C5E98A
:20082000013616F025FA46234320C5E9013616F01FFA66234420C5E9013616F019FAD4F8D5
:20084000B80005F09BFB04F1C00106A8D4F8B85005F06EFD01A8F0F719FE7823182603FB3F
:2008600005440B4DD834DDE90B239A4201DD0EB070BD01A906A805F0BFFA06FB005254F88D
:20088000201001A8F0F718FEEDE700BFE4300120E070002070B58EB00546274C05F0DEFB5B
:2008A000022606234120C4E9013616F0E1F926234220C4E9013616F0DBF946234320C4E9E0
:2008C000013616F0D5F966234420C4E9013616F0CFF9D5F8B80005F051FB05F1C00106A843
:2008E000D5F8B84005F024FD01A8F0F7CFFD4FF48273634303F1D4042C441D44DDE90B2352
:200900009A4201DD0EB070BD01A906A805F074FA28440A4A90F87C31182054F8231000FBD0
:200920000322073B01A8052B9EBF029B02330293F0F7C2FDE2E700BFE4300120E8710020D7
:200940002DE9F04FB14D91B0044605F0B7FB6B68D4F8486205336B60AD4B53F826001AF053
:2009600007F9D4F8B4309E4205D1AA4B04220221012019F0C3FD02236A21C5E9011394F8EB
:20098000313143B3A4481AF0F3F894F9470101301AF016F9D4F8C8311B0F03339A080BD05D
:2009A000D4F82C2242B99D4A23F00303022179201344042219F0A2FD04F5FA7108A805F038
:2009C000B7FC03A8F0F762FDDDE90D239A4204DD11B0BDE8F08F9248D5E703A908A805F0F4
:2009E0000BFA2044182690F8D43104EB8302112BD2F8B4708B4A06FB032626D009D8032B21
:200A000018D00C2B4AD03246394603A8F0F754FD07E01D2B19D01E2BF5D1314603A815F075
:200A20004DFBD4F80862002E45D004F5027021F0A7FAC9E7D4F8B40006F0D0FBB4F83811F2
:200A40004268059815F047FBE7E794F840914FF00008059FA9EB890094F8433104377C30EE
:200A600001937FB24FFA80FA07F1030B0223394650461A4619F0B6FF019B434505D1022371
:200A8000594650461A4619F0ADFF08F101080AF10300C8454FFA80FAE8DDBEE794F8BC107A
:200AA00004F1B000FEF788F9324603B2394603A8F0F760FDB5E7D4F82C32002B84D04023D8
:200AC00080223146304619F09FFC40238022314630464FF0130919F081FED4F82C3294F957
:200AE0004572062294F935A293F89380013793F997B008230AF10100C5E901231AF060F8AF
:200B0000B742A9F1020039D80D26022306217E431A4606F11100019019F060FE02230A213F
:200B200001981A4619F05AFE02230E2101981A4619F054FED4F838329F4206D10E2306226C
:200B4000042106F10F0019F049FED4F82C325A6F002A39D1344B07264FF000091E27DFF8E3
:200B6000B4B0019309F1FF3306F1FF3806F1060A032B5BD8DFE803F08B959FC6D3450BD188
:200B8000B04509D10A2306211A4619F027FE0623082148461A4606E094F84632002BF6D188
:200BA0000A2306211A4619F01DFFD4F838329E4206D10E230421A9F104001A4619F00EFE06
:200BC000013609F10D099BE7D345C3D193F890300133DB1B002BBDDDA8EB07081636002751
:200BE0005FFA83F95FFA88F84F45B3D20623B8454FF0080130461A4604D119F0F3FE0137E3
:200C00000A36F1E719F0EAFDF9E700BFE4300120ACA12060482300208EE600205023002079
:200C200062FF0020B07300202879002094F940323E4A02EB8303D3F85403C5E9016719F0F4
:200C400097FF3123C5F804A0AB60019B53F8040B019319F08DFFD4F83C32172140464B4597
:200C60004FF015031A4658D119F05AFE94F84632002B54D00E2315222D21404619F050FE4D
:200C8000183609F101097F2E7FF46CAF9CE694F94132264A02EB8303C5E90167D3F8780306
:200CA000CDE794F94232214A02EB8303C5E901A7D3F88C03C3E794F94332092BCCBF32460E
:200CC000F21CC5E90127194A02EB8303D3F89C0319F04EFFD4F82C32586806F07FFA94F9B4
:200CE000432203799A42ACDD5B46B01C0422302119F004FC5B460422302106F10D0019F09C
:200D0000FDFB9EE794F944020028B4BFF31C5346C5E9013719F054FF93E719F05FFD0E23EE
:200D200015222D21404619F059FDA9E7E87500200E4A00F58463002170B500F242441646EE
:200D400000F588604FF0FF3543F8045F83429D6302F1080224F8021FA4F87810C2F83C1874
:200D6000F2D14FF0000386F8AB3470BDA024012000220F21C0F8E02080F8E420C0F8D020D1
:200D8000C0F81C24C0F82024C0E93512D0E7A0F1B000EDE7002070470820704703685B6CBB
:200DA0001847A0F1B000F9E790F8EC30D0F8CC20194449B2002980F8EC10B8BF02F1FF33CA
:200DC000D2B2B8BF80F8EC3090F9EC309342A8BF002380F8EC3018467047012902D103686F
:200DE0005B6C184711B903681B6DFAE770479620704713290B4AA8BF132102EB810332F844
:200E0000212080F82413A0F8262310B5DC785B88A0F82833012380F82A3314B1022380F8B7
:200E2000DB3B10BD3CF80120F0B40024B0F80A6400F58A672246A5B2AE4221D81346B0F90C
:200E4000D62BFF2180F80C349A42A4BF03F1FF32A0F8D62BB0F9D62B002ABCBF0022A0F8B3
:200E6000D62BC3F16402642B03F2A113D2B200EB43004FEA420288BF0022F0BC1DF070BDA1
:200E800017F82430B1EB931F08D1531C00EB4202DBB2A2F84253632BD1D81A460134CAE7F1
:200EA00038B5044690F8D81BFFF7A3FF0246234600F5A0702146D1F8CC505033103183F8A7
:200EC0008C5AD1F8C05083F88D5AD1F8C45083F88E5AD1F8C85083F88F5A8342EBD1B4F83F
:200EE0000A3404F1800094F80C1199422346C8BFA4F80A14D2F810510433103283F84C5452
:200F0000D2F8045183F84D54D2F8085183F84E54D2F80C5183F84F548342EBD104F6CF3097
:200F200091231A46013304EB8202DBB2D2F8CC20952B00F8012FF4D149B9236820461B6C8C
:200F40009847002384F8DA3BA4F8D63B38BD00212046FFF769FFF4E7A0F1B000A0E7B0F82C
:200F60000E24B0F810349B1A44F21A129BB2934298BF0023A0F810340023A0F80E34704710
:200F8000D820704700F25350002303F003020133102B00F8012FF8D17047A0F1B000F1E7C2
:200FA000F0B5034600F590770546D5F8CC200C33203583F82C24D5F8B02083F82D24D5F8AE
:200FC000B42083F82E24D5F8B82083F82F24D5F8BC40803C64B283F8304414F1800FD5F812
:200FE000C01008BF0024803949B283F8311411F1800FD5F8C42008BF0021803A52B283F85F
:20100000322412F1800FD5F8C86008BF002283F83044803E83F8311483F8322476B216F19D
:20102000800F08BF002683F83364BB42BDD100F5727300F2535200F5816053F8041F984208
:2010400002F8011FF9D1F0BDA0F1B000A8E74B88B3F5807F30B512D1B1F9043090F82D2436
:201060001344062BA8BF062323EAE37380F82D34002380F82C344FF47A63C0F8C0304B8886
:20108000B3F5007F5CD190F82D54B1F90410052D90F82E2490F82C3400F2838002EB42021B
:2010A00005EB42050C22EDB202FB050292F83844D3B90C4482F834340B2CA8BF0B2424EA89
:2010C000E47482F838440C22032B02FB050292F838441FD1012C81BF92F83B44641884F303
:2010E000040482F83B4415E0012B0BD0022BEAD1012C0FD992F83A440C4484F3040482F8A5
:201100003A4407E0E4B192F839440C4484F3040482F839440C2202FB050292F838040B28DD
:201120000ED1042B0DD192F93C340B446FF00801092BA8BF09238B42B8BF0B4682F83C34CB
:2011400030BD052B11D0062B1DD0072BF8D192F93F340B446FF01A011B2BA8BF1B238B42F9
:20116000B8BF0B4682F83F34EAE792F93D340B446FF00801092BA8BF09238B42B8BF0B46DA
:2011800082F83D34DCE792F93E340B446FF00801092BA8BF09238B42B8BF0B4682F83E34A5
:2011A000CEE703EB820350FA83F090F854350B44052BA8BF052323EAE37380F85435BFE721
:2011C0000023A0F8CA30052380F8CC30044BB3F90830C0F8D0300123C0F8DC30704700BF75
:2011E00054EE0120A0F1B000EAE7D0F8C83010B50446C0F8CC30642010F07CFB32284FF063
:201200006400CCBF80236FF07F03C4F8E83010F071FB322841F6FC00CCBF80236FF07F037F
:20122000C4F8EC30D4F8E830002BCCBF4FF480534FF44053C4F8E03010F05CFB40F2523376
:2012400000F28250C4E9353340F64853C4F8E400C4F8DC3010BD4FF4C872C0F8C820002270
:20126000C0F8F420C0F81021C0F80821C0F82421BBE71B22C0F8D020012280F814214FF441
:201280006852C0F81821E6E7A0F1B000F1E7012902D103685B6C184770470B78022B29D1CE
:2012A0004B88013B072B25D8DFE803F0041024172424241E90F8F03083F0010380F8F030A6
:2012C0000023C0F8F430C0F81031704790F8F03083F0010380F80C31F2E790F8F83083F08F
:2012E000010380F8F830704790F8143183F0010380F81431704770477047B03004F016BFC4
:2013000038B50B4C02460D460A49204619F042FC63682E20013B636015F0AAFC63682A46F0
:2013200020460549023B6360BDE8384019F032BCE4300120F4E90020F9E9002070B5D0F8C4
:20134000B0400346D0F8F850002C4ED00A78022A41D14A88B030013A072A1ED8DFE802F06D
:2013600004041D0C1D1D1D1093F8C83023B92046BDE87040FEF7FCBABDE8704004F0C6BE43
:20138000D3F8D8204AB1032A1ED193F8C850012D0BD003D9023D012DE9D970BD2046FEF734
:2013A000E7FA012384F84030F7E794F84130002BF3D184F84150D4E90B06B21C00F11601C1
:2013C0001AF0B4FC3570E8E793F8CC2082F0010283F8CC20E1E7032ADFD14B88022BDCD13A
:2013E0002848BDE87040F0F71BB8F82255434A8805F58870012A184404D12146BDE87040E0
:2014000004F016BF022A02D14FF0FF32F5E7082AC3D1D3F808211D442A4492F8FC21082A56
:2014200008D0092AB9D093F8FC2082F0010283F8FC20B2E7D5F8381103F1B006114AC3F8F6
:20144000B0001820C3F8B41000FB01220E48C3F8D040C3F8B8200322C3E9352403F1BC0277
:2014600050F824100634182C42F8041BF8D11022002103F1E0001DF073FA3046BDE87040E4
:2014800004F054BE7C0720205C7800200346D0F8B0004A8870B538B3B2F5007F1DD193F84D
:2014A000CC207AB1D3F8D800B1F9041003EB8002D2F8BC20BDE870400A44014603F1BC0004
:2014C0001AF00EBA93F8C82052B9B1F9041003F1CC00BDE8704004F064BCB2F5807F26D138
:2014E000BDE87040FEF744BAB2F5807F20D1D3F8F850F82404FB0532D2F8F861B1F90420B7
:201500002A4482F30302C3F8F82004FB0232D3F80841D2F8F811042C01F1FF3205DD8E42F1
:20152000C4BFC3F80001C3F80801C3F8042170BDB2F5007FFBD1B1F9042093F8FC10C1B1D2
:20154000D3F8F840F8214C43D3F8081104F588751C440C441D4494F8FC11092908BF83F8E8
:20156000FC00284604F064FE2846BDE87040FEF729BB114603F1FC00ABE72DE9F8433D4E5A
:2015800001F21A240D4602EB820237684FF4C0680332395DD2B241F004013955C76B13F8FC
:2015A0002210384605F094FA04463846AF1C05F0BDFA0C2290FBF8F802FB08F2A0EBC213B9
:2015C000DB11C3F11109052B4FEA4909D4BFA9F107024A46C6E90172274A52F8230019F0C7
:2015E000C7FA4946082205F1100019F0D3F8C8F11101224B0222490005F11C0042F2107824
:20160000013918F07BFF204605F090FAB0F5705F4FF4C0634FF00202A8BF4FF470507760CB
:20162000B26020EAE07008FB00F4B4FBF3F40A230534B4FBF8F8B4FBF3F4A3F2F23303FB5E
:2016400008440F4BD3F80090B8EB090604D421463046BDE8F84353E60521284619F09AF8DA
:201660001CB1C4F57A71F043F3E72146A9EB0800EFE700BFE4300120B01A00208A33002058
:20168000D8050120002200F1100370B50446114600F58870704D714E2DED068B84B0039382
:2016A000FFF76BFF039B0122202104F50270FFF764FF039B0222402104F54070FFF75DFFE6
:2016C000039B0322602104F57E70FFF756FF02212C23F822C5E9011304F6DC0393ED009A53
:2016E000336802FB0343D3ED4A7A93F82C21B8EEE76B092A9FED525BC8BFF2EE009A86EED7
:20170000057BD3ED496ADCBF554B03EB8203B8EEE66BD8BFD3ED009A37EE067B9FED4A6B59
:2017200027EE067BF7EEC78B89EE280A1CF038F8B5EEC09AB0EE408AF1EE10FA76DDB7EEB1
:20174000C9AA4849444853EC1A2B19F023FA02223823C5E901233368F82202FB034494F879
:2017600020312BB3B7EEE96A94F82C019FED387B09282AEE07ABDCBF394901EB8001364847
:201780008AEE067BB7EEC77BB7EEC77A53EC172BCCBFB2EE007A91ED007A3349B7EEC77A03
:2017A0008DED007B19F0F6F904B0BDEC068B70BDB4EEE89AF1EE10FAF6DBDFED2C7A42F699
:2017C000E0629FED2B7A4FF47A7428EE270A2948B2EE045BF8FE407A77EE877AFDEEE77A4C
:2017E00017EE901A91FBF2F2023A52B2931C4343581803F50C43A0330B4493FBF4F104FB0A
:2018000011331D49A3F5FA7307EE903A1B4BB8EEE77B90FBF4F087EE056B40B253F820300B
:201820000D488DED006B19F0B5F9BDE7144804B0BDEC068BBDE8704019F09AB9AFF30080F6
:20184000000000000000594008B7310AFE06A33F0000000000004E40E4300120EC0501203A
:20186000A8370020FEE900200BEA002000803B460000FA4320D1FFFF1FEA0020E81A0020D5
:201880002EEA0020F8B50546154F0026D5F8E8403846F0F7AEFA024606EB441401360B4673
:2018A000123704F50074A4B2204605F06BFD202EECD10C4F0026D5F8E8403846F0F799FAE0
:2018C000024606EB441401360B46123704F58064A4B2204605F056FD202EECD1F8BD00BF46
:2018E000A0240120E0260120D0F8E8308B42F7B504460E4615462AD0FFF7C4FF224F002244
:201900000023C4F8E8600026CDE90023D4F8E800694606EB401000F5007080B205F066FD0E
:20192000E8B91948F0F71EFB184F0026D4F8E800694606EB401000F5806080B205F056FD25
:20194000B8B91148F0F70EFB2046FFF7F1F96B1C08BFD4F8E050C4F8E05003B0F0BD0136BA
:2019600038461237DDE90023F0F781FA202ECDD1DAE7013638461237DDE90023F0F777FA69
:20198000202ED3D1E0E700BFA0240120E026012013B50446094815F077FC002200236946F4
:2019A0000020CDE9002305F021FD009900222046C4F8E81002B0BDE8104095E73BEA0020DE
:2019C000A0F1B000E4E790F8E5203AB1D0F8F0200A4482F30202C0F8F0207047D0F8E83085
:2019E0004FF0FF32194481F302017DE74B88082B2DE9F74F04460D4612D10B78022B40F07D
:201A00008D8090F8E530002B00F08280D0E93B68B04535D103681B6D9847002384F8E53022
:201A20006B88042B20D12B78032B13D10026DFF83C912046FFF77CF900275FFA86F8F9B29A
:201A40000137424648461AF087FA102FF7D10136802EF1D12B78022B06D194F8E530002B8C
:201A60007CD0002384F8E5306B88012B56D12B78022B70D14FF0FF312046FFF7A4FF4DE074
:201A8000760100224FEA481A0023B6B21FFA8AFA06F5007706F50879AAEB060BBFB21FFACC
:201AA00089F9CDE900236946384605F09FFCB8B906F5806706F58169AAEB060ABFB21FFAA7
:201AC00089F96946384605F091FCA8B920464FF0FF324146FFF708FF236820465B6C9BE7E0
:201AE00007EB0B000137BFB280B2DDE9002305F049FCB945D7D1DBE707EB0A000137BFB2DE
:201B000080B2DDE9002305F03DFCB945D9D1DDE790F8CC3083F0010380F8CC306B88022B81
:201B200019D12B78022B03D101212046FFF74BFF2B78032B0FD194F8E53083F0010384F80A
:201B4000E530D4F8E830C4F8EC300133032BC8BF0023C4F8F03003B0BDE8F08F94F8E43055
:201B600083F0010384F8E4307EE700BFA024012070B5B8B06FF00F0300200EA90A460133FC
:201B800001F8010B182B1AD118AE28A828211CADF0F714F828A930466C46F0F71AF84D2315
:201BA0000C930FCD0FC40FCD0FC495E80F0084E80F0096E80F0014F0F3FE38B070BD072B58
:201BC0008CBF00201820DAE7A0F1C400D0E72DE9F04FB9B00746DFF8D8904FF0000818AE3E
:201BE000D7F8CC30484603218DF83C808DF83D30D7F8D0308DF83E300FAB9A4630F9022B83
:201C0000023102335A702329C2F307229A70F5D1524628A84FF0440B1CADEFF7CFFF28A954
:201C200030466C46EFF7D5FFCDF830B008F1010809F120090FCD0FC40FCD0FC495E80F000E
:201C400084E80F0096E80F0014F0AAFEB8F1040FC6D1D7F8CC30524628A805218DF83D3032
:201C60001CADD7F8D0306C468DF83C808DF83E30D7F8D4308DF83F30D7F8D8308DF8403053
:201C8000EFF79CFF28A93046EFF7A3FFCDF830B00FCD0FC40FCD0FC495E80F0084E80F00EA
:201CA00096E80F0014F07CFE39B0BDE8F08F00BFF0E00120A0F1C40089E72DE9F0431B4EE5
:201CC000B1B04FF000084FF07209318810AFB27820A8F37814ADADF83A1006218DF83C2015
:201CE0000EAA8DF83D306C468DF8398008F101088DF83890EFF762FF20A93846EFF769FF1F
:201D0000542304360C930FCD0FC40FCD0FC495E80F0084E80F0097E80F0014F041FEB8F194
:201D2000140FD2D131B0BDE8F08300BF3CF801202DE9F04FB0F80A844FF00009BBB0074645
:201D40004FEAD8084E464FF0730A08F101085FFA88F8C8452FDC74231AAE0EAA2AA88DF8B9
:201D60003830052197F8D03B1EAD6C468DF8393097F8D13B8DF83A3097F8D23B8DF83B30BA
:201D800097F8D33B8DF83C30EFF718FF2AA93046EFF71FFF54230C930FCD0FC40FCD0FC4F7
:201DA00095E80F0084E80F0096E80F0014F0F8FD3BB0BDE8F08F06F1E8033AA95FFA89F2EE
:201DC0003AA86B443AAC03F8B0AC731C51FA83F3B7F80A1403F8B02CB31CD20050FA83F3E0
:201DE000F01C03F8B01C54FA80F0090A331D00F8B01CDBB2D1B200200A1803F1E8040DF1FB
:201E0000E80C0130D2B26C440A2807EB820292F8505404F8B05C03F101043AAD55FA84F4E4
:201E200092F8515404F8B05C03F1020503F1030403F104035CFA85F592F852C492F8532409
:201E4000DBB205F8B0CC3AAD55FA84F404F8B02CD2D12C360DF1680B0EAA2AA8F6B21EAD83
:201E60006C4609F101093146EFF7A8FE2AA95846EFF7AFFE54230C930FCD0FC40FCD0FC431
:201E800095E80F0084E80F009BE80F0014F088FD5FE76F2300F5A07170B5BAB08DF83830C6
:201EA0000EAB1A4690F8DC4A50305C7090F88D4A9C7090F88E4ADC7090F88F4A884203F8D2
:201EC000044FEFD11AAE2AA811211EADEFF776FE2AA930466C46EFF77CFE54230C930FCDB1
:201EE0000FC40FCD0FC495E80F0084E80F0096E80F0014F055FD3AB070BD10B50446FFF75A
:201F0000DCFE2046FFF7C5FF2046BDE810400FE7A0F1C400F1E7F0B590F82E44B9B000261B
:201F20004FF00C0C04EB44050EA96D000A46EDB2AB1901360631DBB2062E0CFB030393F874
:201F400038E493F8397447EA0E1793F83AE401F8067C93F83B7447EA0E1701F8057C93F81E
:201F60003C74A7F1800701F8047C93F83D74A7F1800701F8037C93F83E7493F83F34A7F173
:201F80008007A3F1800301F8027C01F8013CCFD1A40018AE1CADE4B220446C4690F8541586
:201FA00090F8553543EA011390F856158DF85C3090F8573528A843EA011326218DF85D304C
:201FC000EFF7FCFD28A93046EFF703FE4E230C930FCD0FC40FCD0FC495E80F0084E80F007F
:201FE00096E80F0014F0DCFC39B0F0BDA0F1C40091E770B5282190F9CA201A4BB8B001FB6B
:2020000002F00321C418185AADF83C002346606806338DF83E000FA8024633F9024F02319F
:20202000023044702329C4F307248470F5D118AE28A8EFF7C3FD28A930461CADEFF7C9FDDA
:2020400045236C460C930FCD0FC40FCD0FC495E80F0084E80F0096E80F0014F0A1FC38B04C
:2020600070BD00BF54EE0120A0F1C400C1E730B58BB004464422C43001A9EFF71BFE20B3D4
:202080009DF80450032D22DCCC349DF805200021204604F00FF901219DF80620204604F0B5
:2020A00009F91A4901AB002001EB45111C790130DA78023342EA0422B2F5F05FA8BF4FF46E
:2020C000F052102821F8022BF0D10BB030BD042DFBD1CC349DF805200021204604F0EAF8C3
:2020E0009DF806200121204604F0E4F89DF807200221204604F0DEF89DF808200321204677
:202100000BB0BDE8304004F0D5B800BFF0E00120A0F1C400ABE7F0B58BB004464E22C43049
:202120006946EFF7C7FD002856D094F82E1400206A464FF00C0C01EB410507466D00EDB278
:202140002B18167801300632DBB24FEA161E06F00F060CFB0343062883F8396412F8056C32
:2021600083F838E44FEA161E06F00F0683F8347483F83B6412F8046C83F83AE4A6F18006E3
:20218000A3F8367483F83C6412F8036CA6F1800683F83D6412F8026CA6F1800683F83E647B
:2021A00012F8016CA6F1800683F83F64C8D189009DF82430C9B21A0903F00F030C4484F8F3
:2021C00055359DF8253084F854251A0903F00F0384F8562584F857350BB0F0BDA0F1C400B2
:2021E00099E7052B30B502D190F8E440B4B3D2B2A9B34132D0F81C44D2B2651C00EBC40431
:20220000C0F81C54652D84F8F6309DF80C3084F8F41084F8F730BDF9103084F8F520A4F84B
:20222000F830BDF91430A4F8FA3010D100F1F40300F21444194653F8082F0A60A3425A68B1
:202240004A60F7D1D0F81C34013BC0F81C34D0F81C34063B48BF0023C0F8203430BD3132D1
:20226000C8E72DE9F04F8FB0044614F08FFDD0B1AF4B1D78AF4BF02D93F80080AE4B1F787F
:20228000AE4B1E7803D1236820465B6D98478DF830808DF831508DF832708DF833600C9924
:2022A000A748EDF783FEA749204603F0D9FFA649204603F0D5FF15F04EFE70B1A34B5D6F61
:2022C00093F87530F02B03D1236820465B6D984729469B480D95EDF769FE04F25443DFF8A4
:2022E00060B204F25C45DFF870A2099300260BF6C413CDF810B00893304613F0CDFF0590B8
:20230000002800F05081049B93F84272431EDBB2012B00F2F0808E4B1C2000FB0630EDF750
:2023200005FE804628B1099B1B7813B96023089A1360089B089A1B68013B002B13600CBFF3
:2023400001230023079302D02B6C002B79D0504618F052FD7F4B1A78049B93F94412EDF711
:2023600075FD2B6C0690DBB12A68904200F0C180D2B295F82010724819F0EEFD0021324615
:2023800020460291B5F90030019395F8203000930123FFF726FF4FF0FF332B600123079369
:2023A000049A069992F845228A424AD8049A92F846228A4245D3079A002A42D05B46642289
:2023C0004FF000094846CDE90A2313F065FF0328DDE90A2310D193F84212B9420CD10A938A
:2023E0005D4B03EBC90018F007FD7F224FF4F051EDF7FEFC0A9B024609F101091233B9F18F
:20240000080FDFD182F307093946069A5FFA89F34B48EDF737FD32460FFA89F320460293D9
:20242000BDF91830CDE9007300231946FFF7D9FE069B2F622B60059B022B04BF01232B6426
:20244000079BB8F1000F1DD1099A92F80090B9F1000F17D02A7895F82010394819F07CFD75
:20246000CDF80880B5F90030324641462046019395F8203000930123FFF7B3FE4FF0FF338C
:202480002B604B46099A82F80080B8F1000F01D1C5F84080314A925D002A00F08280059A57
:2024A000042A2AD1049B504693F8408218F0A4FC7F224FF4F051EDF79BFC08F01F0880F397
:2024C0000709384641465FFA89F219F0E3FD02230FFA89F0324600210097CDE901802046B6
:2024E000FFF77FFE04F2BC434FF4FA6223F8162059E0002354E70023CCE7059A052A2FD149
:20250000504618F079FC7F224FF4F051EDF770FC80F3070838465FFA88F119F08FFD0021AB
:202520000FFA88F003230290CDE900713246D6E7A843012036EC012034EC012035EC012034
:20254000A024012020AA012060BB01205446012010310120D8050120F0310120AC30012015
:20256000059A062A1DD1504618F046FC43F6FF724FF4105100F59050EDF73AFC0FFA80F800
:20258000384688F30E081FFA88F8414619F018FDA8F50051042309B202910021CDE9007143
:2025A000C4E7002B9ED1099B01360AF1080A04350133082E0993049B03F112030493089BCD
:2025C00003F1040308937FF497AE04F242430E4904F2524433F8022F0AB1013A1A80B3F8B8
:2025E000782012B1013AA3F87820BBF90E209C420BF1120B01F108014FEA0212C1F83C28D4
:20260000E8D10FB0BDE8F08FA0240120A0F1B00027E610B58EB04D220446C43004A9EFF7A8
:2026200049FB024678B100224D23029201212046CDE900230523FFF7D4FD23685B6C0EB05F
:20264000BDE81040184794F8C8300290EEE7A0F1C400DEE7B030F4F74FB8B030F4F74CB880
:20266000B030F4F749B8B030F4F746B8B030F4F743B8B030F3F774BDB030F3F771BDB0302C
:20268000F3F76EBDB030F3F76BBDB030F3F768BDB030F3F765BD10B50C4602220C4904F5CF
:2026A000C670EFF71DF804F5D77002220949EFF717F804F5E87002220749EFF711F804F591
:2026C000F97002220549BDE81040EFF709B800BF47EA002053EA00205DEA002064EA002041
:2026E00010B50C4636492046EFF703F804F121003449EEF7FEFF04F142003349EEF7F9FFF8
:2027000004F163003149EEF7F4FF04F184003049EEF7EFFF04F1A5002E49EEF7EAFF04F176
:20272000C6002D49EEF7E5FF04F1E7002B49EEF7E0FF04F584702A49EEF7DBFF04F2291032
:202740002849EEF7D6FF04F5A5702749EEF7D1FF04F26B102549EEF7CCFF04F5C67000223B
:202760002349EEF7BDFF04F5D77000222149EEF7B7FF04F5E87000221F49EEF7B1FF04F57C
:20278000F97000221D49EEF7ABFF04F5057000221B49EEF7A5FF04F2362000221949EEF787
:2027A0009FFF04F5167000221749EEF799FF04F27A2000221549BDE81040EEF791BF00BF04
:2027C0006DEA002073EA002079EA00207FEA002055C400205CC4002063C400206AC40020EB
:2027E00071C4002078C400207FC4002086C400208DC4002091C4002095C4002099C400207F
:202800009DC40020A1C40020A5C40020A9C4002010B50C4616492046EEF76BFF04F121005B
:202820001349EEF766FF04F142001149EEF761FF04F163000E49EEF75CFF04F5C6700022DC
:202840000C49EEF74DFF04F5D77000220A49EEF747FF04F5E87000220849EEF741FF04F530
:20286000F97000220649BDE81040EEF739BF00BF3EF600208DC4002091C4002095C400203A
:2028800099C4002010B50C4620492046EEF731FF04F121001E49EEF72CFF04F142001D4996
:2028A000EEF727FF04F163001B49EEF722FF04F184001A49EEF71DFF04F1A5001849EEF78E
:2028C00018FF04F1C6001749EEF713FF04F1E7001549EEF70EFF04F5C67000221349EEF711
:2028E000FFFE04F5D77000221149EEF7F9FE04F5E87000220F49EEF7F3FE04F5F97000221E
:202900000D49BDE81040EEF7EBBE00BF35C400203DC4002045C400204DC4002055C4002052
:202920005CC4002063C400206AC400208DC4002091C4002095C4002099C4002038B50C46A7
:20294000204D20462946EEF7D4FE294604F12100EEF7CFFE294604F14200EEF7CAFE294685
:2029600004F16300EEF7C5FE294604F18400EEF7C0FE294604F1A500EEF7BBFE294604F1C1
:20298000C600EEF7B6FE294604F1E700EEF7B1FE04F5C67000220C49EEF7A2FE04F5D7708E
:2029A00000220A49EEF79CFE04F5E87000220849EEF796FE04F5F97000220649BDE83840F6
:2029C000EEF78EBE3EF600208DC4002091C4002095C4002099C4002010B50C46094904F138
:2029E0008400EEF786FE04F5C67000220649EEF777FE04F5D77000220449BDE81040EEF767
:202A00006FBE00BF85EA00208EEA00209BEA0020012013F0FFBE4A88B2F5007F38B50346EF
:202A200040F0938090F8CC20B1F90410002A00F08780D0F8D8201220574C072AD3F8E0305F
:202A4000C9BFA2F1080500FB024400FB054404F51074052B36D8DFE803F003404956616CA5
:202A6000072A35DC94F900506D180BD54FF0FF312046EDF7BFFF28B1607800F0E00018F0D2
:202A8000FFF8451E607800F0E00018F0F9F8A84219DC01212046EDF7ADFFA0B1657805F021
:202AA000E005A02D4FF0FF3518BF0025607800F0E00018F0E5F8A84200DC451E0023257087
:202AC000E381238238BD6B1CF0DA4FF0FF35F5E72046BDE83840EDF78DBFA3780B44102B00
:202AE000A8BF102323EAE373A370EBE794F904306FF02F020B44302BA8BF30239342B8BFF3
:202B000013462371DEE76279A379521804D49342A8BF13466371D5E70023FBE7A3796279A9
:202B20000B44934203DB7F2BA8BF7F231A46A271C8E794F907300B4483F30503E371C1E731
:202B4000CC30BDE8384003F02CB9B2F5807FB9D1B1F9042090F8E41069B9D0F8E0100A44E2
:202B6000D0F8E810052AA8BF0522BDE8384022EAE272FEF7B9BED0F81C140629A2DDD0F881
:202B80002004121806D406398A42A8BF0A46C3F8202497E70022FAE7A024012038B50023D6
:202BA00090F8CC10044680F8F0304FF6FF73A0F80431A1B900F1CC051022284603F07AFB27
:202BC00005220221284603F075FB0B220421284603F070FB0C220521284603F06BFB074852
:202BE00004F06AFE94F8D40004F0F8FA4FF6FF7201460248BDE83840EDF731BE08200120B3
:202C0000A0F1B000CAE7F8B54B8804460D46B3F5807F06D1B1F90420B0F80E1481B1FEF768
:202C20009EF96B88B3F5007F70D1B4F80E34B5F90450002B41D02046BDE8F840FEF78FB9F6
:202C400090F8D43BABB990F8D83B13445BB2002B0DDB142BA8BF0023D9B2204684F8D83B1E
:202C6000FEF7C7F84FF47A63C4F8C030D9E71323F2E7012B0CD190F8D93B13445BB2002BD1
:202C8000C0F28D81032B40F38B8180F8D91BE9E7023B012BE6D890F8DA3B13445BB2002B78
:202CA00009DB042BA8BF0023D9B2204684F8DA3BFEF7BAF8D6E70323F6E794F8D43B012BC7
:202CC00054D0022B00F0BD80002B40F01F8194F8292394F9DB3B52BBCBB994F8283394F8FC
:202CE0002A232B44102BA8BF1023012BB8BF0123DBB284F828332AB194F82413AA4A02EB99
:202D0000810293704FF47A63C4F8C030F8BD012B0DD194F9D82B224492F82C332B44642BC5
:202D2000A8BF642323EAE37382F82C33EAE7022BE8D194F82A33002BE4D0012DB4F82633B7
:202D40000ED103F001025B0843EAC233A4F8263394F82423B4F82613934B23F82210D1E789
:202D60000135F5D15A0042EAD333EFE794F9DC3B9BB994F9D92B502101FB024393F8DC3A19
:202D80000BB9002DBEDD2B4401FB0242DBB2032BA8BF032382F8DC3AB4E7012B19D0022B43
:202DA0002BD094F9DC3B032BACD194F9D92B502101FB024393F8DF3A0BB9002DA2DD2B4403
:202DC00001FB0242DBB2102BA8BF102382F8DF3A98E794F9D92B502101FB024393F8DD3A5A
:202DE0000BB9002D8EDD2B4401FB0242DBB2082B28BF082382F8DD3A84E794F9D93B5021E8
:202E000001FB034292F8DE2A12B9002D7FF77AAF2A4401FB0347D2B207F69426942A304625
:202E2000A8BF942287F8DE2A04F046FD97F8DE0A04F0D4F94FF6FF7201463046EDF70FFD1C
:202E4000AFE794F80C34002B3FF45CAF94F9DD2B002A16D1B4F9D63B002B02DC002D7FF797
:202E600051AF2B44632B3FF64DAF04EB4302B2F842134FF6FF7291423FF444AFA4F8D63B95
:202E800040E77FF73FAFB4F9D63B012A04EB4303B3F8423315D104EB830393F8502412F00D
:202EA0003F0102D1002D7FF72DAF294422F03F02C9B2272994BF0A4342F0270283F850240B
:202EC00020E7022A4CD104EB830393F8512412B9002D7FF717AF2A44D2B2642A28BF64220C
:202EE00083F851240EE704EB830393F8522412B9002D7FF707AF2A44D2B2632A28BF632268
:202F0000012A38BF012283F85224FBE694F9DE3BBBB994F9DA2B0135224492F8D01B01F0EC
:202F20001F032B4413F0FF0309D0202BA8BF2023013B21F01F010B4382F8D03BE2E6012301
:202F4000F6E7012B7FF4DEAE94F9DA2B224492F8D03B990654BF43F0200323F02003EBE7CC
:202F6000032AC0D0042A7FF4CDAE04EB830393F853143039CAB249B22F3102DA002D7FF752
:202F8000C1AE2A446FF02F0152B2302AA8BF30228A42B8BF0A46303283F85324B2E6032309
:202FA00084F8D93B5EE600BF3CF801202DE9F04700F21F4800230446064600F2164700F289
:202FC0002349454600F58A6AC0F81434A5EB0801B4F80A040023C9B29AB2904202D84FF6E3
:202FE000FF7205E01AF823C00133B1EB9C1FF3D1002327F8022F05F8013F2B712B722B73B0
:2030000096F8DF3ABBB1D6F8D42A002A0DDB013B12041B0202F4FE0203F47063134343F403
:20302000104040F0090010F009FB4FF0FF33C6F8D43AC6F8D83A4D4506F15006C6D1BDE8DB
:20304000F0872DE9F047044600251422002100F54B7004F6942704F6CF384FF00509AA4643
:203060001BF07EFC2946204684F8D85BFDF7C1FEEEB2384687F84A9007F8046C87F8486087
:2030800087F84BA004F018FC052004F0A7F84FF6FF7201463846EDF7E2FBA5B9022384F8CB
:2030A000DD3A013518F8013FB6015037042D88F80060DDD12046FFF779FF20460021BDE876
:2030C000F047FDF7B1BE012D05D0022D06D0082384F8CD3BE5E784F82D9BE2E7072384F820
:2030E0007D3BDEE7A0F1B000ABE7F8B5282390F9CA7004460F4A7B431421D0F8DC00012664
:2031000032F903C094F9CB300B4D01FB073385F84660043332F91310002300FB0C111A4668
:2031200005F1080005F002F985F84660C4F8D800F8BD00BF54EE01200020012010B50446C3
:2031400090F9CA0004F04AF84FF6FF7201460348EDF785FB2046BDE81040C6E708200120E9
:20316000A0F1B000EAE7F0B58BB004464522C43001A9EEF79FFD002839D094F9CA002823BA
:203180001C4903FB00F2BDF804508D529DF80620032A2AD9102AA8BF102203FB00152B46B0
:2031A0006A6001AA0325063317790235D6780232232D46EA072623F8026FF5D1002384F852
:2031C000CB30282303FB0011B1F90830C4F8D03004F004F84FF6FF7201460748EDF73FFBA2
:2031E00020460BB0BDE8F0407FE70422D5E70BB0F0BD00BF54EE012008200120A0F1C40069
:20320000B1E738B590F9CA5004460D4485F3020580F8CA50284603F0E1FF4FF6FF7201469C
:203220000F48EDF71CFB2046FFF75FFF0D4A282394F9CB1003FB05235B68D8B288424FF0FC
:203240001401DCBF03F1FF3384F8CB3094F9CB3001FB0533043332F91330C4F8D03038BD0F
:203260000820012054EE01202DE9F04F87B0044613F08CFD70B1774B77491B78774A91F8C0
:2032800000A0F02B764912780D7807D1236820465B6D98470025AA46A94607E0902BF9D1C5
:2032A00094F8E4309342F5D14FF001096D4E96F8C43B002B00F0B6806B4BD4F8FC101A68E1
:2032C00094F8E800521A1B68C4F80021C4F8FC30002800F0A4806421ECF78AFD019063485F
:2032E000ECF724FE0028204614BF4FF0FF310121FDF75AFD012384F8F83096F8C63B7BB109
:20330000594AD4F8FC1013685B1AC4F800311368C4F8FC30002384F8EC30012384F8F8306F
:2033200094F8EF3063B9022013F042FA002807DDF022012190FBF2F204F1CC0002F0BAFF4A
:2033400094F8CC204FF0000894F9EC3093FBF2F102FB113394F9D02013445A4203F01F03CE
:20336000029302F01F03029A58BF5A4202929DF80830039304F1EC030493049A46469DF824
:2033800008B012F8013F04929BB194F8E430002B52D0B9F1000F0CD0B8F1000F45D1344B7A
:2033A0005046197817F086FD82B23146584612F05DFF3146584612F063FF0746032013F0C9
:2033C000F7F90028B8BF7F30C611B8F1000F55D1D4F8D820394633462648D201214F02F497
:2033E000FF4204F0A3FF039B00014146C7F84408D4F8CC00184400F01F0012F041FFD4F8B4
:20340000D82001463346D2011A4802F4FF4204F08DFF0001C7F84C084FF00108ADE71123E4
:2034200001935CE71123019367E74FF4F0527F212846ECF7DDFCB7E70F4B03EBC80017F09B
:20344000DBFCB0F5F05FA8BF4FF4F05020EAE070AAE700BFA843012034EC012036EC01207D
:2034600035EC0120A0240120E03001202C310120D805012008200120F031012094F8F83039
:20348000002B00F0B88000234FF4F05084F8F8300EF030FA874204DC7B48ECF747FD0028AC
:2034A0004AD00199022014F009FD94F90431002B0DDB94F806010138000200F4706040EA9B
:2034C000034040F4004040F0080010F0B7F894F8DC308BB3002184F806315846059312F06C
:2034E000CFFE6A4B31461A78ECF7B0FC7F224FF4F051064684F804013846ECF779FC059B4A
:203500003604013B000606F4FE061B0200F0FE4003F470633343184340F4104040F009008E
:2035200010F08CF85A49D4F808210B689B1AC4F810310B68C4F80831C7F5F0574FF4F0505C
:203540000EF0D8F9874204DC4F48ECF7EFFC002851D00199032014F0B1FC94F90531002BE9
:203560000DDB94F807010138000200F4706040EA034040F4004040F0080010F05FF894F8D4
:20358000E060C6B3039A0021D4F8CC3084F80761013E1344360203F01F0B06F470665846AF
:2035A00012F06EFE394B00211A78ECF74FFC0746012184F805013F04584612F061FE7F2264
:2035C0004FF4F05107F4FE07ECF712FC00063E4300F0FE40304340F4104040F0090010F091
:2035E0002DF82B49D4F80C210B689B1AC4F814310B68C4F80C31B8F1000F3FF40DAF04F207
:20360000031504F5847604F20517DFF8848048F2080A4FF0FF0B15F9012F002A14DB33682B
:20362000D8F80010C91AB368B1EB430F0CD9A8780138000200F4706040EA024040EA0A001A
:203640000FF0FCFF85F800B0AF4206F10406E2D1D4F8F430013BC4F8F4300E4B93F8C43BAF
:203660007BB9B9F1000F0CD094F8ED3013B994F8EE3033B10121204607B0BDE8F04FFDF767
:2036800093BB07B0BDE8F08F64310120D8050120E0300120A0240120A0F1B000E4E52DE917
:2036A000F04F182785B0054688464F43002600EB010B0F3795F8CC904E4502DB05B0BDE896
:2036C000F08F95F9EC40414695F9D0A0344494FBF9F309FB13445444634204F01F0403F097
:2036E0001F0358BF5C42204612F0CAFD9BF8ED3016224FF4F0510293ECF77AFB802307F1D0
:203700001801B3FBF9F3091A4FEA930E16FB03FC5A10C9B2C3B25EFA8CF05FFA8CF916BB0C
:20372000039217F05FF9029B53B1D5F8C030002B06DD039A1823394648465200EDF740FAD4
:20374000A2450ED195F8EF3083B1D5F8C030002B07DC01234A460F21484600933F2317F08A
:2037600059F80136A6E717F039F8E9E70F24631C214604344A464846EDF724FA3F2CF6D189
:20378000EFE710B50C460B4608220449CC3005F062F9D4E90030C01A10BD00BFDC370020A2
:2037A00010B50C460B4696220349CC3005F053F9D4E90030C01A10BD9C38002010B50C46C1
:2037C0000B46D8220349CC3005F045F9D4E90030C01A10BD504C002010B50C460B46082241
:2037E0000349CC3005F0ACF9D4E90030C01A10BDDC37002010B50C460B4696220349CC30B8
:2038000005F09EF9D4E90030C01A10BD9C38002010B50C460B46D8220349CC3005F090F96C
:20382000D4E90030C01A10BD504C0020A0F1B0001EF07ABB0148EDF79BB900BF6EEB0020FB
:2038400038B54B880446B3F5807F29D1B1F9043090F8F010D1B9D0F8CC502448E91AEDF796
:20386000D6FD854201D0C4F8CC0094F8D40003F0B5FC4FF6FF7201461D48ECF7F0FF94F891
:20388000F03013B11B4BC4F8F43038BD013100EB8102CC30D2F8CC201A4402F00BFDE4E794
:2038A000B3F5007FF1D190F8EF30B1F90410D3B190F9D020521814D4202AA8BF0022012176
:2038C00004F1CC0002F0F6FC0B4BD4F8FC201B689B1AD4F80021934284BF012384F8F83000
:2038E000D3E71F22EBE7FDF75FFAEDE7DC370020082001200B8B0200E03001202DE9F04F40
:20390000044685B0C4309C4FEEF7C0F904F26358B4F86C6500254FF00109DFF864A2032D02
:2039200052D81C2000FB05A0ECF700FB002851D009FA05F333439EB201230135083708F800
:20394000013F082DEBD194F82E344FF0000E0C224FF0010C03EB4303F3465B00DBB2029397
:20396000029B46F480477344DBB202FB034A9AF839049AF83A540CFA00F0AAF836740CFAE4
:2039800005F581B21FFA85F9019110EA07019AF83B049AF838A4009114BF012100210AF1EE
:2039A000FF3A3D40039014BF4FF001084FF00008BAF10A0F00F2CD80DFE80AF0124E556083
:2039C000656C787D889AA800384617F015FAB0F5905FADDC09FA05F326EA03060023ACE7DC
:2039E000009802FB0341B0FA80F0400981F8340402FB03430EF1080193F834340CFA01F1A4
:203A0000002B00F0AB8031438EB20EF1010EBEF1060FA5D1002259490C254FF4F05094F860
:203A20002E3402EB830C03EB430754FA8CFC9CF8543503EB4703DBB205FB034393F834347F
:203A400043431B0141F832300132042AE7D1A4F86C6505B0BDE8F08F02FB034001EA080196
:203A600080F83414C4E7019802FB034140EA090917EA090F14BF01200020B7E702FB0340BA
:203A800081EA0801ECE702FB034001EA080181F00101E5E7019902FB034041EA09010F420C
:203AA0000CBF0125002580F83454A1E702FB034081EA0801EBE7002D53D102FB034191F8C7
:203AC0003504002894D081F8355491E702FB0341002DF4D091F83554002D89D1009881F8CB
:203AE00035C4002884D091F8340480F001007DE7009919B102FB034181F834B4002D3FF456
:203B000077AF02FB034181F834C471E740F2344002FB034912FB0305254495F9090095F9E3
:203B200008A008FB00F001FB0A0003990CFA01F10F4295F90A7014BF0121002107FB0100DE
:203B400095F90B108842D4BF0020012089F834044EE702FB034181F834B449E726EA010647
:203B600053E702FB034090F83554002D7FF440AF80F835C474E700BFD0310120E42C01204D
:203B800010310120A0F1B000B8E610B50446C430EEF77CF8094817F02FF90023014608484E
:203BA0001A4604F0C3FBD4F8D830064A00011B01C2F84408C2F84C3810BD00BFF0310120A0
:203BC00008200120A0240120A0F1B000DDE790F8B63013B1B030EEF759B8704770B58CB092
:203BE00004465422C4306946EEF764F830B19DF80030722B04D1684612F0DCFA0CB070BD9A
:203C0000732B06D0742B2CD1DDF80130C4F8D03BF4E79DF801106A46BDF802300020C900C6
:203C2000A4F80A34C9B20B18157901300432DBB2082804EB830383F85054557883F85154D9
:203C4000957883F85254D57883F85354EBD100212046FDF7E9F8002384F8DA3BA4F8D63B4E
:203C6000CCE76F2B1ED0312BC8D194F8D43B1BB994F8D83B8DF80130144D9DF8013005EB39
:203C80008303DE78002EB9D1684612F093FA9DF80110204605EB8105EE700CB0BDE8704062
:203CA000FDF7A7B86B4604F5A0725978503484F88C1A997884F88D1AD97884F88E1A13F8CA
:203CC000041F84F88F1A9442EFD197E73CF80120A0F1C40082E7A0F1B0001EF075B9A0F167
:203CE000B0001EF045B9A0F1B0001EF051B91EF01FB91EF01DB9022310B504461A46D0E998
:203D00003801C911C01116F069FD94F8F0301BB104F1F00002F0FAFB94F80C312BB104F571
:203D20008670BDE8104002F0F1BB10BDA0F1B0001EF012B990F8B6302DE9F0470746B8B0A3
:203D40008BB980F8B7300DF1600990F8B530002B15BF002607264FF0070A4FF0850A4FEA43
:203D60004618564502D138B0BDE8F0870FAD00248DF83C6087F8B76008EB0403013428A8DD
:203D80009BB22893EEF757F9202C0FAA05F8010FF2D1212128A8EDF711FF28A948461CADE3
:203DA000EDF717FF42236C4601360C9308F12008F6B21FFA88F80FCD0FC40FCD0FC495E8DF
:203DC0000F0084E80F0099E80F0012F0E9FDC8E7A0F1B000AEE72DE9F0418AB0044642222D
:203DE000B03001A9EDF766FFE8B19DF8046001AD00274FEA461884F8B76008EB070001372D
:203E000015F8011F80B20EF049FA202FF5D1062E01D0842E07D1002084F8B6000AB0BDE8AD
:203E2000F0411EF079B80AB0BDE8F081A0F1B000D1E710B50C4CD4F8C820002A08DA01F07B
:203E400027FFD4F8C83023F00043C4F8C83010BD90F8C520002AFAD090F8C630002BF6D1D0
:203E6000BDE8104001F014BF50450120A0F1B000DFE790F8C52038B50446404B002A67D03C
:203E800090F8C600002863D11B68D4F8DC50C4F8DC305D1BEDF7D2FB024604F1CC00294694
:203EA000EDF70CFC0120EDF7C9FB2946024604F1D000EDF703FC0220EDF7C0FB2946024676
:203EC00004F1D400EDF7FAFB0320EDF7B7FB2946024604F1D800EDF7F1FBD4F8E4301A7DBC
:203EE000062A2BD8DFE802F00409041F21232B000020BDE8384012F00EB91878EDF73DFC84
:203F0000D4F8C83002680B21D4F8E80001FB02321B4921F812001B4A1068181A1A4B1B78CD
:203F200003FB0000E5E70120E3E70320E1E794F8E830134A82F8C430144A537038BD00203C
:203F400012F0E9F8D4F8E8200D4B83F8CC20F5E71B684FF44862B3FBF2F102FB1133002BA2
:203F6000ECD10DF0A5FC00F00700C4F81C010DF09FFC00F00700C4F82001DFE7E0300120B3
:203F800050450120D8050120B1360120DF050120A0F1B0006DE72DE9F04104790546B0F814
:203FA00002800E46013C477948FA04F404F0010437B963200DF09EFC8642C8BF84F0010429
:203FC00004EB4804AB79A4B26C8023B11FB92A78024B23F82240BDE8F08100BF3CF80120FE
:203FE000F8B50E4690F84D10044604293DD8C81C00234FF0010CC0B21D460CFA03F70133F3
:204000003D43DFB2B842EDB2F7D8042905EA060594F84F000CBF00233C23002A1D44B8BFD6
:204020007F3205EBE21585F3070500284AD0626C002A0DDB01381204000202F4FE0200F407
:204040007060104340F4104040F009000FF0F6FA94F84F303648013B1B0203F4706343EAB8
:20406000054318430FF0EAFA656494F84D30052B11D194F84F00002856D00138C6F3460372
:20408000000200F4706040EA036040F4D83040F00B000FF0D3FA94F84D30062B13D194F8E0
:2040A0004F00002840D00138C6F34603000200F4706040EA036040F00B1040F430400FF0FD
:2040C000BDFA00E0A56494F84D30072B2CD194F84F0048B3A26C002A26DBF30724D5626C38
:2040E000002A0DDB01381204000202F4FE0200F47060104340F4004040F008000FF09EFA0D
:2041000094F84F30A26C013B094812041B0202F4FE0203F47063134318430FF08FFAA36CBE
:2041200063644FF0FF33A364BDE8F8400EF0A2BB099000602DE9F04F9A4D87B0044695F8C5
:20414000C53B13B995F8C63B43B12046FEF72EFF95F8C63B13B1012384F8123495F8C73BC2
:204160002BB194F8123483F0010384F8123494F81234002B00F0128195F8C43B0093002B8E
:2041800000F00C81D4F8143404F5846504F5866604F5836901334FF000084FF0FF3AC4F833
:2041A000143404F58A6302932A7B002A40F0988095F8B0E7D4F814140EF01F020132B1FB0F
:2041C000F2F002FB1011002940F08A80B9F800704FF6FF72974200F0C5802879E0B92A7AB9
:2041E000D2B907F58A72704B14F8222002F03F02132AA8BF132233F822C0327003EB820206
:20420000A6F802C092F802C0D27886F804C07271B0712A7801322A702A7A0132D2B22A72FC
:2042200096F804C0944527D80130002204EB870CC0B22A7228719CF852C484451CD82A71D6
:204240007A1CB4F80AC492B204EB820094450BD81EF0200F00F083805FFA88F08AB29445C7
:2042600071D84FF6FF7275E090F850B40430B8EB9B1F65D1A9F8002007F58A7B04F53D633C
:2042800004F5296004EB8B0B019390F84C2042451BD19BF803207188303A039052B2D20199
:2042A000CDE9041217F05EFBBAF1FF3F059ADDE9030118BFC0F848A00390FFF791FE039856
:2042C000826C1AEA220A38BF92465030019B9842DBD104EB8707304697F85114FFF75BFE19
:2042E00008F101080135083609F10209B8F1040F7FF45AAF2D4804F5866616F07DFDB0F58C
:20430000905F04F22C4530DD2B46002593F8A427910604D41A780099002A08BF0D4601333C
:204320009E42F3D1002D39D1214816F065FDB0F5905F31DD204607B0BDE8F04FFEF736BE45
:20434000013292B282E7029B13F821E00131B0EB9E1F83D1A9F8002000222A708CE70122E3
:204360002A7389E701222A73BAE7114816F044FDB0F5905FC8DC2B46002593F8A427920673
:2043800008D41A780099002A08BF0D4601339E42F3D1C7E7009DF9E784F8125407B0BDE891
:2043A000F08F00BFA02401203CF80120F0310120F831012010B50446C430EDF767FCB4F803
:2043C0000E3413B1013BA4F80E3494F8D43B4BB1012B03D02046BDE81040ABE694F840333C
:2043E000002BF7D1044B93F8C43B23B12046BDE8104002F0FBB810BDA0240120A0F1B0002A
:20440000D8E78369002B0ADC0369A3EBC113B3F5B06FB8BF4FF4B0630361C8238361704794
:204420008369002B0BDC036903EBC1114369C3F5F4539942D4BF01610361C82383617047ED
:204440002DE9F843D0F8CC300446D0F80821013BC0F8CC3012B1013AC0F80821D4F824212C
:2044600012B1013AC4F82421002B00F31B81D4F8E030D4F8E8201344D4F8E420C4F8E030E0
:20448000D4F8EC301A44B2F5F45FC4F8E42012DD002B4FF064014FF00100C8BF5B42C4F83E
:2044A000EC304FF4F453C4F8E43013F007FD40F24E73C4F8D430D4F8E430B3F5B06F12DA39
:2044C000D4F8EC3064210120002BB8BF5B42C4F8EC304FF4B063C4F8E43013F0EFFC40F2F1
:2044E0004E73C4F8D430D4F8E800002838DA94F8F030ABB3D4F8FC20D4F8E03002F5C07652
:204500009E422DDB9A422BDCD4F8E420D4E94013CD18AA4224DC8A4222DB94F80C5125B98F
:20452000D4F8F4500135C4F8F4504042C4F8E060C4F8E80003EBD370002B01EB60014FF02B
:204540000000B8BF0333521A64215B1292FBF3F2C4F8EC2013F0B2FC40F2FA53C4F8D83022
:20456000D4F8E800002838DD94F80C31ABB3D4F81851D4F8E03005F5C07293422DDCAB421B
:204580002BDBD4F8E420D4E94713CE18B24224DC8A4222DB94F8F06026B9D4F8106101365C
:2045A000C4F810614042C4F8E050C4F8E80003EBD370002B01EB60014FF00000B8BF033327
:2045C000521A64215B1292FBF3F2C4F8EC2013F075FC40F2FA53C4F8D830D4F8E030FF2B86
:2045E00020DC94F8F030002B00F0548194F80C31002B00F04B81D4F810210523013292FB8E
:20460000F3F303EB8303C4F810219A4207D1D4F8C830193B312BD8BF3223C4F8C830204625
:20462000FCF7E3FDD4F8E030B3F57C5F20DD94F80C31002B00F0468194F8F030002B00F0D9
:204640003D81D4F8F4200523013292FBF3F303EB8303C4F8F4209A4207D1D4F8C830193BDE
:20466000312BD8BF3223C4F8C8302046FCF7BDFDD4F8F430D4F8D020934204DD2046C4F8A7
:20468000D030FCF7E8FDD4F81031D4F8D020934204DD2046C4F8D030FCF7DDFDD4F8C83010
:2046A000C4F8CC30994804F1F006D4F8045116F0A3FB94F8F880B8F1000F1AD0C0114FF4F7
:2046C000C8536FF03B0205EBD57543436D1093FBF2F3C5F5F455D4F804212B44B3F5906F69
:2046E000C0F20481C2F5FC529342A8BF1346C4F80031874804F58675D4F8209116F07CFB3F
:2047000094F81471DFB1C0114FF4C8536FF03B0209EBD97943434FEA690993FBF2F3C9F585
:20472000F459D4F820214B44B3F5906FC0F2E180C2F5FC529342A8BF1346C4F81C31002013
:2047400012F036F80146B8F1000F02D1304601F0C9FE022012F02CF8014617B9284601F06B
:20476000C1FE6C48EBF7E2FB07466B48EBF7DEFB27B168B901213046FFF743FE6648EBF7F4
:20478000D5FB28B16348EBF7D1FB002800F0B4806248EBF7CBFB06466148EBF7C7FB26B109
:2047A00068B901212846FFF72CFE5D48EBF7BEFB28B15A48EBF7BAFB002800F0A280D4F8D0
:2047C000E4304FF4F0574FF4C852564DC3F5F45340F24E70D4F8DC807B4393FBF2F31B01D7
:2047E000D4F8D420C5F854384FF4905303FB02F1B1FBF0F11420B2FBF0F600FB16220A2ADE
:20480000D4F8D82003FB02F640F2FA5334BF01204FF0FF30B6FBF3F62923B2FBF3FC03FB5D
:204820001C22142A34BF01234FF0FF335E4300FB01660DF03DF840F64852B0FBF7F303FBDC
:20484000170308FB03F3B3FBF2F3374AA3F5706312683344002A0CBF3A46002213441B01CB
:20486000C5F85C38D4F8D43013B1013BC4F8D430D4F8D83013B1013BC4F8D830D4F8DC30E7
:2048800013B1013BC4F8DC30BDE8F8832046FCF7E2FCC7E6D4F8E83064210120002BB8BF20
:2048A0005B42C4F8E8304FF48073C4F8E03013F005FB40F24E73C4F8D430B3E62046FCF7DD
:2048C000CAFCD5E6D4F8E83064210120002BC8BF5B42C4F8E8304FF47C53C4F8E03013F0C9
:2048E000EDFA40F24E73C4F8D430C1E64FF49063FDE64FF4906320E701213046FFF790FD06
:2049000046E701212846FFF78BFD58E7F831012008320120103101202C31012048310120FE
:2049200064310120A0240120D8050120A0F1B00086E508B54B880246B3F5807F14D1B1F924
:204940000430002B0ADA0421F030FFF75AFD012382F8F030002382F8F83008BDF7D004214E
:20496000F030FFF75DFDF2E7B3F5007FF5D1B1F90430002B0BDA042100F58670FFF750FDC0
:20498000012382F80C31002382F81431E5E7F7D0042100F58670FFF734FDF1E770B5D0F8CB
:2049A000C86016250B240E4B4D4304FB01645A5B33F814402B440125A41AB4FBF6F44FF6B3
:2049C000FF7622440135B24228BF32460B2D23F8022FF6D10844012380F8F13070BD00BF33
:2049E000504501202DE9F04FD0F8E49004468BB090F8E00099F814A0BAF1010F1ED194F808
:204A0000F030DBB9D4F8C8504D1917D4D9F8183007330A2BA8BF0A239D420FDCC4F8C850F3
:204A2000ECF7ABFE0B22036802FB03556D4B33F81530C4F8E8300BB0BDE8F08F0144282392
:204A4000694ECDB2162D28BF1625012D38BF01256B4306EB0308C145EDD0F75C84F8E05004
:204A60003846ECF78AFE036899F800B0019394F8F030002B44D0BAF1010F0AD1D9F8183073
:204A8000052B06DD5846ECF778FE01682046FFF785FFBBF1030F36D1544A4FF0160E544B5E
:204AA0000DF10809126801201B680392514A0EFB03FCDFF830A1126804924F4A126805922F
:204AC0004E4A126806924E4A126807924D4A126808924D4A1268099259F8043F00220EFB6B
:204AE00003F303EB0A01A1EB030B01323BF80CB00A2A21F802BBF6D101300828ECD11CE020
:204B0000BBF1030F19D0BBF1140F22D0BBF1000F13D1D4F8E83083B1DFF8C890D9F8C8307E
:204B200003F0030A1DF020FAD9F8C83043EA0A03C9F8C830012384F8F030282303FB056222
:204B4000127D013A052A3FD8DFE802F016253333363AB4F8EC20002AEFD0B4F8EE30002BE5
:204B6000EBD09A42E9DA9B1A4FF44002274992FBF3F309680B82E0E703FB05630B220199CC
:204B80009B69C4F8C83002FB0133164A32F81330C4F8E8300DE094F8F03053B11C48002367
:204BA0001C4950F8042B0133120A082B21F8022FF7D1C4F8E4803EE70A4B93F8C430E7E79D
:204BC000084B93F8CC30E3E7162F01D00023DFE794F8F0301BB1104B1B78002BF6D10123B6
:204BE000D6E700BF50450120ACBE2060E4050120A0430120E8050120EC050120F005012055
:204C0000F4050120F8050120FC050120343301200C230120FE45012024460120F0B5D0F806
:204C2000B05091B00446002D69D001F04AF9D4F8B420534B534903EB820353489A6815F060
:204C4000A9FFD4F8B03093F84130043BDAB2092A07D84E4A52F8230015F08AFF202012F052
:204C600007F8D4F8B03093F8542092B193ED127A0C21474A08A8B7EEC77A8DED007B1CF0E6
:204C8000C5FD414B8021022208A8C3E9011212F00DF804F1CC0108A818253E4E3E4F01F0D2
:204CA00047FB03A8ECF7F2FBDDE90D239A4201DD11B0F0BD03A908A801F09EF8032804EB1C
:204CC000800305FB0062D3F8BC1007D1134603A80A4604F1E00112F029F8E5E758B9D4F88A
:204CE000B8301B783BB103A83946ECF7D6FB03A8ECF794FCD8E703A8ECF7DEFBD4E7224E00
:204D0000022701F0ABF92B0105F1410001350633C0B2C6E9013711F0ABFF082DF3D1D4F83A
:204D2000F80001F0A9F904F1FC0108A8D4F8F85001F0FEFA03A8ECF7A9FBF8236B4303F556
:204D4000887525441C44DDE90D239A42B0DC03A908A801F051F82044104A90F8FC311820EE
:204D600055F8231000FB0322083B012B04D8114603A811F0A3F9E6E703A8ECF79DFBE2E7ED
:204D8000A0480020A4EC0020E4300120087A0020A8EC00205C780020AEEC002098760020F4
:204DA000A0F1B0001DF0D0B8012A02D1016000207047002AFBD10260F9E738B50546084B24
:204DC000044600F51B7045F8EC3B03681B689847D4F8EC3028461B689847204638BD00BF06
:204DE0009860002038B5084B04464FF4C665036063596019A5F5E0751B68984715F1D00FD5
:204E0000F6D1204638BD00BFE060002038B5084B044600F58475036000F5587003681B68CB
:204E20009847D4F8083128461B689847204638BD28610020028A8A4210B40AD003680182D6
:204E40001A68146990F91C20184623465DF8044B18475DF8044B70470020704700207047BB
:204E6000704782694FF6FF73018A9340DB439AB20B40934218BF5140DCE7D0F80CC0F0B48E
:204E8000BCF1000F24D086698E4221D90CEB4105B5F908402244B9B1B5F90670013E8E4273
:204EA0008CBFB5F90A40BCF90040974201DB69B17A1CA242A8BF04F1FF322A8143B10068DD
:204EC0000368F0BC5B6918470F46E7E70A46F0E7F0BC704700207047437923B1D0E92703A1
:204EE0005843002170471846FBE70020704700207047007F704790F8D034C3B1D0F88424AB
:204F00004AB1D3694FF400719279013B914089B2A3FB01017047D0F888340BB1D3F830348D
:204F2000D0F888140029F3D0D1F83C14F0E718461946704770B58479002C39D04179036841
:204F40000279002937D1602505FB0235A98C8EB211F480512DD04FF48051A984C18F0131DE
:204F6000C187760524D5602101FB02324FF48061B2F8483091849BB2B3F5604FC28F01D99A
:204F8000002C31D143EA024390F83C2090F83D400132016C03640C2AA8BF0022944207D015
:204FA0005B1A911CD2B200EB81014B6080F83C2070BD0C46D5E7560103EB4212D589A9B2D2
:204FC0002D040FD5C1F30E05D581C28F0132C2870A05EDD59A1921F40061938889B29BB235
:204FE000D181C9E70024F3E7013ACBE7014B1868A0E700BF10F20120014B58689AE700BF43
:2050000010F20120014B986894E700BF10F20120014BD8688EE700BF10F20120B030F1F719
:205020006BBBB030F1F79CB810B50C4602220C4904F5C670ECF754FB04F5D7700222094987
:20504000ECF74EFB04F5E87002220749ECF748FB04F5F97002220549BDE81040ECF740BB92
:2050600030D900205ED90020F8E00020FCE00020B030F1F74BBB15F018B91030ECF775BCC4
:205080001030ECF739BC1030ECF7B9BC10B504461AF006FA204610BD10B504461AF000FA01
:2050A000204610BD10B504461AF0FAF9204610BD10B504461AF0F4F9204610BD10B5044636
:2050C0001AF0EEF9204610BD10B504461AF0E8F9204610BD10B504461AF0E2F9204610BD58
:2050E00010B504461AF0DCF9204610BD10B504461AF0D6F9204610BD10B504461AF0D0F992
:20510000204610BD10B504461AF0CAF9204610BD10B504461AF0C4F9204610BD10B5044635
:205120001AF0BEF9204610BD10B504461AF0B8F9204610BD10B504461AF0B2F9204610BD87
:2051400010B504461AF0ACF9204610BD10B50446FFF733FE20461AF0A3F9204610BD10B524
:2051600004461AF09DF9204610BD10B50446FFF739FE20461AF094F9204610BD10B5044697
:205180001AF08EF9204610BD10B50446FFF73EFE20461AF085F9204610BD10B504461AF0D0
:2051A0007FF9204610BD10B504461AF079F9204610BD10B504461AF073F9204610BD10B509
:2051C00004461AF06DF9204610BD10B504461AF067F9204610BD10B504461AF061F920465D
:2051E00010BD10B504461AF05BF9204610BD10B504461AF055F9204610BD10B5094C4FF649
:205200000F000EF01BFAF821204615F0A2FE04F58A50F82115F09DFEF820BDE8104012F0AD
:2052200077BE00BF20AA012007B501228DF807100DF107011030EBF76FFD03B05DF804FB79
:2052400007B501220DF107011030ECF7BBFB01280CBF9DF807004FF0FF3003B05DF804FB8B
:20526000504B514A1978514B002908BF1346504A596970B55961106801282ED14D49097890
:20528000362907D84C480C0100EB01110059C968C0F8881049490978362907D846480C016C
:2052A00000EB01110059C968C0F88810196E444801F07841047841F0427141F01701196632
:2052C00041788078090241EA044101435966022111604FF480629A6170BD106802281AD131
:2052E00034490978362907D833480C0100EB01110059C968C0F88410196941F44071196135
:2053000001219961186E2F4900F078400143196603231360E0E71068032832D1C907DBD582
:20532000D96D294801F01F010468C1F110018C4212DD0122254C9A6100228A4203DB0368F3
:205340005B1A0360C8E725682E1D2D6826605D66BFF34F8F0132F0E74FF480611B4C9961F1
:20536000002105688D4203DC002303600423D0E725682E1D2D6826605D66BFF34F8F013115
:20538000EFE70E490978362907D80B480C0100EB01110059C968C0F8841000219961116062
:2053A0009AE700BFF042012000003A4000C03940C836012019080120900300201708012053
:2053C000DF050120FF034803EC420120E84201202DE9F04F044685B090461E4621B905B044
:2053E000BDE8F04F1CF0F4BD012962D10079002860D063792BB104F1080016F087F9002380
:205400006371D4F8A0207823D4F89400002504F1800BB2FBF3F303931AF03AF88146D4F894
:20542000A02095420AD348461AF03AF8B8F1000F02D030460CF05CF82046D0E7B8F1000F09
:205440000AD0039BB5FBF3F203FB125222B932684146304612689047B9F1000F23D04FF02F
:20546000000AD4F89C20924501D30135D7E7D4F89470002148463A4619F072FA5246294680
:2054800000974B46D4F884705846B847D4F894104A4609EB0100824201D18A44E1E712F85C
:2054A000017BFF2FF7D0D4F88C20294658469047DBE7012005B0BDE8F08F2DE9F04F90F886
:2054C0000590B3B004460492B9F1000F00F01C8100F108060A910B92304608F0E5FD0028FF
:2054E00040F0C8800DF1380A03460AAA3046514607F072FC031E039305DB40F2FF38C3F3CF
:205500008927474502D14FF00009FDE00DF126030BAA16A9304607F05FFC051E29DBC5F315
:2055200089234345EFD016A9504606F028FF236BA91C80461E9326D10B9819F06CFA636F61
:205540009842E0D8BDF82630B8F1000F16D0A26B6F4B1340AA1C43EA872343F09F4343F40D
:20556000E003A3630E9BE3630F9B236441D13B4607E0A81CC7D1BDF82630D2E79F42F6D3DE
:205580007B1C00223BE0039B2A0D1B0DB3EB155FB9D1BDF8263010B99F4200F0A680022AA7
:2055A00024D15C4A0DF1A00B16A9304642EA8323CDF800B0584A07F0D9F90028A3DB5A467A
:2055C00020A9304607F0F8F9002853D1259B33F47F0398D10121304608F051F8002849D16B
:2055E0001EAB8DF87E00ADF87C002363B8F1000FADD1BDF82630494A42EA83223B46BDF85D
:2056000026004FF0000B2892454A8102079342EA80220691CDF8A4B0CDE92A2B0B9A104630
:20562000059219F0F8F9039B06994FEA135C059A4FEA0C5C2D924CEA010C394341F0805134
:205640004CEA000041F480112C90CDE92E1AB8F1000F12D1314A079B42EA83233093002324
:2056600028AA16A931933046052308F09EFA30B11E9B2363002838DA45E75B46EEE7B8F102
:20568000000F16D0A26B130D13F4E06F11D0204B5146206413400CAAC4E90E301F4B43EAA0
:2056A0008723CDE90C300123304608F07EFA0028DED11E9B2363AB1C17D02D0D022D14D132
:2056C0004FF0FF31304607F0DAFF0028D2D116AA20A9304607F0AAFF0028CBD120AA16A95E
:2056E000304608F0FDFB0028C4D10CF0E7FE28AB28906D220499304611F02AFA002803DA4F
:2057000008490948EBF7E9FA484633B0BDE8F08FFF0300800800002000FC0F700000F04F29
:2057200000001040A6F30020000601202DE9F043457999B08046B5B100F1080403912046C6
:2057400008F0B2FC00284FD1034603AA06A9204607F042FB002805DBC0F3892640F2FF334E
:205760009E4204D10025284619B0BDE8F083070DD8F83030B6020DF11009022F0E9322D128
:2057800046F00053264A06A9204643F00803CDF8009007F0EBF8002826DB4A4610A92046B6
:2057A00007F00AF900BB159B33F47F03DAD10121204607F064FFB8B90EAB8DF83E00ADF8BC
:2057C0003C00C8F8303046F09F4600234A4606A946F4E006059320460123049608F0E5F93E
:2057E0000E9BC8F8303010B1C543ED0FBBE7022FB9D14FF0FF31204607F041FF0028F3D1C6
:2058000006AA10A9204607F011FF0028ECD110AA06A9204608F064FB0028A4D0E4E700BF81
:2058200000FC0F7010B50446407990B104F1080007F033FF031E03DBD4F8A0209A4205D280
:20584000236820465B6ABDE810401847D4F89C005843002110BD2DE9F043D0F88464B5B0EF
:205860008C461746002E00F0D4804FF0000806F589690AAD0A46434649462846CDF8288059
:2058800005F003FB002800F0C1809DF82830CDF8608013F0180FCDF8988001D10020B5E09C
:2058A000D6F850340C9A9A42F8D12E46284603F050FF26AC0FCE0FC40FCE0FC433684146D3
:2058C0002846236003F036FF0028E7D002AA034600F1200C14461868083353F8041C1646E2
:2058E000634503C63246F6D19DF8283013F008030AD040F601233A46494618A805F0C5FA46
:205900000028CBD0002607E03A46494618A805F0F0F90028C2D0209E1E9B012128461093A6
:20592000BDF86430ADF82C309DF863308DF82B301B9B0D9300238DF860308DF8623003F07D
:20594000F9FE0028AAD00DF1150300F10D020DF1250153F8047B8B4242F8047BF9D11988B9
:2059600011809B7893709DF81330C372002E3CD00C98B31E8279283050F8141C9340002204
:20598000194403F017FB002888D000F12002A44600F140031068083252F8041C67469A424F
:2059A00003C7BC46F6D131460C9804F0C3F900283FF474AF0C98012212998379283002390A
:2059C000994050F8143C194403F0F4FA00283FF465AF00F120032246083303CAAA4243F8FE
:2059E000080C43F8041C1446F5D1002326A82E9302238DF89A3008238DF8983004F009FA83
:205A000000283FF44BAF0C9803F0C1FA35B0BDE8F083D0F88844002C4FD004F589613346A7
:205A200062460AA80191169604F026FE019900283FF434AF9DF85930249613F0180F329614
:205A40003FF42CAFD4F86834129A9A427FF426AF40F601233A4618A804F00EFE00283FF40B
:205A60001DAF0AAD26AC0FCD0FC40FCD0FC40FCD0FC42B6821AA236013AB07CA83E80700E2
:205A80009DF890300AA88DF858309DF85B3063F07F038DF85B3003F072FB00283FF4FEAE86
:205AA000022326A82D968DF8CB3008238DF8C93003F0FCFD0028A9D1F0E62046A6E72DE99A
:205AC000F04F074690F8D00487B0002800F0D980D7F8843433B3DE69013ED7F8900440BBE5
:205AE0004FF00008D7F88444002C00F08C80656A002D0ADAE369002503F10109E3790C2BBE
:205B000052D14FF0020ACA453DD32C46B8F1000F1BD0D7F89004B8B1036800215B6C9847E5
:205B200098B911E0D7F88864002ED6D0D6F83064D3E70368DB6B98470028D1D0D7F89004BC
:205B400098B9D7F89004B0B90024D7F88434301B002B00F08E809B794FF40071994089B22D
:205B6000A0FB010107B0BDE8F08F03681B6C98470028B5D1E5E7036801215B6C9847804669
:205B80000028AFD1E0E704AA5146204603F061FE002802DA4FF0FF35B7E702D0049B03B957
:205BA00001350AF1010AAEE7CDE9049594F838222369D2071BD40022E579206884F83822AD
:205BC000202D4FF0FF32A16904ADD0F800C0C4F8442204F5127213D101952B4D0095DCF8CB
:205BE0001850A8470028D5D0059D65628DE704F50E70039303F075F9039B0028DBD1C9E714
:205C00000195224DEAE7D7F88894B9F1000F2ED0D9F82CA4254609F5047B5146002258462C
:205C20000AF1010A03F0C6F908B3013805F5805110F801CFBCF1FF0F07D108340835D9F838
:205C400030349D4210D31C1B60E7BCF1000FF5D00822012313EA0C0F4FEA430318BF01342E
:205C6000013ADBB2F6D1E9E7A942E1D1D5E700244CE7D7F8881400293FF472AFD1F83C1414
:205C80006EE701466EE700BF8DA301005FA3010038B5124B04461C2200211D78E03018F080
:205CA0005FFE0F4B85F001051022002104F1CC00C4E9393518F054FE0A4A002392F86410B4
:205CC000C4F8DC3019B90121D36682F8641084F8C630012384F8C53038BD00BF244601209B
:205CE000ACBE20606C23012030B5094BD0F8D4411B68601CB3FBF0F500FB153333B9B1F989
:205D0000003004FB032292FBF0F20A8030BD00BFE030012038B50C46054611461A2C0DD84D
:205D2000074B182000FB0430EBF771FB55F82430984203D045F82400012038BD0020FCE794
:205D40007814002000230360436083607047D0E90021CB0743EA520303608368DA075B0814
:205D600042EA5102836042607047012210B54C0901F01F0150F824308A40134340F82430D2
:205D800010BD83685A1C00EB8303042AD96006D9002383604FF0FF3341600360704782600A
:205DA000F8E7C26870B50A44D0E90145944212DCAA42A8BF2A462E1B0369C260032E0B448A
:205DC00012DD002909DA012B03DC9442ACBF00230123036170BD2246EDE7012BF9DDAA427A
:205DE000B4BF02230323F4E7002B03DBB342A8BF3346EEE70023ECE7C3684FF0600C4269E0
:205E00009A420CBF012300230B704FF0000310B50CBF04781C464B60C3694C707E248B6049
:205E20000C33C1E903C4C361531C4361104610BD102B28BF10232DE9F04103EB4303C51EA5
:205E40000F461646EC1A01F10808A54201D1BDE8F081F30728464FEA5606A5F1030543BF1D
:205E600008230222791C01235CBF0222414614F0B9FDEAE7036903F00302013340F82210C7
:205E80000361836170472DE9F843002405468846914601262746302C05EB040002D1384669
:205EA000BDE8F883FFF753FF16EA080F02D04946FFF75BFF2B590C34DB0748BF3743760015
:205EC000E9E780220C21002008B514F063FC024B0222C3E9012208BDE430012042220C2118
:205EE0003E2008B514F056FC024B40210222C3E9011208BDE430012038B50C4605461146C5
:205F0000392C0DD8074B182000FB0430EBF77FFA55F82430984203D045F82400012038BD5E
:205F20000020FCE76826002050F82100C00100F2FF700013704750F8210040F313007047F5
:205F40000B2340220021800114F0EABC38B50C4605461146322C0DD8074B182000FB043088
:205F6000EBF755FA55F82430984203D045F82400012038BD0020FCE7D82B00200B23202295
:205F80000021400114F0CCBC38B50C46054611461E2C0DD8074B182000FB0430EBF737FA37
:205FA00055F82430984203D045F82400012038BD0020FCE7A03000200368C3EB0313591889
:205FC00048BF0F31091101607047142970B505460C460ED850F821601820074BB11800FB4C
:205FE0000430EBF714FA864203D045F82400012070BD0020FCE700BFF0640020092970B5A6
:2060000005460C460ED850F821601820064BB11800FB0430EBF7FBF9864203D045F82400E1
:20602000012070BD0020FCE7786C002038B50C4605461146242C0DD8074B182000FB04303C
:20604000EBF7E5F955F82430984203D045F82400012038BD0020FCE7686D002080220C21F4
:20606000002008B514F096FB024B06210222C3E9011208BDE43001200B23102200210001DB
:2060800014F04EBC50F821301A44CFE738B50C46054611461E2C0DD8074B182000FB04307C
:2060A000EBF7B5F955F82430984203D045F82400012038BD0020FCE7B073002080220C2176
:2060C000002008B514F066FB024B00210222C3E9011208BDE430012043680830F0B5C3F1F7
:2060E0000A0400EB83060D462246013A04D201EB8401013B05D2F0BD56F8047B45F8047B98
:20610000F3E750F8042B41F8042BF2E7064B10B5B3F85C2004460068A3F85E2018B1F9F72C
:2061200027FC0023236010BD6C230120F7B50446054600F10C0654F8301B91F84070002FD6
:2061400060D00B6DFBB1426C042A04D9304920461AF0DAFA09E0B1F8702020461021013289
:20616000D2B200922B4A1BF051FB03223046032115F0B6FBAB68002130461A7803B0BDE834
:20618000F04015F0ADBB91F855300BB12249DEE791F84130012B1BD00CD9022B25D00E2B17
:2061A00023D0436C5A081D4B03EB82031C4AD3F8E03015E0436C102120465A08174B03EBD2
:2061C0008203184AD3F8E0301BF020FB0122CDE7436C5A08114B03EB8203134AD3F8E030E8
:2061E000102120461BF012FB0AE0B1F8707020462E210137FFB23A4618F0B2FB0023E3554F
:206200000222B3E7094920461AF07EFA3A46ADE7D3F30020E1F30020E7F30020906000208E
:206220000CF40020F5F30020FEF3002016F40020092970B505460C460ED850F82160182020
:20624000064BB11800FB0430EBF7E1F8864203D045F82400012070BD0020FCE798760020BF
:206260002DE9F341054608460C4610F06DFEE0B194F8566094F85580F02E94F8577094F84D
:20628000584003D12B6828465B6D98478DF804808DF805608DF806708DF80740019904484A
:2062A00002B0BDE8F041E9F781BE02B0BDE8F081A024012038B50C4605461146072C0DD891
:2062C000074B182000FB0430EBF7A1F855F82430984203D045F82400012038BD0020FCE7C2
:2062E000DC37002010B5044680682369103B984205D0EAF7ABFAA3681033A36010BDEAF769
:20630000A5FAE06819F0CCF863691A1D5B68626103F50072E3602261EFE7D0E901239B1AA8
:20632000032BC2BFD0E903329B1A033318467047F8B50E4604460F4605460FCE0FC5336889
:2063400038462B60D7E903329B1A6361FFF7E5FF0F23A0612046E361F8BD43680830002255
:2063600070B5C3F1050400EB8305944204D101EB8401013B06D270BD55F8226041F82260E1
:206380000132F2E750F8042B41F8042BF1E737B504460D460068238A8B4205D0A27C218239
:2063A0000190F5F72BF9019894F91220294690F82E31D31A5A425A4103B0BDE83040F5F7B6
:2063C00031B910B504460021FFF7E1FF09492368A27C93F8EC309B00DBB21344064A01EB70
:2063E000431302F1200152F8040B8A4243F8040BF9D110BDF0E001208061002010B504462C
:20640000407A0C4B01EBC00201462068D2B21F2A9CBF02EB82029B181A7822759A78627590
:206420005A78A275DA78E2751B792376F8F7C4FC607610BD1009212000F0CF0200F0EF034E
:20644000802A05D0E02803D0C03B5842584170470120704703060BD500F10C03DBB2012B83
:2064600006D9FD2804D0EF2803D800F0F0007047002070477047704770477047704770479A
:2064800070477047704770477047704770477047704770477047704770477047704770478C
:2064A000704770477047704710B5044600F513502830FEF797FC04F503503C30FEF77DFC93
:2064C00004F5B3501030FEF7A1FC204610BD10B444680B238168C4F1800220465DF8044BF3
:2064E00014F01EBA084B1B7813B161B1A1F5F05111F1500F02DA0121FDF783BF502902DD40
:206500000121FDF78DBF70477CED0120D0E90413C0680322DB11C911C01114F063BA38B516
:206520000446D0F8B8010D4600F120018A4203DCA0F120018A4202DA1046C4F8B821049A9D
:206540003F30062A03EBE0116FF0050004F5EA73A8BF0622C4F8D0118242B8BF024604F55B
:20656000DE70F0F71BFD227DE368032A12D8DFE802F002092632D4F8D0210C2101FB0322A6
:20658000D20105E035B11022C4F8E4214FF4F052C4F84C220C225343D4F8D4211A44D20105
:2065A000C4F85022D4F8D8211A44D201C4F85422D4F8DC211344DB01C4F8583238BDD4F882
:2065C000E8210C2104EB8202D2F8D42101FB0322D201C4F84C2294F82822002ADAD1D4F8BE
:2065E000E82104EB8202D2F8D421C6E72DE9F0410446B0F8267300F5296500F53D684FF085
:20660000FF3628460022394615F0ACF9731C28464FF0000218BFAE643946FDF7E1FC503590
:2066200055F8083C16EA230638BF1E464545E8D194F9D83B04F549702344BDE8F04193F8E8
:206640002C13FDF7A8BC00F10C020023E030824202D1D84380B2704712F8011B0B449BB214
:20666000F5E7012970B504460D4604D10368BDE870405B6C184731B990F8C7301BB11BF057
:2066800043FC84F8C75070BD2DE9F84390F8C5200D46044609786B88002A73D1B3F5807F17
:2066A0002AD1B5F90430002BD4BF0023012380F8C4302A78012A1DD1EB88032B1AD192496A
:2066C000D1F8C80010F00C0F20F00C0314BF00200C200343C1F8C83003F0040384F8C7207C
:2066E000002B8A4B14BFA021A121197314BFC021C8215973BDE8F883042B07D0082BD8D14D
:206700000229D6D101201BF007FCD2E70229D0D190F8C4309BB37E4F7E4DD7F800907E4C68
:206720007E4E3A6809F57A739A4201D31BF010FCD5F8082CD5F80C3C9B1A0233F8D0D5F8A4
:20674000083C03F0010303F5407355F823000028EED010F060FF4FF005080A233046C4E902
:20676000018314F005FA13236D48A360C4F8048014F0FEF90023236011F0FEF9D1E7FFF71D
:2067800087FA96E701292ED1082B0AD190F8E030152B25D8FEF726F9624BB3F85C20A3F86C
:2067A0005E2094F8C630002BA4D0D4F8E83023B11BF0AAFB002384F8C730534B4FF47A7170
:2067C000584A93F8CC304B438B4238BF0B4653604F4B1B68C2F81031002384F8C53089E71E
:2067E00080F8C610D8E7B3F5807F45D024D8022B19D8002BD5D0032967D1D0F8E4603578C9
:20680000132D44D0142D49D0337D022B4DD146480023464950F8042B0133120A082B21F87C
:20682000022FF7D1BDE7042BBBD190F8E030E3B9012380F8C630B4E7B3F5007FB1D1EA8884
:20684000B5F9043091061ED51B01D4F8E820D4F8E4101344D1E90821934203DB8B42A8BFFB
:206860000B461A46C4F8E8209BE7012B99D04FF0FF31FEF7B7F894E790F8E030002B90D0DB
:20688000B5F90410F5E7520648BF5B01DDE7284B1868EAF70AFCA4F8EC00B5E7244B1868EE
:2068A000EAF703FCA4F8EE00AEE7012B7FF479AFD4F8C830002B7FF774AF2846EAF75DFFDF
:2068C00001682046FEF76AF86BE790F8E03013B1162B7FF466AF0C48D0F8C8305A1C23F07E
:2068E000030302F00301C2F340020B4301F00101C0F8C8300B4B83F8651083F8752001233A
:2069000084F8C7304DE700BF50450120FE0701204C450120D4360120E43001202EF40020E1
:2069200041F400206C2301200C230120FE4501202C230120074A0023074930B5156814797B
:2069400003EB830201335018202B8D500471F7D130BD00BFA06100201009212010B50A4C81
:20696000A268A3699A4205D110BDC36898472046FFF7B8FCA068A3698342F5D08368002BB4
:20698000F3D116F04EFD00BFB8E8012010B5044615F046F9204610BD38B5104C01212579D3
:2069A00028460BF09FFB6479012120460BF09AFB362D07D80A4B2A0103EB05159B58EA68D0
:2069C000C3F88820362C07D8054B220103EB04149B58E268C3F8882038BD00BF54110120C0
:2069E0009003002003460078F0B548B15A7842B95A6A8A4205DC9A6A8A4202DB93F92200EC
:206A0000F0BD0EB29A1D0D2000283DDC981C4FF0FF354FF40076121A501042F34F020238B8
:206A200000B282423EDA002D93F923604CDBB542A8BF35462AB250B20021541E83F822007E
:206A4000597003D4B4422146A8BF314603EB4204092503EB41010132B4F902404988C4EB27
:206A6000C40411FB05414FEA211159622ED4B242A8BF324603EB4202B2F9022002EBC20251
:206A8000224412119A62BBE7441020F0010532F914701544B742DBBF001BAA1C204600F192
:206AA000FF30B1E703EB4004B4F902400C1B002CB8BF644224B2B442B8BF054600F10100FE
:206AC000B8BF264600B2ACE70022B4E70022D1E7013906291BD8DFE801F004090C0F141691
:206AE000190046F2CC335843C013704745F2B513F9E742F6ED43F6E746F2715358438013D3
:206B000070474010704744F6CD43F7E7400070470EB403B503AB212153F8042B01931AF016
:206B2000FDFE02B05DF804EB03B07047034B0C221B68534300EBC310704700BFD805012033
:206B400030B4029CA2420BD0064C651D9A4208BF2C46234605220131053830BC13F0CEBC93
:206B6000014CF6E7A5610020AF6100202DE9F34790F8C5500446002D00F05281D0F8E45072
:206B8000FFF79FF9954E686813F0F2FF11230220C6E901032B7D013B052B00F2FD80DFE86D
:206BA00003F00346D6D6AF422878EAF7E6FD0368234493F8F1304BB1894B1C21082276204D
:206BC00013F09CFC02211123C6E90113854AD4F8C830126881489B1A834A1278002A834A27
:206BE00014BF0C210A2112784B430A2102FB033393FBF1F201FB12337D4913F0CBFF11237B
:206C000062270521D4F8E800C6E901730FF03FFA6B6AD4F8E8200F21009338462B6AFFF741
:206C20008FFF0F2720E0A86813F0A2FFE7E700274FF00A0ADFF8E491DFF8A08107F0030353
:206C400038465B0101337360BB1001370AFB03F30F33B360EAF729FA49460246404613F09C
:206C600099FF082FEAD119270223E868736007F10E03B36008B113F07BFF2B780BB1162B10
:206C800012D102231A375B487360B76013F070FF594BD3F8C820594B02F0030203EB820337
:206CA000D3F8400113F064FF04F1C8064FF06A08534F56F8043F1B0F03339A0807D023F0CF
:206CC00003030422022140463B4413F017FC08F10508B8F17E0FECD12D690126013D15F849
:206CE000010F002873D194F8E02040F2D1533E215A430223120A02B0BDE8F04713F072BE38
:206D0000A86813F035FF11236222D4F8E800C6E901230FF08CF93B4B2021984211D813F0DC
:206D200027FF6B6AD4F8E8200F21009362202B6AFFF706FF002140238022084613F04EFDED
:206D40006FE7C21A7D2AEAD900F8011DE5E7264B0227A9681A78AB6920485A43520013F00A
:206D600019FF1D23C6E90173274B1868EAF79DF939460FF08CF9B4F8EC3013B12B7D032BCA
:206D800005D0B4F8EE302BB12B7D042B02D11F4813F0EEFE1B2767E72B78162B0DD0A86817
:206DA00013F0E6FEEB69002B3FF43BAFD4F8E82053F8220013F0DCFE33E7154B1B7823B151
:206DC00094F8F0300BB11348EAE71348E8E731463522063613F094FE81E700BFE4300120FA
:206DE000C8610020D80501207CED0120B136012096F40020C1F40020504501209060002075
:206E000050230020A9F401202C230120A6F4002024460120AEF40020BAF40020A2F4002026
:206E20003A4F29463A48E9F7DEFED7F8C820394E294612F0040F4FF0500006F108034FF08A
:206E4000080218BF3346E9F7CCFED7F8C830324A294613F0080F4FF05A00304B18BF13461E
:206E60000822E9F7BEFE29462D4A6420E9F770FED4F81C312846082204EB83030F21D3F873
:206E8000FC30E9F7AEFED4F8203108220F2104EB83037820D3F8FC30E9F7A3FE214A0F21A3
:206EA0000C20E9F755FE06F12803284608221921E9F797FE1C4A19210A20E9F749FE06F122
:206EC0003003284608222321E9F78BFE174A23210A20E9F73DFE06F13803284608222D2138
:206EE000E9F77FFE124A2D210A20E9F731FE94F8C410104B2846104A002908BF1A46372127
:206F000002B0BDE8F047E9F723BE00BF50450120CCF40020B8610020D80F0020881A0020CB
:206F2000D8F40020DDF4002033C200203EF60020EFF4002080F4002076F40020A0F1B000A9
:206F400014E630B49C6894420BD05D68064B5C1D954208BF234605220131053830BC13F083
:206F6000CDBA024BF7E700BFA5610020AF61002070B504460E46D1681546EAF78EFA6378AF
:206F80002BB12B463246D4E90210FFF7DAFF237823B12046BDE87040FFF799BA70BD2DE9D8
:206FA000F04104460E46A1F10E054FF00408154FE00705D53B4602220921284613F09EFA15
:206FC000A10705D53B4602220921281D13F096FA620706D53B460222092105F1080013F074
:206FE0008DFA230706D53B460222092105F10C0013F084FAB8F1010835444FEA1414D7D17F
:20700000BDE8F081F86100202DE9F0476E4F3D6828460FF0CEFD082200236C49013A80F04D
:20702000CF806B4E6FEAD303681C6A4C3268C3F3C42302EB4511684D24F81130414200F0E0
:20704000070301F0070158BF4B4200213B6043074FF0010002BF013202F01F02326033680F
:20706000D5F800C001330B4403F01F0334F81320D71002F0070201EBC71700FA02F21CF8DE
:2070800007E042EA0E0201F1200E0CF8072003F12002D5F800C034F81220D71002F007029F
:2070A0000EEBC71700FA02F21CF8078042EA08020CF8072003F1400201F1400CD5F800804E
:2070C00034F81220D71002F007020CEBC71700FA02F218F8079042EA090208F8072003F1B4
:2070E000600201F16007D5F8009034F812204FEAE20802F0070207EBC81800FA02F219F82B
:2071000008A042EA0A0209F8082003F18002D5F8009034F8122020324FEAE20802F00702C5
:2071200001EBC81800FA02F2013119F808A01F2942EA0A0209F8082003F1A00234F812200D
:2071400002F120024FEAE20802F007020EEBC81ED5F8008000FA02F218F80E9042EA0902FD
:2071600008F80E2003F1C00203F1E00334F8122002F120024FEAE20E02F007020CEBCE1CDC
:20718000D5F800E000FA02F21EF80C8042EA08020EF80C2034F8133003F120034FEAE302A6
:2071A00003F0070307EBC2172A6800FA03F312F807C043EA0C03D3557FF451AFBDE8F087C1
:2071C00031F8020B034429E744EF012034EF012048EF01204CEF0120E4300120002808DB96
:2071E000942808DC032807DC2822054B02FB003070470020F8E7942004382822014BF5E702
:2072000054EE012000A4206010B5044608460F4B032853F8211013DC28220D4B02FB0033C8
:20722000C4E902330023206861606361A36894F91C105B68A3610368DB689847208210BDB5
:20724000FFF7CCFF0023A060E360EBE7589F206054EE0120042A38B504461546084611D06C
:20726000637F216063B10B681B6A9847064B0122207783F8612029462046BDE83840C3E71D
:207280002377F8E738BD00BF6C2301204FF6FF73002A03FA01F36FEA030310B59CB203EAE0
:2072A00000030EDA524292FBF1F001FB1022891A03FA01F01341184380B260EA040080B2C1
:2072C00010BD92FBF1F001FB1022891A43FA01F09340F0E7054AB2F85C30A2F85E300023FA
:2072E00082F8613003600377837770476C23012010B5047883681CB113B1103B23EAE373DA
:20730000027B417B02F0030201F00301022A02D1D9B1002216E00229FBD1002AF9D14FF07D
:20732000FF32417801B152428CB1416891420ED1D033B3F5805FA8BF4FF4805319124260B1
:2073400001FB02228360104610BD0122E9E70023F4E7704703685B68184738B5036904462F
:207360000D460BB1EAF720F82B692046236100232B6138BD006910B103689B6A18470020CA
:20738000002170472DE9F341DFF85C801E46ADF806001746D8F8583105460DF10602B0FB57
:2073A000F3F103FB110108F5AA70009114F051FA0099044628B11030C0E9007602B0BDE870
:2073C000F0811820009118F063F800220023046005810099C0E9042303462A4608F5AA70A8
:2073E00010F0A6F81030E7E700F401200C4B37B50C46D3F85811ADF806000DF10602B0FBA7
:20740000F1F505FB110103F5AA7014F022FA20B1D0E904230120C4E9002303B030BD00BF41
:2074200000F401202DE9F047002688B00B781546DFF8B480024604460196D8F8180008F199
:20744000080A0796CDE905668DF814304B788DF81530334613F040FE0C2205A908F108006F
:20746000FFF778FF00220023AD68CDE90223BDB9A21C2B46D8F8180013F02EFE50B1022289
:2074800001A91848E7F7ACFF082216480DEB0201E7F7A6FF04F10C00304408B0BDE8F0870A
:2074A000D5E90412029B05F1080950465940039B53400222CDE902134946E7F791FF0822DE
:2074C0000746504609EB0201E7F78AFF38440A2805D1019B0A362D6801330193C7E70020E0
:2074E000DBE700BF5C1101205411012070B50446856845B9626829462068920017F030FA19
:20750000C4E9025570BD2E68284617F0C9FF3546EFE7704710B50446FFF7E8FF234653F8BF
:20752000180B984201D017F0BBFF204610BD2DE9F04F8BB043880025044604930E46436829
:20754000A846AA46DFF8E8B0009300F102098368019300F109030593671E5846E8F7A6F89B
:2075600000283AD05846E8F7B5F8059B07F8010F9F42F2D1D9F800300DF126022788304610
:207580000293D9F80430ADF8267003937368B7FBF3F103FB1171069114F05BF9002837D170
:2075A0000790182017F074FF079A034607810260029A06990261039A42613A4630460FF0DB
:2075C000B7FFD9F804300AF1010AD9F8002083EA0808049B55405345BED1DDE900324245A2
:2075E00008BFAB4209D00D4B0D4A1A6006220D4B1A700D4B1A680D4B1A60DDE900324245A0
:2076000008BFAB420CBF012000200BB0BDE8F08F029B0361039B4361D3E700BF54ED0120AD
:2076200032F5002014110120E030012050ED01205C110120837910B504460BB11AF0B8FC1B
:20764000204610BDC37C13B3D90704D5816A4FF0E022C2F800119A0704D5C16A4FF0E0225C
:20766000C2F80411590704D5016B4FF0E022C2F808111A0704D5416B4FF0E022C2F80C11C4
:20768000DB0604D5826B4FF0E023C3F8102170471B4A30B5157885B0044602AA0191CDB14C
:2076A0001849194891F8A8501849002D08BF0146174802910721039106CAE9F74BFD1448E9
:2076C000019B0022214601F02BFB114805B0BDE83040B7E70C4B07210E48CDE9023106CA1F
:2076E000E9F738FD0C490B480A6E019B42F040720A662A46214601F013FB0648E6E700BFB5
:20770000F042012000F4012000366E0100127A00640601201406012000003A40F8B50022C1
:207720003D4B3E4DC3F87021B0223D4B9A702B78362B07D83B4A190102EB03135258DB6814
:20774000C2F88830384C2378362B07D8354A190102EB03135258DB68C2F8883003213048C1
:20776000FFF796FF2B78362B07D82E4A190102EB03135258DB68C2F8843008262B4F802162
:207780003846FFF785FF013EF9D12378362B07D8244A180102EB03111258C968C2F884109C
:2077A000234A244846681168234AB1FBF2F14268921B9142FBD82A78362A07D8194910017C
:2077C00001EB02120958D268C1F88820362B07D8144A190102EB03135258DB68C2F8883093
:2077E00001211648FFF754FF2B78362B07D80D4A190102EB03135258DB68C2F88430237873
:20780000362B07D8074A190102EB03135258DB68C2F88430F8BD00BF00F401201908012094
:20782000DF050120900300201708012070F50120D0050120001000E040420F0070110120B1
:20784000F0B5059D11F0070100F1FF342A4417D02F46974217D1082B14D1C1F108017F30A7
:2078600095420FD015F8013B10F8014F0B4123430370F5E714F8013F15F8011B0B4323705A
:20788000AA42F7D1F0BD17F8016B14F801CF8E4046EA0C062670DCE738B505461C4613F02A
:2078A00061FBB4FBF5F305FB13440123A340034214BF0120002038BD012303700023C0E9C6
:2078C0000133C0E9033380F83B30838770472DE9F04398464B79C5B007460C46154633B9AB
:2078E0003846E9F73EFD384645B0BDE8F083B8F1000F4DD1083402AA2946204605F0D3FD0C
:207900000028EDDB9DF80860012E24D1542017F0BFFD81460028E3D0014633462A462046E7
:2079200006F028FD00282FDB982017F0B1FD3D4B0646C0F804800360C0F81080C0E90249DE
:207940002946802206F1180016F0ADFF31463846E9F714FDC7E7342017F09AFD81460028E0
:20796000BED001462A46204605F0E4FA00280BDB982017F08DFD2B4B0646C0F804800360D1
:207980008460C0E90389DBE7484617F089FDA7E7542017F07DFD81460028A1D0083401468B
:2079A00040F203132A46204606F0E4FC002897DB002302930AF082FD02AB019063222946D6
:2079C00020460EF0B5FF04280BD001AB6322294620460FF0BDF8002803DA13491348E9F732
:2079E0007CF901AB6D22294620460FF0B1F8002803DA0F490D48E9F770F9B8F1010F05D1D0
:207A0000022300224946204605F026FD982017F03FFD0023034A0646436002600361C0E949
:207A200002498DE70807002041F500200006012064F50020D0E901329A4217BF0A7801231E
:207A40001A7043680EBF037301334360704713B50446084623883BB10DF107018DF8073067
:207A6000FFF7E8FF0023238002B010BDD0E901329A4211BF13F8012B01230022037318BF82
:207A800043601046704790F8A32090F8A200101A704790F8A23090F8A3209A4281BF5A1CA9
:207AA00080F8A220C018807E98BF4FF0FF30704790F8A23090F8A3209A4286BFC018807E9E
:207AC0004FF0FF307047B0F830312BB190F82F31882B03D901234360002070475A1C80F899
:207AE0002F21184480F8A5100120704770B5264C2669D6F8145115F4706301D0C6F81431CC
:207B0000A8070FD5D6F87021110444BF0023A4F8A23094F8A330872B9FBF591C1B1984F836
:207B2000A3109A76EB071CD594F830314BB9D4F8383103B19847002384F82E31012384F848
:207B4000303194F82E3194F82F219A4285BF5A1C1B19002393F8A53088BF84F82E21C6F8E0
:207B6000603115F4407F0DD094F8A30018B1D4F83C3103B198470023A4F8A230A4F82E317F
:207B800084F8303170BD00BFBC0601202DE9F843089D06460C46174603EB0108444502D1F5
:207BA0000120BDE8F88333683A46214630461B6904F1010998470028F3D02046099A3946B7
:207BC0004C46A847EAE71368B3F5807F30B51C4628BF4FF4807401EB4405A94202D31B1BA1
:207BE000136030BD31F8020B0028F6D1506801305060F2E71368802B30B51C4628BF802496
:207C000001EB8405A94202D31B1B136030BD51F8040B0028F6D1506801305060F2E70023BD
:207C20001370014B1B68184784510120002070474FF0FF307047407C7047244A136870B520
:207C400019691079224BD877224B994209D2117A21B14FF0E0214020C1F8080203F580758D
:207C600002E01D46A3F58073D4686CB3116959B3908A402828D8861C403004EB4604908274
:207C800001EB46011846BFF34F8F03F1200603F58072B24234BF012208224FF0E02603EB58
:207CA0004212C6F85C0F20309042FAD1BFF34F8FBFF36F8F33F9042B24F8022B9D4233F96B
:207CC000022C21F8022BF5D870BD00BF00F6012000800E40402921204079704703689B6909
:207CE000184703685B6B1847004870479CC420600368013304D04068431C58425841704752
:207D00000120704740F30903B3F1FF3F08BF0130C0F3090004307047031F0439083010B56F
:207D200053F8042F51F8044F834282EA04021A60F6D110BD836E1A6A436DD31A1944B1FBC9
:207D4000F2F302FB1311836D8B4210B50AD94C09406E01F01F01012250F824308A401343C5
:207D600040F82430002010BD11F0805F154A036830B5154C83EA010518BF144625421FD0A0
:207D800043F3090401341BD001EA02040F4A1A4042F09F4242F4E002944211D00A0D02F4ED
:207DA000E064B4F5806F09D1C3F38924C1F389218C4203D352B203EB82230360002000E0AE
:207DC000012030BD00FCFF7F00FC0F7000FC0F000246084608B5FFF795FF13681844106071
:207DE000002008BD0368013303600020704730B50A440B4D914200D130BD11F8013B83EAF7
:207E0000000404F00F0455F8244084EA101080EA131303F00F0355F8233083EA1010E9E786
:207E2000E4A400202DE9F041D0F8488005461B4B98F80460DE77426C17791F771E77046CF0
:207E4000B4B1B4F5004F08D3A4F5FF447F3C134B2C64DE76DF76BDE8F0812146106813F0C4
:207E6000E5FC2146D8F80000002413F0DFFCEEE703680F2221469A6540F20132DC611A61F4
:207E80004FF47C525A610323224680F83D30C06C0368BDE8F0411B68184700BF00800E40C7
:207EA0000048BFE7140601200048BBE76406012038B5B0F8303105461446ABB190F82F3145
:207EC000C3F18902944282BF01201446686005F1A5002246184415F0C9FB95F82F3123448D
:207EE00085F82F31204638BD1C46FBE70346104610B5DC68A14205D058680368BDE8104086
:207F00001B6918474FF4007203F1100115F0AEFB012010BD05480068104408B500EB014135
:207F2000029A184615F0A2FB002008BDE456012038B50D4604462422002116F011FDA5605B
:207F4000EB79102B03D0202B06D00C2B06D1202301202370A07038BD4023F9E70020FAE740
:207F6000074B07B51B788DF8071003F0FF0023B101210DF107000BF000FC03B05DF804FBD9
:207F80005C2301200A460A210CF0B6BC0430E9F79ABC10B5044617F083FA204610BDF8B57B
:207FA000064608F00AFE044620B308F006FE054618B920462C4608F049FE72B6154B9A8A7D
:207FC0007F2A19D90022DF68DC609A821C691D6162B63946304608F063FE384608F036FE32
:207FE00030460122214608F05BFE2046BDE8F84008F02CBE0546E0E724B1DA6822B99A82EB
:20800000C3E9034562B6F8BD62B6204608F01EFE2846EBE700F601200846064910B50C68E0
:2080200019461444029A04EB00400AF0CBF8002010BD00BFE45601202A4B1B6810B503EB4F
:20804000014172B6284B294A9A610222DA6140F20642C3F8F0220022C3F8F422C3F8F82267
:20806000C3F8FC22C3F8A0204FF47022C3F8A4200122C3F8B0200A0C1204BFF34F8F02F5F7
:20808000803402F12000A0428CBF01204FF400604FF0E02402EB4010C4F85C2F203282424B
:2080A000FAD1BFF34F8FBFF36F8F5A69D007FCD5012201F47F010E485A61C3F8F002C3F839
:2080C000A0104FF47021C3F8A410C3F8B020064B5A69D207FCD501225A610AF047F800202D
:2080E00010BD00BFE456012000802A40F05AF05AD804180838B50B6B04460D468166002B0D
:2081000035D0C3606B6B002B3DD0E3612846214613F030FB04F11001A06E13F02BFBA56E92
:20812000AB6B002B36D06366EB6B40F2FE320020002B08BFFF23E3662B6C002B08BF6FF012
:20814000004323676B6C6064002B08BF1346A063206563674FF0FF33C4E90A00C4E908330A
:20816000C4E90F00C4E90C00C4E9120038BD886A17F08EF9E0600028C4D1204613F0C6FA30
:208180006FF00B00F2E7A86A17F082F9E0610028BCD1F2E7E86A17F07BF960660028C3D1EA
:2081A000EBE72DE9F0430E460968994685B0CB1C0746904630D8806EB46882691444013C2F
:2081C000B4FBF2F302FB13437268E41AF36800948568A847054630B9B9F1000F07D13146D9
:2081E000B86E13F0C7FA284605B0BDE8F0834FF0FF33224641463846C8F80030F36802949B
:2082000001937368009333680FF07EFD002805DBE5D06FF05305E6E70025E4E70546E2E702
:208220002DE9F74F0F9E07460C46904699464FF0000BDDE90D5A0EB930462DE022680C99F1
:20824000BB6E8A422BD16068A84228D89A6A0244AA4224D9521BE368281A5146B242184467
:2082600028BF3246019215F001FA019A636815449244B61AA268EB1A934238BF1346BA6E4B
:20828000926AA3609A42D6D14B46424621463846FFF787FF0028CED003B0BDE8F08F0C9A9F
:2082A00022609A69B5FBF2F302FB1353EB1AC4E9013BC0E7F0B585B01D460C461746CDE90A
:2082C00002234B68024601930B6800F1100100930023FFF7A5FF064640B9E0682A463946A9
:2082E000FFF785FD6368E0602B446360304605B0F0BD7FB50668C1F30905044680683146E4
:20830000A842636828BF284601930290536800931368024630460FF0F7FC28B9A368AB42DB
:2083200002D02CBF0220012004B070BD2DE9F74F0446019208462278A2B1019A881A94F81F
:208340003E20A0F5406682B9E26896420DDB226996420ADCA268934207D16268019B134482
:2083600003F5406003B0BDE8F08F61694FF0000C94F83AE004F1160A4FF0FF354FF480493F
:2083800084F83EC096FBF1F7A7EBD6771FFA87F83AB211FB07F7F71B3FB2E6450FFA8CFBBF
:2083A00069DC02FB0117B4F918000EF1FF3B1FFA8EFAA6EB070CACEB000CBCF1000FB8BF4A
:2083C000CCF1000CCC4564DA08F1010800250FFA88F204EB450801FB02F6B8F918703744F7
:2083E000002D6BD10BF10C0CA6EB010934F91CC0CC444FF006095D451D4409FB07F74FF0BA
:208400000A0908BF76182DB209FB0C7C4FEA2C1CC4F80CC018BFB8F91A00304409FB0077EF
:2084200095FBFEF00EFB105502443F11002D28B292B22761BEBF554402F1FF3228B294F847
:208440003B5012B245B194F93C50AA423ADB94F93D50AA42A8BF2A46951C00F140060C30BC
:2084600015FB0AF534F91000354402FB01022587C4E9012372E73AF9020F0CF1010C381AC1
:208480000028B8BF404200B24845BCBF5D46814683E7A7EB4107F71B0EF10B0634F916608E
:2084A000BF1B002FB8BF7F42B945A1BF08F1FF380AF1FF350FFA88F22DB28AE7B8F916C064
:2084C000B44496E72A46C7E790F83A20403991FBF2F302FB13110029B6BF52180AB203F164
:2084E000FF3390F83B10AEBF1BB21BB212B241B190F93C108B420BDB90F93D108B42A8BF28
:208500000B460C32416930F9120001FB030070470B46F6E78907037F427FF0B53AD523B1A8
:20852000C1680131C16052B917E00361002A2FD04169C160016901310161002A2FD0C16815
:208540004269914202D38469A14226D9C2600022026113B9C3680133C360C28B838806792D
:208560008579C179047A0F2A00F27C81DFE812F01E0038004A0062007D009800A600BF00D8
:20858000D200030111011E013A01430151016201C260CFE7002BC6D1CCE7002BDDD1028CEC
:2085A0000369B3FBF2F102FB1133D2E7C26897B216FB07F307EB87079BB204EA470703EB4F
:2085C000430615FB03F3334303EA9223120A12FB01F23A401343DBB24381180280B2F0BDFE
:2085E000C768BAB214FB02F311FB02F116FB02F203EAD71301EA972112FB05F20B4302EA20
:208600001712E7E7C26802FB06F716FB02F627FA05F3B6B23B43E74006EB860513FB04F38F
:2086200045EA07042340B2FBF1F401FB142256403343D0E7C6682409F20AF30051432A0905
:208640001625C2F11002714326FA02F2E640B2FBF5F705FB17220332B1FBF2F502FB15116F
:20866000B3FBF1F333409BB2B6E7C3680F225E437D4B354001FB0533F10BB1FBF2F5B4FB5F
:20868000F2F2C5EB0515C2EB0212491BA21A7143D2B201FB1363C6F30336F340D340E2E7A0
:2086A000C768640907FB06F2E740B2FBF5F305FB132301EA930313FB07F3D4E7C26801348F
:2086C000724305F29A36B4FBF2F356406B400A443343EB1A6343B3FBF5F31325B1FBF5F477
:2086E00005FB1411C9B2CA4013FB02F3BBE7C2686FF00F032835640902FB06F75B1A16FB46
:2087000002F243EA470312FB04F2B7FBF5F713FB0723A8E7C768AD0807FB06F20C26B1FBCA
:20872000F6F306FB13130133DBB227FA03F3B2FBF3F103FB11230A21B4FBF1F201FB124281
:20874000D2B227FA02F2B2FBF6F106FB112227FA02F29B1A0F22B5FBF2F1C1EB01116D1AE5
:20876000EDB2EF40B7FBF2F2C2EB0212BF1AB3FBF7F31B0177E7B1FBF5F1C26843897243AC
:208780000B44134422442A43B3FBF2F102FB113369E7C2686423724301FB03334189B2FB2F
:2087A000F3F3B1FBF2F122430B439DE7C76840F24512A5F283257E43B2FBF7F307FB132386
:2087C000BA09F6080B4323214A433B40B2FBF4F2B2FBF7F12B4307FB112273439B1AC3F352
:2087E0008F13F9E6C26802FB03F1D30903EAD11343EA122337E7C268023516FB02F3B2FB9C
:20880000F1F241892B40B2FBF1F2B2FBF4F29B1A29E7C268A40802FB06F3CE08114022FA49
:2088200004F4F3406B40B2FBF1F501FB152214441B1B18E7C7680B34428907FB065605F083
:20884000030526FA05F5B2FBF5F305FB13230C222344B1FBF2F402FB14117B40C9B2CE409E
:20886000334300E70023B7E6DD88E6FFF0B5002311F00204B0F84A20B0F8486090F8645024
:2088800080F86C3079D0B0F93840B44251D1048803874487036480F85130B0F9383023B914
:2088A0001DB1B0F86230A0F86630B0F9384022B1944202D1CB0700F19680B44200F0938013
:2088C00000EB44014A4B0A8A120A03EB82030A8C196CD14003194164464E013493F830300F
:2088E00030F914400133B0F93A2056F82370A41A066C4FEA166C37F81C3007EB4C07C6F37F
:208900000F2C0E447F880664FF1A0CFB07F703EB1743C3F34E03634302EBE33212B2828777
:20892000002D62D0B0F8663053431B14836698B2F0BD54B990F8523080F85530013B032B77
:20894000ABD8DFE803F0050B101590F85430F3E7002303870364838F43879EE7002303879D
:2089600003640388F8E7038843870023038794E7838F4387002303648FE74F0709D542B1A6
:2089800090F85330012B04D1838F0287438704648BE7D0E91074B0F93830A74285D20133CA
:2089A00030F813401BB24487002403870464B0F84E40A3420FD1CC070DD590F8513090F84D
:2089C00050400133DBB280F851300CB1A34202D2B0F84C300387B0F93830B34204BF01233C
:2089E00080F86C3061E7002174E7B0F862309BE7E4A40020CC780020002300F1330270B569
:208A0000036300F13B04012340F2011512F8011F15290ED8DFE801F00B0B0B1717171010C8
:208A2000101C1C1C131315151A1A0B15131A80F83030A242EAD170BD80F83130F9E7058619
:208A4000F7E780F8303080F83230F2E780F8303080F83330EDE72DE9FF471C4607460023F8
:208A60000E4600EB82094FF00108DFF8D0A0ADF808300391337D57F8045B062B11D8DFE8ED
:208A800003F00425313D3D4F4F00BDF80830B3B105F00F05214602A82B43ADF80830FEF7C6
:208AA000D6FF4F4506F11806E4D102A82146FEF7CEFFD4E90030C01A04B0BDE8F0872D01EB
:208AC000EDB245EA0A05ADF80850EAE7214602A8FEF7BDFF0DF1070120468DF80750FEF7EC
:208AE000A9FFDEE7214602A8FEF7B1FF0DF1070120468DF80750FEF79DFFD2E7214602A8B0
:208B0000FEF7A5FFD4E90132D11A012903D8626084F80C80C5E71D80636802336360C0E75F
:208B2000214602A8FEF793FFD4E90132D11A0329EDD91D6063680433F0E700BF00F0FFFFCD
:208B40002DE9F84398460D46814600EB82060024344F2B7D062B59D8DFE803F00417262B82
:208B6000363E50001CB104F00F01002407E04046FEF77CFF40EA0704C0F30711A4B228469B
:208B8000E8F745FCC9F8000042E0D8E901329A4205D10123002488F80C302146E5E713F9E9
:208BA000014BC8F80430F8E74046FEF75FFF0146DBE7D8E90132D11A012902D8C8F80420ED
:208BC000E7E733F9024BECE7D8E90132D11A0129F4D933F8024BE4E7D8E90132D11A032957
:208BE00007D801230024C8F8042088F80C300021C5E753F8041BC8F80430B6E7D8E90132F2
:208C0000D11A0329DAD953F8044BCAE7072BEED109F1040918354E459BD1D8E90030C01A30
:208C2000BDE8F88300F0FFFF43682DE9F74F1E68B82759680446326822EA010235493260F6
:208C40008A6922F0E05222F0300242F0006242F010028A6190F810902F4A03EB090E03EB42
:208C600089099EF8101002EB011189680F60457C03EB050C0A359CF8241002EB0111896896
:208C80000F6090F812B003EB0B0898F838A002EB0A1ADAF808A0CAF80070596837680F4343
:208CA00003EB8B0137609EF81060D9F8147002EB0616766837609CF8246053F8255002EB05
:208CC00006167668356098F8385002EB05125268C96B11609A6C98F8441011601A6A9EF815
:208CE0001C105B6B11609CF830201A60022203681A610F229A650723084ACDE9002302AB77
:208D000013E90600E8F726FA204603B0BDE8F04FFEF798BC00C00F409003002000093D0004
:208D200070B5046840F2012525611C46A9B111F8015B0668013B756605682E6FB60704D47F
:208D40006D6F0AB102F8015B013C05686D69ED07F2D5002BEAD11CB970BD90F83C50E8E720
:208D60000368196F8907F6D45B6F0AB102F8013B013CF0E783892BB9D0E901301B1A58422E
:208D800058417047002070473C280DD8212804D81F288CBF0020012070472238094BC0B294
:208DA000C34003F0010070475C2808D002D83E380128EEE7A0F17C03584258417047012040
:208DC000704700BF01210005A0F2BC7080B27F2809D80C2907D81F2A05D842EA411141EA9B
:208DE000402080B270470020704717280AD83B2908D83B2A06D8520842EA411141EAC020C8
:208E000080B270470020704737B505460C4609F055FB114B984204D800232B80238003B08A
:208E200030BD694608F064FC9DF805109DF8060001319DF8042000F26C70C9B2FFF7C4FF0C
:208E40009DF8002028809DF801109DF80200FFF7CCFF2080E3E700BFFFA5CE1230B4C468FA
:208E6000A14207D8CD18AC423FBF002404704FF0FF34C46040680468A46AA44630BC604792
:208E800010B500230478CA03012B42EA5102C15C11FA82F291B208D1852C14BF0122032272
:208EA00013441F2BEFD9084610BD0122F8E738B5CB6804460D4633B9027882B98968BDE838
:208EC0003840FFF735B82422002115F049FD102323700123A370AA68A260EA682262184640
:208EE00038BD73B503780446DA071FD5406804F11002E168036801925B6A9847019A05463B
:208F000018B90025284602B070BD23789B0704D4237823F001032370F4E7201D43C8036826
:208F200031445B6A98470028F2D1EAE70125E9E773B51E46C36805460C46994209D9686885
:208F4000214603685D693346AC4602B0BDE87040604731448B42F2D20192FFF7C2FF019A75
:208F60000028ECD102B070BD10B50446FFF7B9FF58B104F50470FFF7B4FF30B1D4F8400460
:208F80000368BDE810401B6A1847002010BD10B504462830FFF7A5FF50B104F50E70FFF731
:208FA000A0FF28B120680368BDE810401B6A1847002010BD436870B504460E4615460BB9F3
:208FC000002070BDC3688B4208D0FFF78AFF0028F6D06B070AD50023E6602370237805F02A
:208FE000030520462B4300F8103BEAE7606804F11002314603681B6998470028EBD1DFE7C3
:2090000002392DE9F84305461F46D0F830048B18164683423FD8D5F82024BFB3914206D809
:20902000934204D9834228BF0023C5F8203401F007034FF00109C1F3C80409FA03F9D5F80E
:209040002C345FFA89F903EB11380122414628469044FFF7AFFFF0B10319494600F500705D
:209060001A780A4214BF01240024BC4213D04A40013E1A7012D0490011F0FF01F0D10133A1
:209080000C46012198428946EAD1DEE7914238BFC5F82014CBE70020BDE8F8830120FBE783
:2090A00038B5D0F838340C46496800F5047090F8355219402368023BAB4003EB5123D0F8DE
:2090C0001C121944FFF776FF18B16368C3F30803184438BD38B5D0F830340C4615460133FA
:2090E0008B4202D24FF0FF3038BDD0F82414002200F5047001EBD411FFF75CFF0028F1D0D6
:20910000A400C4F3080403595A1C16BF012000202B60E9E700F124032DE9F0430D4685B0BC
:209120000646904601AFD6F8209093E8070001EB4513D9F8384487E8070002930C4099F8E4
:20914000453404EB45140933DBB2DC402CB942463946306AFFF7A4FF0EE09DF80C500199D1
:209160001DB101310191013CF0E73A464846FFF7B1FF0128F7D0284605B0BDE8F0832DE954
:20918000F34190F8313004461BB9012002B0BDE8F08190F9332090F83330002A6BDA00274E
:2091A00003F07F03DFF8E8803E4680F833300022F9B22046FFF7AEFF054600283ED00378CA
:2091C000C02B43D0C12B21D0852B37D194F8313003F037038380D8F8003083B10DF10302A8
:2091E0000DF1060101A898479DF80330BDF806206B75BDF80430AA81EB812A826B82226ABA
:2092000092F8103243F0010382F81032013731462846FFF735FE94F83020FBB206469A4298
:20922000C5D2012204F12401206AFFF739FF28B14680206AFFF798FE0028A6D194F8323060
:20924000002043F0010384F832309FE794F83320437852064CBF43F0020303F0FD03437078
:20926000D4E90423C0E90223E3694361D4E90223C0E90623C3E7006AFFF776FE002884D19D
:2092800094F8323043F0010384F832307EE700BF303301202DE9F04790F8333004468846D3
:2092A0001546DE075ED5580603D494F8313019070BD5D4E90023D4E90410AE1843F100036B
:2092C000B14270EB030300D28D1A2F4604F118096AE0206AD4E90032D0F838641E40C6F3F8
:2092E000080A4EB913432AD194F831305A064CBFD0F83434E369A361236A4FEA562CA169DA
:2093000093F845240239D3F82C04914001EB5621014403F50470BAF1000F2CD1B7F5007F5C
:2093200029D3D3F81C32994225D0B7F5806F40D24246FEF7DBFDA8B14FF400762BE094F89D
:209340003330A1695B0602D50131A161D4E74A46FFF7C0FE002805DBCED194F8313013F09E
:20936000500F23D194F832304FF0FF3043F0020384F832301BE0CAF500760022BE4228BFEF
:209380003E46FFF717FE0028ECD000EB0A013246404614F06BF9B044BF1BD4E900329B198D
:2093A00042F10002C4E90032002F92D1E81BBDE8F087012393407A0AA3EB0C03934228BF14
:2093C000134642465E02FFF7B3FD0028E3D1C9E72DE9F84F90F831C0044616461F46D0F871
:2093E0001880BCF1000F5BD0D0E90003BB4208BF904206D056EA070205D10023A361C4E9D3
:20940000006701204FE01CF0080F04D0D4E90412B142BA4144D3D4F820E0751E9EF8451478
:2094200047F1FF3A0931C9B2C1F12009A1F12002CD400AFA09F92AFA02F2A1F1200A45EA61
:209440000905C1F12009154394F8332012F0400F02D0E3692B44D1E710F1FF3B43F1FF32B6
:209460002BFA01F102FA09F922FA0AF241EA090111438D4201D3034317D11CF0400F14BF37
:20948000DEF83434E369A36104F11809002DB6D04A46A169206A013DFFF71CFE0028F5DC0A
:2094A0000020C4F81880BDE8F88F6D1AECE7012938B50C46154601D8002038BDD0F83034D4
:2094C00001338B42F8D3D0F82414012200F5047001EBD411FFF76EFD0028EDD0A400C4F3C2
:2094E000080405510120E8E7F8B50446006AA16901B101310EF059FC0128054602D8002604
:209500003046F8BD01230146206A1A46FFF778FD06460028F3D0A26994F833302AB943F019
:20952000400384F83330A561EAE7590611D44FF0FF322946206AFFF7BAFF0028DFD0A169F5
:209540000029F0D02A46206AFFF7B1FF0028EAD1D5E70132AA42E6D023F04003E16984F8F2
:209560003330A369206A8B42E1D94F1C3A46FFF79EFF0028C3D03946F3E7F7B590F8313044
:2095800004465A0652D5066A0025D6F83434019301AA01993046FFF79DFD002844DB05F113
:2095A0000105F5D196F845340933DBB29D40236AD3F83C341D44B5F1806F47D22046FFF7FF
:2095C00093FF002842D0236A0026A569012793F84524023DD3F82C3495401D44206A90F830
:2095E000453407FA03F39E4222D394F831305B0615D494F8333063F07F0384F83330D0F884
:209600003C24D4E902319B1841F10001C4E90231D4E904319B1841F10001C4E90431204614
:2096200003B0BDE8F040AAE50025BBE78568BEE70522A91900F50470FFF7BCFC30B14FF496
:2096400000720021013615F08BF9C7E7002003B0F0BD2DE9F34107460C46884601AA2146C0
:209660003846FFF737FD061E04DA0025284602B0BDE8F081002221463846FFF718FF054686
:209680000028F2D0621C16B1019B93420AD00023A2EB080241463846FFF7B2FC0028E4D011
:2096A000DDF80480019C002ED8D1DFE7F8B590F8333004469A0738D5C169C9B90025012293
:2096C000E9B22046FFF726FD78B30378013503F07F030370EBB294F830209A42EFD2002373
:2096E000206A84F8313084F83330BDE8F8403BE45B06006A1BD590F84534D4E9022509334C
:20970000013ADBB245F1FF35C3F12007A3F12006DA40002305FA07F725FA06F63A4332433B
:209720000132FFF76DFC0028C8D10020F8BDFFF790FFF8E710B5044680680A462830A169F4
:20974000FFF738FC20B1A38803F00F0300EB431010BD37B503780446002B35D090F9023037
:20976000002B2BDA0121FFF7E5FF054630B96378002043F00103637003B030BD0378E52B59
:20978000F5D023781B0744BFE369C361236A43831B0C83820D4B1B6863B10DF103020DF165
:2097A000060101A89847BDF804302B836B82BDF80630EB82A37803F07F03A370A068FFF79D
:2097C000E6FB0028D3D0D7E70120D5E73033012070B506460C46FFF7BCFF054610B9002511
:2097E000284670BD00213046FFF7A4FF03460028F5D0214600F1200253F8040B934241F886
:20980000040BF9D1ECE738B5856B044645B12846FFF79FFF00232B70AB7008B1A36338BDF0
:20982000E56B0DB90020FAE72846FFF7A8FC002385F8313085F833300028F3D0E363EEE722
:20984000037A00F50E70022B08BF42F00202FFF7B1BB01292DE9F04106460C46174603D845
:209860004FF0FF30BDE8F081C3698B42F8D3C379202B12D18169002201EBD411FFF7E0FF84
:209880000028EDD0A40004F4FE740359F2699A422ABF012000203B60E4E7102B0DD1C1F3E5
:2098A0000721836900221944FFF7CAFF0028D7D0640004F4FF74035BE8E70C2BD0D1C1F3FF
:2098C0004E088369002218FA81F81FFA88F5C8F3462898444146FFF7B3FF0028C0D0C5F35F
:2098E0000803C55C0133B3F5007F08D1002208F101013046FFF7A4FF0028B1D00023C35CF1
:20990000E20745EA03234CBF1B09C3F30B03BDE72DE9F84F8378884604461546D90767D58B
:2099200003781A070ED5C36942699B1A9D4228BF1D462E464FF0000904F1100A5EB9A81B4E
:20994000BDE8F88F9B06F4D583685A894369C3EB42139BB2EAE7237862699F06A068C2F30E
:20996000080B4FEA522117D5036A1944A26802F12800BBF1000F42D1B6F5007F3FD3536B85
:2099800099423CD0B6F5806F4FD24246FEF7AEFA70B34FF4007742E090F8059009EA0109E7
:2099A000BBF1000F08D1B9F1000F05D16AB959064CBF036A236A2361A36821699A79023996
:2099C0005B69914019444944D0E71A07216905D5A3785B0602D501312161EDE75246FFF763
:2099E00038FF002804DBE7D1237813F0700FA6D163784FF0FF3043F002036370A0E7CBF542
:209A000000770022B74228BF3746FFF7D3FA0028EED000EB0B013A46404613F027FE6369B6
:209A2000B844F61B3B44636188E72778730ABF0605D41279A2EB0902934228BF13464246ED
:209A40005F02FFF775FA0028E9D1D1E7436913F4F07F37B50446C3F3431500D099B90122FB
:209A60000DF107012046FFF753FF40B2012802D0002003B030BD63691F33A0686361383033
:209A800000EB4510F5E72033F7E72DE9F0410D4601780446076981B14069A84206D03DB91B
:209AA0002561A378656123F02003A370012006E00B0706D5E369AB420BD200202761BDE89F
:209AC000F0818E0605D5A3685B89B5EB431FF4D8E7E7D4F808C06E1EA2789CF806305206C0
:209AE00003F10903DBB226FA03F603D5236A33442361D6E7421E22FA03F39E4200D390B935
:209B00004B064CBFDCF82030236A236104F11008002EC6D042462169A068013EFFF799FEFD
:209B20000028F5DCC9E7F61AF0E710B549010446FFF7ABFF20B120460021BDE8104085E7E3
:209B400010BD01292DE9F04180460C46154602D80020BDE8F081C3698B42F9D3C379202BF8
:209B60000DD18169012201EBD411FFF769FE0028EED0A40004F4FE7405510120E9E7102B56
:209B80000DD1C1F30721836901221944FFF758FE0028DDD0640004F4FF740553EDE70C2B4C
:209BA000D6D1C1F34E078369012217FA81F7BEB2C7F346271F443946FFF742FE0028C7D0EF
:209BC00014F00104C6F308031CBF2A01C15C00EB030603F101031BBF02F0F00201F00F01EA
:209BE000EAB20A43B3F5007F327007D101224046B918FFF725FE0028AAD00023C5F30715AF
:209C0000C21824B9C35C23F00F0343EA15151570B3E72DE9F743866804460769D6F80C9071
:209C20004F4592BF4FF00108B9464FF0000809F10105F3699D4207D9B8F1000F1DD1F56893
:209C40004FF00108A946F2E7AF4216D001AA29463046FFF7FEFD00280FDBF3D0019B002B00
:209C6000F0D1B8F1000F00D0F5606FF0704229463046FFF766FF804628B94FF00008404681
:209C800003B0BDE8F0836FB9736A002B12DAA378256197B943F04003A370A37863F07F0373
:209CA000A370ECE72A4639463046FFF74AFF0028EAD1E2E7013B7362E9E74F45EDD023F029
:209CC0004003E9E7F8B50578044615F0200502D000263046F8BD4269154B9A42F8D2FFF709
:209CE00098FF06460028F3D0A26823699179023B57698B401F44A068E9B203798B4208D8FF
:209D000082794FF400739340626912FA83F36361DFE70522394428300135FFF74BF9002854
:209D2000D6D04FF40072002114F01AFEE3E700BF00FE1F0073B505460C4601AA21462846A0
:209D4000FFF787FD061E15DB002221462846FFF7F8FE78B16B6A002BA4BF01336B62EB68B2
:209D6000A34284BF04F1FF34EC60019C002EE4D102B070BD0020FBE7F8B50F461546002168
:209D8000242204461E4614F0EBFDBB683A6AA58005F00F05E26003F13802A36002EB451237
:209DA000D17A08072FD401F017012170D07A10F0180F04BF41F0080121709DF81810E1709F
:209DC00006F00301012917D0022920D0D9B90121A1705B6B7504918AA361538B43EA0143EB
:209DE0002362D169E16101D40120F8BD2046FFF74CFE0028F8D106E00221A1702178C8069F
:209E000001D4CF07E5D500202070A070EDE70321F3E7F0B500238BB00446019383789A07CE
:209E200007D5016A41B901212046FFF783FC074640B900200BB0F0BD8068FFF77BFF002896
:209E4000F1D1F6E70DF065FBE526002305463E702370A068A370FFF79AF80028E9D0E3786D
:209E6000002BE7D0214601A8FFF721F80028E0D00127A18801A8C91B89B2FFF756FE00287E
:209E8000D7D0C37A0F2BD4D10278FBB202F01F019942CED1437BAB42CBD10670A16891F8FD
:209EA000283043F0010381F82830530605D5A0680BB0BDE8F040FFF76AB87B1CE2789FB21D
:209EC000DBB29A42D5D2B4E72DE9F0410022D0F88C344FF0FF3100F504750446C0F888344B
:209EE000C160C0F81C121146C0F8802480F8442480F87924A0F87A24C0F88404C0F8403411
:209F000043600270C0F8143280F810222846FFF751F800285CD090F8BE2112F07F0257D171
:209F200090F8C231002B53D0D0F8C67128463946FFF740F8054600284AD005227649033098
:209F400014F0CCFC0646002842D195F86C30092B3ED12B6D04F5896801463B44C4F82434E6
:209F60006B6DC4F82834AB6D3B444027C4F82C34EB6DC4F830342B6EC4F8343495F86D3078
:209F80000125C4F82004204684F84534093305FA03F3C4F83C34013BC4F838340DF005FF9E
:209FA000404684F84474FFF7EAF838223146404614F0D6FC594B84F879749A69C4F868446A
:209FC00084F87B5402B99C61544B01201C62A1E0022300224FF0FF31012704F12808237227
:209FE000D4F8883461634046C4F844121146C4F88424E271A4F8482484F84A24C4F88044FD
:20A000002360E760E36284F82820C4F83C3284F83822FEF7CFFF002877D090F8C231002B95
:20A0200073D090F8BE5115F07F056ED1D0F8C6612A4640463146FEF7BDFF002865D0B0F86C
:20A040000B30B3F5007F60D1037C2372013BBB425BD8427B0921531E227163713B469A42D1
:20A0600047D1A571C38A23610BB9436A2361C389B0F811203344216962815201A361077C09
:20A0800002F2FF1201FB0733236203EB5223B0F81320636102B9026AF61A1644EE40731CB0
:20A0A000E3614FF0FF33636240F6F4739E4227D94FF6F4739E4225D9C36A2362202304F531
:20A0C0008965E3712163C4F840122846FFF741FB00232146284684F8483484F84A34FDF72E
:20A0E00027FF90B10D4BDA69002A7FF46DAFDC616AE7013908D001355B00EDB2DBB2AEE7B3
:20A100000C23DCE71023DAE7A5710020034BC4F880041862BDE8F081BDF5002000F601201C
:20A120000346501A7F2B05D8002841D0084600F8013B7047B3F5006F0DD2012837D99A09A1
:20A1400003F03F03084662F03F0263F07F0300F8022B4B707047B3F5803F11D2022826D90A
:20A160001A0BC81C62F01F020A70C3F3851203F03F0362F07F0263F07F034A708B70704753
:20A18000032814D99A0C081D62F00F020A70C3F3053262F07F024A70C3F3851203F03F0303
:20A1A00062F07F0263F07F038A70CB70704700207047884230B505463AD2037890F900002A
:20A1C000002802DB681C136030BD03F0E000C0281ED103F01F0302242819884228D8013570
:20A1E00015F8011B01F0C004802C21D101F03F01854241EA8313F3D1A3F180040D498C422A
:20A2000016D8A3F55841B1F5006F11D31360DBE703F0F000E02803D103F00F030324DBE744
:20A2200003F0F800F02803D103F007030424D3E70020C9E77FFF1000838913B5044623B118
:20A2400000228281184602B010BDD0E901018842F8D201AAFFF7ADFF10B94FF6FF73F1E708
:20A26000019A6060B2F5803F93B2EBD3C3F30903920AA3F51053A2F52152A38193B2E1E786
:20A280007E2830B52BD8A0F16103192B8CBF00230123A0EB431398B220E003EB520201EB0C
:20A2A0008205B5F8445485428CBF14461346E21A012AF2D89BB201EB8303B3F84424904278
:20A2C0002FD3821A93F84744A2422ADA93F94634012B08D102F00102821A90B230BD3524BE
:20A2E00000231149E3E713B19BB20344D3E74EF2A033FAE703EB520201EB8205B5F8185542
:20A3000085428CBF14461346E21A012AF2D89BB201EB8301B1F81835834208BFB1F81A0580
:20A32000DCE74B240023EFE7E4A400202DE9F04F994690F8313093B004460F461546002BC5
:20A3400043D191F8313013F0500F3ED009F00303032B3AD001330193002A3CD01369084690
:20A3600003F10E080F23B8FBF3F808F102085FFA88F8E7F73DFA4FF0000B0DF1280A5E46F4
:20A38000202251463846FEF785FF002800F0C68020281AD19DF928109DF8282000291FDB8E
:20A3A000BBF1000F05D13968A1F120030393BB690293C3453CBF0BF101035FFA83FB002A63
:20A3C00040F08F80002D40F0A980002684F8316084F8336060E04FF00308CCE71E46CFE71F
:20A3E0003EBBC34538BF4FF0000B852AC8D1314638222046012614F0B3FA9DF829209DF851
:20A400002C1084F8302001F03702C90658BF42F0080284F831203A6A2262BA6962623A686A
:20A42000203AA26297F83320C2F3801284F82C20A6E7C02A48D19DF82920019B920784F8AE
:20A44000333048BF43F04002DDE90C0148BF84F833200F9AC4E90401DDE91001E261C4E952
:20A460000201EDB919F4006FAFD119F4884F03D194F83330980705D594F83130D906A4D4D3
:20A48000DA07A2D419F4804F06D02046D4E90423FEF79EFF002898D0304613B0BDE8F08FEA
:20A4A0002A684FF0000329696A609DF82B20AB81914216D1AE8ABDF82C20A6EB020CDCF101
:20A4C000000646EB0C065BE7C12A0AD101223AF8123028460493FEF74DFC20B1049B002BB6
:20A4E000C0D000264CE7CDE906202846FFF7A4FEFFF7C6FE05900498FFF7C2FE0599079BB0
:20A5000081427FF46BAF069A0132102ADFD12846FEF730FC00283FF433AFA3E719F4007F4C
:20A520003FF453AF019B9B077FF54FAF002D3FF44CAFC34526D338220021204697F83360D7
:20A5400014F00EFA3B6A08F1FF39C6F380162362082300275FFA89F984F83130029BDFF8C7
:20A5600014A16362039B84F82C60A3622B68AF816B605FFA87FBD84524D82046FEF7FFFDDD
:20A58000064689E7202251463846FEF783FE40B93846BE69FEF7F1FF00283FF416AFBE6170
:20A5A000C7E720287FF411AFBBF1000F05D13A68A2F120030393BB6902930BF101035FFAE1
:20A5C00083FBB6E7012259462046FEF7A3FD064600283FF4FAAE90F90030002BFFF6F5AED8
:20A5E0002022002114F0BCF9BBF1000F1FD18523337084F8309086F80190DAF8003083B1C8
:20A600000DF1230209A90DF126009847BDF826307381BDF8243033819DF8233033750137DE
:20A62000A7E745F621437381F3817382F7E7BBF1010F0DD1C02386F801B03370019B63F074
:20A640007F0384F833302B69F370AB8AB380E6E7C12306F11E0B33702846FEF78BFB0028B5
:20A66000DDD12846FFF7E8FD26F8020FB345F3D1D5E700BF303301202DE9F0411F4696B007
:20A68000002304460D4601921493ADF8143090F831301BB1002016B0BDE8F08191F831105C
:20A6A00011F0500FF6D011782F2922D1104612F8011B2F290FD003B101902D6A382261B99D
:20A6C000204614F04DF940230120256284F8313084F83300DFE70123E8E7002108A814F0A5
:20A6E0003FF94023109508AD8DF8513001238DF853304FF0000801AA02A9019811F047F8BD
:20A700000028C7D0019B1B78FBB1002302AA29462046FFF70BFE0028BCD008AE224604F135
:20A72000300C35461068083252F8041C3346624503C31E46F6D1106818602046FEF71FFDCE
:20A7400084F8318084F83380D5E73B4602AA29462046FFF7EBFD9EE711B101F589618BE768
:20A760000846704710B591F83130044613F0500F18D040F60223FFF7D9FD98B11023204688
:20A7800084F83130FEF7F9FE60B1A3692046E361E7F72EF8C123204684F83330BDE8104007
:20A7A000FEF7EDBC002010BD2DE9F04F99B00F46144605938B680A9006930B7813F0700FFE
:20A7C00003D1002019B0BDE8F08F0A9B1B780393002BF6D113690D224FF0000900210C3385
:20A7E0003846CB464E46C846B3FBF2F3DBB20793637D9A0717BF079B01230133DBB20293FB
:20A80000FFF743F9CDF81090CDF820907D6900213846C5F34F15FFF719F900287CD17B781B
:20A82000002BCED1059B9A05CBD503F00303013B012BC6D8049B002E08BF2B460493029B37
:20A840009E42C0F01D81089B002B40F03481029BBC460FAE4FF0010B5D1E049B5FFA85FA7E
:20A8600053FA85F5BCE80F000FC6BCE80F000FC6DCF80030ADB2336004F1160630460CF088
:20A8800048FE2368029063600023A3814AF040030493DA4580F0588129463846FFF745F9AE
:20A8A000804600288DD02022002114F059F8D4F81630C8F800307368C8F804303389A8F868
:20A8C0000830B37A88F80A30637D03F0180388F80C309B4B1B68002B00F084810DF13902ED
:20A8E0000DF13A010FA89847BDF83C30A8F81030BDF83A30A8F80E309DF8393088F80D30D0
:20A90000069B069A93F8283043F0010382F82830ADE00123089379E70378E52B00D08BB9BF
:20A92000049A002E08BF2A460492029A96423CBF0136F6B2002B3FF475AFE52B06D14FF088
:20A94000000863E7029A964238BF00262E2BF6D0C27A0F2A69D1B8F1000F45D103F01F0B5B
:20A96000079A5A457FF452AF13F040083FF44EAF90F80D909046BBF1010F7FF447AFBE4684
:20A980000DF13C0CBEE80F00ACE80F00BEE80F00ACE80F00DEF80030CCF800302368636079
:20A9A0004FF00003A381A5EB08039BB20C930C9B9D423FF42BAF29460FA8FFF7B6F80990B4
:20A9C0000028BCD04FF0000A5FFA8AF109980CF08CFD0B902046FEF7CDF978B10B9B002BCA
:20A9E00018BF4FF0000811E70BF1FF325FFA82FB5B45A4D1437B4B45BDD0A0E72046FFF76B
:20AA00001BFC0D900B98FFF73BFC0D9A0B901046FFF736FC0B9B834291D10AF1010ABAF174
:20AA20000D0FD1D1013DADB2C1E7130787D4B8F1000F0AD0BBF1010F7FF4C3AE0CF069FD0A
:20AA400048457FF4BEAEC2460DE00B2204F1160116F0CBFF00287FF4D9AE94F815A01AF01F
:20AA6000010A7FF456AF059B19053FF5AAAE059B2A4639460A98CDF800A0FFF77DF9A1E680
:20AA800000213846FEF7E2FF90B97B78002B7FF498AE3846FFF716F900283FF492AE069B62
:20AAA0001B7906EB0313DEB2029BB342F1D8CAE60136F6B2C3E6267D62254FF0000ADFF88E
:20AAC000848004F11609D8F80030032E534428BF03261FFA83FA331DDBB20AF00F02E1180F
:20AAE000013B4FEA1A1A092ADBB294BF303237329E428A75F1D1A3197E22002138469A7524
:20AB0000FEF7C3FF01213846FEF7A0FF014620B97B78002B3FF49BAE53E60378002B3FF47E
:20AB200096AEC37A1B07EDD40B22484616F05DFF0028E7D1013D15F0FF05C4D141E600BFF2
:20AB4000303301204C450120A5EB0B010FA889B2FEF7EBFF00283FF435AE119ADA4500F159
:20AB6000010992F8283043F0010382F828304FF00002049B18BF5B469046027303700F2398
:20AB80004283C372029B43732046FEF7F3F8D0B1039BE3B119464FF6FF700131CBB2039317
:20ABA000B8F1040F5FFA88F115D8A9F8000008F1010809F10209B8F10D0FE5D10BF1010BEF
:20ABC0005FFA8BFB65E62046FFF736FBE8E7012303980393E4E70A2994BFA9F80300A9F804
:20ABE0000500E4E745F62143A8F81030A8F81830A8F8123084E6F0B50B7889B004460E46D3
:20AC000013F0700F72D040F60223FFF7CDFD00286CD0012710252046A7702570FFF752F842
:20AC2000002863D02369002120462362FEF72DFF2046FEF78EFD002858D039462046FEF7F0
:20AC400079FD002852D06A46C572034600F1200C15461868083353F8041C1746634503C797
:20AC60003A46F6D14FF02033A068216A0122CDF801302830CDF805300239ADF8093010F8DC
:20AC8000223C994050F8143C1944FEF793F9034660B32E22AC4607460DF1200E8DF800204B
:20ACA0006246083703CA724547F8080C47F8041C9446F5D12E2220338DF80120326A08AE3C
:20ACC000110CADF81A202A46ADF814101546083303CDB54243F8080C43F8041C2A46F5D102
:20ACE000A06809B0BDE8F040FEF751B9002009B0F0BD2DE9F0411F4694B0002306460C4688
:20AD00000192ADF83830029303781BB1002014B0BDE8F081097811F0700FF7D011782F2914
:20AD20000DD11146013208782F282CD003B10191A16802A8FDF7FCF80028E7D002AC4FF02B
:20AD4000000801AA0BA901980CF006FB0028DDD0019B1B781BB300230BAA21463046FFF779
:20AD600023FD90B1354602AC0FCD0FC40FCD0FC42B6830462360FEF7ECFC02AC86F80080D6
:20AD800086F80280DDE70123CBE7002FBED00BAA21463046FFF72FFF0028E3D1B6E70BAA78
:20ADA00021463046FFF727FFB1E70A46D0F8841430B5A5B049B1002301F5896116A81693B4
:20ADC0000123FFF796FF25B030BDD0F888040028F9D0229190F87934149113F0500F01923B
:20ADE000ADF8141001D10020EDE713782F2B27D000F5896401AA02A9019810F0C8FC00282B
:20AE0000F1D0019B1B78002B39D0002302AA214608A8FFF78BFA50B308AD16AC0FCD0FC484
:20AE20000FCD0FC40FCD0FC42B6808A82360FEF7A6F900238DF851308DF8533015E0012112
:20AE4000134601321C782F2CF9D001B10193D0F868443822002116A813F082FD40231E9424
:20AE60008DF8893001238DF88B3016ACC2E702AA214608A8FFF776FC0028CDD1B3E702AA8E
:20AE8000214608A8FFF76EFC9DE72DE9F0411F4694B0002306460C4601920B93ADF81430EC
:20AEA00003781BB1002014B0BDE8F081097811F0700FF7D011782F2914D1114612F8010B56
:20AEC0002F2807D003B10191A16828B93046FDF72FF8E8E70123F0E70BA8FDF729F80028C9
:20AEE000E0D00BAC4FF0000801AA02A901980CF033FA0028D6D0019B1B78C3B1002302AA4C
:20AF000021463046FFF750FC0028CBD035460BAC0FCD0FC40FCD0FC42B6830462360FEF73E
:20AF200018FC0BAC86F8008086F80280DCE73B4602AA21463046FFF737FCB4E711B101F5FF
:20AF40008961A2E7084670470A46D0F8841410B596B0002932D0002408A823460894FFF7C4
:20AF6000EDFF08B900201CE09DF82030D906F9D5214608A8FEF789FD012108A8FEF766FDBA
:20AF800088B99DF82130002BECD1082308A88DF820309DF8223043F002038DF82230FEF707
:20AFA00038FF16B010BD0378002BEED0E52BE3D02E2BE1D0C37A1A07DED4D3E7D0F8880478
:20AFC0000028EED00B461491014608A8FFF7C4FB0028C7D09DF85130DB06C3D508A8E6F70E
:20AFE00007FC202269460DEB0200FEF753F948B12028B7D19DF900209DF80030002AB1DB28
:20B00000002BEED1082308A88DF851309DF8533043F002038DF85330FEF748FB0028C0D11C
:20B02000A0E7FF232DE9F04F002793B0824C064680F8BC3400F59263804D80F8C81480F8A3
:20B04000981480F89974019384F824702F7084F8257084F8267009F013FB3946384608F05D
:20B06000E1FE88B901232B7040F28E23A362019BC6F88C342B78002B40F0D980304613B05F
:20B08000BDE8F04FFEF720BF0327DFF8E0814FF4D571404608F0C6FE08B3694B1B69B3F530
:20B0A000D57F04D006232B704FF42573DEE7012384F82630DFF8B88106F07DFCDFF8A09187
:20B0C0000746DFF8B0A1DFF8B0B10021484608F0A9FEB8B917232B704FF42A73C6E7013F62
:20B0E000D5D194F82630002BE4D109F0C9FA3946384608F097FE94F82630002BDAD14FF4A7
:20B100004018D9E74146504608F08CFE0028E1D006F051FCC01B5845DCD8494B1A69002AEF
:20B12000D3DA1A6900214748E2621B695A0044BF012384F8253008F075FE20B902232B7011
:20B1400040F2B12392E700213F4808F06BFE20B903232B704FF42D7388E7394F3B493B69CB
:20B160003B481B0C1B04236309F0FEF920B907232B7040F2B92379E73649374809F0F4F9A0
:20B1800020B908232B704FF42F736FE7216B334808F048FE20B905232B7040F2BF2365E794
:20B1A000216B2F4808F03EFE18B302212D4808F039FEF0B1BB6A02A96FF07F4023F006031B
:20B1C000BB62BB6A43F00203BB624FF010137B6409F086F990B946F2A817052008F011FEB3
:20B1E000384609F0EDF909F032FA012384F824303DE714232B7040F2C32337E79DF81530D3
:20B200009B07E8D502A9184895F80080A76A09F067F99DF8183018B103F00F03012B03D0A3
:20B2200085F80080A762D6E74CF25037D5E7002013B0BDE8F08F00BF00F6012007160120AF
:20B2400000002C400000090200001A0334F601200000090944F601200000090A00001B076D
:20B2600000001A3700001A06F1FFFF8000001A08000030400000022940420F002DE9F84F43
:20B2800090F8BC340446FF2B04D190F8C814BDE8F84FC6E6002780F8AC34D0F8C46400F290
:20B2A0009C4590F8BD840121D0F8C09480F8AE7480F8AD7480F8B174184606F013FF01214E
:20B2C00094F8AC0406F0BEFE594BC4F8A4340723C4F8A834574BBE4208BF1E463046C4F887
:20B2E000A064FDF7A1FC0A26284684F8AF7408F018FD012194F8AC0406F0A4FE013EFF211A
:20B30000D4F8A00410F0ACF816F0FF06F6D131460A2694F8AC0406F095FE002228461146F4
:20B3200009F086FA012807460AD0013E16F0FF06F3D10123284684F8AD3408F006FD5AE012
:20B3400008214FF4D572284604F5946609F070FA41075AD40223042784F8B134013F304699
:20B3600009F0F8F984F8B00417F0FF07F6D1AA2856D194F8B174DFF8C0B0BA1EDBF8003013
:20B38000574203F5FA6A57411FFA8AFABF0700223721284609F04CFA3A462921284609F065
:20B3A00047FA0246A0BB94F8B134022B17D13A21284609F03DFAA8BB304609F0CBF900F0A4
:20B3C000C000C028304604BF032384F8B13409F0C1F9304609F0BEF9304609F0BBF928469B
:20B3E00008F0010808F0B1FC0723C4F8A494C4F8A83484F8B88494F8AD34C4F88C549BB9DC
:20B400002046BDE8F84FFEF75FBD84F8B174B0E7DBF80030AAEB03031B04B8D5172389E79D
:20B42000062387E7122385E70020BDE8F88F00BF801A0600140601204C4501202DE9F04FE7
:20B44000D0F8905495B01E46069025B90027384615B0BDE8F08F2B682846DB699847B0F5CC
:20B46000405F0746F2D94FF4007014F011F804460028EBD02B68B7F1806FDB6940F26C829A
:20B48000CDE90C5028469847B0F5801F814609D289493046E5F711FC884930460027E5F7EC
:20B4A0000CFC06E20023012201335200DBB2202B04D09145F8D81C2B40F2D380A3F10B0211
:20B4C000C2F347021A2B0192019A4FF0000186BF013301274FF40057204688BFC3F34603D4
:20B4E0004AF6552B88BF9F40BB004FEA47080393A9EB8703D34003FA02FA4FF40072029319
:20B5000013F02EFA01230AEB470A2246002184F8BF31284684F8C0314FF60763C4F8C68114
:20B52000A4F8C2314FF6FF73C4F8CAA1A4F8C4312B68A4F8FEB15B6A98470028ACD04FF4A4
:20B5400000720021204613F00BFA5D4B4FF4C372F421236003F16B6304F17800C4F8408087
:20B5600003F54F43C4F848A0C4F858806D33636042F2200323812023A372029BE365042347
:20B58000C4E918394FF480734FF00009A4F86830092384F86C30019B84F86D3048F20103C4
:20B5A000C4E91477A4F86E3013F0DAF9A4F8FEB1CB46ABF16A03012B06D9BBF1700F1CBFCD
:20B5C00014F80B3003EB79090BF1010BBBF5007FEFD12B682246414628465B6A9847002801
:20B5E0003FF45AAF2B68224608F10C0128465B6A984700283FF450AF5A460021204608F182
:20B60000010A13F0ADF94AF65523A4F8FE3108F109030793631E059304F2FF130493059BFC
:20B6200013F8012F02EB7909049A9A42F8D12B682246514628465B6A984700283FF42CAF43
:20B640002B6822460AF10C0128465B6A984700283FF422AF0AF1010B079B9B4503D0DA462D
:20B66000DDE708222EE70AF1030A4FF400720021204613F075F9059A12F8011F049B01EBBE
:20B6800079099342F8D12A6859462846536A2246984700283FF400AF2A680BF10C012846D4
:20B6A000536A2246984700283FF4F6AE0BF10101514507D08B46DEE7C3F500201AF600207E
:20B6C000EB769045221F04F5FE7042F8049F9042FBD12A682846536A2246984700283FF4B2
:20B6E000DBAE2A680BF10D012846D2F824902246C84700283FF4D0AEC1493046E5F7DDFAB6
:20B70000029B4FF4007200214FEA8309204613F027F9204609F20729F8234744DFF800B3A7
:20B720004FEA592A4FF000084FEA99391322FF2100F8013B13F014F9B8FBF9F309FB138329
:20B740001BB959463046E5F7B8FA2B68224607EB080128465B6A984700283FF49DAEB8F11B
:20B76000000F05D14FF400724146204613F0F8F808F10108C245DFD1019B4FF00109A149C7
:20B78000304609FA03F9E5F798FA029F0737FF0807F2FF13B9EB532F4FEA532AFFF47CAEDC
:20B7A0004FF40072002120464FF0000813F0D8F8072323702B682246039928465B6A414427
:20B7C000984700283FF468AEB8F1000F01D184F8008008F10108C245ECD18B493046E5F7A7
:20B7E0006CFA0023039A98464A44CDE90A3309921FFA88F0FEF744FD4045014668D009A8AD
:20B8000008F0D4F900283FF447AE08F10108B8F5803FEDD1DDF82C80C8F30800002840F04B
:20B8200089804FF40072019B02FA03F34345FFF433AE76493046E5F740FA4FF0020A019B2E
:20B840004FF40072002120460AFA03FB039B9B4413F086F8812303228221C4F834A084F834
:20B860002030002384F840100A9922706164E365C4E915289846C4E90E732B6822460BEB60
:20B88000080128465B6A9847074600283FF404AEB8F1000F05D14FF400724146204613F000
:20B8A0005FF808F10108C145E7D159493046E5F704FA204613F0F4FD002F3FF4C7AD2B68BC
:20B8C00028461B6A984706980430FFF7D7FCBEE508F1010ABAF5803F08D01FFA8AF0FEF786
:20B8E000CFFC824502D10AF1010AF3E7AAEB080BBBF5007F1BD34FF6FF7109A808F056F991
:20B9000000283FF4C9AD1FFA8BF109A808F04EF900283FF4C1ADD04679E71FFA88F109A84F
:20B9200008F1010808F042F900283FF4B5ADC245F3D86CE7DDF834A0C0F50072002150446B
:20B9400013F00EF80C985246099903685B6A984700283FF4A1AD64E7CDE9116010952846C3
:20B96000984700F2FF730E90DB0A062B099301D8284992E5102B3DD9202B3DD9402B3DD940
:20B98000802B4FD9B3F5806F4ED9B3F5004F8CBF80224022B0F5800F8DF84F2080F09A801E
:20B9A0004FF480734FF0000E0A93A0EB030CBCFBF2FC0CF20111090A4F0007F1A108984538
:20B9C00034D80B91BEF1000F00D00A93A3EB080303F180010D91ACF6F571B1F5704F29D37F
:20B9E0000D493046E5F769F91198002800F035810A4953E50222CDE70422CBE70822C9E7B1
:20BA0000D9F500203CF60020E6F50020FDF500200CF600202AF600203FF6002061F60020AB
:20BA2000E2EA00201022B5E72022B3E780334FF0010EBAE78133012109A80C9302FB0C732C
:20BA4000ADF84C102133B3F5803F0F9334BF042306238DF84E3008F035F90028C4D009A8AF
:20BA600008F006F94FF40073A4F811300B9BE382802384F82430292384F82630784BC4F821
:20BA800027304FF02033C4F82F30C4F82B30C4F8323044F246131098E38643F25413129A85
:20BAA000238736230D9984F83A3003685B6A9847002899D00A9A10210C9BD21A09A808F046
:20BAC00083F807461198002F8ED000283FF4F1AE6449ECE64FF400534FF0000C42F20908C9
:20BAE0000D934FF480430A93C71AB7FBF2F707F18101C90908EB41094FEA410E994504D9BB
:20BB000003F500534FF0010CEEE70B91BCF1000F00D00A934FF6F4718F427FF661AFA3F55C
:20BB2000005102FB073309A8A3F50052A1EB0E010F9289B24C4AADF84C1001F500519342B8
:20BB400094BF0B230C230C918DF84E3008F0BAF800283FF449AF09A808F08AF80222434BBB
:20BB6000DDF82C90C4E90B238023C4F8249084F84030292384F84230394BC4F843304FF02E
:20BB80002033C4F84B30C4F84730C4F84E3044F24613109EA4F8523043F25433DDF834800E
:20BBA0003046A4F854303223129F414684F8563033683A465B6A984700283FF415AF3368E7
:20BBC0003A4608F1060130465B6A984700283FF40BAF4FF400720021384612F0C1FE244B32
:20BBE0003A4608F10201C4F8FC31304633685B6A984700283FF4F8AE33683A4608F108010D
:20BC000030465B6A984700283FF4EEAE194B3A4608F101013046236003F1FF5303F50053AA
:20BC20002033C4F8E4314FF0FF33C4E97A3333685B6A984700283FF4D7AE33683A4608F1E2
:20BC4000070130465B6A984700283FF4CDAE9DF84F20202102EB490230E7074629E600BF3D
:20BC600087D6120053F600200004FB0001000600000055AA5252614130B5D0F8905485B0DB
:20BC8000044625B9002084F8D00405B030BD90F8D02490F8D134002A36D0FE2B0FD094F89D
:20BCA000D234362B14D819012D4A02EB03135258DB6892681A4214BF01200020E3E72B68E9
:20BCC00028465B6D9847431CE9D038B10120DAE72B68694628469B6C9847D4E794F8D1348A
:20BCE000FE2BCFD103212E2006F0CCF91D491E4B48681E4A1B68B3FBF2F303EB83034A682B
:20BD0000121A9342FBD8BDE7FE2B1BD1184B9B6813F4003FB6D0201DFFF7B0FA0028D5D1B9
:20BD200003212E2006F0AEF90E490F4B48680F4A1B68B3FBF2F303EB83034A68121A9342FD
:20BD4000FBD89FE790F8D234362BE4D81901044A02EB03135258DB6892681A42DAE700BFB1
:20BD600090030020001000E0D005012040420F000080004270472DE9F04F89B0894603922E
:20BD8000826E0693136A0590DDE912B4DDE914865B4540F29A80A319D269934200F295805D
:20BDA000069B013B07930EB930468BE0B9F1000F3DD0D9F800309B4539D1D9E9015305EBAD
:20BDC000030AA24533D9A54211D8AAEB040A651BD9F80C104046B245294428BFB246524622
:20BDE000D0445444A6EB0A0611F040FCDBE72D1BB54228BF3546039B1B689B451DD1039BC9
:20BE0000D3E901130B449C4217D28C4211D31B1B611A40469D4228BF1D46039BDB682A46D9
:20BE2000A8442C441944761B11F020FCBBE73546E1E7091B8D4228BF0D46059B986E416939
:20BE40004268B4FBF1F31746069A01FB1343B24217D8B3B98E4214D32246B5FBF1FA01FB51
:20BE60001A535946A5EB030A04934346CDF800A0B84738BB049BD0445444A3EB050A564420
:20BE800091E7039A039DC2F800B0E21A1B1B6A60079D0D442544B5FBF1FC01FB1C516D1A9C
:20BEA000C1698D4294BF5B195B18816A8B4228BF0B4603998B600093CB685946B84700284C
:20BEC0003FF471AF09B0BDE8F08F6FF05300F9E72DE9F04F93B01E4607468846BDF8803024
:20BEE0009146BDF988B00C93BDF88430DDF870A00D931E9BC3F38F230B934FEA8B230A93AD
:20BF00003046FBF7FFFED8F80C3000EB09049C4251D20FAA0423002138460393CDE90142A9
:20BF2000D8F8002000923A46FFF725FF00283FD10F9BA14610AD1BBA734043F00046D8F88E
:20BF400000301093231D0F9611931F9B0F9C5C401E9B1C40424B1C40D2D10B9B002B38D109
:20BF60000F99C1F30A53002BCAD040F2011293424FD1249AC1F30903C1F389213846089215
:20BF8000239AC91A07925A1C5944CDE90432354B4FF0005209B2CDE90232002206914FF0BB
:20BFA000FF332946CDE90022FFF792FF0028A7D013B0BDE8F08F1D9B002B4FDDDAF80030EA
:20BFC0000AF1080A5AF8045C0F931D9B013B1D93BBE70FAB4A46414638460893224BCDE9AD
:20BFE00006431D9BCDE90444CDE900A3CDE902443346FFF76DFF0028DADB81D10F9B0C9A93
:20C00000C3F389239A423FF67BAF0D9A9A42A7D876E7B3F5817F1AD10F9BC3F30902944250
:20C02000BFF46EAFC3F38923A9686A680C355B4441EA832115F80C3C03F5407341EA0351BD
:20C04000DDE9233098470028B2D10134E4E70A9B2A461944DDE923309847A7E70020A7E797
:20C060000000F07F00FC0F6001A501002DE9F04F074687B010469946FBF744FE4B68904674
:20C080004A6903440C460546934244D88B6828F0004A05AA38468AEA03031BBA0593042388
:20C0A000FCF708F9064668B9B8F1000FA5F104050CDB2B464A4621463846FCF7FBF840BB1A
:20C0C000C4F808A0304607B0BDE8F08FA8460DF1130BA5EB0803B8F1000FF1D00122002149
:20C0E0003846CDE902B2D9F8042013443A460193D9F8003000934346FFF73DFE48B9012385
:20C100005A462146384608F1FF38FCF7D3F80028DFD00646D6E76FF01B06D3E713460A46E9
:20C12000D0E90001A2E7836E2DE9F04F9A698DB04E6807460D4640F2FE3B16440736B6FB2D
:20C14000F2F302FB1363F61A0023CDE90533A6F1080307936B68B34223D339464FF0FF337C
:20C160003A46384641F8103B0023FCF71AF80446002840F0B980B86E036998470446002857
:20C1800040F0B280D5F81080DDF814A0B04580F0AB800AF104034FF0FF390DF1280B079383
:20C1A00085E003F1040AA6EB0A035B4594BF0AEB03080AEB0B08B04503D2079B984528BF4F
:20C1C00098464FF0FF3309AA0021384609930423CDE901822A68039300923A46FFF7CBFDCA
:20C1E000044610B110F1540F7ED1099B0AACE8681BBA21466FEA0309A8EB0A034FEAD97212
:20C2000002F5A06243EA0253AA6843F47F2343F440630993534004221BBA0A93FBF7E7FD41
:20C220000823E8600B903A4607F110013846CDE902436B6801932B6800930023FBF7F0FF5D
:20C240000446002850D1059B69681BB90B1D0593EB680693099A09F00049C2F3090389EA41
:20C2600002020433AA600B446B604FF0FF33EB6070E7059B434502D1069B4B4531D10123FA
:20C280003A4600213846CDF80480CDE902B32B680093079BA3EB0803FFF76DFD18BB4846A9
:20C2A0000122594608F10108FBF7A1FD8146079B4345DED8B9F1000F1AD1A6EB0A0240F210
:20C2C000FE339A4294BF0AEB02080AEB0308B04504D2A6F10803984528BF984608F1040AE9
:20C2E00054E76FF05300044620460DB0BDE8F08F6FF05304F8E72DE9F04F89B0904606467B
:20C300000F46129A9946DDF850A0A2B3013A05A9806E0DF1180B05920FF00FFA04464946B3
:20C320005046139B9847024628BB24B304F001054246C5F102018B003946CDE90090CDE997
:20C3400002B33046FFF717FD0246A0B9E34303F00109914507DC08AB023D03EB89032C444F
:20C3600053F8089CDBE706995046139B984701220028EED00246104609B0BDE8F08F0B6853
:20C3800010B504689C4209D040684968884205D08C4203D0181A18BF012010BD0020FCE722
:20C3A00008B503681B0D13F4E06306D00430FFF7E6FFB0FA80F0400908BD1846FCE72DE97F
:20C3C000F04F93B0164607460C4609931368826E126A934205D36FF05305284613B0BDE823
:20C3E000F08F71688A42F6D900214FF004080CAA0093CDF80C804346CDE901120246CDE9F4
:20C400000C11FFF7B8FC054610B110F1540FE4D1CDF80C800DAB4FF000083A46029338464D
:20C42000CDF804804146736800930423FFF7A3FC0D9B054600284BD010F1540FCDD1414643
:20C4400056F821304FF0FF35236081F00103079356F82330636012AB03EB810151F8183C0A
:20C46000A3600023E36002230893AE4A0EABA8464FF0FF3A92E80300042283E8030004F176
:20C4800008014FF0FF30FBF7B2FC00230A909B46CDE9053350460BAAFBF734FC8344BB6E9C
:20C4A0004FF0040900213846CDF80C90CDE901B2226800923A46DB69FFF75DFC064670B12B
:20C4C00016F1540F40F045814FF00003A37528E00C9A9B1A002BD4BF00210121B0E70A9805
:20C4E0004A460BA9FBF783FC0B9B0A901BBA8AEA0303002B04930B933DDA4FEA1A5AE36889
:20C500000AF4E06ABAF5A06F08D1BA6E9269B3FBF2F102FB1133B3FA83F6760906F00106A5
:20C52000A675E368002B00F01E81214607F13C00FFF736FF48B1FB6BC5F38922C3F38923F1
:20C540009A4240F0088145F000451D9B3BB1A28AC5F38923934228BF13461D9A1380002D0C
:20C56000BFF63BAFC5F38925A38AAB428CBF6FF00105002531E70498FBF7C4FBBB6E58449D
:20C58000DB699842A0D8049A2168120D02F4E062B2F5A06F40F0848010AA3846CDF80C9004
:20C5A00002920BF10402CDE9001231463A46FFF7E2FB0646002883D1109A0A9B9A4283D10C
:20C5C0000B9D0AA9049A2B0DF86A82EAC3734A460493FBF70CFCF8622846FBF793FB049B1E
:20C5E00058442361059BE060A3820E9BA3610F9BE361069BE3754FF0FF330A934346454660
:20C60000DDF810A0984645E709F101090A9801225146FBF7ECFB0A900B98FBF773FB484528
:20C62000236817D90121BA6E3846CDE902A109EB0B01CDE900310021D3693A46FFF79BFB0E
:20C6400006460028E0D010F1540F40F082804FF00003A3750B9B20681A0D12F4E06122D137
:20C66000C3F38923059A9A4201D8013305931C9A0B99236881EA0209099A19EA02094ED10D
:20C6800010930BF1040310AA1193DDE91E309847061E41DA16F1540F5BD184F8169040E785
:20C6A0000DF1400AB8E7B1F5806F1DD1059851B240FA82F292B205921B4A08EA020242F05A
:20C6C0009F4242F4E002934202D148F00048CEE7B8F1FF3FCBD0C3F38923C8F38922934265
:20C6E000C5D808EB8128C2E7B1F5C06FBFD102F001030822002103920EAA069302920BF13C
:20C700000402BB6ECDE900023A46DB693846FFF732FB5430ABD1D7E60B9B07D1984643462B
:20C72000A8466CE728AB002000FC0F0088EA030216490A420AD0022EF1D1C8F38922C3F3B0
:20C7400089218A42EBD343F00048E8E74FF0FF38E5E7354641E6691C3FF4F7AE9A4288BFF7
:20C76000A5F58065F1E6D4E90032C4E9002312AA079B02EB830353F8183CA360089B012B62
:20C780003FF429AE012308936FE600BF00FCFF7F2DE9F0470123002588B006460F46144679
:20C7A000DFF85C80DFF85C90DFF85CA0C2E9065304F118021046FBF79BFA10B16FF001001F
:20C7C00018E0B36E1B6AB5EB530F16D23B6821460135059606937B68079305ABCDE90090EA
:20C7E000CDE9028330465346FFF7E9FD0028DFD0831CDDD008B0BDE8F0876FF05300F9E78A
:20C80000A5EF010008000020FF03F07F30B587B001680446082004AD8B6E03900295506867
:20C820000190126800920A46DB6910311046FFF7A2FA30B9211D2846FFF7A1FD003818BF66
:20C84000012007B030BD2DE9F04F9A4687B006463C300F469146C2F3892BD1E90383059382
:20C86000FFF79EFD00287BD0BBF1000F7AD0F36B3D4CC3F38922CAF389239A4288BF0024B7
:20C88000059D2846FBF73EFA031D434534D80423A8EB000832460021039305AB3046CDE9DD
:20C8A00001833B6800930423FFF765FA30BB059B1BBA6B4023F000430593BBF1000F23D09B
:20C8C0002A0D02F4E063B3F5806F1DD1AAEB0403C5F38921C3F38920884215D323F07F437F
:20C8E00023F4700323F47F7323F0030343F0804343F48013AB4204D16FF0010007B0BDE84E
:20C90000F08F52B204EB8224AAEB0401694011EA0901B5D145F309030133EDD0C5F3090932
:20C92000129B32463046994528BF9946119B0293109BCDF80C900433434401933B680093E3
:20C940004B46FFF718FA0028D8D1129B0146A3EB0902119B03EB090012F002F86019CDE714
:20C9600004468DE75C468BE700FCFFFF1FB5C3F309040294069C019400240094FFF763FF77
:20C9800004B010BD30B587B01446094B03AD094A0095FFF7EBFF002804DA831C08BF002048
:20C9A00007B030BD20462946FBF7B6F90020F7E70C00F07F0000F07F1FB50023CDE9023393
:20C9C00001934FF0FF330093FFF7F9FC05B05DF804FB2DE9F04F91B004460D46164600211B
:20C9E0001C2208A805934FF0000811F0B9FFDFF820910123DFF81CA10F930EA8FBF778F9B6
:20CA000020B1A76A002F53D138463FE0A36E1B6AB8EB530F79D20E99304608F10108A84750
:20CA2000002833D10F993046A84778BB0EAA08A92046FFF7C1FF48BB07460DF1180BBDF8DF
:20CA40003420BBB29A42D8D9BBB2524608A9204649EA8323CDF800B0FFF788FF002803DA9C
:20CA6000831C13D10137EAE740F20222030DB2EB105F0ED1079B2246002120460093069B14
:20CA8000CDE90156FFF737FC0028EBD011B0BDE8F08F059A002AE5D0B3F5007FE2D10699A1
:20CAA0003046A8470028F1D107993046A847EBE7BB79012B01D03F68A4E73B6B03F48813B5
:20CAC000B3F5803F13D03B6B03F49013B3F5003FF1D1224607F140012046CDE901567B6B29
:20CAE0000093BB6BFFF707FC0028E4D0CEE7CDE90156FB6A224607F1400120460093BB6AC2
:20CB0000FFF7F9FB0028DED0C0E76FF05300BDE70800002000FC0F702DE9F04104460D46D1
:20CB20000127304EA36DD4E91701984226D1002955D0606D4FF00008A26E0344106AD26A2A
:20CB4000C4F85C80B3FBF0FC00FB1C33606E6365D3008B4294BFA365A165414611F000FF3B
:20CB60000123224631462046FFF733FF0028D9D0A36E1B6AC4E91688236626E0421C01394B
:20CB80004FEA501CE265216600F01F01626E07FA01F152F82CC011EA0C0FC4D1636DA16E8F
:20CBA0000344096AB3FBF1F001FB10332B600125A66DE36DB34210D0590903F01F0052F846
:20CBC000211005FA00F0084001D1BDE8F0810133E365236E013B2366EBE70020F5E76FF006
:20CBE0001B00F2E7CDA401007FB50C4604310646FFF792FF054680BB21463046FFF78CFF5D
:20CC0000054650BB22460423014642F8080F01903046CDE90223226800923246FFF7ABF888
:20CC200010B110F1540F1BD1B36E5A6A002A0BDDA3680132013B42F001021344B3FBF2F155
:20CC400002FB11329B1AA3604FF0FF330422C4E903230022E361C4E90523284604B070BDE8
:20CC60000546FAE72DE9F04F044687B00D4605A92046FFF751FF064658B9DDF81480A06E31
:20CC800041460EF082FD0646002852D010F1540F55D0304607B0BDE8F08F2A6B0DF1130A70
:20CCA000DB1BCDF80C9012F4801FCDE9017A1CD025492046AA8841EA822205F108010092F5
:20CCC0005A460AF0C3FF70B90123224604F110012046CDE902A9CDE90087FBF7A1FA60B19B
:20CCE00010F1540F2BD00646D3E7AA6B5946204600922246FFF73FF8E5E70137EB6BBB4237
:20CD0000CBD8A36EE1699A6AE86C10F0AFFC236904F11001A06E2B6463696B64A369AB642D
:20CD20000EF028FD2B6BC5F8388043F400332B63AFE7074605F1400B4FF00109DEE74FF05C
:20CD4000FF33236193E700BF00001020F0B503F1080C1C4640F2FF3385B005460E469A4291
:20CD600008D11A49604613F0CFFC02232370002005B0F0BDC36E9702CDF800C0013343EA19
:20CD80008223134AFFF7F2FD0028F1DB02AB020D31462846009347F00053227043F008032A
:20CDA0000C4AFFF7E3FD0028E2DB40F20223020DB3EB105F02D1039B6360D8E740F20123A6
:20CDC0009A4204BFC0F309006060D0E711C4002000FC0F7800FC0F702DE9F04F8DB0804636
:20CDE0000C461668069205931BB140F2FF33059A1380D8F82030DFF83891A361474DD8F8A9
:20CE00002430E3612946304614F0DFFD371883462946384614F09DFD012807EB000A049059
:20CE200005D116F80B202E2A0BD15646EAE7049B022B06D11A463A49384614F0D6FD00283F
:20CE4000F3D056464FF0010B2946504614F0BDFD82442946504614F07CFD024690B102286A
:20CE60000CD1079050462E4914F0BFFD079A28B9BBF1010B04D10AF10206C3E70BF1010BAD
:20CE80009244E1E73A78002A40D04FEA1952069B022A1F603ED1C9F3892340F2FF3204F149
:20CEA000180A934225D10DF1240B2F21384614F043FD049A0028059B0B92214618BF0023E2
:20CEC000184A4046CDF80CB0CDE90132049B524600934FF0F043CDE90987FFF770FAB0F17D
:20CEE000000913DB8ED1E37D002BDED16FF001090CE00D4A21464046CDF800A042EA8323D2
:20CF00000A4AFFF733FDB0F10009CCDA48460DB0BDE8F08F6FF01309F8E700BF11C40020CA
:20CF2000E1EA00208BAA01000800002000FC0F7000FC2F0070B586B00C4608310023039264
:20CF400003AA05460291FFF747FF00282BDB030D022B2AD1C0F3892340F2FF3204AE029995
:20CF6000934214D12B6A04936B6A059332462846FFF722FDB8B9A368A080E362E368A06235
:20CF800023630223A371AB6A2360AC620BE0084A2846009642EA8323064A0291FFF7E6FC5E
:20CFA00000280299E2DA06B070BD6FF01300FAE70800002000FC0F702DE9F04F91B0064637
:20CFC0000C4605930B6B07925D031CD4276B390522D4D4F83480059B326F08EB03019142B7
:20CFE00000F2568117F400371CD0236BDA022BD4059B0493049A236B002A4BD123F40023EE
:20D00000059D236304E000F046F905460028DDD0284611B0BDE8F08FE26A616B8A4288BF37
:20D020006263D6E7E36A9845DFD9636301230FAA214630468DF83C70FFF7BEFF051EE7DB43
:20D04000636B9845F2D8D0E7059B656BB16EE818E36A8A6A984238BF18468B6CC3B140F208
:20D06000FE37DB08BA4228BF3A46934228BF13468342BDD20B6A3046E56321463366FFF7A3
:20D08000F1FD236B054630BB23F480132363AFE7CB69E4E713F4003104D0B26EE06BD26967
:20D0A000904249D1DB02626B00F1DD8004F1400AC9B9C2B104F13C03013A51463046029347
:20D0C00004F1380300920193D4E90A230AF076FD054620B1236B43F40023236398E7514603
:20D0E000B06E0EF047FBB36E1B6A3366A36B0893636B0693013B0B930DA93046FFF70CFD7E
:20D1000005460028E6D1DDF83480B06E41460EF03CFB054630B115F1540FDBD14FF0FF33D0
:20D120002364E9E7069BB76E63BBC4F83880E363236B43F400332363B36E04F14008DF69D6
:20D14000E36BFF1A049B9F4228BF1F46079B3246414630460293E36B03970193A36B0093D3
:20D160000123FBF75DF80546002800F0818010F1540FAFD121463046FFF774FD0546002845
:20D18000E4D0A7E70B9B0EA938460E930EF0D5FA0E9BFA69013393420E934FD10130A9460E
:20D1A0000FAF90FAA0F3B3FA83F303F1010B0993089B0F934FEA89033246514630460A93A9
:20D1C0000423CDE902730A9BCDE900830123FBF727F80F9B054600289DD1099A4A4532D12A
:20D1E00009F10109CB45E5D84FEA8B03C4F838809DE7089AA3EB09030021304600923246C2
:20D20000CDF80490CDE9027BFEF7B5FD054600287FF460AF0123324651463046CDE9027B0A
:20D22000CDE90089FAF7FCFF054600287FF473AF09F101090E9B4B45DBD876E7A9464FF040
:20D24000010B0FAFF6E7042201463046CDE902720A9ACDE9003204233246FEF78CFD054626
:20D260000028BDD036E76FF00103C4E90E325FE7636B3B446363E36B3B44E363079B3B44FF
:20D280000793049BDB1B0493B36E1B6A3366B1E66FF01A05BCE60B6BF0B50C46590397B0C2
:20D2A000054608D5DA0223F4802358BF4FF0FF32236358BF2264216B11F400302CD011F444
:20D2C0008011666BE76A40D1542201A811F048FBA36ACDE90B37012311AFCDE90D3695E8C8
:20D2E0000F0087E80F004FF0FF372F60626BE36A9A4213D304F1400701232A463946284604
:20D30000FAF74FFF28B310F1540F05D121462846FFF7A8FC0028EFD017B0F0BD01230DF1CD
:20D32000030201A9284600F021F80028F4DB01230DF1030221462846FFF73EFE0028EBDBB4
:20D340002B680133D2D01197CFE7BE422CBF66636763A36B0020A362636BE362236B23F49D
:20D36000003343F48033C4E90C36D5E72DE9F04F1D460B6B85B007469E030C46904605D493
:20D38000636BE66AB34208D3002003E0FFF783FF0028F5D005B0BDE8F08FF61A04F1400A0F
:20D3A000DFF8B0B0AE4228BF2E46B146B9F1000F01D13046EEE7226B510304D5BB6EE16BEF
:20D3C000DB69994215D1D202636B36D404F13C0251463846029204F13802CDE90032D4E9EC
:20D3E0000A230AF0EBFB0028D4D1236B43F480232363BB6EE26BDB69216B9D1A01924D4543
:20D4000028BF4D4611F48011CDE902851AD0A28804F1080138464BEA8222009252460AF032
:20D4200015FC0028B6D1636BA844A9EB05092B446363E36B2B44E363B8E76FF00102C4E9EA
:20D440000E23D2E7A26B384600925246FEF793FCE7E700BF0000102038B50D46496B3BB904
:20D460001446036FA3421BD38C4212D1204638BD012B01D15418F4E7022B08D1D5E90B34B9
:20D48000A40302D58B4238BF0B46D418E9E70C46E7E72946FFF7FFFE0028E8D16C63E5E73F
:20D4A0006FF01500E3E730B58BB0154600230446019101AA02A9FFF78FFC002806DBC0F321
:20D4C00089222B4602A92046FFF740FC0BB030BD00B5C3B008306A46FFF7E5FFC043C00F89
:20D4E00043B05DF804FB437903B1F1E7184670472DE9F04397B00446FAF7FCFD054668BB56
:20D5000001461C220EA82E4611F02AFA424F0123DFF81081DFF81091159314A8FAF7E8FB6A
:20D5200000B304F12000FAF7E3FB0346002870D1226B04F13C0602EBD272226304F1300201
:20D5400007CA86E80700A26E116AE26AB2FBF1F001FB1022C4E91731C4E91523284617B0E3
:20D56000BDE8F083A36E1B6AB6EB530F4ED20823019014AA0EA9079305AB20460136CDE90C
:20D580000283264B0093264BCDE90547FEF717FF002819DB31D040F3090001302DD00E9B54
:20D5A0000EA91F4A204623620F9B636208AB00934B46FFF7DBF9002806DB089B9AB21B0C31
:20D5C000022B06D06FF01500054620460EF09EF8C4E7002AF6D10B9B1BB1E26E9342F1D893
:20D5E000E3660C9B1BB1226F9342EBD823670D9B1BB1626F9342E5D8636704F130020EA93D
:20D600002046FFF7BFF9002887D0DDE76FF05300DAE76FF01505D8E771F600200800F00F7A
:20D6200000FCFF7F8BAA0100180010202DE9F0410123002406468846154602F11807C2E931
:20D6400006433846FAF754FB10B16FF0010011E0B36E1B6AB4EB530F0ED2414638460134F0
:20D66000FEF78DFE30B13A4629463046FFF7A4F90028E6D0BDE8F0816FF05300FAE7036B5C
:20D680001944C1F3090321F00041003B18BF012341EAC371016300207047002307B505491E
:20D6A00001AA0193FFF795F900B9019803B05DF804FB00BF7DA501002DE9F04F9FB005467D
:20D6C0000E464FF00008BDF8A490BDF8A8A0DFF89CB3CDE90B230B680E934B680F93AAEBC1
:20D6E0000907012F4FDCAA6EB368526A0133002AB3602CDD013242F00102B3FBF2F102FB60
:20D70000113323BB012216A9304616931792FEF736FE002840F08C802846FFF7BEFF041E6D
:20D720007EDBAB6E1B6AB4EB530F10D2289B314628460093CDE9019ADDE90B2300F0FAF9AC
:20D740000446002800F0868010F11C0F68D14FF0000800234FF0FF32A86E7168CDE9173234
:20D76000CDE91923836C1691002B77D0083B1B930EF00BF80446002872D014F1540F4FD181
:20D780004FF0000855E016AB0022289928460893B44BCDF808B00793C9F10003CDF85880F0
:20D7A0001BB2CDE905A30C9B01930B9BCDE9038900934FF0FF33FEF78BFB044680BBFE2FEA
:20D7C00015DCAB6EDA69986CA2F1240160B342089869431E1344B3FBF0F200FB12329B1AA6
:20D7E000169A8B4228BF0B469A427FF67CAF09EB6707289B31462846BFB20093CDE9017AB9
:20D80000DDE90B2300F096F9044678B110F11C0F06D1AB6E169ADB69243B9342BFF463AF19
:20D8200020461FB0BDE8F08F5208D1E7BA4656E790464FF0FF33012716A930462B610023ED
:20D84000CDE91637FEF79BFD002840F0A1806FF01B04E5E7CA467AE7B8467AE7C36985E70D
:20D8600016AF042306F1080228463946FAF722FD0446002881D110AB0246289908937A4BD6
:20D880000793C9F100031BB2CDE905A3774B02930C9B01930B9BCDE90309009328464FF0CC
:20D8A000FF33CDE91057FEF713FB044600287FF464AF06F1180318460D93FAF719FA0D9B62
:20D8C00068B9F27D28466A4902F5C06241EA02523946FEF7CBFB044600287FF44EAF0023C0
:20D8E000CDE912331493B8F1000F09D105F13C0112A8FAF711FA05F1300112A8FAF70CFA33
:20D9000005F1480B12A85946FAF706FA129B12AA314623F47F73284623F003031293FFF769
:20D9200031F8044600287FF47BAFDDE912321343149A134309D012AB4E4A39462846FEF73B
:20D9400095FB044600287FF418AF39462846FEF7EAFB044600287FF410AFAAEB0909D6E9BA
:20D960000032A6F81490C6E90023179BF360189B3361A864CBE90100B8F1000F40F0AF803D
:20D9800005F13C03303595E8070083E8070047E7311D2846FFF7C0F8044600283FF45CAFAF
:20D9A00010F11C0F7FF43CAFB8F1000F3FF438AFCFE608F108010EA8FEF7E1FC28B9336850
:20D9C000C8F808307368C8F80C3098F80630022B0BD108F12C010EA8FEF7D1FC28B933688F
:20D9E000C8F82C307368C8F83030D8F8008082E001212846FFF743FE80BB394605F13000B7
:20DA0000FEF7CEFCB0B1286B1B4BC0F38921C5F838800340C5E90C38C2F38923994205D2D3
:20DA2000A2F58062154B43EA812803E040F2FF339942F7D1002339462846CDF84880159605
:20DA4000CDE91332022312AA00F0AFF830B94FF0FF312846FFF713FE00285AD00246144692
:20DA6000DEE600BF69A50100B5E8010000FC0F4008FC0F000CFCFF7FFF0300800000F04FD1
:20DA8000394605F13000FEF78BFCC0B900239DF86F2039461293002302F5C0622846139331
:20DAA000214B43EA025312AACDE91436022300F07CF8044600283FF4B3AE0246CFE7286B9C
:20DAC0001A4BC0F38921AA630340C5E90C3240F2FF339942DAD0164B43EA8123D7E705F179
:20DAE00020010EA8FEF74BFC18B933682B6273686B62D5F82880B8F1000F7FF45AAF3A4649
:20DB00000EA92846FEF744FE021EBFF671AF911CA5D13A460EA92846FFF788FD0246002801
:20DB2000AED0831C9BD17BE608FC0F00FF0300800000F04F2DE9F0410C46816E8EB0064615
:20DB4000096ABDF85470016606A9CDE90432FFF74BF8054628BBE17D30468DF82F10A169CE
:20DB60000C91E1690D91BDF85810CDE901711499DDE90432009106A9FFF79EFD054680B9DD
:20DB8000DDF818800123079A06F120012046C4F81880E261E375FEF7F2FB10B90FB9C6E9C4
:20DBA000088228460EB0BDE8F0812DE9F04F0546A1B00C4691469A46866A002E6BD1A4465B
:20DBC00010AFBCE80F000FC79CE80F0009F1040C87E80F00324640F2014140F2FF475645E3
:20DBE00040F0888072B1A38A63B918AA21462846FFF71CFD8446002800F09F8010F1020FC8
:20DC000040F0A980A37D13B9A38AFE2B30D923684FF0FF31E268A86E1893236919921A9377
:20DC2000CDE91B12816C002900F09D8008390DF1600B2846CDF800901D910BA90B950891D6
:20DC4000A549CDF830B007910021CDE90511CDE90311CDE901A12146FEF73AF98446002809
:20DC600000F083801CF11C0F02D01CF1540F72D14FF0FF334A46214628462B61A38A0293D0
:20DC80000023CDE900435346FFF716FD8446002800F0B1805FE006F10800A04201D1366823
:20DCA0008BE72146FEF76BFB0028F8D1B379012BF5D1336BDB02F2D5AB6EF16A9A6A914294
:20DCC000EDD9726B31461B6A2846F2632B66FEF7C9FF844650B9336B3146284623F4801394
:20DCE0003363FFF7D8FA84460028D8D0604621B0BDE8F08F59F836304FEA135EC3F30A531D
:20DD00008B4204D1A38A0133A382013667E7BB4204D1A38A0122013BA382F6E70EF4E063B1
:20DD2000B3F5C06FF1D15CF836301868A06158680EF00103E061E375E7E79DF87730002B7F
:20DD40003FF460AF224618A9284600F0C9F8844600283FF457AF10AD0FCD0FC495E80F0016
:20DD600084E80F00C2E7C16960E705F1300705F13C060F9005F148083946CDE90D000DA8CD
:20DD8000F9F7CAFF31460DA8F9F7C6FF41460DA8F9F7C2FF0D9BDDE90E2123F47F730A4309
:20DDA00023F003031A430D9311D00DAA21462846FEF7E8FD84460028CDD10DAB474A59468E
:20DDC0002846FEF753F9844600287FF44BAF59462846FEF7A8F9844600287FF443AF199B87
:20DDE00097E80700E3601A9B236186E80700C5F848C0C8E901CCD5F828804FF0FF3B4646EF
:20DE000026B9B8F1000F45D1C4466FE706F10807A74201D13668F3E710A93846FEF7AFFAE7
:20DE200086460028F6D1A446BCE80F000FC79CE80F0087E80F00D645ECD059F83E3040F2DB
:20DE4000FF41C3F30A528A4213D1B288C3F389239A4204D1C6E902BB0EF1010EEBE7FBD953
:20DE6000B379013A022BB280F6D1B36A013BB362F2E740F201418A42EED1B288C3F3892333
:20DE80009A42E9D3B3790132022BB280E4D1B36A0133ECE708F1080410A92046FEF76FFAD1
:20DEA00050B908F12006B8F80430B8F81C108B4202D398F81F0010B9D8F80080A1E75B1A13
:20DEC000324621462846A8F80430FEF775FD84460028E8D00AE700BFB5E801000CFCFF7F3C
:20DEE00073B514460E4600F1480205462146FEF749FD70B9E27D1834074B314602F5C0626E
:20DF00002846019443EA02536A4600930123FFF74CFE02B070BD00BF08FC0F000B6B70B589
:20DF20001E0386B005460C4602D5002006B070BDFFF7B1F9226B18B142F400222263F5E764
:20DF4000D103F2D504F108063046F9F7D1FE0028EBD1D3025BBFD4E90A016B46E26A08222C
:20DF600046BF40F20120E36CC3E90001A18858BF40F2022042EA812242EA00522846CDE948
:20DF80000223226D936843EA8123314643F081530493536802AA05930223FFF706FE236B40
:20DFA00018B143F400232363C0E723F48033FAE770B505460C46FFF7B1FF064605F1280292
:20DFC000AB6A1BB19C42196808D11160236D1B6813B9E06C11F064FA304670BD1A460B46D9
:20DFE000EFE730B597B00546FAF784F8044600284ED1AB6E0146686EDA6A10F0B1FCAB6E96
:20E000006C650EA91A6A2846DB6ADB00C5E91742934294BFAB65AA65FEF7E6FD04460028CE
:20E0200033D14FF400330EA90293AB6EDA691B6A039208AA0493EB6E05932B6F06936B6F5D
:20E040000793154BCDE90830144B28460A93144B0B93144B0C9302AB0D930323FFF7A5FD68
:20E06000044690B9034602468DF84E000EA92846FFF79BFD044640B9012300906A460EA998
:20E0800028460193FEF798FC044628460DF03EFB204617B030BD00BF000010400800F00FD7
:20E0A00071F6002018001020C36B1B0D13F4E06FF0B504469FB005D1236BC3F30900F8B9D3
:20E0C0001FB0F0BD00F1400216A9FEF775FC0028F6D1E36B216BC3F38922394BA0630B4070
:20E0E00016A9C4E90C30374B43EA82230EAACDE90E3001232046FFF758FD0028DCD0DFE709
:20E100001C22002106A8304E10F02AFC2F4F01238DF82F300D930CA8F9F7EAFD40B1216B20
:20E120002046494249B21FB0BDE8F040FFF7A7BA0CAA0EA92046FEF73FFC0028C0D19DF8A7
:20E140002F30002B30D116AA0CA92046FEF720FB002809DA831CB3D10EAA06A92046FFF758
:20E16000BFFE0028ACD1D6E702AD0346324616A920460095FEF7FAFB0028A1DB0299DDE967
:20E180000C32994202D1039890420DD0914202D1039A934208D0012304AA06A92046CDE9BC
:20E1A0000475FFF702FDDCE70EAD0DF1180C0FCDACE80F0095E80F008CE80F00ABE700BF72
:20E1C000FF0300800000F04F00FCFF7F08FC0F602DE9F04F90F80580A7B005460E46B8F190
:20E1E000000F05D14FF00008404627B0BDE8F08F00F1080401912046FFF756FF002840F0DA
:20E20000AA802B6B01AA1EA920461C930DF10203FEF7E2FD0230E5D1BDF8022040F2FF33BD
:20E220009A42DFD0DDF804A0504610F0F4FB6B6F83469842D6D82B6F0DF1100920461B6A8E
:20E240004946AB66FEF7D0FC002840F084800DF1780C0CAFBCE80F000FC79CE80F0087E839
:20E260000F0012AF9DF84730002B6DD13B4B02AA2046CDE9023704AF01233946FFF795FCF5
:20E28000002868D19DF88F30FBB101212046FFF7F6F900285FD11CAB8DF87600ADF874007D
:20E2A00014AA2B630CA92D4B2046CDE914370123FFF77BFC1C9B2B6300284CD14FF0FF31F4
:20E2C0002046FFF7DCF9002845D1BDF802201EA9234B204643EA82231493002315934BEAE4
:20E2E000822343F40013CDE9163A1E4B43EA822314AACDE918379DF88F30002B174B18BF73
:20E300000023CDE91A390423FFF74FFC18BB04F0D5F81CAB1C9063223146204608F018FCF4
:20E32000002803DA10491148E2F7D7FC1CAB6D223146204608F00CFC0028BFF655AF0C4911
:20E340000A48E2F7CAFC4FE73A460CA92046FEF733FB002886D00028D9DA43E708FC0F60E2
:20E3600000001040080000207AF6002000060120A6F300202DE9F04713F0020F8AB00646CE
:20E380000C469846039234D1754B04F1080703AA3046236500233946C4F830806363E3632A
:20E3A000E364231DFEF718FD051E06DAAA1C17D1A28840F2FF339A4212D00123A371B36A7A
:20E3C0002360AB1CB46253D118F4807F08D0039D284610F020FBF36E984213D96FF02305FF
:20E3E000236B2146304643F400232363FFF7E0FD04E0FFF759FE05460028C5D028460AB09E
:20E40000BDE8F087A3883946564A40EA832042EA832240F4801004920022CDE90605524D1C
:20E420003046059245EA8323CDE90832032304AAFFF7BBFB0028D1D14FF000084FF00C0925
:20E44000DFF830A1236D9A68904523D31B68D6F86880002B4ED0E36404F1400140460DF035
:20E4600089F940F20123B3EB155F4DD00025C5E72D0D012D6ED104F12803A28839463046DE
:20E4800000933A4B43EA8223394AFEF76FFA051ED2DAA5E7226BD00706D4236B226D99075B
:20E4A0001DD408F10108CDE7586809FB08F2B4F804C08118825C30468B6802F5407249684D
:20E4C00043EA8C230091394643EA02535246FEF74DFA0028E1DA831CDFD0054680E752685D
:20E4E00009FB08229168726F914236D843F480332363D6E7D8F8280010F0CAFFE0640028D9
:20E50000AAD16FF00B056BE7236B6FF00102C5F3090543F48013A262E562236300232264C5
:20E520006364B36E9B6AA364002D9FD040F2FE31A28830468B4228BF0B46394643EA8223F4
:20E54000E26C43F000530092094AFEF70FFA051E8CDA45E76FF0140542E76FF01B053FE709
:20E5600030AB002000001040000010200800002000FC0F7000FCFF7F30B572B6164C236809
:20E58000B3B1834216D1154900205B69C1F88C006BB1D1F88C201D6922F07F422A441A6111
:20E5A000C1F888204FF04042C1F88C209861236062B630BD5B69002BFAD083425A6909D138
:20E5C00098694261002AF3D01B691169906119441161EDE71346EEE7A0CC012000022E40ED
:20E5E000826812F0FC0F08B507D1120403D5836ADB6B03B19847012000E0002008BDD0E93C
:20E6000008231BB11A6222B15362704702494A60F9E7014A93607047A0CC0120D0E908230D
:20E620001BB11A6222B1536270470349CA60F9E7014A1361704700BFA0CC0120C36B6BB1F1
:20E64000C26A596B8A4203D1002283F84E207047996B8A4202D1002283F84F2070470023DF
:20E66000C0E9033370474FF0E0234022C3F808227047F8B5134D144B6E685C697CB9114B2C
:20E68000124A5B689B1BC3F38F111180104A1088B0EB931F38BF1180BFF34F8FF8BD237A15
:20E6A00073B1236820466F681B6898476B68E188DB1BC3F38F12B1EB931FA28038BFE280BA
:20E6C0006469DBE7001000E0A0CC012014F4012016F4012038B50A4D0024EFF3108272B6D6
:20E6E000A86948B14369AB6103B19C6102B962B6836844779847F0E702B962B638BD00BFF1
:20E70000A0CC0120044B5A68044BDA61044A136801331360704700BF001000E0A0CC01206E
:20E720004C45012007EE901A9FED9B7A0421B6EE005AF8EE677A9FED996A2DE9F043C7EE70
:20E74000275A04690E464FF0010941F6FF7507EE901AF8EEE77A85EEA77A77EE057AFDEE3A
:20E76000E77A17EE903AAB42A8BF2B46012BB8BF012307EE903AF8EEE76A76EEC76AC6EE9E
:20E78000877AF5EEC07AF1EE10FA48BFF1EE677AF4EEC67AF1EE10FA98BF0E4601F1010101
:20E7A0009CBFB0EE676A99462129D0D143690021856BB3F858C0A0F84A10A5EB0C0CA0F813
:20E7C0004C10A0F84610C0F83CC0B3F85AC0A0F84810A5EB0C0580F844101F690564DD68E3
:20E7E00029683943296002F400716D4D002914BF01210021817640F0BD80017EDFF8AC813C
:20E8000003EB011C03EB01119CF814E005EB0E1EDEF80870DEF804E0C7F80080DCF818C056
:20E82000CEF800C0D1F81CC0BCF1000F02D0096ACCF8001090F819C0D92103EB0C1C9CF8D3
:20E8400034E005EB0E1EDEF808703960DEF80410DCF838C0C1F800C0417E03EB0111D1F8EA
:20E860003CC0BCF1000F02D0096CCCF80010711E082E4FEA0161CCBF0026012601F0F85153
:20E8800049EA46475E68394321610021E1605B784449103341F82360416901274B7891F815
:20E8A000561003F1604303F564431970466971784B0901F01F0103F1382307FA01F1403381
:20E8C0009B0019604FF00213510702F00F01E362A36A43F08803A36202F0030343F47013AF
:20E8E00048BF43F01003042908BF43F0804397060FD5817E43F0805359B1417E06EB01118F
:20E9000091F8341005EB0115AD68296821F440412960817E09B143F0A0031507A36103D5D8
:20E92000236943F0005323616369D10623F0805348BF43F080536361D30503D5236943F474
:20E9400000532361B3682BB3174B002193F8202003F12404CDB2AA4217D8511C03EB820244
:20E96000506293F8442083F8201042F0020283F844200FE090F819C04FF2D90103EB0C1CB5
:20E980009CF834E005EB0E1E5DE754F8045B0131A842DFD1BDE8F083001BB74BEC78AD6052
:20E9A0009003002000180120A0CC012038F00100B0F84630B0F848209BB292B2934229BF39
:20E9C000416B02F1FF3201F1FF315218D01A7047016972B6B0F84A20B0F84C3092B29BB2E1
:20E9E0009A423CBF806B1218C86AD31AC0F30260184462B67047B0F84A100246B0F84C305E
:20EA000089B29BB2994210B504691BD172B6B0F84A0080B2814214D1E36A13F0E06F0DD005
:20EA20000121E369A2F84A100021C3F30900DBB2A2F84C10126A537062B610BD4FF0FF307F
:20EA4000FAE762B6916B0133994298BF0023116B99428EBF126A5B1A526AD05CC0B2ECE776
:20EA600002460069B2F84A10B2F84C3089B29BB2994230B50C4612D172B6B2F84A1089B2D7
:20EA80008C420BD1C36A13F0E06F04D0C069C0F3090062B630BD4FF0FF30FAE762B60133F4
:20EAA000946B106B9C4298BF0023984215D9106AC05C9DB2C0B2A2F84C50956D002DE9D047
:20EAC000994234BF6418CB1AD16B38BFE31A9942E0D3D36DC5F88830DCE7181A556A285C5C
:20EAE000E7E7484B1A69516911F4401FF0B539D0D16A11F0E06FC1F302652CD0B3F84A10BF
:20EB0000B3F84C4089B2A4B29F6B481CD669B84228BF0020B3F84C70BFB2874206D0196B84
:20EB2000F6B2884265D2196A0E540146681E10F0FF05E9D188B29D6DA3F84A005DB18C42B7
:20EB400089BF986B091B001B0918186C884202D8D96DC5F884105169CF0203D5516941F4F9
:20EB60008011516195692E0229D551690C0226D5B3F84640B3F84810A4B25F6B89B2D3F809
:20EB80001CC0D3E90AE68C420CD00131B94228BF00218E4231D91CF80100C0B2D061D06A42
:20EBA0004005F0D588B28C42A3F8480007D1916921F400019161916941F48001916168027A
:20EBC00016D55169490213D5002183F84410196D11B1586DC1F888009B7E2BB172B6936906
:20EBE00023F00053936162B6936923F480039361F0BD411A5F6A7E5497E7881B1EF800003F
:20EC0000CBE700BF2C080120704770477047704750F8083B1B68184738B5194C194D236E9C
:20EC2000AB4208D0184BDA682AB1012204F16000DA60FFF7EDFFA36FAB4207D0124BDA6985
:20EC400022B101221148DA61FFF7E2FFD4F89030AB4207D00C4BDA6A22B101220C48DA62E2
:20EC6000FFF7D6FFD4F8A830AB4208D0064BDA6B2AB101220748DA63BDE83840C8E738BD7F
:20EC8000A0CC01203CAB00200041084018CD012030CD012048CD0120836833B1C26801699A
:20ECA0000132914203DB985C7047184670474FF0FF30704783682BB1D0E90303181A20EAC9
:20ECC000E070704718467047836813B1C068002170471846FBE7836813B100690021704739
:20ECE0001846FBE7007D704783680248002B08BF18467047B002012000207047816810B50C
:20ED0000029C09B9134312D1012C09D1C3681A44002A0CDB0369934209DBC260012010BD84
:20ED2000022C02BFD0E903315B189A1AF0E70020F5E701207047002070477047F8B507469D
:20ED40000C4669B18D180026A54201D13046F8BD3B68384614F8011B1B6898470644F3E7C9
:20ED60000E46F3E70D4A92F8C01092F8C100CBB281420FD00133092B28BF0023134493F8F6
:20ED8000C21002EB4102B2F8CC30054A03EB4113D05C70474FF0FF30704700BFA0CC0120E6
:20EDA000402A21207C497D4A4B69F0B58D69D4687B4A904200F2D5807A4A1926B0FBF2F221
:20EDC000724302F2B632D1F88060A2F5487246F0C006C1F880601921B2FBF1F204F01F0135
:20EDE000914207D224F01F046C491443CC600E68002EFCDA13F0007128D16B4E6B4F3669FF
:20EE00003E40BE420EBF032600260121F70683EAC66616F0605F04D023F060535E4E3B4317
:20EE200073610E0385EA013111F4405F07D025F440552E43584DAE61A96C0E07FCD443F0D1
:20EE4000007355494B618D6CAD06FCD40126584F354606FB05F14143B94240F2918001F581
:20EE6000B701544801F558618142534800F29280B1FBF0F1362938BF36214B4F4843DFF8F7
:20EE800060E1D7F800C00CEA0E0E41F0004CB0FBF5F04CF4005CE645B0FBF6F009D04FF40F
:20EEA000805C41F40051C7F800C0396039680029FCDA3949013D0F6907F00707AF4203D037
:20EEC0000D618D6CEF03FCD4711E8D0283EA812111F4E05F09D005F4E05123F4E0530B43FD
:20EEE0002D494B618D6CAD07FCD43449344D0144A94296BF334E0426B1FBF6F6751E2902EF
:20EF000083EA052515F4407F234D05D023F4407301F44071194369616B691F4923F00073F5
:20EF20006B618B6C9B06FCD4274B284918604FF0FF33B0FBF6F60E602549B0FBF1F1B3FB23
:20EF4000F1F32449C1F8DC3004F01F039A4207D224F01F04114B2243DA601A68002AFCDA1C
:20EF6000F0BD1D4A904208D91C4F40F2E24240F29746B84298BF324625E740F27E4222E72A
:20EF8000082D01D0013564E7042E3FF668AF013601255EE76C2170E700C00F40000008408F
:20EFA000001C4E0E0048E80100800D4040300080FFB19F26FF7EF64D001BB7007FD1F0089C
:20EFC0007F17B42C80D1F008D0050120D405012040420F00A0CC0120FF0A6B1B00A4781F9A
:20EFE0007F3001804FF470430022A0F88C310F231146A0F88E31A0F89021B0F888319BB29D
:20F00000F0B543F0F00360274FF460464FF4806548F2B824A0F8883107FB02030132042ABE
:20F020009E80DD805984198659805981DC815982D9825983D983EFD1B0F888319BB243F0BA
:20F040000F03A0F88831B0F888319BB243F47063A0F88831F0BD00224FF00F0CF0B511461F
:20F0600041F2010745F6C05643F2260400EB4213550101329981042A5981A3F80EC09F8230
:20F08000DE80415319829C81F0D1F0BD00231B70FFDE30BFFDE70D4A10B592F8E030C46917
:20F0A00001334068052BC0F30E4028BF0023D11881F8E14002EB83040549DBB2098882F85C
:20F0C000E030091AC4F8E81010BD00BFA0CC0120E0560120034AD2F8FC300133C2F8FC307C
:20F0E000704700BFA0CC012072B60B4A012303FA00F092F80031184382F80001074AD2F8D3
:20F100004831190605D480210B43C2F84411C2F8483162B6704700BFA0CC012000002E40C4
:20F120000123094A03FA00F092F8003123EA000082F8000130B9054AD2F8483123F0800317
:20F14000C2F84831704700BFA0CC012000002E4030B5284B284C41B30904C3F82801012534
:20F1600041F08001C3F82051C3F8241100F58051C3F82C1100F50051C3F8301100F540513B
:20F1800000F58040C3F8341103F59071C3F83801A1600021E1601949D1F8B0012843C1F86A
:20F1A000B001D1F8B0010028FBD10121002A14484FEA0242C3F8401148F2800108BF8021DC
:20F1C000C3F844110021C4E91201C3F848114FF001100A49C1F8BC01D1F8B00140F48030B3
:20F1E000C1F8B001C3F86021D1F8B031002BFBD130BD00BFA0CC01200000002000002E4001
:20F20000E0CD012070B50446006B38B102460025536813F0800302D022633DB970BD1268BB
:20F220000135012AF4D1C4E90C33F6E70668013DA36B98473046F0E7826803460069C2F3A8
:20F24000080210B48154586801EB7001596099680131996040F2FF118A420AD1D86819685F
:20F260000268546A4A1C1A601A6923465DF8044B184701205DF8044B70472DE9F041054689
:20F280000C461F465618B44201D101200CE02B6820460699D3F82480B84721460246284651
:20F2A0000134C0470028EED1BDE8F081037813F0C00319D18279C37902F00302817A9B0026
:20F2C00043EA8223027A43EA9213427A02F003020133520042EAD112417901F00F010A44BD
:20F2E000073A03FA02F07047402B0BD1437AC279013302F03F0203EB0243027A03EB0220C2
:20F300008002704700207047007D7047407D70471FB503686946DB6C984710B16846FFF7BC
:20F32000C5FF05B05DF804FB036810B45C690123A4465DF8044B604738B5036804460D46BE
:20F340001B6A984700B1257738BD2DE9F0411E46C37C04460D46022B174602D183698B426A
:20F3600009D02368294620461B6E984710B90020BDE8F081A5610025AE4207EB45210BD19E
:20F38000A369207F3344A3610028F1D1236820465B6EBDE8F041184723682046DB6D984756
:20F3A0000028E4D00135E7E72DE9F0471F46C37C04460D46022B1646DDF8209002D1836912
:20F3C0008B4209D02368294620461B6E984710B90020BDE8F087A56105EB060845450BD150
:20F3E000A369207F3344A3610028F2D1236820465B6EBDE8F047184749462846B847236880
:20F4000001462046DB6D013598470028E6D1DFE7084B0020084A9863196BC2F86411D2F800
:20F4200064111963996C21F08101996482F86801704700BF00002C40A0CC0120024B586AE5
:20F4400000F00100704700BF00002C40034B04481B6B1840B0FA80F04009704700002C40DB
:20F4600001000F00034B586A80F08070C0F30060704700BF00002C40014B93F86801704720
:20F48000A0CC0120034B586A80F40060C0F3C020704700BF00002C40034B586A80F4806022
:20F4A000C0F38020704700BF00002C40034B04481B6B1840B0FA80F04009704700002C4019
:20F4C00002007F11014B1878704700BF07160120014BD3F864017047A0CC0120054B03F106
:20F4E000100253F8040B934241F8040BF9D10120704700BF44F60120054B03F1100253F826
:20F50000040B934241F8040BF9D10120704700BF34F60120024B01201B680B60704700BF41
:20F520002CF601200048C1E634F60120044B1B7823B1044B18780230C0B270470120704786
:20F5400026F6012025F60120B1F5807F30B52FD810294FF020042DD920292DD980292DD901
:20F56000B1F5FC7F2CD9B1F57C7F2BD9B1F5FC6F2AD9B1F57C6F94BF8023FF2313FB04F3FE
:20F58000B2FBF3F1B1F5806F20D203FB1123B2FBF4F5B3FBF4F304FB1522DBB20132D2B27C
:20F5A00003708B08817023F03F031A43427030BD3F24D3E70223E1E70423DFE70823DDE71D
:20F5C0001023DBE72023D9E74023D7E73F22FE2340F2FF31E4E7264B264A10B549B30904B4
:20F5E000C3F82801012441F08001C3F82041C3F8241100F58051C3F82C1100F50051C3F885
:20F60000301100F5405100F58040C3F8341103F59071C3F8380191640021D1641649D1F80E
:20F62000B00140F48030C1F8B001D1F8B0010028FBD101211148C3F840118021C3F8441125
:20F640000021C2E902010C4A4FF00110C3F84811C2F8BC01D2F8B00140F00100C2F8B00193
:20F66000C3F86011D2F8B031002BFBD110BD00BFA0CC01200000002000002E40E0CD012047
:20F6800070B504460E46154600213C2204300FF067F901232660A360A56370BD10B5094C3E
:20F6A000B4F86A216AB194F86C11C2F14003064803EB8113002118440FF052F90023A4F8A3
:20F6C0006A3110BDA0CC0120402B2120037E30B4092B78D8DFE803F005152F36414F54592A
:20F6E000606A3A4B3A49C1F870314FF40023C1F8743101F5C072002301F5B87130BC0BF0C9
:20F7000079BF334991F88029D1F8844901322346802A28BF01224BB981F88029120442F4AB
:20F72000A062C1E95C231A462A49E7E75D7DAA42ECD09B68EFE7254B2549C1F870314FF427
:20F740009013D4E7244B2249C1F87031234BC1F8743101F5C2720023CEE71D49438C91F88B
:20F7600080411D4A43F0FF6342EA044243F48023C1F87021EBE71649438C91F88141F0E714
:20F780001349438C91F88241EBE7154B1049C1F870314FF41023AAE70D49114AB1F88231F9
:20F7A000C1F87021A1F888391B04A0E7084991F885311B0443F41063C1F8703100231A46C9
:20F7C000C1F8743198E730BC704700BF80060001A0CC012010CE0120800600030000FC074B
:20F7E000800600022DE9F04F836A85B0C76B02461C6B3FB13B68014638465B6805B0BDE894
:20F80000F04F1847237E84F82470092B00F2BC80DFE803F00518244663696F75818A2268B1
:20F820007449536891F8871123F0FF6323F4E02343EA0143536001232046237605B0BDE8FF
:20F84000F04F43E76B4B2268B3F872116175536823F07F030B4353600223EDE7654B93F876
:20F86000842193F88F01627693F8852193F89011A27693F8862183F88211E276B3F888218F
:20F8800083F88101E283B3F88A21228493F88E2183F880210243114314BF03230723CBE746
:20F8A000544B93F88421032A27D993F88521032A23D1B3F88621628493F88021002A40F03C
:20F8C000958093F88121002A40F0928093F88231002B0CBF07230623AEE7216900200BF0B9
:20F8E00055FE444BEDE7216901200BF04FFE414BECE7216902200BF049FE07239CE73D4BDD
:20F90000B3F88221B2F5006F88BF4FF40062A3F88829082390E7374B93F8872193F88831B0
:20F9200022776377092387E7324ED6F88C5906F28918B6F888197DB92F4F06F2891B7B18BC
:20F940000393039B5B451AD99BF801209BF80090042A22D0CB44F4E7AA68E2B92B6809397D
:20F96000284600912146D3F800904346C84788B16B6867B17B600023AC606B60E5600A23C3
:20F980002376002386F8903905B0BDE8F08FC6F88C39F0E72F466D68CBE7B9F1090FD9D1C9
:20F9A000039B4FF00008D6F88C59A3EB0B0A002DD0D0AA68AAB92A682146CDF800A02846FE
:20F9C000136801221F465B46B84748B16A68B8F1000F08D0C8F80420E2686A60E560AC60E0
:20F9E000A8466D68E3E7C6F88C29F5E7042323E7052321E7A0CC012020CE0120836A186BBE
:20FA000090F824300133DBB2182B80F8243000D85CE6024B002283F890297047A0CC012039
:20FA2000F8B504460D4606980AB10020F8BD4A49C4F854134949C4F83813A96921F07F411C
:20FA400021F0FF01B1F5106FEFD1E97E0229ECD884F8B0230F2803F1100394F8B02324D872
:20FA6000002AE2D000211C2204F55F70C4F8BC1384F8B613C4F87813C4F8981384F8B913BD
:20FA800084F8BA13C4F8BF130EF06AFF344A4FF48013284604F55C71C4E9DC23234604F592
:20FAA00068720BF0A7FD0120C0E713F8101C092944D113F80F1C042940D113F80C1C0129B6
:20FAC0003CD113F80B1C092938D113F8096C022E34D813F8071C072930D113F8061C052936
:20FAE0002CD113F8051C01F0F001802926D113F8041C032922D113F8031C01291ED113F8C3
:20FB0000021CD9B913F80D7C13F80E1CC2B984F8B11313F80D1C84F8B21313F8091C84F890
:20FB2000B31313F8051C01F00F0184F8B41313F8011C84F8B513013284F8B023103889E7E9
:20FB400094F8B1C38C458DD194F8B313B142F2D284F8B273E1E700BF9DF60020B3F60020C9
:20FB6000A006002938B5044671B190F8B6338B420AD3012390F8B92303FA01F52AB190F864
:20FB8000C3332B4384F8C33338BD80F8B933074BC0E9DC31034600F55C7180680BF02AFD19
:20FBA00094F8C33323EA0503ECE700BF2303080038B590F8B63304468B420AD3012390F8F0
:20FBC000B92303FA01F52AB190F8C4332B4384F8C43338BD002980F8B93341F4802100F5CE
:20FBE000677214BFA323A023C0F8741300F55C71C0F87033034680680BF0FCFC94F8C433CD
:20FC000023EA0503E3E738B5044671B190F8B6338B420AD3012390F8B92303FA01F52AB13B
:20FC200090F8C5332B4384F8C53338BD80F8B933064BC0E9DC31034600F55C7180680BF014
:20FC4000D9FC94F8C53323EA0503ECE72301100038B5044671B190F8B6338B420AD3012397
:20FC600090F8B92303FA01F52AB190F8C9332B4384F8C93338BD80F8B933074BC0E9DC3187
:20FC8000034600F55C7180680BF0B4FC94F8C93323EA0503ECE700BF2301140038B5044628
:20FCA00071B190F8B6338B420AD3012390F8B92303FA01F52AB190F8CA332B4384F8CA3345
:20FCC00038BD80F8B933074BC0E9DC31034600F55C7180680BF08EFC94F8CA3323EA0503AD
:20FCE000ECE700BF23030400486810B50C4658B10B894A8901339BB29A420B8104D8034900
:20FD0000E0F7DBFF00232381206810BDE2EA002070B503241826044D06FB04500BF05DFFA3
:20FD2000013CF9D270BD00BF00CD012070B5054614460846AB687BB1D5E903120E199642B8
:20FD400088BF541A1CB1224619440DF08FFCEB682344EB60204670BD1C46FBE710B5041D12
:20FD60002046E1F71BFB10B12046E1F744FB002010BD0430F7F7FEBA10B504460FF090FB91
:20FD8000204610BD10B504460FF08AFB204610BD10B504460FF084FB204610BD10B504469B
:20FDA0000FF07EFB204610BD044B10B5044640F8043BE1F70BFB204610BD00BF54AB0020D4
:20FDC00010B50446FFF7F0FF20460FF069FB204610BD70B50A46044603699968490639D5AA
:20FDE0004021966803F1340591601168196051685960D168D960116919615169596191694E
:20FE00009961D1699C62D961D16AD962116B1963D2E90D0185E80300D16BD9631946086888
:20FE2000012819D10A601946106000200D68AA4214D1002248620A6294F8342012F0FD0FEA
:20FE40000E4A13D19068586270B95360916001209E6070BD1B68C0E70968E0E70D68C1E91A
:20FE6000085008462946E1E70362EFE71069586210B9D3601161EAE70362FBE7A0CC012024
:20FE800038B5074BD3F8845905B938BDEC680CB9AD68F9E723682046DB6898476468F6E7FE
:20FEA000A0CC0120034BD3F8940910B10268C3F894297047A0CC0120034BD3F89429C3F887
:20FEC00094090260704700BFA0CC01202DE9F04F89B0054698460291A249139F0C6806922D
:20FEE0005CB1D4F80090C1F80090FFF7DBFF064638B9C4F800900C600024204609B0BDE8A3
:20FF0000F08F6022002120460EF02AFD3C220021301D0EF025FD012240233260B360029B80
:20FF20002661032B2563626184F8358084F8343040F01E81129897428B4B394638BF1146BB
:20FF40004343287D02284FEA134366D10F2903F157034FF0000CDFF8149228BF0F215B09BD
:20FF600001398A40B2F5807F104628BF4FF48070C108012938BF0121A4F844104FF0FF31FC
:20FF80008A46E0464FF0000E19F808B080449B44DE4538BFDE46B8F1FF0FF5D9D64538BFDD
:20FFA00061460CF1010C38BFF2466045E9D1BAF1BB0F00F2CE80DBB20E46A4F84800A4F8EC
:20FFC0004A1084F84E30FF2E15D9012F23D9022F18D101F0010255239340DBB2C90884F853
:20FFE00036300023A4F8461084F83730069B002B40F0C080C6E019F806C09C4409F806C043
:02000004602377
:200000000644E0E7042AD9BF01F00302112301F007020123E0E7FF23E0E7052042EA520767
:20002000B94204D901384FEA4202F7D1202291B20791A4F84410B8F1000F0DD184335B09AC
:200040000593022301934FF0FF3100200F4604910390DDF80CE02AE0663302215B090591C2
:200060000193F0E718F801AB019B059998F801908A4498F802C0994498F803109C44CA456F
:2000800019441AD9E2451ED9514538BF5146049B994238BF58460BF1010B3CBF774604916A
:2000A000BBF1040FDED19644BEF11F0F0FD82F4B4FF0000B03EBCE08D4E7E14503D9494561
:2000C00038BF4946E3E7614538BF6146DFE70399013191420391BCD1049BBB2B39D8079BCC
:2000E00000EBC70C2149BEB29DF814E04FEAC208A4F8483061449DF80430A4F84A60A4F878
:200100004C0084F84EE084F84F301F2F0AD90123A4F84660834084F836301C23834084F834
:20012000373063E791F800C01744F44481F800C091F802C09C4481F802C091F803C09C4467
:2001400081F803C091F804C09C4481F804C04144DBE73046FFF7B0FE024B1A6822601C60CB
:20016000CAE600BF00480120AB2A010080500120069B1BB16B68002B3ED16C60029B2A7D56
:20018000002B3FD000210A46069B1B0243EA8133129943EA0143697D0B43297D43EA0133BE
:2001A00043EAC26343F07043636094F83630AA7D43EA024394F8372043EA0223EA7D43EAF0
:2001C000C25343F08043A360029B33F0020324D12E4B44F00201D3F85821D2B9626842F4D8
:2001E000004262602160C3F85841D3F8402142F02002C3F8402180E61A469B6B002BFBD1C7
:200200009463BBE7012A4FF001018CBF00220122BAE71368236011606FE6029B032B7FF4A6
:200220006CAEB4F8440044F00206B4F84610184D1F293FF662AE55F821208F00D3070AD4AF
:2002400002F0060E22F01F03BEF1020FB3F844C00DD160450BD92260EE510144E8E79C42DB
:20026000FBD01A68D20706D41B6823F01F03B3F844208242F3D21A469442EED0126832F09E
:200280001F02F9D11A6822601E60E6E700022E40005001202DE9F341254E80460F46154610
:2002A0003468D4B1236828220021204633600EF057FBE5750823002584F81480A7752046A2
:2002C0002A462946CDE900352B46FFF7FFFD206038B93368236034600446204602B0BDE8C7
:2002E000F081144AD2F8983933B11968C2F898191D705D709D70DD7023610F492368D9636D
:200300000E491964012183F83510D2F8843982F890193BB9C2F88449002320462376FFF7EA
:20032000D5F9DAE71A469B68002BFBD19460F3E78C470120A0CC01207D1F0200952102002F
:200340002DE9F0474FF0E0244FF4803881460E46D4F80C711546C4F88C819A4607F48037F8
:20036000FFF7A0FD014630B917B90020BDE8F087C4F80C81F9E705F1FF3804464FEA983805
:20038000B8F1000F3BD14FF0010C0B46C4E90C58C4E90E8AC4F800C0A8F58058C4E90A9668
:2003A00099F835402402B5F5804FC3F804C08DBF4FF0000E4FF0010E28464FF4804044EA93
:2003C000CE3242EA004242F080029A6006EA0802DE6002F5805AC3F810A002F5005AC3F881
:2003E00014A002F5405A02F58042C3F818A0DA61BEF1000F1BD106442D1A1B68D3E7FFF7E3
:2004000051FD78B908460B681946FFF755FDA042F8D1002FA9D04FF0E0234FF48032C3F8B0
:200420000C21A2E7206008F1FF380446A8E74846FFF7CFFC002F99D04FF0E0234FF480325F
:20044000C3F80C2192E770B5C46BCCB10025012606FA05F3D4F89823134203D029462046A2
:20046000FFF7A6FB013594F8B6339D42F0D9234604F56671D4F878030122BDE870405FE754
:2004800070BD012AF7B504460E4601D0002563E01A78092AFAD15A78042AF7D15A79012A2B
:2004A0005DD19D79EA1E554255410899002219440933A4F85020994256D8002DE6D094F8E3
:2004C0005020002A00F09C80A38FB4F846109942C0F0968000213046CDE90031012394F873
:2004E0005210FFF7F3FCE06048B1484A2346C263A28F216BFFF724FF012384F8443094F8E6
:200500005120002A7FD0E38FB4F8461099427AD3002794F853103046CDE900373B46FFF765
:20052000D5FC206128B13A4BC36384F84E7084F84F700023A4F84A30A4F84C3084F855301E
:20054000A4F8563084F85830A4F87C31E3681BB92569003D18BF0125284603B0F0BD023A3B
:20056000102A93D90025A0E7187803288ED91F18B9428BD35A78042A9FD00B2A9DD0242A18
:2005800010D19D78012D2AD0042D04D8012D7FF67DAF012523E0F12D7FF478AFDB78022B00
:2005A000F7D073E7052A28D106287FF66FAFDA78023A012A3FF66AAF9A7812F0F00010D046
:2005C00080287FF463AF94F8500040B902F00F0284F85020DA7884F852209B88A3873B461C
:2005E00069E794F851000028F9D184F85120DA7884F853209B88E387F1E7252AEFD045E70F
:200600000023E3607BE70023236192E7AD2D0200D50D020070B5C46B1CB38368016B002098
:20062000C3F30E43B4F84C20C91AB4F84A308908814217D19A42A4F84C20A4F84A309CBF01
:20064000B4F848105218013AD31AA28FB3EB920F17D32346216BE068FFF772FE012384F867
:20066000443070BD256B55F8205045B1B4F848600133B34228BF0023266C46F8235001309B
:20068000D6E70023EBE770B5C58F044690F84E30AD0803F0FF0243B1EBB2416B920080F8EF
:2006A0004E3003460069FFF74BFE94F84F3003F0FF024BB1EDB22346A16B9200206984F825
:2006C0004F50BDE870403BE670BDF8B590F83430044613F0FD0F52D1036823F01F03984249
:2006E0001AD1594BD3F8402122F02002C3F84021D3F8442112F40042FAD1C3F85821534BDA
:20070000586838BB206930F01F0340F09780504B1A6822601C60F8BD19681A4621F01F0330
:200720009C42F9D163681B0403D5536843F40043536023681360444BD3F8402142F040023A
:20074000C3F84021D3F844219706FBD52022C3F84421D4E7836A056AA34207D1FDF74FFF68
:20076000236933F01F0205D0984201D12846C8E71B68F6E79842F9D0FFF79EFBF6E735481F
:20078000202150F8043BDE0706D423F01F039C4224D1236840F8043C0139F2D1236BB4F890
:2007A00048001B7DB4F84A20022B94F84E6024D12949FF2A1CD9254BD8680028A2D0836A20
:2007C000056AA34207D1FDF729FF236933F01F022FD098422BD12846EFE713461A68D50731
:2007E000DAD422F01F029442F7D122681A60D3E78B5C9B1B8B540244DBE7B4F84C30C70049
:20080000154D03EBC20394F84F102B441F2AD2D81D780244AD1B1D709D786D1A9D70DD7848
:200820006D1ADD701D796D1A1D713B44EEE71B68CCE79842CFD0FFF73FFBCCE70168FFF7F4
:200840003BFB08465FE700BF00022E40A0CC0120004801200050012080500120F8B505464F
:20086000E8B1C46800271A4ED4B96C682CBB2868FFF72BFF164AD2F8843983B1AB42996823
:2008800023D104BBC2F88419196921B1D2F898090860C2F898190F4A116819601360F8BD49
:2008A000236820461B6998476368D6F88C29A7606260C6F88C491C46D6E7A66B2046FFF7AE
:2008C00004FF3446D2E7A160DEE71C460B46D4E7A0CC01208C4701202DE9F74F8E4CD4F82B
:2008E00044617303C4F844612BD435033AD4B00705D58A4B4FF000095D68002D43D171070B
:2009000000F18480F2010CD5854B1A78012A40F0C28002221A70D4F8843143F48073C4F8FA
:200920008431B30140F1E18000227C481546036811469446002B40F0BF80002A40F0C280A9
:20094000D1E0764B5D68002DCFD02846FDF748FED5F8208020B12846FDF751FEFFF7ACFA61
:200960004546F0E76D4BDD68002DC0D02846FDF737FED5F8208020B12846FDF74FFEFFF7E1
:200980009BFA4546F0E7AB68D5F8208013F0800A21D113F07C0F1ED02846AB46FDF72FFE65
:2009A0004046C5E908AAD5F828A0B0B9DBF80030DBF80030CAF81030CAF80C00CAF81800A3
:2009C000286AF0B9DAF8403013B12862284698472846FFF771FA45468FE7836A026A9A45F7
:2009E0000DD10192FDF70BFE019A404508BF9046C0E90899CBF8200083461046D5E7584626
:200A0000FAE7016AFFF758FA0846DAE7D4F8845145F02A03AA07C4F8843111D515F0010919
:200A20003F4B2AD01A78012A0AD8012226F080761A703C4BC4F880304FF04043C4F88430B5
:200A40002B073FF55FAF364A1378022B7FF45AAF68077FF557AF0321117042F21072C4F86E
:200A600080204FF04042C4F88420D4F8842191057FF548AF2C4A536344E70222DFF89C80D5
:200A800083F80090284BD8F89C099A63FFF7E6FEC8F89C99D4E7032A7FF443AF04221A709A
:200AA0000022D4F884011146C0F38160FFF7F2FB1A4BC3F89C0934E75F6929B16B61C3F8EC
:200AC00014C01FB907600EE01946F8E73A69C7F818C0042A0CD9013A4FF040430760C4F86A
:200AE0008820C4F88C30002461B903B0BDE8F08F22B17D6915B12E6916442E611D4601223C
:200B00003B4617E7C8684D690368C1E905449B6898472946E8E700BF00022E40A0CC012036
:200B200080510120A086010000A00D4070B5044600F55E76002594F8B633AB4219D80025DA
:200B40001C2204F55F70C4F8BC53294684F8B653C4F87853C4F8985384F8B95384F8BA5391
:200B6000C4F8BF530DF0FCFE84F8C353C4E9F15570BD56F8040F08B1FFF770FE0135DAE789
:200B800038B5D0F89C3104460D4653B1B0F87C11B1F5917F05D30022593098470023A4F826
:200BA0007C31B4F87C31B3F5917F3FBF5A1CA4F87C21E41884F8595038BDF0B572B61E4C7D
:200BC0001E4D228805F1700605EB8200B042034602D362B60020F0BD50F8041B09B90132D1
:200BE000F4E7B1FA81F64FF00040F04021EA0001196001B9013212492280B1F8A049013413
:200C0000A7B2A1F8A07962B65B1B4FF4025001259A1041F67C7300FB02330A4A02FB0633F6
:200C2000094A1268D018D554B1F8A239A34238BFA1F8A279CFE700BF645601206856012093
:200C4000A0CC0120FCFEFFFF60560120438872B60278012A03D9013A027062B670475909E6
:200C6000DB430C484FF0004203F01F0322FA03F350F82120134340F82130074B1A888A4232
:200C8000064A88BF1980B2F8A039013BA2F8A039E3E700BF6856012064560120A0CC012022
:200CA000C36830B503B930BD187A90420AD158685C7A006950F8245025B940F824100878B7
:200CC00001300870DB68EDE70A4B1A787AB90A4A0A49C2F858110A4AD021012082F846103A
:200CE0004FF0E0224021C2F80811187070470020704700BFD8560120001801200B0E020007
:200D000000E400E030B572B6264C89B9016879B103790F2B0CD822881A41D20708D503F172
:200D2000007303F5E943B1EB431F01D162B630BD2388002243FA02F515F0010529D101211F
:200D400091400B43238062B6174CD1B20171E36F43F0C003E36740F28244144B1C609976ED
:200D600099771976D97702F10073114982F0030203F5E9435B010360C3E90055C3E9025566
:200D8000C3E90455C3E90655535C43F0C0035354CDE70132102ACDD162B60023027103602B
:200DA000C5E700BF3833012000C00F4000800E4000810E400368F0B5044689B01746002B75
:200DC00044D000229A600122DA60236802A82B4D03F1BF2303F577031E110AF0F8FE182337
:200DE0007343E8181D442B6E6830DB6801909847029B04A9224A019802922B669B689847A2
:200E000002A80AF0EAFE236803221F609A601D4A23799355137851788B4228BF0B469178D0
:200E2000D2788B4228BF0B461749934228BF1346164AC2F82812164A012082F87A304FF0B6
:200E4000E0234FF08062C3F80C2115E0114AD36E43F44053D36601220F4B1A6003F5807310
:200E60000E4A0360236898680028AED0103393422360F7D90020206009B0F0BDA0CC012088
:200E80003CAB0020A8050120B11302000018012000E400E000C00F40004008403F4108405B
:200EA000036870B5054643B303F1BF23134E03F577031C1118236343F018036E064668304D
:200EC000DB6898470E4B0021012233662B689960DA60FF230B4A135513785078834228BF16
:200EE00003469078D278834228BF0346934228BF1346054A82F87A30296070BDA0CC012097
:200F00003CAB0020A805012000E400E010B500EB8104606C70B142B103681B6A9847030D44
:200F200043EA0133C4F8F43010BDD4F8F400010B0005F9E74FF0FF300146F5E70EF0A8BA01
:200F400038B500F5A27504462846E0F727FAA8B194F884319BB100220023D4F854010AF0A2
:200F6000BBF8D4F854010AF01FF90023C4F83431A4F838316FF00103C4F8943138BD2846FB
:200F8000E0F70CFA0028F0D02846E0F734FAECE70EF086BA2DE9F84F04468B46164692465C
:200FA000184F00F14009DFF86080BAF1000F02D13046BDE8F88F3B78012B21D1A3692BB9E9
:200FC000B8F8A4292361A282C4E90693208A5946A58AA3692D1A1844554528BF55462A46F3
:200FE000AB440CF043FB238AAAEB050A1D44A38AADB2AB422582D8D820460AF03CFAD4E7F5
:201000000026D5E7A4150120A0CC012007B501228DF807100DF10701FFF7BCFF03B05DF84D
:2010200004FB07B50222ADF806100DF10601FFF7B1FF03B05DF804FB07B5042201910DEBF8
:201040000201FFF7A7FF03B05DF804FB0C320A6002228A800C229DE783695BB990F8422474
:2010600052B1064A0361B2F8A429828200F14002C0E906230AF0FFB9704700BFA0CC012084
:201080002DE9F0410446D0F85C6400F29C47034606EB040C00253846634505F1010216D1ED
:2010A00092002046FFF7D2FF2946204604F20F68FFF7C2FF0023B34216D12046FFF7CCFF52
:2010C000012342F2010084F85834BDE8F08150F804EFBEF1000F05D093F810E6BEF1000F8C
:2010E00018BF15460133D7E7D4F85C245D1C93420BD257F8253043B118F805302BB129046F
:20110000204641F00101FFF797FF2B46D3E710B504461822FFF79AFF0A212046FFF78CFF95
:20112000142205492046FFF735FF2046FFF794FF42F2010010BD00BFA4C4206010B50446F4
:2011400000F5B960E0F742F904F2B450E0F73EF904F5B460E0F73AF9204610BD00221146A4
:2011600010B510F8013BCBB11C0602D401310022F7E703F0C004802C04D13AB1012AF5D0AD
:201180000122EEE703F0E002C02AF9D003F0F003A3F1E002534253415A00E2E7084610BD0C
:2011A00070B505460E46C1B30846FFF7D7FF002833DD411C00242846C9B2FFF727FF0022FD
:2011C00016F8011B29B30B0603D42846FFF729FFF5E701F0C003802B0BD1002AF0D0A401EF
:2011E00001F03F03012AA4B244EA030407D12146EBE701F0E003C02B03D101F01F0401222B
:20120000DEE701F0F003E02BD9D101F00F040222D6E72846BDE8704003E728460021BDE8AA
:201220007040F3E670B54DF20243CE6804460D469E4227D1164806F087FA03302946420018
:201240002046FFF703FF31462046FFF7EAFE4FF6FF712046FFF7E5FE00212046FFF7D6FE30
:201260000B492046FFF79CFF09492046FFF798FF00212046FFF7CAFE2046FFF7EDFE42F21E
:20128000010070BD0022FFF7E1FE42F20A00F8E7C2F600202DE9F0438BB09FED8B0A044645
:2012A0000E4602AA01A902200DF0B1FB019B05460233BCBF854D6FF001032846B8BF019374
:2012C0000DF0A9FB019A03469042C8BF431C002A40F0AA800133DDF80880B8F1000F00D034
:2012E0000133C3F10307002F00F3B48005AA1344B8F1000F02D02D2102F8011B01980028F1
:2013000040F0B2801146302001F8020B2E2050700A462E279A42C0F0C58000236C494FF023
:201320000A08137014220DEB02000DF099FA694A02AB32F8021FB8F1010803F8011BF8D11B
:20134000654806F001FA0546644806F0FDF90544634806F0F9F96035814605A806F0F4F944
:2013600007464D4402A806F0EFF931462F443A182046FFF76BFE20466421FFF752FE20466F
:201380000621FFF759FE20466421FFF74AFE20465149FFF705FF20460121FFF742FE204692
:2013A0001521FFF749FE2A224E492046FFF7F2FD20460921FFF740FE12224B492046FFF7A4
:2013C000E9FD20460121FFF737FE20464DF20241FFF727FE41462046FFF72EFE20460221D9
:2013E000FFF72AFE20464FF44051FFF71AFE204643F20101FFF715FE20463849FFF7D0FE36
:2014000020463749FFF7CCFE05A92046FFF7C8FE02A92046FFF7C4FE2046FFF71DFE42F2E2
:2014200001000BB0BDE8F083BFF655AF023290420ED902AA05A900209FED2C0A0DF0E7FA18
:20144000019B059A0546D21A032A04BF01330193042340E73A46202105A80DF081FA05AB7E
:20146000DA190DF1170343E7BFF653AF11462E274FF0300E4FF0000C01F802EB5770C0F1AE
:2014800002073A440F46974207D10A1ABCF1000F3FF43FAF002101913BE74FF0010C07F89E
:2014A00001EBF0E7114615F8010B01F8010B994207D001980138019008B9911C57700A465A
:2014C00028E71A4629E700BF7B14CE3F2FE60020C9F60020A6150120D4F60020E8F600205A
:2014E000C2F60020B8C42060E2C420600000214340F60D2307B5ADF804300222036801A95A
:201500005B68984703B05DF804FB38B51022054606F03EFC04462846FFF7EAFF204438BD98
:20152000054B022888BF0346186810B44468184623465DF8044B1847000601200EB403B546
:2015400003AA52F8041B01920CF0BAFA02B05DF804EB03B0704710B500EB8104606C40B9D8
:201560000A460B480B49FFF7E9FF4FF0FF30014610BD42B103685B6A9847030D43EA0133A1
:20158000C4F8B430F4E7D4F8B400010B0005EFE700060120EDF60020CB892DE9F3479046C5
:2015A00003F1FF39D0F85C2404460F46914565D200EB8303D3F89C0400285FD004EB0902DE
:2015C00092F81026002A59D0D3F85C6403681B6B9847054618B92B4D002E18BF354628461B
:2015E00004F25C4A06F0B0F80646274806F0ACF83044394600F11A022046FFF727FD0421B7
:201600002046FFF70EFD02212046FFF70AFD00212046FFF706FD424649465046FFF79BFF20
:20162000082206460F46CDE9000169462046FFF7B1FC424649465046FFF768FC301A4FF0E0
:20164000080267EB0101CDE9000169462046FFF7A1FC4FF0FF312046FFF7EEFC2946204643
:20166000FFF79EFD08492046FFF79AFD2046FFF7F3FC42F2010002B0BDE8F08742F2130000
:20168000F9E700BF13F700203EF60020012AF0B508BF0A228BB0A9B9302221248DF825206C
:2016A0003BB1631E0AAADCB252FA83F32D2203F8242C036801A9C4F122025B68214498472A
:2016C0000BB0F0BD2124B1FBF2F602FB1617FDB2092F04F1280794BF303537356F448A42F1
:2016E000EDB207F8245CDBD8013C3146E4B2EAE72DE9F0413C24002540F26D184FF0640CCC
:201700004FF4C87EB0FBF4F3B3FBF4F204FB130004FB12332C46087018204B70B2FBF0F357
:2017200000FB1322181D8A700722B0FBF2F2C2EBC202801AC870E8B200F2B27212F0030694
:2017400041D192FBFCF70CFB1727002F3ED192FBFEF70EFB1727002F14BF47464FF4B777AB
:201760003C440135A342E6D2463088716420B2FBF0F500FB15254FF4C870B2FBF0F700FB52
:20178000172236BB45BB002A40F26D1008BF4FF4B7701B1BDFF854C0034400200128C7B2EB
:2017A0001DD1FEB905BB002A14BF1C241D249C4204D801301B1B0C28F0D1074601334F71EF
:2017C0000B71BDE8F08140F26D17C9E74FF4B777C6E740F26D10DCE74FF4B770D9E710F84F
:2017E0000C40E4E71C24E2E71D24E0E788AB0020F0B5827940F2B2712A4B6426A2F146059C
:201800004FF4C8776B43A1F2B274A54227DC02F26C7264214679244FDFF890C0B2FBF1F4B3
:2018200001FB14244FF4C871B2FBF1F501FB1525002102F003028E4223DC42784FF4616486
:201840008178C2EB0212920004FB012201780A4401791648013900FB01201844F0BD8C0789
:201860000DD191FBF6F406FB141424B991FBF7F407FB14141CB903F5A83303F5C073013168
:20188000C1E7012908D13AB904B92DB903F5181303F56E530131CEE711F807E00CFB0E330C
:2018A000F8E700BF8033E10188AB0020805101000C4A0D491368002B08BF0B460B4993FB84
:2018C000F1F001FB10330A49484344F2A71101FB03000028BCBF00F1004000F1FF301060B9
:2018E000704700BF4C46012024D95B071DF30100ECF4FFFF10B5044628B1FFF7D9FFB0FB10
:20190000F4F303FB1404204610BD38B5436804460D468B4201D3012038BD013100680FF012
:20192000C9FF0028F8D0A368C4E90005002BF2D10370F0E79A422DE9F0470E4684BF1146E3
:201940001A46044688BF0B4600218160B5689542C0E9001117D39D4228BF1D46336813F8DC
:2019600005805955316811EB020907D048460DF052F8074650B9236803B118700023A360A5
:20198000336803F805802046BDE8F08701462046FFF7BBFF824640B9206818B10DF080FDC1
:2019A000C4F800A000236360E9E749462068A7600EF0AAFEE4E70E4A70B502F6A8130D4EFB
:2019C000012553E8001F3068D16943E80054002CF7D1094B5B68D2F8DC205B1AA3FB02321E
:2019E0004FF47A7358439A4294BF8018C01870BDA0CC01204C450120001000E0C36870B5D1
:201A000004460D468BB1FFF7D6FF2449244E0A68A0605AB94FF04043A2610C60C4E904528A
:201A2000013DC6F88850C6F88C3070BDD6F88C3023F07F439D4218D272B600204FF000720A
:201A40005B1BC6F88C00C6F844210A682561013D0C60C4E9052013614FF040439461C6F846
:201A60008850C6F88C3062B6DFE7ED1A536923B9C4E90453A2615461D7E71A69AA4209D9CC
:201A8000521B1A619A69C4E90453A2619C61A3695C61CAE7AD1A1A46E8E700BFA0CC01209B
:201AA00000022E4000222DE9F34180F8B92304464B6BBC480D8F83425CD0BB4883421BD0B2
:201AC000A32B43D10B6B042B40D1CB6A1F68002D3CD094F8B6339D4238D86E1E07F0010889
:201AE000264496F8BC33092B30D8DFE803F063637E7E7E7E7EB1C9D6B4F8A233A4F8B63377
:201B000094F8A53384F8B83394F8B033012B12D994F8B20340F6013394F8B11343EA004309
:201B2000A068C4E9DC31234604F55C7109F062FD012384F8B933012504E0294601352046BB
:201B4000FEF710F894F8B633AB42F6D294F8B933002B40F0E08094F8C313002900F0AE8082
:201B600091FAA1F12046B1FA81F102B0BDE8F041FDF7F8BF94F8B633AB42E7D1D4F8783301
:201B8000002BE3D194F8B533012594F8B423032101932B46A0680095FEF798F94268834AA6
:201BA0002346C4F8780304F56671C2632A46FEF7C7FBCBE7B8F1000FC8D0022386F8BC33D5
:201BC00094F8CB332BB944F6206104F54E70FFF715FF012294F8CB3329462046AA40134359
:201BE00084F8CB33FEF70FF8B0E7B8F1000F23D00133DBB2072B86F8BC33A7D16C4991F817
:201C0000AC29AAB991F8902992B90122204681F8AC29AA4094F8CB1321EA0202294684F8DA
:201C2000CB2386F8BC33FEF739F884F8BA538DE7062386F8BC3389E7012294F8CB3302FA77
:201C400005F523EA050584F8CB5386F8BC237DE7BA0715D529462046FDF7FAFF082346F248
:201C6000A81104F5557086F8BC33BB0556BFC7F3802701277F0084F8BB73FFF7BFFE65E7FA
:201C8000B8F1000F7FF462AF29462046FDF7BBFF474B83F8AC890123CBE7B8F1000F7FF442
:201CA00055AF04EB8507D7F87803FEF7D7FD29462046C7F87883FDF7A6FFECE794F8C51333
:201CC00049B191FAA1F12046B1FA81F102B0BDE8F041FDF798BF94F8C623FAB192FAA2F554
:201CE000B5FA85F5BDB194F8B6339D4213D80126304B0A46A06884F8B96304F55C71AE40C8
:201D0000C4E9DC35234609F075FC94F8C63323EA060384F8C63302B0BDE8F08194F8C753B4
:201D2000EDB195FAA5F5B5FA85F5002DF3D094F8B6339D42EFD801261F4B04F55C71A06849
:201D400084F8B963AE40C4E9DC35234609F052FC94F8C73323EA060384F8C733DBE794F82F
:201D6000C8636EB396FAA6F6B6FA86F6002ED2D094F8B6339E42CED80127104B2A4604F508
:201D80005C7184F8B973B740A068C4E9DC36234609F030FC94F8C83323EA070384F8C8336D
:201DA000B9E700BF23030800A0060029DF2B0200A0CC01202301110023011200230113008C
:201DC00094F8C91349B191FAA1F12046B1FA81F102B0BDE8F041FDF73BBF94F8C41349B12E
:201DE00091FAA1F12046B1FA81F102B0BDE8F041FDF7DEBE94F8CA1300298CD091FAA1F120
:201E00002046B1FA81F102B0BDE8F041FDF746BF036973B50446002B36D0C58FAD0872B67E
:201E200094F84E2094F84F309542D6B2DBB22DD9A3B19D4212D9A26B5E1C04F1140042F8C3
:201E40002310F3B2019084F84F30FCF795FBB54201981FD82346AA00A16B11E0636B04F141
:201E6000140043F8261001360190F3B284F84E30FCF782FBB54201980CD82346AA00616BB3
:201E80001869FEF75DFA62B602B070BD9D42D2D862B6C4E77F2D40F2DC5188BFC821FFF701
:201EA000ADFDF0E72DE9F04104460D46FFF783FD04F54E76AE421AD194F8CB73A7B9BDE8E0
:201EC000F08108FA05F33B4203D029462046FDF76FFE013594F8B633AB42F2D2304644F605
:201EE0002061BDE8F04189E50125A846F2E704F555739D42E3D194F8BA63002EDFD0751EC3
:201F0000254495F8BC33082BD9D1A368002794F8BB03324684F8BA7304EB8604597DFEF71E
:201F2000B9F9044BC4F8780383F8AC79092385F8BC33C4E7A0CC0120F8B50546064FFFF7B6
:201F40003AFD0646A847044620B1FFF734FD801BB842F7D92046F8BD40420F0010B5114C9A
:201F600094F8AD390BB9012010BD0F48FFF7E4FF002384F8AD390D4B1A6BC4F86421D4F89E
:201F800064211A6320B9D4F86421094B1A42EAD0084B1F2200201A7040F27A22064B1A60D4
:201FA000E2E700BFA0CC0120451C020000002C4000007F110716012028F6012070B50C46B9
:201FC000FFF7CCFF0546D8B1194B5A6AD20507D49A6A22F480329A629A6A42F400329A6262
:201FE0009A6A144842F480329A62FFF7A5FF48B1114B212200251A704FF47E720F4B1A60B5
:20200000284670BD04F50071094A536A5B05FCD5231F04F13C0053F8046F83421662FAD141
:2020200040348C42F1D1064B012283F8AD29E7E700002C40311C02000716012028F60120D1
:20204000A0CC0120362810B50BD802010A4B03EB00109B58C2685C68144206D011B1C3F80D
:20206000842010BDC3F88820FBE7836811B1034A1A60F6E7024AFBE79003002038F001004F
:202080003830010030B51224124B0201CC4003EB00109A5814F0010F5468D0E902350CD0C4
:2020A000012944EA050454600CBF382240F638021A60152243681A6030BD24EA0504022971
:2020C000546001D1044AF3E703290CBF034A044AEEE700BF9003002038F0010038300100E7
:2020E00038000100362800D8CCE7704738B545686C6823681A6863681A4215D02B680022CB
:2021000005211A612B7C2344187CFFF7EBFF6B7C234493F82400FFF7E5FFAB7C1C4494F8B2
:202120003800BDE83840DDE738BD30B50C4B4FF6FF750C4CA3F58051002208880231A8420C
:2021400003D00132994292B2F7D303F5805324F8022BB3F1C14FEDD1034B01221A7030BD22
:2021600000107C60CC440120CB440120114B0021114A30B5C3F8F0220122104D104CC3F8F1
:20218000F412C3F8B820C3F8A010C3F8A450C3F8B0205869C007FCD55A612078C007F0D4CA
:2021A0001A6842F001021A60024A1368DB07FCD462B630BD00802A400504012401000F0048
:2021C00000812A402DE9F0410D46144672B62F4B40F206412E4A9A610222DA610022C3F856
:2021E000A020C3F8F0120119C3F8F422C3F8F822C3F8FC224FF47022C3F8A4200122C3F897
:20220000B02020F01F02BFF34F8F4FF0E026C6F85C2F20329142FAD8BFF34F8FBFF36F8F68
:202220005A69D607FCD501221A4920F07F40174F5A61C3F8F01242F20121DFF85C80C3F836
:20224000F412A1B2C3F8BC2041F47021C3F8A000C3F8A410C3F8B0207B69DA0704D5412371
:202260007B61BDE8F04181E75906F5D5082C0BD83CB126462946A41B3544324640460BF00B
:20228000F5F940237B61E7E70826F3E700802A40F05AF05A3204180880812A4041F2BB030B
:2022A00098422DE9F0430446C3B0884630D8624B1B780BB9FFF739FFA5083F2304F003042C
:2022C0005E4FFF21B5FBF3F3C3EB831244EA8304AD1A05F5C02337F8152003F5F8635000F8
:2022E0001E0300EB03303346834214D341450FD0B2F5006F18D244EA0824022202A9ADF847
:202300000840FFF75FFF37F81530013327F8153043B0BDE8F08333F802CB5FFA8CFEA64544
:2023200008BF4FEA1C21DFE74FF48072FF2102A80CF016FB16F5805040F60103324628BF1A
:20234000012306EB4303944602329A4269D102AB03F8048072B63A4B3A4A9A610222DA6147
:2023600040F20642C3F8F0220022C3F8F422C3F8F822C3F8FC22C3F8A0204FF47022C3F86A
:20238000A4200122C3F8B020BFF34F8F06F12002314682428CBF012280224FF0E02006EBA7
:2023A0004212C0F85C1F20319142FAD1BFF34F8FBFF36F8F5A69D107FCD50121224A5961B3
:2023C000C3F8F022214A3240C3F8A0204FF47022C3F8A420C3F8B010194B5A69D207FCD538
:2023E0004FF00008012202ACC1465A61FFF7BEFE14F8013BFF2B0CD048EA0323022206EB96
:20240000490009F101090DF10601ADF80630FFF7D9FE08F10108B8F5807FE9D127F8159096
:2024200076E7BCF800100DF1080E9CF800C0090A0EF80C1087E700BFCB440120CC44012050
:2024400000802A40F05AF05A2004180800F0FF00030F072B01D103F00BBD0DF021B810B55F
:20246000044607490748FFF769F8A06808B1FFF7EFFF0023A3602375C4E9033310BD00BF4A
:2024800069FF0020000601200DF002B80DF008B80DF006B80DF004B80B46014618460FF0B0
:2024A000ADB90B46014618460FF0A8B90CF0F8BF0CF0F6BF0CF0F4BF0CF0F2BF074A506A95
:2024C000936A10B51C460146506A936A9C42F9D18142F7D1DB0B43EA404010BD00400D40BA
:2024E000084A08B5034610684BB1034406498B4206D90CF04FFA0C2303604FF0FF3008BDC4
:202500001360FCE75411012000002820002070474FF0FF3070474FF4005300204B60704783
:20252000012070474FF0FF30704730BFFDE71204816042F08002426001F58052C26001F59E
:20254000005210B50261012401F5405201F5804104604261C0E9061310BD836BF0B51BB1A8
:20256000536843F40043536072B6446B174B24B32260D3F8B0410C421CD1154E7768D3F8DD
:20258000404144F48044C3F84041D3F8B841D3F840516D0404D47568ED1BB5F5166FEED344
:2025A0000C4007D1C0E90224084CD4F8B0310B43C4F8B031426362B6F0BDC0E90224D3F838
:2025C000B0412143C3F8B0110263F3E700002E40001000E070B514490346144E01EB402113
:2025E00030880A460844BFF34F8F4FF0E024C4F85C2F20329042FAD8BFF34F8FBFF36F8F37
:202600000B484FF40035328800EB4310C4F88C51FFF78DFF10210246C4F88C510548FFF787
:202620009CFFC4F80C5170BD402E2120E056012060D601200002002070B5104C03464FF031
:20264000E0254FF4003604EB40140D482022C5F88C6100EB43102146FFF769FFBFF34F8FE5
:20266000C5F85C4FBFF34F8FBFF36F8F042102460448FFF772FFC5F80C6170BD402A212090
:20268000E0D60120000100204168C069C1F30E4110B4E1B943010F4AD35CC3B10E4A92F8ED
:2026A000C13002EB40040133A4F8CC10092B28BF0023D118DBB282F8C130D2F8403B81F86F
:2026C000C20020335DF8044BC2F8403B70475DF8044BB1E7402A2120A0CC01201549F8B5D6
:2026E00091F8C02091F8C100D3B282421FD00133114E092B28BF0023CA1892F8C20001EB04
:202700004005B5F8CC2002EB401401321F2A06EB0407345D01D87E7836B9DBB281F8C030DD
:20272000FFF78AFF2046F8BDA5F8CC20FAE74FF0FF34F7E7A0CC0120402A2120CEE738B56B
:20274000174D4022174C95F86C3105F5366004EB831400EB431000232146FFF7E8FEBFF3BA
:202760004F8F4FF0E02304F12002C3F8704F4034944201D9C3F8702FBFF34F8FBFF36F8FEA
:202780004FF4802102460848FFF7E7FE95F86C310133DBB20B2B88BF002385F86C3138BD48
:2027A000A0CC0120402B2120400100200A4B10B51B7883B1094CB4F86A3163B1012384F84E
:2027C000E03CFCF76BFFFFF7BAFF0023044AC2F8843084F8E03C10BD5C230120A0CC012060
:2027E00000002E40E2E708B5074B93F8E02C52B9B3F86A31013B9BB23E2B04D8FCF74EFF9D
:20280000BDE808409BE708BDA0CC0120084A0146D2F8403172B643F48043C2F84031486826
:20282000D2F8403162B613F4804FF3D0704700BF00002E40F8B50E4D0024012305F53667E1
:20284000264685F8E03C95F86C31B34205D03846FFF7DCFF030658BF4034013620370C2ED4
:20286000F1D1BFF34F8F0023204685F8E03CF8BDA0CC012070B5214D95F8E13C002B3BD12E
:20288000B5F8E22CC2B395F8E46C05F550601C4CB5F8801D00EB461004EB46248A1A21462A
:2028A000FFF745FEBFF34F8F04F1200204F50073934234BF012310234FF0E02204EB431327
:2028C000C2F8704F20349C42FAD1BFF34F8FBFF36F8F4FF4002102460A48FFF73EFE731C83
:2028E0000020042BA5F8E20C28BF034685F8E43CBDE87040FCF714BC70BD00BFA0CC0120A0
:2029000040362120C0010020054AB2F8823DB3F5917F3FBF591CA2F8821D024AD0547047DC
:20292000A0CC0120A943012070B54FF400324FF0E026134C0346C6F88C21124A04EB40245C
:20294000B2F8605E02F55A6021462A4600EB4310FFF7EDFD2544BFF34F8FC6F85C4F2034B3
:20296000A542FAD8BFF34F8FBFF36F8F082102460548FFF7F2FD4FF40033C6F80C3170BD1D
:20298000403E2120A0CC0120800100202DE9F347784DD5F84471F807C5F8447130D47906BF
:2029A00000F10B83F80104D5734BD3F8683E03B19847790709D56F4B6F4AD3F8843113F4AC
:2029C000007318BF012382F86C3E6A4BD3F848311A0640F10D833B0640F10A83664A92F852
:2029E000463F002B00F00083013BDBB282F8463F002B40F0F9820320FCF792FB0FF0A8FAD2
:202A0000D5F8AC31DFF88481002B60D1D5F8BC41002CC4D0C5F8BC41574DD5F86021144248
:202A200035D0D5F8306FC5F86031544BD5F8342F9E421CD1524B9A4219D195F8383FA92B00
:202A400040F0A98295F8393F452B40F0A48295F83A3FC22B40F09F8295F83B3F6B2B40F03F
:202A60009A820320FCF740FB502385F8463FB6B246F221439E420AD195F8383F012B06D1AE
:202A800095F8393F402B02D13E4B19221A70D5F8643E1C4083D0250CDFF8EC804FF00109CA
:202AA000002D40F07C82A4B2374E4FF00108002C3FF475AF94FAA4F5B5FA85F506EBC510FF
:202AC00008FA05F5FCF79EFB24EA0504EFE7C5F8AC312D4BD3E90A93D5F8402142F4005260
:202AE000C5F84021D5F840219204F5D5D5F8402122F40052C5F840214FF00112C5F8B42192
:202B0000D5F8B46116F00116FAD11FFA89F240F28161194C8A42C4F8606139D8B2F5D06F9E
:202B200080F01A82B2F5817F00F07D810AD8802A00F04381822A00F046814FF00113C5F841
:202B4000C03113E040F202318A4200F05981B2F5A06FF2D1324631463046FCF7F9FA4FEA99
:202B600019435B0643F08073C5F85431D5F8AC314AE700BF00002E40A0CC0120210900036E
:202B800001000400A415012000000020C0012E4040F621118A4200F0E48100F2E780B2F57E
:202BA000086F00F00081B2F5106FC6D1C9F30743CD4A314604F5366013704FF0CC134FF469
:202BC000C072C5F8C8314FF0C813C5F8CC31C5F8D031C64BC5F8D4310BF0C2FE4FF48072B8
:202BE000314604F5246084F86C61A4F86A610BF0B7FE1022314604F1CC000BF0B1FEBC4A67
:202C0000BC49BD4884F8C16084F8C060C4F8406BFCF736FD32464FF00151B848D4F8649E0D
:202C2000FCF72EFD30460136FFF706FD082EF9D1B34BC4F8683E0023C5F884304A23C5F8B2
:202C40008030D5F8483143F08073C5F84831AD4B2BB194F8443043F0010384F8443094F89B
:202C60006C3E002680220021002BA7480CBF4FF0400A4FF4007AA4F880ADA4F860AE0BF028
:202C80006FFEC0223146A14884F8E46CA4F8E26C0BF066FE4FEA0A419D4B9E4A41F000519A
:202CA0009D481E605E609E60DE601E615E6184F8866E019184F8876EC4F8886EFCF7E0FC85
:202CC000324601999548FCF7DBFC30460136FFF72BFE062EF9D14FF0000A94F86C3E802250
:202CE0008F4853458F4B514684F88CAE0CBF40264FF4007684F8E1AC1E80A4F8A4690BF009
:202D00002FFE8022514688480BF02AFE52463104864884F8E0A041F0005184F820AF84F87A
:202D200021AF0191FCF7ACFC814A01998148FCF7A7FC814A6F498148FCF7A2FC49F40013A5
:202D4000504643F01C03C4F8643EFFF743FC0120FFF740FC0220FFF73DFC0320FFF73AFC05
:202D6000002211461046FCF7F3F9FFE646F221418A4200F0078146F2A1718A427FF4DDAECE
:202D8000B3F5802FFFF4D9AE6D4B042104F6387084F8396F1B7884F8381F84F83A3F202321
:202DA00084F83B3F06E0504B01211B7884F8223F04F62270FCF70FFCD8E6022184F8226F92
:202DC00084F8236FF4E799B213F078037FF4B5AE01F07F020E0658F8222084F8223F84F8FA
:202DE000233F0AD512F4803F18BF01234FF00201544818BF84F8223FDCE712F0010FF3E791
:202E000013F0780F9AB27FF498AE02F07F0312F0800F58F8232014BF42F4803242F001029B
:202E200048F823209CE713F0780F9AB27FF485AE02F07F0312F0800F58F8232014BF22F48F
:202E4000803222F00102EBE7B9F5E06F22D13E4B324694F86C0EA3F191013C4C002808BF45
:202E6000194604F608700AF001FC072384F8093F374BF218BFF34F8F4FF0E021C1F8703FD8
:202E800020339A42FAD8BFF34F8FBFF36F8F304831468FE7324623E00C32516800293FF4BE
:202EA0004CAEB2F800C04846CC45F5D1B2F802C0B445F1D1060A032E4FEA13460CBF0A7802
:202EC0001289964228BF1646B9F5007FBCD1214B324694F86C0E03F19101002808BF1946C4
:202EE0001B480AF0C3FBC3E75C2301200200CC00214E02000000202000010020400100206C
:202F00007F4F020000000000A0D9012040DA01200EDB01207959020080010020C0010020AC
:202F200040DB0120E056012060D60120400200202F180200000200206D180200C002002071
:202F4000A4150120C2DB012085C52060383B2120404A2120F4C42060274AC9F30F499EB283
:202F60009BE7B3F5702F4FEA1341BFF4E6ADC4F8343FE923C4F8309F84F8383F012204F6DF
:202F80003870F0E6190C06297FF4D7ADC4F8309FC4F8343FF2E7012385F8473F67E595FAD3
:202FA000A5F6B6FA86F608EBC61009FA06F6403025EA0605FCF726F972E5104BD3F8AC219C
:202FC000C3F8AC21D3F8BC21C3F8BC21D3F8B021002AFBD14FF0FF31C3F8B411D3F8843128
:202FE000074BC3F8642EDDE402B0BDE8F04741E402B0BDE8F08700BF94AB002000002E4064
:20300000A0CC012072B6EFF30583634CC4F884301EF0040F0CBFEFF30882EFF309824FF06E
:20302000E023D3F8281DC4F88810D3F82C1DC4F88C10D3F8341DC4F89010D3F8383DC4F849
:2030400094309369C4F89830D369C4F89C30534BD3F880205207FBD5514AD3F88030D2F856
:20306000481FC3F30B234F4F07EE901A4E4EB8EE677A07EE903AD2F84C3FF8EEE77A06EE56
:20308000903A02F5756302F65472F8EE666A92ED006A77EEE67AD3ED006A67EEA67AC7EE21
:2030A000866A77EE667AC4ED287AFFF707FA0B233E4AC4F8A400C4F8803010464FF0FF3348
:2030C0001168202504324B4003F00101013D07FB01F181EA5303F7D1B242F1D1C4F8A83077
:2030E000BFF34F8F4FF0E023314AC3F8700FC3F8702FBFF34F8FBFF36F8F2E4A2E4CD36E7C
:203100002E4843F44053D36602232360D36923F07F0343F04003D361294B1B68834201D97D
:20312000FBF740FE002301264FF0FF322360C4F80831244BC4F800314FF0E023C4F808616A
:203140001D4CC3F88021C3F88421C3F88821C3F88C21C3F89021D4F80C3123B10135C4F843
:203160000C614F2D02D8FFF711FCF4E7164B02221649C3F840214FF00042154B15485A63B3
:203180000D4AD2F80C312BB14FF0E023124AC3F80C2DFEE70863F4E700FF272000810D4024
:2031A000A0CC01202083B8EDA8FF272080FF2720A0FF272000C00F4000400840803DCD0B74
:2031C000D0050120009F240000002E4000800F4000900D40F100AD0B0400FA05FFF712BFA9
:2031E00042681449C2F30E42C069B1F8603E9B1A4FF6FC72134030B419D091F8862E002569
:2032000001EB40040132A4F86E3E072AA4F87A5E28BF2A468C18D2B281F8862ED1F8882E33
:2032200084F8580F134430BCC1F8883E704730BCFFF77ABBA0CC0120F8B5284C94F844504D
:203240000DB394F85F3FF3B90123E90784F85F3F04D500F081FA08B1AFF30080AA0725D4E1
:20326000002384F85F3F6B070DD5D4F8603F53B1EFF305833BB9EFF3108372B6D4F8600F18
:20328000B0B903B962B6F8BD04EB83035F6A3B6838461B69984710B17B699B6898470136BC
:2032A00094F82020F3B29A42EED8D9E70026F7E794F8641F0029E4D1012284F8642F42696D
:2032C000C4F8602F02B1916103B962B6002583684577984784F8645FD5E700BFA0CC012038
:2032E00038B5D0E904530446DA681B6912681A4202D138BDFFF7A0FF94F8443003F0FF019B
:20330000002BF7D1A9616269207E0E4B02EB0010007D03EB0010456805202860657E02EB4C
:20332000051292F8342003EB02135B681860A36DA4F84A10A4F84C10002BDAD0E26DC3F87D
:203340008420D6E79003002010B5044694F8443003B910BDFFF770FFF8E7F8B5036D044616
:203360000F46066913B1426DC3F88420A37E2BB172B6B36943F00053B36162B6B4F8465082
:20338000636BADB201359D4228BF0025B4F848309BB2AB4211D0E36A9D424ED2E3695F5554
:2033A00072B60120ADB284F84400A4F84650B36943F40003B36162B6F8BDEFF31383002B99
:2033C0002ED1EFF310826AB9EFF3058129B30F2901D91C4B5A5CEFF3118313B19A4228BFE7
:2033E0001A4613466269B2F856209A421FDB73691B02CBD5B4F84830626B9BB20133934273
:2034000028BF0023E26A9A420DD9E269D25CD2B29BB2F261A4F84830B8E74FF48072DAE74E
:203420004FF0FF33DEE79A1AA16A8A5CEFE7B3F5807FABD1FFF700FFA8E7EB1AA26AD754F8
:20344000AEE700BFF0E300E02DE9F84F274B054688461B78012B04D000273846AF60BDE891
:20346000F88F0023DFF89090214E4FF40072D9F800A000F510774380C36096F8213FDFF8EF
:203480007CB0DCB282809BF8003053B396F8E0309C4208D1D9F80030A3EB0A03984523D9DD
:2034A000FFF7CAFEEFE7631C12493846052B28BF0023F21892F8E18006EB8302DBB2D2F824
:2034C000E84001EB482186F8213F22460AF0CEF84046FFF77FF8A4B22C80002CBCD001209B
:2034E000BCE74FF0FF34F6E70024F4E7A4150120A0CC0120402E21204C4501205C23012073
:20350000424B30B51C6889B0002C5AD000212046FFF79AFF002854D02588A5F10C03142B33
:2035200070D82022002168460BF01AFA2A46A16868460AF09BF800232380A360029BC4F84D
:203540004434BDF80430012B59D1BDF8063041F2050293420CD8B3F5805F11D9A3F58053FA
:20356000013B042B0CD8DFE803F00E2E0B3A3F0041F2140293422DD049F60102934239D047
:2035800042F2190003E069462046FDF783FE03230C25ADF8060004F14002ADF804301C4BF8
:2035A0000095B3F8A439A261A3820023E3616B4603CB2064616418682561A064204607F030
:2035C0005AFF09B030BD04F25C40FDF7B9FC42F20100DCE769462046FDF724FED7E7694621
:2035E0002046FDF74DFDD2E7002269462046FDF7D3FFCCE769462046FDF789FDC7E74FF43E
:203600000050C4E700232380A360DAE7DC560120A0CC012038B50546FEF7CDF90446FEF713
:20362000CAF9001BB0F57A7F02D2FFF705FEF6E7013D02D004F57A74F1E738BD2DE9F04753
:20364000404D80462B78002B6CD03F4C0123DFF8049194F8E46C04F55067D9F800A007EB03
:20366000461784F8E13CB4F8E23C5BB93846FFF7CDF810F080004CD1B4F8803D84F88C0E21
:20368000A4F8E23CB4F8E23C94F8E45CB4F8802D2E496802A2EB030C043B01EB45259BB222
:2036A0006544A4F8E23CC5F8008C002B46D101F540610D1838462946FEF739FFBFF34F8FB6
:2036C00005F1200205F50073934234BF012310234FF0E02205EB4313C2F8705F20359D4202
:2036E000FAD1BFF34F8FBFF36F8F013618483A464FF40021FEF731FF042E4FF0000028BFC7
:20370000002684F8E46CFBF70BFD002384F8E13C08E0D9F80030A3EB0A03282B04D9012329
:2037200084F88C3EBDE8F08794F88C3E002BF9D12B78002BF6D0FFF77FFD94E70020FBF749
:20374000D3FCE2E75C230120A0CC0120402A2120C00100204C45012008B5064B93F8C020ED
:2037600093F8C1309A4203D1FFF766FD002008BD0120FCE7A0CC0120EEE72DE9F74F394C98
:2037800007460D464FF0000804F5366ADFF8E490002D4BD094F86C614FF0000B01230AEB5A
:2037A0004616594684F8E03CB4F86A2172B93046CDE90012FFF72AF810F08000DDE9001266
:2037C00023D1402384F8650FA4F86A31B4F86A6194F86C21C6F140032348AE4203EB821303
:2037E00018442FD832463946AD1BB0443744002609F03CFFA4F86A61FEF7A1FF1B4BC3F8C1
:203800008460002384F8E03CC2E784F8E02C09B9D9F800B094F8652F42B9D9F80020A2EBFC
:203820000B02322A06D9012384F8653F404603B0BDE8F08F0E4B1A78002AF7D0FFF7FCFCD5
:203840000121B1E72A46394609F010FF761B074B4FF04042A844A4F86A610025C3F884203C
:20386000CFE700BFA0CC0120402B212000002E405C2301204C4501202DE9F0410C4F0546ED
:20388000DFF83080C7F8680FFEF795F80646A847044628B900232046C7F8683FBDE8F0817E
:2038A000FEF789F8801B4045F4D8FFF7C5FCEEE7A0CC012040420F0008B50948FFF7DCFF1D
:2038C00060B9084BD3F86421920706D5D3F86421054B1A420CBF0120002008BD0020FCE7E8
:2038E000111C0200A0CC012000007F11C3B203EB832383EA9312C0F30723134403EB832399
:2039000083EA9312C0F30743134403EB832383EA931303EB106000EB802080EA901000EBBC
:20392000C00080EAD02000EBC0307047014608B5FFF7DCFF0B681844FFF7D8FF4B6818445B
:20394000BDE80840D2E7030F072B2DE9F04F044685B00D4602D0002840F0CD8002F09AF95A
:20396000064640B90BF016F8354616230360284605B0BDE8F08F2CB9284605B0BDE8F04FAF
:2039800002F0F8B91DB9204602F072FAEFE7A4F10C08404602F0AAF918B921465848FBF786
:2039A00075FB54E903A6DFF85891B54238D8D9F8083067192BB1AAEB0502002138460AF050
:2039C000CFFF0021A019A15141608160D9F8083023B1AAEB06020C300AF0C2FF0C23B5FB7B
:2039E000F3F203FB1251C9B102FB0333404644E90335FFF79BFF002144F8040CFFF776FF81
:203A0000785004310C29F9D1FF2107F10C0054E90323D21A25460AF0A3FFA8E72B46E5E764
:203A200055451DD8D9F8083023B10023A219A3515360936044F8085C4046FFF777FF2544A7
:203A4000002144F8040CFFF751FF685004310C29F9D1FF2105F10C0054E90323D21AD9E796
:203A60000C2305F10C01D9F800200191BAFBF3F703FB0787D9F80430B91A99420BD3284667
:203A800002F078F9054600283FF471AF3246214609F0ECFD77E73846A7EB080BCDE90223E0
:203AA00002F024F901460028E9D1019B9B45DDE902231ED3D9F80830ABF10C074BB1A01909
:203AC000A151AAEB060241600C3040F8041C0AF047FF404644E90375FFF728FF2544002110
:203AE00044F8040CFFF702FF685004310C29F9D1AFE70C37C0E705B0BDE8F04F0DF0DABEE9
:203B0000F0F501202DE9F341C568044603698846154416469D4226D98068A8B9284602F068
:203B200029F910B928460BF0B3FC2B460246A06013491448FDF702FDA3689BB94FF0FF364B
:203B4000304602B0BDE8F0812946FFF7FCFE07460246A3680C490B480095FDF7EFFC002FDD
:203B6000ECD0A760256136B132464146D4E90203184409F07BFDE3683344E360E0E700BFFC
:203B800081FF00200006012095FF002038B504468068154608B9002038BD1146FFF7D3FE3C
:203BA0000028F8D0A06001202561F5E738B50C46C9B20546FBF740FB28B1210A2846BDE849
:203BC0003840FBF739BB38BDF0B5044687B00E46154600214FF40072406A0AF0C1FE206AFA
:203BE00010B12049DDF769F8636A03AAE0690393236AE168049300230131ADF814306B09EE
:203C0000ADF81630036800926A1EDF6A164BB84710B9002007B0F0BD206A10B11349DDF7C3
:203C20004CF8F822636A102E4FF0FF001A704FF001030CBF04220C22616AC85401339A42FA
:203C4000FAD1E069626A0368E1685B6A98470028DFD0E069626A0368D4E902155B6A2944CF
:203C60009847D7E7D9F50020812402003CF6002038B5436A4FF40075044600212A46184635
:203C80000AF06EFEEB22A0F80B50027076224270902282704FF02032C0F80320C0F8072013
:203CA00094F82B204273228DC28102220274F82242752269C261A26902624AF65522A0F8AF
:203CC000FE2138BD70B504464FF400720021406A0AF046FE656A2269216805F2BF10FBF708
:203CE00033FCA369226905F2C31021681A44013AFBF72AFC94F82A30002185F8C2312369F7
:203D0000E069C5F8C631A369626AC5F8CA314AF65523A5F8FE310368BDE870405B6A1847AE
:203D2000704738B5857C044675B9D0E902124068DDF710FA2946207CFEF784F9FF216068AE
:203D400007F08EFB0123A37438BD837C13B504466BB10121007CFEF775F96068FF2101900C
:203D600007F07EFB0198F3F76DFC0023A37402B010BD2DE9F0411E460368044617461B6EE8
:203D80009847A8B92046FFF7E0FF0020BDE8F081DB6D204698470028F4D00135B54207EBDA
:203DA00045212368F4D120465B6EBDE8F04118470025F3E72DE9F0411F46036804460D4636
:203DC0001B6E1646DDF81880984798B12E44B54205D1236820465B6EBDE8F04118474146B4
:203DE0002846B847236801462046DB6D013598470028ECD12046FFF7A8FF0020BDE8F081A3
:203E00007047074BC3F8CC01C3F8D001C3F8BC01C3F8C001C3F8C401C3F8C801704700BF17
:203E200000801F4038B5044616480D46FEF784F818BB154BA1029D6007D59A6C22F0FF0282
:203E40009A64E2B2996C0A439A6424F0FF040E4D0E48EC60FEF770F878B92A6B0C4BC3F837
:203E60006421D3F864212A63D3F86421D20704D5D3F8643113F4702F01D0002038BD0120D1
:203E8000FCE700BFD51B020000002C40E51B0200A0CC012008B5044B04481968FFF7C2FF03
:203EA00008B1034B186908BD30F6012000001A0D00002C4008B5FFF7EDFF80F48070C0F325
:203EC000002008BD037A13F0010F0B4B07D0D3F8683F03B11847094B187858B1EAE793F872
:203EE000AD390BB1FBF7E2BA054B586A80F08070C0F30060704700BFA0CC012024F60120CF
:203F000000002C40C6E7F8B51D46930707460C46164600D145B9184B25221A7040F2F512A7
:203F2000164B1A600020F8BD1548FFF7A5FC30B1114B0A221A704FF4FC72104BF1E7114BAA
:203F40000122114983F86821C3F864010F4B0E6003EA054343F400734B600D4B8B630D4BD0
:203F60001B7803B9640221463846FFF75BFF0028D8D0BDE8F8409FE40716012028F60120AA
:203F80004D660200A0CC012000002C400000FF1F02007F1125F60120F8B50746007A0C46C1
:203FA0001546C0071E460ED40E44B44210D03B682A46214638461B69013405F50075984772
:203FC0000028F2D10DE0900711D00E44B44201D1012007E03B682A46214638461B69984714
:203FE00008B90020F8BD013405F50075EEE70648FFF789FF0028EBD1044B0C221A7040F2C9
:20400000A132034B1A60EDE737003A120716012028F60120F0B5057AADF5017D04460F464E
:2040200015F0010516461BD0930706D031466E464FF40072684609F019FB01233246394608
:204040001A48FFF760FF054630B9194B0D221A7040F21142174B1A6028460DF5017DF0BD5C
:20406000FDF77CFF0028F7D0637A022B02D16368BB420FD0236820461B6A98470028EBD026
:204080002368394620461B6E98470028E4D0022367606372236831462046DB6D98470028F4
:2040A000DAD06368054601336360D5E701003A180716012028F60120F8B50746007A0C46F7
:2040C0001546C0071E460ED40E44B44210D03B682A46214638465B6A013405F50075984710
:2040E0000028F2D10DE0900711D00E44B44201D1012007E03B682A46214638465B6A9847B2
:2041000008B90020F8BD013405F50075EEE70648FFF7F9FE0028EBD1044B0E221A7040F236
:204120003D42034B1A60EDE727003A190716012028F6012038B51546284A937A13F040045F
:2041400012D103F03F03D27A5B0043EAD2136A1C0A43134208D0224B27221A7040F20232E8
:20416000204B1A60204638BD1F4B1B780BB949026D021E48FFF756FE044630B9184B0F220D
:204180001A7040F20A32174BEBE729461848FFF749FE044630B9124B10221A7040F20D322A
:2041A000104BDEE700211348FFF73CFE044630B90B4B11221A704FF444720A4BD1E70E4891
:2041C000FDF7BAFE0028CDD0054B282200241A7040F21332034B1A60C4E700BF34F6012032
:2041E0000716012028F6012025F6012000001A2000001A2100001B264D6602002DE9F04154
:20420000057AADF5007D06460F4615F00105144620D095074FF0010353480CBF16466E46B5
:204220003246FFF770FE054638B9504B0B221A704FF45D724E4B1A6007E0A64205D04FF408
:2042400000726946204609F011FA28460DF5007DBDE8F081FDF782FE80460028F5D0737ABC
:20426000012B02D17368BB4223D0336830461B6A98470028E9D03F48FFF7FEFA30B13B4B42
:204280000A221A7040F2B132394BD4E73A4B9A6A42F480329A624FF400725A60374B1B7823
:2042A00023BB79023648FFF7BDFD08B3012377607372314B5A6A90050DD49A6A22F480325A
:2042C0009A6272B69A6A42F400329A629A6A42F480329A6262B62B48FDF72EFE88B1234B18
:2042E0001A221A7040F25632214BA4E73946D9E71E4B0C221A7040F2BD321D4B00251A60BF
:20430000A3E704F500721C4F7B6A1905FCD5231F04F13C01386A43F8040F8B42FAD14034F9
:20432000A242F1D11848FDF707FE30B10F4B1D221A7040F261320E4BE0E73A6B134BC3F8D7
:204340006421D3F864213A63D3F8642192077FF57CAFD3F864210E4B1A4201BF7368454638
:204360000133736071E700BF11003A110716012028F601204D66020000002C4025F60120E9
:2043800030003A121D1C0200451C0200A0CC012000007F1170B50546FDF7E0FD0446A8B102
:2043A0006B7A9BB10026114A11486E723146936A23F480339362FFF735FD48B90D4B092233
:2043C00004461A7040F2D3320B4B1A60204670BD0A48FFF751FA0028F8D0064B0A223446F5
:2043E0001A7040F2D732044B1A60EFE700002C400000DB0C0716012028F60120FD1B02006F
:2044000010B514480C46FFF737FA40B1124B0A2200201A7040F24B42104B1A6010BD104B22
:204420009A6A22F480329A624FF400725A600D4B1B7803B9640221460B48FFF7F3FC002871
:20444000ECD1054B0E221A7040F25742034B1A60E4E700BF4D6602000716012028F6012046
:2044600000002C4025F6012020003A1938B5174C00211748A36A23F48033A362FFF7D2FCB1
:20448000054640B9134B09221A7040F23D22124B1A60284638BD1148FFF7EEF940B10D4B7B
:2044A0000A2200251A704FF410720B4B1A60F0E7636A9B07EDD5616BA36AE26A23F4803395
:2044C00042F08062E2626163A362E2E700002C400000DB0C0716012028F60120FD1B020008
:2044E00038B5044618480D46FDF726FD40B1174B0A2200201A704FF4CC72154B1A6038BD42
:20450000144B0122214683F86821C3F86401124A124B13481D605A60124A9A63FFF782FC76
:2045200038B90A4B04221A7040F29F12084B1A60E5E7FFF7C1F90028E1D1044B25221A705F
:204540004FF4D172024BF2E74D6602000716012028F60120A0CC01204000010000002C4043
:2045600011003A0602007F11134B30B50C4685B01968FFF757FCE8B1104B04F10F051A6944
:2045800000925A6901929A690292DB690393002323F0030203F0030101331032C9000F2B17
:2045A0006A4452F8102C22FA01F205F8012DEFD10023E37305B030BD30F6012000002C40FF
:2045C0004FF47A7358431E4B5A6AA3F51033D3F800110623C2F3C22201F03F010132B1FB5A
:2045E000F3F1184BB3FBF1F30921B3FBF2F3012230B51401B3FBF4F4844201D9013902D1C5
:204600001446012102E05200F3E70131B3FBF4F5854202D910291444F7D10B480139520865
:20462000C36A23F47F2323F47F6343EA011343EA022343F46023C362436A1B07FCD530BD9C
:2046400000C00F4000EC695E00002C40704708B5002047F2B802FFF7D4FB41F2B801074BA2
:20466000C3F8BC23C3F8C023C3F8AC23C3F8B013C3F8B423C3F8B82308BD00BF00801F406F
:204680002E4B0520D3F8002142F0800210B5C3F80021D3F800212A4C22F03F02C3F80021AA
:2046A000D3F8002142F01802C3F80021D3F8002122F08002C3F8002103F51033D3F88020E4
:2046C00042F00C02C3F880205A6A22F460525A62DA6942F48032DA615A6A42F400625A6279
:2046E000FFF78FFBA36C43F00043A364E36A43F0807343F40043E362E36ADA01FCD44FF441
:20470000C870FFF75DFFFFF7A2FF0E4B0E4A63630E4BC3F8F8210E4B602283F86E204FF0B1
:20472000E0234FF48042C3F80C21E36A044A43F00063E362D36A1B01FCD410BD00800D4050
:2047400000002C400B007F11A91B02000018012000E400E00368FF221B685A66DA6D12F473
:20476000F81FFBD0586FC0B2704770B5C37C0446012B10D0867C0EB9FFF7D3FA201DFFF7EE
:20478000E9FFB0F1FF0518BF012516B92046FFF7DCFA284670BD0025FBE7F7B5184F04468F
:2047A0001346061D3D6805F59675ADB230460193FFF7D0FFFF28019B207514D0FE281DD155
:2047C0006068FF2280F83C200A460021F4F7A8FA002330462375FFF7BDFF3046FFF7BAFF16
:2047E000012003B0F0BD3A68AA1A1204DED51D2320466374FFF7A9FA0020F2E71823F7E7E1
:204800004C45012038B5094D041D2B68194489B22046FFF79FFFFF2801D1012038BD2B68BB
:20482000CB1A1B04F4D50020F8E700BF4C45012003682DE9F3411B6A044601920D469847F2
:2048400000283AD0A37C13B92046FFF76AFA0C2D2AD1606845F04001271D032600900DF10E
:20486000040806F0FDFD009818F80610013E009006F0F6FD721C0098F6D1002D0CBF95212B
:20488000872106F0EDFD0A213846FFF763FF3846FFF760FF0306207503D5013989B20029A8
:2048A000F5D102B0BDE8F0814FF496712046FFF7A9FF0028CDD1002DCBD0FF20F1E770B572
:2048C00000220D463A210446FFF7B2FF30B1122320466374FFF739FA002070BD291D261DC5
:2048E0003046FFF737FF01F8010DA942F8D12046FFF72BFA0120F0E738B51546002204462E
:20490000FFF796FF30B11B23637420460025FFF71CFA0AE0294610222046FFF73EFF054610
:204920000028F2D02046FFF710FA284638BD0A460921E1E7036870B59B6D0D4604461646F1
:20494000984703284FF01101204618BF6D022A46FFF76EFF30B10B23637420460025FFF716
:20496000F4F90BE04FF4007231462046FFF715FF05460028F1D02046FFF7E7F9284670BDB8
:2049800038B503680D4604469B6D984703284FF01201204618BF6D022A46FFF749FF30B183
:2049A0000C2320466374FFF7D0F9002038BD0120E074FBE738B500240C2105462246C47437
:2049C000FFF736FF30B1092328466B74FFF7BDF9204638BD2846FFF7B8F90120F9E7F8B588
:2049E000044617461E46FFF7CBFF88B90020F8BD4FF400722046FFF7D0FE0028F6D00135D3
:204A0000AE4207EB4521F3D12046BDE8F840D1E70025F5E72DE9F84306460C4617461D46DF
:204A2000DDE90889FFF7ACFF98B12544AC4203D13046BDE8F843BDE74FF400723946304666
:204A4000FFF7ABFE28B120464A4639460134C047ECE70020BDE8F883C27C022A02D1036872
:204A60005B6E1847012A00D1A4E701207047F8B51E46C37C04460D46012B174602D183697A
:204A80008B4207D029462046FFF77AFF08B90020F8BDA5610025B54207EB452109D1A36938
:204AA000207F2B44A3610028F2D12046BDE8F84080E74FF400722046FFF76FFE0028E6D0F3
:204AC0000135E8E72DE9F0471E46C37C04460D46012B1746DDE9089A02D183698B4208D0EF
:204AE00029462046FFF74CFF10B90020BDE8F087A56105EB0608454509D1A369207F334411
:204B0000A3610028F2D12046BDE8F04752E74FF4007239462046FFF740FE0028E5D0284612
:204B2000524639460135C847E5E738B503680D4604469B6D984703284FF01901204618BFB0
:204B40006D022A46FFF774FE30B10E2320466374FFF7FBF8002038BD02230120E374FAE743
:204B60007FB503680E4669460446DB6C1546984780B19DF80A305A0611D403F03F039DF8B9
:204B80000B205B0043EAD2136A1C3243134206D02723637420460025FFF7D7F826E0637D00
:204BA00020212046032B1CBF76026D023246FFF73FFE08B12623ECE72A4621212046FFF7D0
:204BC00037FE02460028F5D126212046FFF730FE0028EFD142F210712046FFF713FE054644
:204BE00008B92823D5E72046FFF7AFF8284604B070BD38B54FF416710446FFF703FE054658
:204C000030B91E2320466374FFF79FF8284638BDFD21606806F024FC2046FFF796F8002334
:204C2000E374F3E737B5154604464068019006F017FC294625464FF4007300220198F4F73A
:204C40006FF855F8040FFF21019006F009FC0198FF2106F005FC2846FFF77CFD207500F0CF
:204C60001F00052807D0202320466374FFF76DF8002003B030BD0120FBE713B501914FF4D6
:204C800016710446FFF7BEFD019A30B9242363742046FFF75AF8002005E0FC212046FFF7C4
:204CA000C1FF0028F4D002B010BD036870B59B6D0D4604461646984703284FF01801204670
:204CC00018BF6D022A46FFF7B3FD30B10D23637420460025FFF739F80AE03246FE212046F7
:204CE000FFF7A0FF05460028F2D02046FFF72DF8284670BD10B4047F34B103689C6A01230D
:204D0000A4465DF8044B60475DF8044BCDE710B50446DCF726FB204610BD70B5044686B02B
:204D20000E46154815490025DBF7D7FF18200AF0AFFB134B0146456003600123056103750C
:204D4000C0E9025501A8DCF719FB01A9301DF2F704FB01A8DCF73AFB4FF47A732573A36068
:204D6000084B656023607369236113B15A6801325A60204606B070BD00060120AEFF002088
:204D80002CAC00205C0B00200023074AC0E90133D2F88C3913B9C2F88C0970471A465B68BF
:204DA000002BFBD150607047A0CC012001461F4A00F5407001F5F07370B501F558741D4610
:204DC0006033A34229D101F5986484422AD1184B0846D3F89829C3F898490023C1F8C02415
:204DE000A1F84A30A1F84C30BDE87040C1E96033C1E96233C1E96433C1E96633C1E96833F1
:204E0000C1E96A33C1E96C33C1E96E33C1E97033C1E97233C1E90333B6E7166843F8606C19
:204E20001560CCE7FBF748F84030CEE700480120A0CC01202DE9804897B0B84EDDF755F9B0
:204E40004FF0000A0123B64ADFF814B31370CDF80CA086F86C3F86F86D3FFBF711F8B14B09
:204E60001B6833B396F86C3F1BB3DBF8082CDBF80C3C9B1A02331CD0DBF8083C03F00103BC
:204E800003F540735BF8230098B102F0C4FBA64B1A78022A40F0878001200DF091F8002347
:204EA000A04A1360A14AD2F800A0A14A136002F063FE96F86D3F1BB19E4B1868DCF718FA3B
:204EC000F1F74CFD984B994D1B78022B40F00F8200200DF075F810B90123934A13702B68ED
:204EE000A3EB0A03012B82BF8E4B01221A6004F079FCD6F8703FDB0706D4FCF75CFD012322
:204F0000C6F8740FC6F8703F02F02FFF78B1FEF723FC00280BDDFDF7E1FBFEF71DFC002870
:204F2000F9DC01238BF8103C0023C6F8783F9BF8113C002B91D0FCF73EFDD6F8743FC01A1C
:204F400040F2B633984288D9FCF735FDD6F8784F794BDFF810821C44784DC6F8740F04F1B9
:204F6000200714F8019BB9F10F0F03D841462846DBF7B2FE10224946284602F009FFD6F851
:204F8000783F0133B3F5806FC6F8783FC0F01E836A48FCF7ADFAFDF709FC0023C6F8783FEC
:204FA0008BF8113C59E7039BC3F30801644B19B94FF0FF30C3E901010793012A614B5B68B3
:204FC00008935C4BD3F800A040F08B815E4B986928B9DAF800301B6A504698472EE05A4BAE
:204FE0000024534D02275B690293DCF737F90490F0F767FF10210498F1F7D1FF230104F1E9
:20500000410001340233C0B2C5E9013701F030FE082CF3D10298F1F72FF84B490EA84A4DEC
:20502000F1F786F909A8DCF731FA029B03EB8303DBB20593DDE913239A4252DD434B1B78FC
:20504000002B47D000210A2380220B24084605F0DBF92C2309220A21002005F0D5F92C2301
:2050600009220A21772005F0CFF90A2380223621002005F0C9F92C236E220A21092005F061
:20508000ADFB04F00303214676220A200333009323460134DBF79DFD362CF2D12C4A0121B5
:2050A0000C20DBF755FDBAF8043045F25312934208D044F65302934204D044F238329342C4
:2050C00040F013812348DBF753FD234A38210120DBF73EFD039B07A80133039306F096FDEB
:2050E000DDE609A90EA8F0F787FE059B1827C4B203EB00085FFA88F30493049AAB6953F866
:205100002290164B07FB0237042C00F2D180DFE814F04E00CF00DD002B00C000A0CC012091
:205120002843012018110120AC0F01206C230120E43001202C430120D43E012000060120EE
:205140001CF40120001000E03C330120B0360120CBFF0020D6C50020D3FF00209407002045
:20516000D43601202FE60020029A2224B04B0B9904FB02340A98AF4B023194F8C9210D3097
:2051800003EBC203082205F0B9F994F8C93133B93B464A46A84909A801F0C8FD4AE7A64990
:2051A00009A8DCF77AF909A8DCF738FA42E70A9B5A220B990233DFF89C8202311846C8E9E8
:2051C000013100929D4A01F05FFD0B9B0D9A02330499C8E901231823994A03FB0128D8F8CE
:2051E0001030002B49D053F8290001F05FFD9DF825302BB13B464A46DDE90B10F1F7A1FE2B
:205200009DF82430002BCED09DF82530002BCAD10A9F08230B99422207F11A08023140467D
:20522000049105F0F1F8D5F8C0220499B2F17C6F4FEA925325D33F3B0624D5F8BC22B3FB0E
:20524000F4F494420DDA6FF00500D5F8B82200FB04304223224400934346181A01F014FD54
:2052600004990B34D5F8BC329C429CDA754B052207F15C0005F042F995E7484601F02EFDB2
:20528000B5E742234046049100934346D5F8B822E4E72223029A03FB025393F8C9319BB957
:2052A0006A691821684B01FB023393F87C362BB13A46494609A8DCF7FFF8BBE6634AF968AC
:2052C00009A806F0F1FAB5E6614AF8E70B9B0A9A0233604902326048C1E9012305F048FC0C
:2052E00061E7DAF800305B6A76E65C48EBE6DFF884914F4CD9F80080D5F80421D5F80831FE
:205300009A4222D00EA802F095F995F860301BB19DF83830042BEFD0BDF83A0005F04BFF87
:2053200007460028E8D101234D4ABDF83E1013609DF838209A4269D1BDF83A30082B27D1C1
:2053400011F0110F62D085F86220464B3C211A68D5F81031D21A6B684B439A4240F21C8185
:2053600095F86140002C40F01781012385F860303D4B1B78A3423FF4B2AD002C40F01E814D
:205380000221D9F80000DBF7A1FF374B1C70A6E5042B30D111F0110F029337D0D8F8002031
:2053A0004046D26B9047F0B108F1100239462F48A2614FF4277209F0D3FAD8F800202B49A8
:2053C0004046526B9047029BA52239461B4867602770C4E902374FF0FF33636109F0C0FA41
:2053E000384602F057F9224B00221A70B5F85C30A5F85E3080E7012B08D1C90606D585F8DD
:205400006030B5F85C30A5F85E309EE7A369002B3DD1022AD8F800302ED0052A06D0012A74
:205420009B6A2AD10EA94046984765E7DB6AF9E73C33012084AC00206B36012008360120DE
:2054400094070020A4AC002000012020C2FF0020C7FF0020E43001204A360120CFFF002055
:20546000181101204C450120AC0F012058330120B03601202C4301209B6A0EA940469847F0
:20548000BDF83E30534AC3F30013137034E7022A3BD1BDF83A30042B3FF42EAF082B07D045
:2054A0000022012BA2617FF427AF85F860304CE7E368032B0DD0042B14D0237883F0010397
:2054C00023700023C4F8C032434B1B68C4F8C83212E76369222202FB034393F8C931002BA5
:2054E000EBD009E76269222303FB024393F8C931002B7FF401AF394B182101FB023393F862
:205500007C36002B3FF4F8AED7E7052A7FF4F4AEBDF83A20B2F5807F24D0B2F5007F7FF491
:20552000EBAE2278E768BDF93C103AB36269049302EB82021744FFB2272F53F827203FF6FE
:20554000DBAE4FF0180C2648114402920CFB0700DBF75DFF029A82423FF4CEAE049B43F8E3
:205560002700C9E66369BDF93C00184480F3030083423FF4C1AE02F08DF8BDE62046F0F7F7
:2055800010FCE3689F423FF4B7AE002B7FF4B4AE144802F063F8AFE695F8603053B995F847
:2055A00062204AB1B5F85C20022485F86230A5F85E20DDE60024DBE60124D9E60BB9032181
:2055C000DFE6022C7FF4E1AE0021DAE6BC427FF4C8AC42E4B0360120E03001200001202071
:2055E000940700200C36012030BFFDE7214A052110B5144613689B88834238D053689B88C1
:20560000834208D1131D1C4A93421ED0181B801010BD1A46EEE793689B88834202D102F125
:205620000803F0E7D3689B88834202D102F10C03E9E7013902F11003EBD10F49C91A082958
:205640000BD00C2903D004290CD01720E0E7116989888142D7D002F114031A689288824201
:20566000D1D004331A6892888242EED1CBE71346C9E700BFA8A9012004AA01201549CA68E8
:2056800070B50244D1E90145A24212DBAA42A8BF2A462E1B0B69CA60042E034412DD002894
:2056A00009DA012B03DC9442ACBF002301230B6170BD2246EDE7022BF9DDAA42B4BF032317
:2056C0000423F4E7002B03DBB342A8BF3346EEE70023ECE754F6012010B5674C236813B1ED
:2056E00004F17400984794F87530DF2B0AD8B02B7AD04DD8902B65D0A02B00F08B80802B9A
:2057000054D010BDE03B1F2BFBD801A252F823F0857F02009B7E02009B7E02009B7E020009
:205720009B7E02009B7E02009B7E02009B7E02009B7E02009B7E02009B7E02009B7E020091
:205740009B7E02009B7E02009B7E02009B7E0200B57F0200CF7F0200E17F02000380020070
:205760009B7E02009B7E0200078002009B7E0200617F0200717F02006D7F0200757F020097
:20578000797F02009B7E02007D7F02000B800200C02B41D0D02BB4D1E369002BB1D094F869
:2057A000761094F87400BDE810401847A368002BA7D094F8772094F8761094F87400BDE888
:2057C00010401847E368F2E7A36B002B99D0BDE810401847E36BF8E7236CF6E7636CF4E7BD
:2057E000A36CF2E7E36CF0E76369E0E7226A002A87D094F8771094F87630C90194F87400EC
:2058000003F07F0301F47E511943BDE81040A1F5005110472369CAE7A369BEE7636A002BDA
:205820003FF46FAFB4F8761014488029BDE8104028BF80211847A36A002B3FF462AF94F8FC
:205840007600BDE810401847E26A002A3FF459AF94F8773094F87600DB0100F07F0003F456
:205860007E53BDE8104018431047236BE4E7636BABE7236DA9E700BF54460120CC4601202A
:20588000044B03EB8000D0F8A00410B103689B6918477047A0080120096910B5044629B175
:2058A0000B680022DB6B9847204610BD4FF47A73416001738360024B01610360F4E700BF27
:2058C0005C0B00202DE9F74F002604460D46DFF898808660C0E90066D8F800702846D9F7C0
:2058E000F9FE00283ADAFDF7A7FCD8F80030AA68DB1B9342F2D301232B7330E00A282ED03A
:20590000226801AFA368BA428DF8040003F1010A8DF805601BD813449F4218D2A7EB020922
:205920004FF0010B51462046FBF7EFFF0028D3D02368A2689818BBF1000F0BD013F8091075
:205940009954236803F80A60C4F808A0C4E74FF0000BE7E739460AF0D7FEF5E7CED1204614
:2059600003B0BDE8F08F00BF4C45012070B5264C4FF0FF35ADF5756D40F64C7220460021D6
:2059800040F8045B08F0ECFF01A940F64C72E020A560DCF799FB1D49019B8B4229D1BDF805
:2059A0000C20B2F5746F24D1BDF80E5004A80023013A19D2DB439BB29D421AD1A368029A58
:2059C0009A4201D2013314D1002340F64C7201A90F48236007F04AFE4FF474620D490E4860
:2059E00007F044FE01200CE010F8016B33449BB2DEE723680133EFD14FF4746300206160EA
:205A0000A3810DF5756D70BDF01821200441434FF418212000192120B0092120F8B5064697
:205A20000F46174D0FB901240DE0AB686BB964212846FDF709FD044638B926B101463A46D6
:205A4000304608F08DFF2046F8BD6B882C88E41ABC4228BF3C4636B1A968304626442246E5
:205A6000194407F003FE6B883F1B1C442B88A4B2A3426C809EBF00232B80AB60D2E700BF9C
:205A8000A008012010B50C210446FFF7C7FF18B1A088831E5842584110BD2DE9F743054618
:205AA0000E460DF105000121FFF7B8FF074628B19DF80530002B5ED105B12B70384603B0F4
:205AC000BDE8F08302210DF10600FFF7A7FF00284FD09DF80530013B4B4503D1BDF806304F
:205AE000002B46D145B1BDF806307F2B0FD8B21EA2420FD92B55013409F101099DF80530D3
:205B00009945DFD3002DD9D000232B55D6E7B3F5006F0ED2F21E94420BD2990903F03F032E
:205B2000621C61F03F0163F07F0329550234AB54E2E7444505EB04000AD3351B0021A64252
:205B400038BF00252A462C4408F00AFF0025D3E71A0BC3F3851103F03F0362F01F0261F0FF
:205B60007F0163F07F032A55A21C41700334AB54C2E70027A2E74FF00009A6F104084C46D6
:205B8000BCE7F0B589B00446142103AF3846FFF784FF054628B19DF80C602EB9FCF78EFCD3
:205BA0002060284609B0F0BD384608F034FF0E2806D99DF814100023082B03D1542905D09E
:205BC0000025EEE7FA5C303A092AF9D801330F2BF2D1A6F1300301A8C3EB431203EB8202EE
:205BE0009DF80F30303B03EBC2039DF80D20303A02EB820202EB820203EB82039DF80E206F
:205C0000303A02EB820203EB42039DF811206C3B313A8DF80A309DF81030303B03EB83032B
:205C200002EB43039DF813208DF80930303A9DF81230303B03EB830302EB43039DF816208D
:205C40008DF808300023303A8DF807309DF81530303B03EB830302EB43039DF818208DF800
:205C60000630303A9DF81730303B03EB830302EB43039DF81A208DF80530303A9DF81930C5
:205C8000303B03EB830302EB43038DF80430FBF7AFFD85E7064B186848B1586838B10C238D
:205CA000B0FBF3F203FB1200B0FA80F040097047F0F5012010B5FFF7EDFF044610B101244D
:205CC000204610BD08490C204B68B3FBF0F200FB12320AB19B1A4B604B68F02BEFD808F0EA
:205CE00059FE1C230360EBE7F0F50120F7B5204A05461368984214D352681344984210D863
:205D0000046874B14768BC420BD30C23B4FBF3F603FB16462EB9FDF709FEAB6801909842E6
:205D200002D0002003B0F0BD07F10C031D440198FDF7DCFD04220190A8190DEB02010BF0D5
:205D400054FE0028EDD104360C2EF0D105F10B03C5F1FF25E71B05F57F05F535EA18974273
:205D600001D80120DEE713F8012FFF2AF6D0D8E7F0F501202DE9F74F06463C4FFFF78AFFC3
:205D8000054638B908F006FE16230360284603B0BDE8F08F012ED7F804B038BF0126ABF17E
:205DA0000C039E4208D9FB68002B52D108F0F2FD0C2300250360E9E7D7F8008006F10C039F
:205DC00044460193A4EB08029345ECD92046FFF78DFF20B12568183525442C46F2E72546BD
:205DE0002846A5EB0409FFF781FF82460028F4D1019B994527D3A9F10C09204604F10C05DE
:205E0000C4E90096FDF792FDBB680646A06023B14A465146284608F0A3FD019B0027234422
:205E200098463046FDF762FD48F80700043706460C2FF6D1FF2108F10C00D4E90023D21AFA
:205E400008F08EFDA2E70C35A5EB08029345C4D9C6E73146384698477B689842A6D9786051
:205E6000FFF728FF002889D1A0E700BFF0F5012070B50446FFF70EFF20B908F08BFD162333
:205E8000036070BD002CFCD0A4F10C052846FFF72DFF0028F5D00F4EB3682BB154F80C2C7F
:205EA0000021204608F05CFD54F8083C0021E018E15041608160B3682BB10C3054E9032318
:205EC000D21A08F04DFD002344F80C3C6B60AB60D7E700BFF0F50120242870B504460FD8F2
:205EE000084D094B55F820601820314400FB0430DBF78DFA864203D045F82400012070BDAD
:205F00000020FCE78CEC0120001700200C4A9079A0B192F83C0092F83D108842CBB20BD03F
:205F20000133DBB20C2B28BF0023991C02EB8101486882F83D3070474FF0FF30704700BF09
:205F4000E0E801202DE9F347541C9846037907465FFA84FA0D469DF8289053459DF82C60C1
:205F600005D14379434502D183794B450BD04A464146504604F0F6FF87F804A0386087F8FD
:205F8000058087F80690202CD7F8008027464FF0000928BF202705F1070AB6FBF4F304FB4B
:205FA000136604EB440407EB470364104234E41A09EB490018F0010F20441DBF072302222A
:205FC000691C012304BF02225146019004F00AFD4E45019805D1022305F109011A4604F093
:205FE00001FD09F101094FEA58084F45E0D102B0BDE8F087082A28BF082270B502EB42025A
:20600000C51E0E46AC1AA54200D170BDF30728464FEA5606A5F1030547BF0222082301238A
:2060200002224CBF1146092104F0DCFCEBE70023114A30B582F87F30031E07D130231046E4
:2060400082F87E30202300F87D3F30BD12DA5B422D210A4A0A241046B3FBF4F504FB1533A7
:20606000303302F8013D2B46002DF4D1023802F8011CEAE72B21ECE7A9F4012028F50120E5
:2060800008B5FFF7D4FFBDE8084004F071BD10B50C4604F00BFD084B2021C4F180049842B1
:2060A00003D8BDE8104004F063BDC21AA242F8D300F8011DF3E700BFA9F4012010B50446F5
:2060C000C968DBF7EAF9237823B12046BDE81040F0F7FDB910BD102A28BF102202EB420222
:2060E000F8B506460D46C2F1800400F10807802C00D1F8BDEB0720464FEA550504F1030404
:2061000043BF08230222711C01235CBF0222394604F068FCEBE74FF4C0635843094B00013F
:20612000C3F84408C3F84C08C3F85408C3F85C08C3F86408C3F86C08C3F87408C3F87C0847
:20614000704700BFA02401204A08072813B501F001014FEA421201EB410102F11C024FEAA3
:20616000C103D2B203F11D0312D800F003018008012400EB400001EB810100944000490082
:2061800004301B3100F0FE0004F044FB02B010BD0D28FBD8A0F1080400F0010000EB40001E
:2061A000C100C4F34600012440011D3100942D30C0B2E9E74178132930B50CD842794588F4
:2061C000054B003A047918BF012223F8215003EB81039C70DA7030BD3CF8012010B502461B
:2061E0000F210020DAF7B4FC282330221721002004F0F4FA20232F2200201946DAF7E2FC35
:206200002A232F2200201946DAF7DCFC34232F2200201946DAF7D6FC09232E221821012018
:20622000BDE81040DAF7CCBC08B508220B4B0F213820DAF7D6FC0A4A0F214220DAF788FC6D
:20624000084B082219213820DAF7CBFC064A19214220BDE80840DAF77BBC00BF1847002078
:20626000E9FF0020D00F0020F2FF002001B120304028DCBF014B23F810207047F0E00120C2
:2062800001B1203040289ABF024B33F810000020704700BFF0E00120114B122202FB00306F
:2062A00090F8413290F84002184300F0E000602810D007D820280FD0A0F14002504250418A
:2062C00040007047802809D0A0F1A003584258418000704703207047012070470620704719
:2062E000A02401200138112800F2F180DFE810F0120021002C003700460051005C006B0029
:206300007600810090009B00A600B500C000CB00DA00E5006E4A92F8B0300B44DBB2012B8C
:2063200003D8022382F8B0307047202B88BF2023F8E7674A92F8B1300B44DBB2202B88BF0E
:20634000202382F8B1307047614A92F8B2300B44DBB21F2B88BF1F2382F8B23070475C4A69
:2063600092F8B3300B44DBB2012B03D8022382F8B3307047202B88BF2023F8E7544A92F8B8
:20638000B4300B44DBB2202B88BF202382F8B43070474F4A92F8B5300B44DBB21F2B88BFDE
:2063A0001F2382F8B5307047494A92F8B6300B44DBB2012B03D8022382F8B6307047202B18
:2063C00088BF2023F8E7424A92F8B7300B44DBB2202B88BF202382F8B73070473C4A92F87E
:2063E000B8300B44DBB21F2B88BF1F2382F8B8307047374A92F8B9300B44DBB2012B03D816
:20640000022382F8B9307047202B88BF2023F8E72F4A92F8BA300B44DBB2202B88BF2023EB
:2064200082F8BA3070472A4A92F8BB300B44DBB21F2B88BF1F2382F8BB307047244A92F895
:20644000BC300B44DBB2012B03D8022382F8BC307047202B88BF2023F8E71D4A92F8BD3099
:206460000B44DBB2202B88BF202382F8BD307047174A92F8BE300B44DBB21F2B88BF1F23C5
:2064800082F8BE307047124A92F8BF300B44DBB2012B03D8022382F8BF307047202B88BF4E
:2064A0002023F8E70A4A92F8C0300B44DBB2202B88BF202382F8C0307047054A92F8C13050
:2064C0000B44DBB21F2B88BF1F2382F8C130704780ED01201B4B002283F8992040F201224C
:2064E000A3F89A20184AC3F89C2002F10432C3F8A02002F10432C3F8A42093F83820022A13
:206500001DD1124AC3F8A82002F10432C3F8AC2002F10432C3F8B02002F10432C3F8B42092
:2065200002F10432C3F8B82042F22342A3F8BC2003F1BE020649521AC3F89420704703F106
:20654000A802F7E78CEC0120030405060F10111225ED01202DE9F04F0E46804685B01C22B1
:206560002021304603F0F6FF224F98F80030C1464FF0010B57F8334007EBC3035D68344442
:2065800008F1020320350393E91EE01E1A4B082203F0B4FF19F8013F2046294607EBC302FB
:2065A00057F83340CDF800B0D2F804A034440AF1200522462B4604F02DF9039B4B45E3D1C9
:2065C00098F8002029462046CDF800B007EBC20357F832205B683244203304F01BF9064B84
:2065E00008220AF11D01E01E05B0BDE8F04F03F085BF00BFB4AC00205826002070B504463E
:20660000144D04F04DFC08B96B7A0BB30A2304213B201A4603F0F8FE6B7A8BB1207B0A2399
:20662000042100F001001A4680013B3004F0D6F8094B207B05223C21BDE8704004F0C2BCFC
:2066400095F86C10054B064A002908BF1346F0E770BD00BF30320120B00E0020A80E00204E
:20666000A00E0020F0B53C4E89B004460F46944603AD0FCE0FC5336803A82B6000252A46A4
:2066800050F8041BB1F57A7F10DABCF1000F0DD005F1200601350CF1FF3C6E44EDB297FB04
:2066A000F1F306F81C3CDBB201FB13770132052AE6D12A4E94F85B1094F85C3094F85D20E4
:2066C0003068002945D004320233D11002F0070203EBC113012101FA02F2C15C0A43C2544A
:2066E00094F85B3094F85C20002B0CBF06230423134484F85C304DB101AF0026013617F8BC
:20670000011B2046DAF7D9F8AE42F7DB09B0F0BD94F85D3094F85C20034401300A4409330A
:20672000032802F101024FEAE30C03F0070302EBCC12D6F800C007FA03F31CF802E043EAA0
:206740000E030CF80230E3D10029C9D101210020DEE70127FBE700BF14AD0020E430012095
:2067600037B5044615461A46084623793BB10923A5F1090103B0BDE83040DAF721BA236986
:20678000002B13DD8C182B4629460190013C2246DAF718FA691E01980091DAF701FA00992B
:2067A000204603B0BDE83040DAF7FAB903B030BDF8B5154B154D1C7805EBC005BCB9144FF7
:2067C000284604F019FB4FF440763B68634373435033984212DC284604F00EFB3B685C4353
:2067E0007443A4F15003984208DB2046F8BD284604F002FB4F28E2DC0024F6E72846BDE87A
:20680000F84004F0F9BA00BF7CED0120F0310120A00501202DE9F04FDFF808A185B000241A
:20682000DFF804B1DAF800307F2203900020002B4FF003030CBF3F252025009329462B461F
:20684000DAF7C7F92601039B06F1020973B1204604F0B4FA9AF800200021D9F7F7FA2E4BA7
:20686000372153F820204846DAF772F9032C08DC1BF804302BB1294B08220021301DDAF758
:20688000B0F9274B4FF4C067DFF8A0802946D3F8C037D8F8002003EB84037A43986ADAF756
:2068A000E3F8291A80EAE0730622A942A3EBE0734846A8BF294621EAE17103F08FFF204661
:2068C00004F07CFAD8F80020294601347A430327DAF7CAF8291A80EAE0730622A942A3EB9F
:2068E000E07306F10900A8BF294621EAE171DAF767F93F233246002130460097DAF769F9A6
:20690000082C9FD17F223F23002100971046DAF760F905B0BDE8F08FB8480020700E002001
:20692000A0240120D805012088300120A005012070B58CB016461D460023039103AA04A9A4
:206940000446F6F749FA002822DBC0F3892040F2FF33984206D104F1200204A92046F6F710
:206960002BF8A8B9616F06F540760C4A0429009528BF042141EA065304A943EA8023204687
:20698000F5F7F4FF002805DA831C08BF6FF03C000CB070BDC0F30900FAE700BF00FCFF7F51
:2069A00084B030B591B014AC84E80F009DF8903047F6F0528DF807300423ADF8042062223E
:2069C0008DF806201A1F5C1C4033D2B2E4B26B4482420CDBF72203F83C2C7CB92748FCF761
:2069E0002DFE11B0BDE8304004B0FBF743BF50326A44127903F83C2C2346E3E79DF80430D4
:206A0000012C4FEA034302D11D481843E7E79DF80520023C0DF1060543EA026040F47040F5
:206A200040F00400FCF70AFE022C2B4605F103050AD81AD158781A78000440EA022040F0DB
:206A4000774040F00700CAE715F8010C033C15F8033C000640EA032015F8023C40EA0340E7
:206A600040F00400FCF7EAFDDEE7012C09BF18784FF20570034B43EA0020B0E706F0F700E9
:206A800007F000F70600F70002EBC3022DE9F14F02EB82020C462B4906464FF6FD778B1824
:206AA00011F90280224693F9035093F9029023466D00C5F12A05294603F094FF224B224660
:206AC000304603EB8808214B98F901B003EB8909234617FB0B5B99F90110102515FB01B119
:206AE0004029A8BF40210829B8BF082103F076FE98F902A099F90210234617FB0ABA2246AF
:206B0000304615FB01A14029A8BF40210829B8BF082103F063FE98F9032099F90330304608
:206B200017FB02A7224615FB037123464029A8BF40210829B8BF082101B0BDE8F04F03F0BB
:206B40004DBE00BF10092120247800204878002070B51D46436F8CB00446032B164625D92D
:206B60000191002301AA04A9F6F736F900281BDBC0F3892040F2FF33984206D104F1200246
:206B800004A92046F5F718FF70B9810206F540760123204641EA065204A942F00402CDE9DA
:206BA000022502AAF7F701F80CB070BD6FF01B00FAE70D4B19680D4B013101F0070170B556
:206BC000C1F108040A4D4E0005EB00151846640005EB4101224606F049FD3246294620446A
:206BE000BDE8704006F042BD6822012034EF01206C2201200CB407B5064A05AB80F8211088
:206C0000212101930AF08AFE03B05DF804EB02B0704700BFAAD90020033111F0FC0FCBB29D
:206C200007D0044A23F0030302211344042203F065BC7047502300200A4B00210A4A1B69CA
:206C40000A4819619A6401225A6298624FF43030D862986C186519624FF0011199651A61EE
:206C6000704700BFBC0601203B372819B80B050510B5044CD4E9011203F042FF636806331E
:206C8000636010BDE4300120F8B50F4606990446551E5E1815F8010F08B1A64200DCF8BD0C
:206CA00021463A46063403F02BFFF3E7F8B50A4B0446D3E9016703461D4601332A78002AA0
:206CC000FAD1A54200D8F8BD063E3A4615F8010D314603F015FFF4E7E4300120124B73B583
:206CE000596800289A68A1F1060105D1302002B0BDE8704003F004BF14DA40422D240A253D
:206D0000B0FBF5F605FB16003030C0B2CDE9001203F0F6FE00993046019A0639002EEFD16F
:206D20002046E4E72B24EAE7E4300120F8B51E46154683680446426808460233124F02326A
:206D4000C7E9012303F014FFA36822690233C7E90123336993B153F82500FFF7A7FF6378F3
:206D60002BB133462A46D4E90210F0F7EAF8237843B12046BDE8F840EFF7A9BB2846FFF736
:206D8000ADFFECE7F8BD00BFE4300120F8B54FF0E0224FF40031604D604CC2F88C11287819
:206DA0002478C3B2A04203D1C2F80C1100204AE001335B4A5B4E072B5B4F5C4C28BF0023DB
:206DC000D05C36F8102002EB40210432645892B2396826F8102004393960554931F81010F9
:206DE000914203D8DBB22B70FBF79EFD4FF0E0234FF40032C3F80C21002CD7D004F00F05B6
:206E0000C4F30322200AA5F108030132062B37D8082DC4F3033303D1082BC7D1802007E010
:206E2000092D11D1092BC1D1230E14BF90208020404B1870404B1A70220C404B240E1A7083
:206E40003F4B1C700120F8BD0A2D03D10A2BADD1A020EDE70B2D03D10B2BA7D1B020E7E79C
:206E60000C2D03D10C2BA1D1C020E1E70D2D03D10D2B9BD1D020DBE70E2B97D1E020D7E7F1
:206E8000AB1EC0B2012B05D9052D0FD1F0281CD9F7281AD0A0F1F1020E2A87D846F6A76324
:206EA000D34013F0010381D00022C1E7042D09D1FBF72AFDC4F30740FBF726FD200EFBF746
:206EC00023FD73E76B1F022B19D8FBF71DFD052D08D0C4F30740FBF717FD072D02D1200E41
:206EE000FBF712FD174A154913880B701B0A14490B7000231380F0220E4B1A70A2E70F2D4F
:206F00007FF454AFF728C5D8F028D8D00D4B1B88002B3FF44BAFD2E727DB012026DB01202E
:206F2000F8DB01201ADB012028DB0120403E21200EDB0120A843012036EC012034EC0120CA
:206F400035EC012022DA01202DE9F843044672B690F84400B4F84A10C0B2B4F84C3062B68B
:206F6000994202D10020BDE8F8830133B4F84820256C934228BF002355F82350A4F84C3093
:206F8000B0B9E068A0B199422BBF02F1FF325B1A521A03F1FF3328BF9B18A28FB3EB920FF5
:206FA00006D30123216B84F844302346F9F7C8F9C5F3031305F00F06C5F303284FEA15290C
:206FC00084F85430A6F1080308F10108062B79D8082EC5F303330DD1082BC3D1802384F8A3
:206FE0005630D4F88031E3B12A0EC5F307415FFA88F015E0092E1ED1092BB3D12A0EC5F32E
:2070000007415FFA88F015BF9023802384F8563084F8563014BFD4F88431D4F8803103B1A4
:2070200098472B0C84F855802D0E84F8573084F85850012097E70A2E07D10A2B92D1A0237D
:2070400084F85630D4F88831CDE70B2E07D10B2B88D1B02384F85630D4F88C31C3E70C2E13
:207060000FD10C2B7FF47EAFC02384F85630D4F89031002BD5D0C5F307415FFA88F0984767
:20708000CFE70D2E08D10D2B7FF46CAFD02384F85630D4F89431ECE70E2B7FF463AFE02346
:2070A000D4F8982184F85630002ABAD06B0CC5F306415FFA88F003F47E531943A1F5005143
:2070C0009047AEE7B31E5FFA89F7012B08D9052E40F08580F02F40F29580F72F00F0928097
:2070E000F13F0E2F3FF63EAF01A353F827F000BFC5980200D3980200ED980200FD96020054
:20710000FD960200F3980200FD960200FF980200FD96020013990200279902003B99020044
:20712000FD9602004F99020063990200D4F8A4316BB1C5F30740984709E0D4F8A82132B1D6
:207140006B0CC5F3064003F47E531843904784F8569066E7D4F8AC31EAE7D4F8B031002BBF
:20716000F5D09847F3E7D4F8B431002BF9D1D4F8CC31002BEBD0F820DDE7D4F8B831002B80
:20718000EFD1D4F8CC31002BE1D0FA20D3E7D4F8BC31002BE5D1D4F8CC31002BD7D0FB2066
:2071A000C9E7D4F8C031002BDBD1D4F8CC31002BCDD0FC20BFE7D4F8C431002BD1D1D4F8DE
:2071C000CC31002BC3D0FE20B5E7D4F8C831002BC7D1D4F8CC31002BB9D0FF20ABE7042E52
:2071E0000DD139462046F9F7CBFCC5F307412046F9F7C6FC290E2046F9F7C2FCB2E6731F88
:20720000022B32D839462046F9F7BAFC052E17D1F72F7FF4A7AEB4F87C110B0A84F8571072
:2072200084F858300023A4F87C31F02384F85630D4F89C3183B1012204F159009847F8E6CE
:20724000C5F307412046F9F79BFC072EE3D1290E2046F9F795FCDEE7D4F8A031002B3FF47A
:20726000E8AE04F159009847E3E60F2E7FF47AAEF72F3FF635AFF02F04D0B4F87C31002BF4
:207280003FF470AE3946B6E72DE9F04389B001902D48F0F72BF92D48F0F728F90023019AB3
:2072A00003A82B49F0F713FB03A92A48F0F755F803A8DAF78BF82748DAF770F8054690B333
:2072C000244E214FDFF884800DF10C0900243046D8F7ECF940B10C2C06D030460134D8F717
:2072E000F9F909F8010BF2E79DF80C30502B1ED19DF80D305A2B1AD1394603A8F0F717F918
:2073000004469DF80C30502B13D19DF80D30582B0FD1414603A8F0F70AF964B958B900254F
:207320000C48DAF768F8284609B0BDE8F0830024E7E7002CF3D03046D8F7B8F90028C3D1F6
:207340000448DAF758F8EEE754F5012068F60120E00E01205C1101202DE9F7430C46174666
:20736000054610F8013B202BFAD04FF0000825602B783BB92369013BFE2B23D9002003B046
:20738000BDE8F0832F2BF5D0291D284601AAF2F710FF05460028F1D0019EB6F5803F34BF2F
:2073A000012302237F2E984408D8F0B2F1F7ECFC0028E3D12E2EDBD0202ED9D0C4F8108083
:2073C000A560D5E72A4615F8013B202BFAD02F2BF8D03A6022464FF02031A66852F8163BC1
:2073E000C4F816105160C2F8071018782E3818BF01201F4613F8012B2E2AFAD0731E9F420B
:207400009C4603D213F801292E2AF8D100224FF0070E4FF00809114690460AE03B782E2B76
:2074200014D1BC4520D14FF00A0E08214FF010090137BE42F2D8A37D202B9FD000284BD07E
:2074400012EA080F18BF0222627598E7222B0BD07C2B09D0A3F15B05022D05D9A3F12A055C
:20746000052D06D82D2B12D0714512D800205F2320E0A3F13A05052D03D9A3F121055D2D5B
:2074800005D903F0C003802BEED10020D0E7714507D9BEF10A0F1DD0BC451BD30CF1FF37AA
:2074A000F3E7A3F16105192D0DD8203B49EA0202DBB2D2B24D1C2144EDB28B75062D00D8B2
:2074C00025752946B4E7A3F14105192D98BF49EA0808EFE70020AEE7237D7E2201202344FB
:2074E00060759A753122DA7549E7042904D800EB4101B1F8010070470A2903D800EB410104
:20750000888870470D291ABF00EB4101C88800207047411E00F10A030020C20142EA500283
:2075200011F8010F50FA82F29942D0B2F5D170472DE9FF471E46012304460D46009300F195
:207540001001C3689146426802A805F0B7FF9DF80830C3B1039F04F1180A012F24D10023D7
:20756000D046A36100212046A56840F8081F25BB2068504501D007F093FFB9FBF7F507FB05
:207580001595C4E900872368A80053F825208AB31268326053F825301E60E36830460133EE
:2075A000E36004B0BDE8F087384604F0C8FB0021BA00804607F0D4F9D4E72B89D5F800C022
:2075C000B3FBF7F207FB123358F823205AB9A2682A60A56048F823002A680AB148F821502D
:2075E00019466546C3E712682A6058F823301D600B46F5E7A2683260A66032683AB11289C4
:207600006168B2FBF1F501FB152243F8226004F108021A50C1E710B5054C4FF480620021B1
:20762000206007F09DF90023C4E9013310BD00BFE430012030B5084D0246D5F8084104F0EC
:207640000F03013405EBC303C5F80841843303CB10601046516030BD6C23012010B50B4C72
:20766000C4F8B80207F0D7F900230B28C4F8BC02C4F8C03281BF062358433F308305C4F898
:20768000C432034B1B68C4F8C83210BD3C330120E0300120F8B5214D0023471C04462B7059
:2076A00046011F4B686153F8272000EB4013E91891F8A01049B3A0332B441A491A480AF049
:2076C000D9F8032C25DC194B53F827203319E918097FE1B11C332B44124915480AF0CAF81A
:2076E0002223144A144903FB045352F82420134803F5D4730AF0BEF8E86800EB401000F5DD
:2077000034702844BDE8F840A8E70D4BD5E70C4BE2E70C49064808F0F7FFE1E73C330120D0
:20772000B4240020FBFF002008360120803500204A360120000F0020040001206B3601204C
:2077400006ED0020C2FF002008B528B1F9F706FD10B14000033008BD0120FCE72DE9F04F5A
:20776000984C0021984A0746B4F8208687B04FF0FF360D4608F1010891464FF6FF701FFADF
:2077800088F8A4F820861388BB420ED0834214D18E484FF40062002100EBC52007F0E0F8CC
:2077A0008B4B062202FB05331F86894B0622E8B202FB0533A3F83280D4E053880632A8EB7F
:2077C00003039BB28B4288BF2E4605F1010588BF1946042DD7D17E4D4FF0060BB4F922A6C3
:2077E0000BFB065B9BF83430002B6ED0D4F80436D4F8B0050133C4F80436BBF8303003F10A
:20780000FF38D04540F3B1800AF1010A00234FEACA2A524603F060FC40B9B4F922266D49D7
:207820000132CDE900A06C48F9F788FEDFF89CA1B4F922360022062024E0013300211BB20E
:2078400000FB01FB39F80B209A4217D14FF400620AEBC1216148AB44A4F82236EFF77AFDAC
:207860000022B0F5006F03468BF83420E0D0BBF830205B495848F9F761FED9E70131012257
:207880000429DDD19845D8DC0AB1A4F822364F494FF40062514801EBC621EFF75BFDB0F541
:2078A000006F034607D006224D494B4802FB0652128EF9F743FE0623B4F9222603FB06534D
:2078C0001B8E9342C8BFA4F822364FF00608B4F820364FF0000ADFF8F4B008FB0658A8F89B
:2078E0003230B4F9223688F834A09F42F3B2A8F8307004935CDCD4F8FC35FD02D4F8B005BB
:2079000001332A46C4F8FC35534603F0E5FB814690B9D4F8B005B8F83020002845D0036831
:2079200005925B6A9847059ACDE90201CDE9005A2C492948F9F702FE4FF400620BEBC6214C
:20794000D4F8B00503F01DFEB9F1000F02D0B0F5006F06D000904B463A4623491E48F9F7C0
:20796000EDFD049807B0BDE8F08F4FEAC3284FF0000942464B4603F0AFFB002887D1D4F838
:20798000B005BBF8302068B1036804925B6A9847049ACDE90201CDE9008914490E48F9F738
:2079A000CDFD74E700200146F3E700200146BBE7049B4FF4006251460BEBC32006F0D0FFDF
:2079C000CFE700BFA008012084F60120E04A212054F601200F00012000060120400E012032
:2079E00047000120C2000120040101207F0001202DE9F84F3B4B0646D3F8909509F101025A
:207A0000B9F10F0FC3F8902506D80146484603F06CFB4846BDE8F88FD3F80026A9F11008C4
:207A200006F1160B304F0132C8F38F1AC3F800265046FFF793FE0546584606F0ECFF041D2F
:207A400007EBC52240F27D7124F00304254BB2F88020A4B2563222448A4234D808F03F08FD
:207A600007EBC52330464FEAC52A06F1140193F8822008EB8528013283F88220B3F880201A
:207A80000AF18303134427F818203B441A4650F8046B884242F8046BF9D10188574403F1CC
:207AA0001600163411800621104A01FB0522012182F83410594608F027FEB7F880301C44D6
:207AC000A7F88040A5E70AF101004FF0000880B2820102F110091132C3F89025FFF73EFED2
:207AE0000546BDE7A0080120E04A212054F60120F0B501231D4DC7B085F8943595F8E03566
:207B000073B300220023D5F8B00503F0E5FAD5F8B00503F049FB002400260027C5F89045EA
:207B2000134D9DF8153029468DF814400DF1160023F00303013443F001038DF8153000233D
:207B4000CDE900334FF6FF73CDE90267049308F0DBFD6846FFF74CFF102CE2D147B0F0BD7D
:207B60000449D5F8DC05FDF78BFED4E7A008012011C400204001012010B50F4C94F8103CBA
:207B80009BB100234FF4806204F5006084F8103CD4F8083C03F0010303F5407354F82310FF
:207BA00005F064FD012384F8113CD4F8083C0133C4F8083C10BD00BFD43601202DE9F04F32
:207BC00089B007468846DDF84C9005924BB94FF0FF32C9F80020149A0020136009B0BDE815
:207BE000F08F846E013B07A94FF0040A2046079303F0A3FD12A90546204603F09EFD0DF150
:207C0000140B0646AE42059A03D3129BC9F80020E1E7AC1B95FAA5F300213846B4FA84F48B
:207C2000B3FA83F3C4F11F049C4228BF1C46A300CDE902BACDE9002304234246F4F79BF807
:207C40000028CBD10123A340ED1ADBE72DE9F04F87B01546826E8946139E0746D269DDE9EB
:207C6000114AA119914249D803F1FF38DFF894B00EB930463FE02B68E868023315D1D5E99D
:207C800001120A44944210D28C420ED3121B611AB2420144504628BF3246059205F0E6FCD8
:207CA000059A92441444B61AE2E7D7F868C06FF00103DCF814102B6008EB01032344B4FB74
:207CC000F1F2B3FBF1FE01FB124201FB1E31A21A5B1ADCF828106A608B4200925A4628BF9C
:207CE0000B464946CDE90103AB603846109BF4F7AAFD0028BCDA07B0BDE8F08F6FF05300D9
:207D0000F9E700BF00FCF7FF2DE9F04F87B08046894617469A46129E00240DF1100BA6429F
:207D200001D800201AE0351B109B4A460021082D2344404628BF0825CDE900A3CDE902B5A8
:207D40003B1BF4F718F848B9119B2A465846191909F04BFE002804D005DB022007B0BDE849
:207D6000F08F2C44DBE70120F8E708B5FBF764FA054B1B7803F0FF0023B1044B1878003885
:207D800018BF012008BD00BF5C230120E7DB012010B42AB90268C9B25DF8044B12681047E3
:207DA00000235DF8044BF9F771BC2DE9F84306468946C1B18D1ED6F830340124AB4298BFBB
:207DC000002505F00703C5F3C8082F469C40E4B2D6F82C140022304601EB1731F1F7EAF86C
:207DE000B8B9BDE8F883D0F82054E4E7BD4222D0D6F830349F421AD2640014F0FF040AD1B5
:207E000008F1010301244FF00008B3F5007FDFD2984610F8082022423B4607F10107E5D178
:207E2000B9F1000F01D1C6F82034981CD9E74FF400780027E4E70120D3E7F0B506461C4656
:207E4000007B4FF0000E1B4B85B00F46154603EBC00C13F83030CCF804E08CF801E0307B32
:207E600063B100F0010009232246A5F1090107EB801005B0BDE8F04002F052BD0E4B53F818
:207E80002030002B13DD0C440092013C234603F00EFF6A1E3946307B039203F018FF039A01
:207EA0002146307B05B0BDE8F04003F010BF05B0F0BD00BFD032012010330120F8B5124EAF
:207EC00004460D46371897F8E43783B906EB84034FF4C06204F58474C3F844590B4B06EB63
:207EE000C4041B6853431B01C4E90133F8BDF9F7DFFC642397F8E427B0FBF3F101FB130065
:207F00008242E3D9F2E700BFA0240120A005012000F108030146DBB2072B09D8DD2222FAA0
:207F200003F3DB0704D5034B5B6D186803F0ECBF704700BF54460120E02810B403D85DF82F
:207F4000044B03F0E4BFF72802D95DF8044BDFE75DF8044B70472DE9F041AA4C94F85860FC
:207F6000102E01D900254CE0636D186803681B6998470028F6D094F80D3123F0010384F82F
:207F80000D31636D186803685B6998470746C5B2FD2DE7D0636E002B40F0CE8094F85980C1
:207FA00084F85B504046EEF755FAEEF745FA38B138065FBF012384F85B8084F85C5063660B
:207FC00094F85B502846EEF745FADF281CD8B02800F0A68060D8A02800F0A28000F0EF03FB
:207FE000802B00F09D8094F90D01636840F0010084F80D0103B198470025C4E9185584F85A
:2080000059502846BDE8F081A0F1E00200231F2AE9D801A151F822F0B9A802007FA702000B
:208020007FA702007FA702007FA702007FA702007FA702007FA702007FA702007FA7020000
:208040007FA702007FA702007FA702007FA702007FA702007FA70200BDA8020039A80200E6
:20806000B9A8020039A802007FA702007FA7020095A80200BDA8020095A8020095A8020046
:2080800095A8020095A8020095A802007FA7020095A8020095A8020000F0EF03C02BA2D13D
:2080A00002232366D4E91823013A934241D394F85C3005F00F05012284F87500013584F80F
:2080C00076300023C4F8FC2084F8745084F8773084F8F820C4E9183394F87530902B18D13B
:2080E00094F8773013B9802384F8753094F87430B34259D0002E57D0002558E0012284F81E
:20810000750084F87430A4F8763084F8F820C4E9183394F8753083F08003602BE6D943E068
:208120000323BEE7802284F8593084F878002266B8E70133636615E7010665D5A5F1F002F0
:208140000F2A61D8DFE802F015606060606060150808080808600808002384F87550A4F8F2
:20816000763084F874300123C4F8FC3084F8F830B2E794F87820F02A02D0F72A7FF433AF6A
:208180005A1C234483F878504FF47043A4F87620A4F874300123C4F8FC2084F8F830002394
:2081A000C4E9183384F859300125FDF795FA94F8703013F001023FF424AF13F0FE0F3FF49E
:2081C00020AF94F8750080F08003602B00F28B8094F8743094F870109E424FEA51011CBFD2
:2081E000B6FA86F25209022975D0032977D001297FF407AF94F8772094F87610FFF79CFE01
:20820000FFE600BF5446012094F85B20F02A01D0F72A24D1E21882F87850D4F8608008F116
:20822000FF32934285D394F85B70F02F01D0F72F19D1F02394F8F75084F8F7305A4B636791
:208240008023C4F8FC30012384F8F830FDF744FAF72384F8795084F8783002236AE7E218A6
:2082600082F85B50D9E73846EEF7F4F8054684F87500EEF7E1F810B107F00F00013094F84C
:208280005C30B8F1030F84F8740084F876304FF000030CBF94F85D201A46B02DC4E918333A
:2082A0004FF0010384F8772084F8F83006D008D8A02D03D005F0EF05802D08D184F85970BA
:2082C0000AE7E02DFAD005F0EF05C02DF5E7002384F8593000E7002A3FF493AE8AE7002ADC
:2082E0007FF48FAE86E7F12816D8F02833D0F1287FF487AE94F87660014694F8773036016B
:2083000003F00F0306F070061E43636D186803F0FBFD636D314617E000F10E020123D2B269
:20832000934043F25072134212D1DB0726D4F3287FF467AE636D014694F87660186803F0D0
:20834000E3FD636D06F07F01186803F0DDFD58E6FFF7DEFD55E6B4F876600027DFF84C8014
:20836000802E28BF8026B7423FF44BAE636D013718F8011F186803F0C7FDF4E794F8773020
:20838000F22194F8766046EAC316636D186803F0BBFD636D06F07F01186803F0B5FD636D29
:2083A000C6F3C611D0E700BF00F08000CB460120154B2C2270B5154C00261B680546314676
:2083C00004F13800A361E661C4E9046606F0C8FA012384F86C6023726B406572A3728DB978
:2083E000E37A7BB14FF60F20FBF728F9FA21084802F0AFFD0748FA2102F0ABFDFA20BDE8A1
:20840000704085E570BD00BFE03001203032012020AA012060BB0120002310B50B4C238198
:208420006373E37A73B14FF60F40FBF707F9FC21074802F08EFD0748FC2102F08AFDFC2075
:20844000FFF766FD0123E37210BD00BF3032012020AA012060BB012008B502F021FD10B186
:20846000BDE80840D8E7034B587ABDE8084080F001009DE73032012038B5084D044605EB4F
:208480008101D1F8A01419B9D8F76BFF204638BD0D68DBB2AD68A847F8E700BFA00801200A
:2084A00070B58CB015461E460A460023014602A8FFF7E2FF02A8D8F771FF044680B10223D8
:2084C0003246294607A8FFF7D7FF07A8D8F766FF044658B902A8D8F78EFF07A8D8F776FF03
:2084E00002A8D8F773FF20460CB070BD4FF0FF34134D02A8D7F7DAF800280FDD4FF48052FD
:208500002946069803F03DF8041E07DB2246294607A8D6F765FFB4F5805FEAD269460698DA
:2085200003F025F818B169460B9803F01BF802A8E443D8F760FF07A8E40FD8F75CFFCCE78C
:20854000E06A21202DE9F041ADF50C7D05460E46174698460A46002301466846FFF78CFF5B
:208560006846D8F71BFF0446002855D0444C4FF4827231460AA806F096F90AA806F04BFA6B
:208580000AAB184410F8013C2F2B05D04FF4827221460AA806F064F94FF4827241464BA802
:2085A00006F081F94BA806F036FA4BAB184410F8013C2F2B05D04FF4827221464BA806F0E5
:2085C0004FF905A86946FDF767F905A8D8F7E6FE002840D0099803F05EF94FF482720146A2
:2085E0000AA806F03DF9099803F055F94FF4827201464BA806F034F9099803F047F94BAB5D
:208600003A460AA9A0B1284600F03EF8F8B905A8D8F7DCFE002403E01A4B012283F8F42518
:208620006846D8F7D3FE20460DF50C7DBDE8F0812846FFF735FF0028E9D00AA92846FDF757
:208640001FF920B90F4B072283F8F425DFE705A8D8F7BCFE8BE70B4F05A8D8F7B7FE07EB27
:208660008505D5F8A00430B103683146DB69984704460028D4D1082387F8F435CAE700BFBF
:2086800011C40020A0080120F7B50E4F144605460E4607EB8202D2F8A00468B10268194654
:2086A00001931269904738B1019B22463146284603B0BDE8F04045E70623002087F8F4355D
:2086C00003B0F0BDA008012070B5CEB00A4604460D460023014603A8FFF7CEFE079803F078
:2086E000D5F8002835D01D4E08A803A9FDF7D4F808A8D8F753FED0B10C9803F0CCF84FF40A
:2087000082712B46324600900DA809F07FF80C9803F0BCF80DA930B12046FFF7D5FF08A806
:20872000D8F754FEE0E72046FDF7AAF8F7E708A8D8F74CFE0A4B03EB8403D3F8A00418B1AC
:2087400003682946DB69984703A8D8F73FFE4EB070BD29462046FDF793F8F5E7B301012035
:20876000A008012070B52A4886B0D8F717FE00284BD1284C0223284AD4F8DC15881C17D0E8
:2087800001A8FFF779FE01A904F5B460EEF7E5FD01A8D8F71BFE04F5B460D8F7FFFD98B98B
:2087A000D4F8DC251D491E48F8F7C8FE02231A4A1C4901A8FCF7B1FA01A904F5B460EEF79A
:2087C000CCFD01A8D8F702FE1148D8F7E7FD18B915491348D8F781FA144D00261822314640
:2087E00005F1300084F8E06506F0BAF84FF4005231460F4806F0B4F84FF6FF73EB86AB878B
:20880000A5F842300B4BC4F8203606B070BD00BF400E0120A008012040010120B9010120CA
:2088200000060120C4F60120F901012054F60120E04A21200000FFFF70B52F4E04460D4608
:20884000D6F890358B4207D24FF48B720021204606F086F8204670BDFFF784FF0F2D28D85C
:2088600006EB45022E44617D4FF0FF33B2F8E02404F1160021F003012374A26096F80025E5
:208880006374002352002575A37402F00202E374E36042F00102237063700A431749A370F0
:2088A0006275E37023716371A371E37107F02CFFD0E7D6F8F835A5F11000013300F03F05DC
:2088C000C0F38F10C6F8F835FEF748FF0C4BC10203EBC02292F88220AA42B5D905EB8025FA
:2088E000204633F81520833311444FF48B72194404F0BCFEAEE700BFA008012011C400204A
:20890000E04A212030B5104CC7B0D4F8985575B129466846FFF790FF94F89C3553B1BDF89D
:208920001230C4F898359DF81630002BEDD0284647B030BDD4F89825D4F8901501328A425E
:2089400038BF1346EDE700BFA008012070B51048C6B0104CEEF70EFD06460D480D46D8F769
:208960004AFDD4F8F0156846FFF766FF9DF81530DB0706D46946D4F8F005CDE9026502F0C1
:20898000B4FB6FF00103C4F8F03546B070BD00BF540E0120A008012070B5C6B00E46014680
:2089A000144668461D46FFF747FF0DF11601304607F0AAFEBDF810302B609DF81530DB07AA
:2089C00052BFDDE902234FF0FF324FF0FF33C4E900239DF814204A9B1A8046B070BDF0B5DA
:2089E000ADF5177DC46805460DF11A0607AB0AAA10A920460096FFF7CFFF50A82146FFF778
:208A00001BFF5198002800F0C28008A9F8F770FE9DF820209DF82630102104920CA89DF81B
:208A2000212003F26C7303929DF8222002929DF8242001929DF8252001320092574A08F07D
:208A4000E5FE50A82146FFF7F7FE5098002800F0A18008A9F8F74CFE9DF820209DF826301E
:208A60001021049250A89DF8212003F26C7303929DF8222002929DF8242001929DF8252047
:208A800001320092454A08F0C1FE10A8FEF75CFE04460CA8FEF758FE044450A8FEF754FEF4
:208AA000343407463E48FEF74FFE29463C4422183C48F8F7CBFADDE90A4525B14FF0FF327D
:208AC0000023CDE90A23318836480131090441F00101F8F7B1FAB5F1FF3F08BFB4F1FF3FBF
:208AE000304814BF002143F20101F8F79AFA00212C48F8F796FA0A992A48F8F79DFA002180
:208B00002848F8F78EFA00212648F8F795FA00212448F8F791FA00212248F8F78DFA002138
:208B20002048F8F789FA00211E48F8F785FA00211C48F8F781FA07991A48F8F77DFA04EA21
:208B4000050118484B1C59425941F8F76AFA00211448F8F771FA00211248F8F76DFA10A95F
:208B60001048F8F71DFB0CA90E48F8F719FB50A90C48F8F715FB0A490A48F8F711FB09484B
:208B8000F8F76AFA42F201000DF5177DF0BD8DF8300056E78DF8400177E700BF1002012002
:208BA0003EF60020A00801202DE9F0414DF60B43D4B08046D0E903759D422BD8B5F55C4F0E
:208BC00071D9A5F55C43013B0A2B6CD8DFE803F06D696F066B6B6B29606B6D0008240DF18C
:208BE0001A0607AB0AAA0EA938460096FFF7D4FE4DF607439D4203D04DF644439D4203D1A0
:208C00000EA8FEF7A1FD044636880136360446F001062FE04DF641442B1B5C425C412401D8
:208C2000DDE70EA83946FFF707FE0F98002835D008A9F8F75DFD9DF820209DF826304FF46F
:208C4000807104920EA89DF8212003F26C7303929DF8222002929DF8242001929DF82520E7
:208C600001320092424A08F0D1FD0EA80026FEF76BFD0446224641463E48F8F7E7F9CCB991
:208C80003C48F8F7E9F94AF6010054B0BDE8F0810EA83946FFF7D0FD0E98C7E78DF838001B
:208CA000E3E702249BE7002499E7042497E700260224DFE74DF60B439D420FD8B5F55C4F3A
:208CC00014D9A5F55C45013D0A2D0FD8DFE805F01419292B0E0E3535350E3A004DF6414309
:208CE0009D4236D04DF644439D4226D02148F8F7B3F942F20100C8E731461E48F8F79CF9A7
:208D0000F4E7DDE90A23B3F1FF3F08BFB2F1FF3F14BF4FF4405143F201011648F8F781F956
:208D2000E4E70021F9E7DDE90A230CA91148CDE90C230822F8F72EF9D8E70EA90D48F8F787
:208D40002FFAD3E70799BDF81A308B4208BF0021D3E739460748F8F76FF907990548F8F721
:208D60006BF931460348F8F767F90021C5E700BF10020120A008012010B5C6B00C46014622
:208D80006846FFF759FDBDF810004FF6FF73984207D11049204607F0B7FC9DF8140046B0A3
:208DA00010BD2146FFF7E8FF204605F034FE204410F8013C2F2B05D04FF482720549204652
:208DC00005F04EFD4FF482720DF11601204605F047FDE2E711C4002070B5ADF5AD6D05467E
:208DE000002647A9FFF7C8FF294688A8FFF724FD47A99DF83402FFF767FC88A928468DF8B2
:208E0000366202F072F9BDF83012CEA8FFF714FDDDE9D043B34208BFAC420BD1BDF8323271
:208E2000CEA9BDF83002CDE9D03602F05EF90DF5AD6D70BD21460DF58A60FFF7FDFCBDF88F
:208E40006264B54207D1BDF832320DF58A612046ADF86234E9E731466846FFF7EDFC4FF4BF
:208E60008B7269460DF58A60344604F0FFFBE6E72DE9F043ADF50F7D04460F46314D48A8A1
:208E8000FFF7DAFC07A92046FFF776FF0023014607AA02A8FFF7F0FA02A8D8F77FFA0446A4
:208EA00050B9022385F8F43502A8D8F78FFA20460DF50F7DBDE8F083DFF8908005F2B459E5
:208EC000D5F8C40502F070F902A8D6F7EFFB00280BDD4FF480524146069802F052FB061E93
:208EE00022DA0323002485F8F4356946069802F03EFB40B16946D5F8C40502F033FB68460A
:208F0000F8F776FC489002A8D8F775FA0E48EEF731FA00234A9048A938464B9302F0E5F8B1
:208F20000948D8F768FABFE7324641464846D6F757FA864201D90423D4E7B6F5805FC3D2BB
:208F4000D3E700BFA0080120540E0120E06A2120F0B50746C9B01C480E461C4DD8F71EFA4E
:208F6000044638B1D5F8F035BB4203D1D5F8EC35B3421FD007A93846FFF7FEFE014624B1ED
:208F800001901148D8F737FA0199334607AA02A8FFF772FA02A90C48EEF7DFF902A8D8F7E2
:208FA00015FA0948D8F7FAF9044630B96FF00103C5F8F035204649B0F0BD0024C5F8F075C5
:208FC000C5F8EC65F6E700BF540E0120A0080120F0B5C9B00E4617460146054602A8FFF79A
:208FE0002BFC56EA070326D000212846FFF7B0FF1248D8F7D3F90446D0B138460297104FA0
:209000006946F8F775FB6946D7F8C40502F0AAFA304669460396F8F76BFBD7F8C40518B1F1
:2090200003686946DB6C984702A9284602F05DF8204649B0F0BD0124FAE700BF540E01203C
:20904000A00801204FF6FF73F0B5994214BF0C460446ADF50F7D214602A8FFF7EDFB9DF8EF
:209060001D3003F00303012B72D100212046FFF76FFF3D48D8F792F9002871D03B4D002759
:20908000A5F5B966384948A8FCF706FC48A92846EEF763F948A8D8F799F92846D8F77EF90C
:2090A000002848D09DF81C30D6F8D8058DF83431ADF83041ADF8327102F0E8FB9DF83531CC
:2090C00060F300038DF83531DB0731D42846EEF751F99DF835316FF34103CDE94A01D6F85B
:2090E000D8058DF8353102F0D6FB4FF4807201460DF59B7005F0D7FB6946D6F8D80502F049
:2091000036FA10B16846F8F773FB48906946D6F8D80502F031FA10B16846F8F769FB499069
:2091200048A8FEF765FC07462846D8F764F9A9E700200146CDE79DF81D3002A9204643F031
:2091400002038DF81D30FB17CDE9047301F0CDFF0548D8F750F9064B6FF00102C3F8F02554
:209160000DF50F7DF0BD00BF540E0120680E0120A00801204FF6FF73994230B50C46C7B0D2
:2091800013D0B1F1FF3F08BF04462146084DFFF759FF01232146684685F89C35FFF74CFB2D
:2091A000029BC5F8983547B030BD0446EDE700BFA008012070B5154D06460C4695F8943583
:2091C0000BB9FEF795FC24B121463046BDE87040D0E795F8953533B1002385F89C350123B7
:2091E000C5F8983570BD012385F8953595F894350BB9FEF77DFCD5F890359C42ECD2214630
:2092000030460134FFF71EFFF5E700BFA00801202DE9F0410023ADF5CD6D624F16460C4687
:20922000054687F8F4350146C8A8FFF705FB31462046FFF707FF46A92846FFF79DFD87A998
:209240003046FFF799FD9DF81D322BB14FF48272554987A805F004FB4FF482720DF23631B7
:2092600087A805F0FDFA9DF834339C4256D107EB84044E494E48D7F730FDD4F8A00438B9CF
:20928000052387F8F43500200DF5CD6DBDE8F081036887AA46A95B6998470028F0D0BDF8C1
:2092A00030130DF58760FFF7C7FA0027DDF84044DDF84434BB4208BFAC4254D1BDF832330D
:2092C0000DF58761BDF83003CDF84034CDF8447401F00BFF31466846FFF7AEFA4FF48B7208
:2092E00069460DF5876004F0C1F99DF84C34C8A928468DF83433DDF84034ADF83063ADF822
:209300003233CDF84054CDF8447401F0EEFE30460DF5876101F0E9FE0120B5E79DF8353343
:20932000DB0712D423492248D7F7D7FC87AB224646A99DF83403FFF7B3F80028A3D046A96E
:209340009DF83403FCF79CFAA9E71B491848D7F7C4FC87AB224646A99DF83403FFF794F9FE
:2093600000289CD18FE721460DF5AA60FFF764FABDF86285454507D1BDF832330DF5AA61F6
:209380002046ADF86235A3E741466846FFF754FA4FF48B7269460DF5AA60444604F066F950
:2093A000E6E700BFA008012011C400202A0201200006012041020120610201202DE9F041C0
:2093C0001D464FF6FF73ADF58B6D074699420E4690464DD0B1F1FF3F08BF06463146384682
:2093E000FFF730FE31468AA8FFF726FA8C9C002C40D129464FF482720DF2563005F053FAB8
:209400009DF83C320022D0A88DF854330023ADF85063CDE9D2238C9BADF852339DF855330F
:2094200068F3000343F00203CDE9D0448DF85533FEF7DEFA8AA90546CDE98C04304601F0C7
:2094400054FEB8F1000F29D102212846FFF780FD4B48D7F7A3FF00286DD14FF6FF739D4205
:2094600065D14FF0FF3420460DF58B6DBDE8F0810646B3E721466846FFF7DEF969464FF414
:209480008B72D0A804F0F2F80DF25631284605F0CAFA00286CD0BDF85243A8E7394E49A916
:2094A000284606EB8707FFF767FCD7F8A00418B1036849A91B699847334F34493846D7F71F
:2094C0000CFC3B683846DB68984700212846FFF73FFD2F493846D7F700FC3B683846DB685C
:2094E00098472748D7F75AFFF8B147A9D6F8C40502F03DF810B147A8F8F77AF9D09047A93E
:20950000D6F8C40502F038F818B147A8F8F770F90446D0A92846D19401F0E7FD1848D7F7E9
:209520006AFF6FF00103C6F8F0352C469BE72846FFF752FC95E7134E49A9D6F8C40502F07E
:2095400016F898B149A8F8F753F9D09049A9D6F8C40502F011F818B149A8F8F749F904466F
:20956000D0A92846D19401F0C0FDDEE72046ECE79DF8553303F0010343457FF472AF72E76A
:20958000540E0120A00801200006012086020120990201202DE9F041ADF5527D0E460146A0
:2095A000002446A8FFF748F9314668469DF82C71489DFFF741F94FF48B72694646A804F025
:2095C00055F89DF82C810DB9012522E029468CA8FFF732F99DF845220DF24623314602F07D
:2095E00001024046FFF7EAFE421C044602D1BDF84252E8E79DF84532DB0716D529463846AB
:20960000FFF720FD21462846FFF7C4FF0028EED100250023304646A94894499301F065FD0A
:2096200028460DF5527DBDE8F08101462846FFF71FFCEBE770B500231D4EADF50C7D054614
:2096400086F8F4354FF6FF739A4214BF14460C4601466846FFF7F0F8214646A8FFF7ECF84F
:209660009DF8152021460DF1160302F001029DF82C01FFF7A3FE421C044606D1022386F832
:20968000F43520460DF50C7D70BD9DF81530DB0709D529469DF81400FFF7D4FC2146284636
:2096A000FFF778FFEDE701462846FFF7E1FBE8E7A0080120F8B5002115461C46114EFFF76A
:2096C00047FC28B94FF0FF324FF0FF33C6E90023D6E900230C4FA34208BFAA4205D02A4699
:2096E0002346D7F8C40501F0F7FCD7F8C405DDE9061201F046FF451944F10004C6E900543F
:20970000F8BD00BF28100120A008012030B5ADF2345DD0E903456846FCF7B4F900285AD0FD
:209720004DF607439D424ED14FF4807103A8FCF7B4F900284CD043A92046FFF71DFB43A98F
:2097400005462648D7F7C9FA21460DF58360FFF773F84FF482720DF22E41C5A805F0A3F870
:209760004FF4827203A90DF22E4005F09CF80DF58361204601F0B9FC84A92046FFF7FCFA9F
:2097800084A91648D7F7A9FA154800EB8500D0F8A00480B9C5A94FF480720DF22E4005F056
:2097A00082F80DF58361204601F09FFC42F201000DF2345D30BD036884AA43A95B6998477D
:2097C0000028F3D1E6E7009900200C39FCF726F942F20500ECE74AF60600E9E70006012077
:2097E000A00801202DE9F04FDFF81083D9B0D8F800302BB10023BA48C8F80030F7F750FB2E
:20980000B84C00212046F9F71FFE002800F0A5802588A5F10C03142B00F2CC84202200213D
:209820000AA805F09DF82A46A1680AA803F01EFF0C9B00210F9FC4F84434BDF82C30218055
:20984000012BA160DDE90D5608D1BDF82E3041F21B0293426AD8B3F5805F29D8002642F27D
:209860000500A14B1B78012B77D102170323ADF82E000AA903329B48ADF82C3092000A92E4
:20988000F7F788FB9748F7F7E7FB002E65D00C21964A002312A8CDE91212D4F8442484F8D1
:2098A0005834CDE91423CDE9163301F0B7FB54E0A3F58053013B1A2BD0D801A252F823F0C5
:2098C000E7C0020041C1020047C102004FC1020059C1020065C102008BC1020013C2020056
:2098E0001BC20200F5BF0200C9C20200E1C20200F9C30200F5BF0200A1C50200F5BF02000F
:20990000F5BF0200F5BF0200F5BF0200EDC50200F7C50200F5BF0200F5BF0200F5BF020091
:2099200029C602004DC6020091C6020003F5CF427F3292B2032A91D8A3F51843023B022BD7
:2099400000F23F83DFE813F0420327042C040AA96448F7F79FFC002847D1634B1A78012A56
:2099600001D001221A70D4F80C164B1C19D0604AD4F8080613681B1A994212D8594D4FF04D
:20998000000B136805F59C6705F29C46DFF870A1DFF87091C4F80836D4F85C249345C0F0DD
:2099A0000E8459B0BDE8F08F5248F7F7C9FA002642F2010055E70AA94A48F7F761FBCAE7C6
:2099C00001220AA94748F7F7E7FDC4E7F6B9280C0138231893F810362BB13946FFF7EAFB47
:2099E000FEF790FF18B944480D96002639E70136F6E776B104220AA93A48F7F727FB394876
:209A00000021F7F719FB3748F7F726FB42F21400EBE72D0C013D631993F810365BB1B046B5
:209A200039462846FFF7C6FB4646FEF76BFF08F101080028F8D1721C0AA92A489200F7F771
:209A400005FB631993F810362BB92648F7F704FB42F20100C9E731462248F7F7EDFA284671
:209A6000204D3946FFF7A6FBFEF74CFF01460028EBD02846F7F7E0FAF6E70AA8FEF7AFFF91
:209A800069E7294612A8FEF7D7FE4FF00008DFF878B00AA9C2461348DDE91469B9F1000F2B
:209AA0000CBF32464FF0FF32F7F7D0FA56EA09020FD00D4B1A78012A40F081824FF48052B4
:209AC00053462846CDE900B24246FFF7F3FD87B2E7B90448F7F7C0FA42F201003BE700BFC6
:209AE00010100120A0080120A415012004000B404C450120FC0C012001200010DC560120D4
:209B0000D502012000060120E06A212082B25946B6480292F7F73EFA029A8242D9D1F61BF5
:209B200069F1000918EB0707B8464AF1000ABDE7002E40F03A834FF6FF739D423FF438AFFF
:209B40002846FFF749F933E707A8FBF79BFF10B94AF6060049E704210020FBF75FFF00280E
:209B6000F6D002210DF11600FBF758FF0028EFD002210020FBF752FF0028E9D0042106A87E
:209B8000FBF74CFF0028E3D028210020FBF746FF0028DDD04FF4807112A8FBF77EFF0028B3
:209BA000D6D09348FBF7EDFF0028D1D09148FBF7E8FF0028CCD000210846FBF76EFF002811
:209BC000C6D02D0C01228C48013D2946F7F7C3FC80460F46012229468748F7F797F9069BCA
:209BE000B8EB000067EB0101984271F1000731D3BDF8168043F2010712AB2846A8EB0701D9
:209C00004A424A413146FFF7D9FB0346C4F84804013322D0B84508D1D4F85024D4F84C1433
:209C2000FFF7D6F930B1FEF791FED4F8483473480F93DAE60A251920F9F7ECFC04F5896073
:209C400007C8FFF7C5F90028EDD1013D15F0FF05F1D1E8E742F20C00C7E642F22000C4E6D8
:209C600012A8FBF70FFF002800F0BC80129B002725880B2BA3F10C0AA16818BF0023D1465B
:209C8000DFF87CB118BF029363885D48A5EB0305194408BFCDF808A0ADB22E462A4603F065
:209CA000E5FC2780A76000239B4208BFBAF1FF3F21D04E45029B77EB03031CD342F20108B0
:209CC0004DB12A464E494F48D5F78AFB42F20503854218BF984604F5896007C8FFF778F9C7
:209CE000FEF734FE42F20103984502D10023C4F84834404679E664213C48F9F7A5FB58B96B
:209D00004FF0FF33B342B84141D342F20508DFF8DCB04FF0000A56E0C5F58053B4F80080F4
:209D200005EB0B00A1689BB2984533D3B4F802C01A460393614403F099FC4FF480525946AA
:209D40003048D5F74DFBB0F5805F49D1039B984526D0A8F58052A16858462A44194495B240
:209D60002A4603F083FC18EB06064FF0000347F10007B8F5007F2380A36094D2029BB3F1F8
:209D8000FF3F08BFB9F1FF3F8DD1002F8BD042F20108BCE74544424603F068FCADB2E2E77E
:209DA0000025E0E7A368A3B123886288A4F800A09B1AC4F808A09BB29E1947F10007B3F583
:209DC000007FFFF47DAF4E45029B77EB0303E9D376E7FA215846F9F737FB0028E4D16FE726
:209DE000002592E742F2060883E700BFA0080120EC0C0120F00C0120FC0C012001200030E1
:209E0000E06A2120540E0120B14B2D0C12A8C8F800401B6804EB8505C4F85434AD4B129368
:209E2000AD4B149301F0DDFE12A801F0D6FED5F89C0431462A2203689D6AA84BA847D8F8E4
:209E40000030064613B1A648F7F72AF8002E7FF4AFAD03E50AA9A348F7F7E4F97BE54DF2D7
:209E600002439D420CD1A048FDF76EFC0AA902469C48F7F7EBF89C499A48F7F791F9E4E5E3
:209E8000984800220AA9F7F7E1F842F20A00ACE5310C28460139002F14BF3A460A46FFF7CA
:209EA000B7F942F2010342F20502002814BF184610469AE5310C28460139002F14BF3A46EA
:209EC0000A46FFF7B7FB00283FF4C8AC94F8F4250D90082A0DD84FF48A7342F20100D340DA
:209EE00013F0010F42F20C0318BF184640F080507BE542F20100F9E7B7F1FF3F294612A853
:209F0000B9460CBFBA464FF0000AFEF795FC0021DDE914329E4291414ED29B1BDFF8D8B193
:209F20000AA9704862F1000899451F467AEB08033CBF4F46D046DFF8C4A106EB07093A4645
:209F4000F7F784F8B1450BD86648F7F785F8B8F1000F66480CBF3B464FF0FF330D93FAE404
:209F60009BF80030012B2AD1A36933B9BAF800202361A2825E4AC4E90623228AA9EB0601C0
:209F8000A38A28469B1A994228BF1946A36913443246CDE9011100930023FFF78BFB0299E0
:209FA000238AA28A0E440B449BB29A422382C9D84C4801F060FAC5E742F21D00CBE400200D
:209FC000C9E40AA94748F7F7A2F8C4E4A5F55C430AA94448013B432B97BF464A00269B1881
:209FE00093F8DC603246F7F731F82EB93D48F7F733F84AF60100F8E44DF60B439D4223D8FE
:20A00000B5F55C4F7FF621ADA5F55C45013D0A2D3FF61BAD01A353F825F000BF0BC8020063
:20A020002FC8020063C8020099C80200E3C10200E3C10200C7C80200EDC80200F3C8020046
:20A04000E3C10200F9C802004DF641439D4200F08A804DF644439D427FF4F7AC2946214860
:20A06000F6F7DFFF4FF6FF711E48F6F7DAFF002168E04DF601411B48F6F7D3FF062119489C
:20A08000F6F7CFFF00211748F6F7C0FF00211548F6F7D2FF10E04DF602411248F6F7C1FF20
:20A0A00004211048F6F7BDFF00210E48F6F7AEFF00210C48F6F7B5FF00210A48F6F7BCFF38
:20A0C00000210848F6F7A2FFBFE44DF60341E4E74C450120380C0020995C02000006012058
:20A0E00010100120A0080120C2F6002001200010E0080120B4AC0020A415012044D60120AF
:20A100004DF604415B48F6F78CFF08215948F6F788FF00215748F6F779FF00220023CDE93E
:20A120001223082212A95348F6F734FFC4E74DF607415048F6F775FF4FF6FF714D48F6F7E4
:20A1400070FF01214B48F6F761FF00214948F6F75DFFB1E74DF60841EBE74DF60941E8E741
:20A160004DF60B4187E729464248F6F75AFF0A2140480026F6F755FF002700213D48F6F7CF
:20A1800045FF082212A93B48CDE91267F6F702FFCDE91267C5E70AA8FEF706FDFFF7DBBBE5
:20A1A0000AA8FFF7B3FAFFF7D6BB002642F21400FFF757BB00232380A360FFF7CEBB56F8B7
:20A1C000040F0BF1010830B30268D26A904795F8102628B3FAB930680268126B9047264AF0
:20A1E0005B462649002818BF02464846009256F8402CF7F7A3F9012259462148F7F7ABF9E7
:20A20000012259461E48F6F781FE584600F044FF012385F81036C34601350237FFF7BCBB0D
:20A22000D4F85C14002AF6D08B4504D23A8812B1388085F800055B4656F8402C514648460D
:20A24000F7F77CF994F858348BB110210D4B12A8CDE91213D4F84434149308FA01F343F015
:20A26000010315930023CDE9163300F0D7FE0023CFE700BFA008012013F70020B6020120E7
:20A28000FC0C01200400054038B5002304460D46C0E90033C0E902338B682BB10222984713
:20A2A000EB68E360AB68A36038BD2DE9F04F504D85B0504E2B6813F0010F03D133686B6058
:20A2C00001232B604C4B04AC0FCB04E90F0033686A689B1A642B22D9484C0A274FF6FF7885
:20A2E0004FF003094FF0050AF7F7E2FAB0FBF8F303442382F7F7DCFAA268B0FBF9F303EB26
:20A300004303C31A013B13445A1D6CDA6FF00403013FA36004F11404E6D133686B60374C74
:20A320000A2743F29C18DFF8D890DFF8D8A0AE68226816F0010B2DD0A368E1681A44636849
:20A3400042450B442260636003D841F69C02934220D9F7F7ADFAB0FBF8F303FB1800002300
:20A3600020606360F7F7A4FA0A23B0FBF3F202FB13000530E060F7F79BFA3323B0FBF3F263
:20A3800002FB1300E368193808BF5846A0600BB90123E360D9F800304FF0640B228AAAEB91
:20A3A0000303616854F8140B9A424FF00303A1BFB2FBF3F303EB4303D21AD3B204AA02EB0F
:20A3C0008303082291FBFBF190FBFBF053F8103CD6F707FC013FAAD1013E48BF5E46AE60C5
:20A3E00005B0BDE8F08F052BC8BF534690E700BF20DC01204C45012098AE00207411012023
:20A4000054110120000028202DE9F04116468218802AC8BFC0F180060028BCBF36180020B8
:20A42000002E4BDDCA18402AC8BFC1F140030029BCBF5B180021002B40DDCA1011F007019B
:20A4400000EBC210214A1568054416D0C1F10801FF20AC198B4240FA01F2B8BFCB1A6FEADA
:20A460000202A8BF5B1A2946D2B2BEBF184100230240D243A1420FD18035DC1003F0070853
:20A480002B462746013F0CD318463246002104F067FA03468033F5E70878104001F8010BC6
:20A4A000E8E705EBC415B8F1000F07D0FF232E4403FA08F363F0FF03AE4201D1BDE8F081BC
:20A4C0002A781A4005F8012BF6E700BFE430012008B580220A2336210020FFF795FF3623A0
:20A4E0007F2200201946D6F76DFB034A38210120BDE80840D6F72CBB2903012037B58418CA
:20A50000802C21DD0028C0F1800201DA03440244002A05DD382905DDC1F14004002C08DC79
:20A5200003B030BD002903DA01F108040021F5E70824CD1000EBC510054D2D6800932346CE
:20A540002844EDF77DF9EBE70028E3DADEE700BFE43001202DE9F04F54186B4B01266FF0C8
:20A5600001074FEAE40CD3F800E004F00704C2F1010500EBCC1C574306FA04F41EF80C8040
:20A5800044EA08040EF80C408C1AD3F800E04FEAE40C04F0070400EBCC1C06FA04F41EF8D5
:20A5A0000C8044EA08044FEAE1080EF80C4002EB000C01F00704D3F800900CEBC81C06FA36
:20A5C00004F419F80CE0E4B244EA0E0E09F80CE0A0EB020CD3F800E00CEBC81C1EF80C80F8
:20A5E00044EA08040EF80C404FF0000C624501DCBDE8F08F002D0CF1010CD3F800A0A8BFD3
:20A6000002F1FF3200EB0C08A8BF023701EB0204A8BFED194FEAE40904F0070405EB4C05B2
:20A6200008EBC91E06FA04F401351AF80EB0E4B244EA0B0B0AF80EB0A0EB0C0ED3F800A098
:20A640000EEBC9191AF809B044EA0B040AF809408C1AD3F800A04FEAE40904F0070408EBA3
:20A66000C91806FA04F40EEBC91E1AF808B0E4B244EA0B0B0AF808B0D3F8008018F80E90CA
:20A6800044EA090408F80E4001EB0C0400EB0208D3F800A04FEAE40904F0070408EBC91ED6
:20A6A00006FA04F41AF80EB0E4B244EA0B0B0AF80EB0A0EB020ED3F800A00EEBC9191AF845
:20A6C00009B044EA0B040AF80940A1EB0C04D3F800A04FEAE40904F0070408EBC91806FA39
:20A6E00004F40EEBC91E1AF808B0E4B244EA0B0B0AF808B0D3F8008018F80E9044EA0904F0
:20A7000008F80E4072E700BFE43001207F2870B539D88B18402BC8BFC1F140020029BCBF94
:20A7200052180021002A2EDDCB1011F0070100EBC310174B1E6806EB000414D0C1F108013B
:20A74000FF2580348A4245FA01F3B8BF8A1A6FEA0303A8BF521A315CDBB2BEBF15410022C6
:20A760002B400B43335402F007000023D210FF2593424FEAC31107D128B1FF22635C824042
:20A7800063EA0203635470BD01336554F0E700BFE43001208318802BC8BFC0F180020028A3
:20A7A000BCBF12180020002A10DD3F290ED8CB1001F0070100EBC310074B1B6803440120A0
:20A7C00000FA01F11A44C9B29A4200D170471878084303F8010BF7E7E4300120F7B51F464A
:20A7E0000C4605461646FFF7D5FF611C7A1E2846CDE90012FFF78AFFA819DDE900120138FA
:20A80000FFF784FFE11932462846013903B0BDE8F040BFE7904223EAE3732DE9F74FCCBF5B
:20A82000841A141A8B429DF830C00FDACD1AA54216DC2E4690422546344605DD0E46194691
:20A840003346064610463246002710E05D1AA542EFDD16461A46334606460846314605E0F9
:20A860000E461146324606461846334601279942B4BF01234FF0FF336E10C0F10108DFF878
:20A880009C904FF0010A0193002F42D1824242DB08EB0007FFB2B7FBFCFE0CFB1E77FFB2E7
:20A8A0007FB94FEAE10ED9F8003001F0070700EBCE1E0AFA07F713F80EB047EA0B0703F858
:20A8C0000E70361B00F1010042BF019B7619C918DCE708EB0007FFB2B7FBFCFE0CFB1E77F4
:20A8E000FFB27FB94FEAE00ED9F8003000F0070701EBCE1E0AFA07F713F80EB047EA0B0763
:20A9000003F80E70361B00F1010042BF019B7619C9189042DDDD03B0BDE8F08FE4300120D6
:20A92000F0B58418802CC8BFC0F180020028BCBF12180020002A4BDDCC18402CC8BFC1F1A8
:20A9400040030029BCBF5B180021002B40DDCC1011F0070100EBC410214C2468204416D04D
:20A96000C1F10801FF2586188B4245FA01F4B8BFCB1A6FEA0404A8BF5B1A0146B8BF1D41A4
:20A98000E4B2BCBF00232C40B1420BD1803003F00707DB1001461D46013D10D30C4601EBA3
:20A9A000020C08E00D78654001F8015BECE72678F64304F8016B6445F9D18031ECE700EB2E
:20A9C000C3102FB1FF230244BB40DBB2904200D1F0BD01785940C94300F8011BF6E700BFB6
:20A9E000E43001202DE9F04116468218802AC8BFC0F180060028BCBF36180020002E4BDD16
:20AA0000CA18402AC8BFC1F140030029BCBF5B180021002B40DDCA1011F0070100EBC2104E
:20AA2000214A1568054416D0C1F10801FF20AC198B4240FA01F2B8BFCB1A6FEA0202A8BF46
:20AA40005B1A2946B8BF1841D2B2BCBF00230240A1420FD18035DC1003F007082B4627469A
:20AA6000013F0CD318463246FF2103F079FF03468033F5E70878104301F8010BE8E705EBE7
:20AA8000C415B8F1000F07D0FF232E4403FA08F3DB43DBB2AE4201D1BDE8F0812A781A4340
:20AAA00005F8012BF6E700BFE4300120124A0021031E30B582F87F1004D11046302300F89A
:20AAC0007E3F30BD15DA5B422D220C480A210546B3FBF1F401FB1433303300F8013D23464F
:20AAE000002CF4D1002AECD02D2300F8013CA81EE7E70A46E9E700BFA9F4012028F501208B
:20AB000037B50C461146B8B1A0F121035E2B11D820380622144D7A2C02FB00550EDDC4F197
:20AB20008002531E052B05D838290CDDC1F14003002B0FDC03B030BD3020E9E7002CBCBF59
:20AB4000A21D2D19EDE7002903DA01F108030021EEE70823C81004EBC01404480068009514
:20AB60002044ECF76DFEE5E744C62060E4300120F8B5074E451ED6E9014715F8010F08B94E
:20AB80007460F8BD21463A460634FFF7B9FFF4E7E43001200EB417B505AB084C802153F8CF
:20ABA000042B2046019306F0B9FE2046FFF7E0FF03B0BDE8104003B0704700BFA9F40120F5
:20ABC00008B5FFF773FFBDE80840D1E7044B054A1A60054B1870054B1A68054B1A60704768
:20ABE00054ED01203F03012014110120E030012050ED0120802810D007D840280FD0602885
:20AC00000FD0B0FA80F040097047A0280BD0A0F1E0035842584180007047102070470420AF
:20AC2000704708207047202070470728124A0AD84130202382F8580282F8593220230F48F3
:20AC400082F85A32704700F001014008043803280DD8DFE800F0020E080A432382F858326E
:20AC600001F14103E8E74123F8E74223F6E73F23F4E74723F2E700BF74110120CC13012065
:20AC8000602810D007D820280FD010F0BF0F0CBF012000207047802809D0A0F1A003584266
:20ACA0005841C00170470A207047062070470520704770B5D0E90024A51AED10002D1346A5
:20ACC0000ADCA21A042A2AD0062A24D0022A02D11A788A4207D070BD12788A4203D09A78EA
:20ACE0008A420AD102339C42F5D01A1D951EAC421AD19C4218BF4360EDE71A798A4201D1B5
:20AD00000433F0E79E7903F108028E4201D10633E9E7013DD2E71A788A42E4D002331A7895
:20AD20008A42E0D00233D3E712F8026C02328E421CBF2D8823F8025BD8E708B5D0E90032BD
:20AD4000D21A04D14FF0FF31034802F04EFB134413F8010C08BD00BF4D030120D0E90032EE
:20AD60000020934200D1704713F8021B884238BF0846F6E7D0E900327F20934200D170475B
:20AD800013F8021B884228BF0846F6E710B50A4C044494F8C4376BB1F6F78AFD642294F823
:20ADA000C437B0FBF2F101FB120083428CBF0020012010BD0120FCE7A02401200D4B1A186B
:20ADC00003EBC00092F92428D0F8480882EAE2730011A3EBE273DBB213FB02F30A225343CF
:20ADE000242293FBF2F343434FF47A7093FBF0F0704700BFA024012038B504460078002847
:20AE000039D000F0E002802A3BD005D8402A14D0602A31D000201BE0E02AFBD1C306F9D168
:20AE20001D4D4FF440602B685843F6F763FD2B68A3EB830300EB43200AE010F0180FE9D18A
:20AE4000164A00F01F03D2F8C02702EB8302906A94F9012082EAE273A3EBE273DBB213FB76
:20AE600002F30A225343242293FBF2F358434FF47A7390FBF3F038BD00F01F00FFF79EFF92
:20AE8000E6E700F01F03054803EBC30300EB4300D5F734F8DCE700BFA0050120A02401207F
:20AEA000034B187A10B1587A80F00100704700BF303201200C23B0FBF3F203FB1200C0B274
:20AEC00003FB02006FF00B0303FB0100C0017047EF2930B404469DF8085014D8120401F068
:20AEE000F0011B0602F4FE0203F0FE43134343EA012343EA1113691E090201F4706119436A
:20AF000030BCF6F785BFF72908D8A1F1F10005281DD8DFE800F00810081C1C03090241F021
:20AF20000F012046ECE7120402F4FE0242EA012141F00201F5E711041B0601F4FE0103F041
:20AF4000FE43194341F4724141F00301E9E730BC7047002307B51A460093FFF7B9FF03B091
:20AF60005DF804FB0228034638BF0223981E00EB40108B4294BFC01840180A4901EB8001ED
:20AF8000D1F828026AB1B2FBF3F103FB11224FF0FF3199409B1A20EA010020FA03F39040F9
:20AFA0001843704744C6206007B500F00100134602228001009200F17F02FFF72BFC03B076
:20AFC0005DF804FB20B400F001000D461146082205EB80105DF8045BFFF790BAF0B50D4D11
:20AFE000D5F8046105F18407D5F80441013604F00F0407F8340005EBC400C5F80461A0F8AD
:20B000008A30054BA0F886101B68A0F88820C5F81031F0BD6C2301204C4501202DE9F743D8
:20B02000184E05460C46DFF86C803768DFF85C9098F8003013B34846F7F7E8FB10F0800380
:20B0400006D03368DB1B3C2B18D8F8F7F5F8EFE7224629460C48019302F008FB0A49224611
:20B06000019BA1F12000F7F762FA084A4FF40011074803B0BDE8F043F7F76FBA03B0BDE849
:20B08000F08300BF4C45012060DC012040DC0120C00200205C2301200D4B93F8582400B59C
:20B0A00089B092B11021D3F844340130094A029300FA01F3684643F0010303930023CDE945
:20B0C0000012CDE90433FFF7A9FF09B05DF804FBA00801200400044013B520B1016800248F
:20B0E0000094096A884702B010BD2DE9F04106460D46FDF737FB294B0F2E0CD803EB460224
:20B10000A9683344A2F8E0146A7DC2F3400283F80025BDE8F081D3F80026103E05F1160832
:20B120000132C6F38F1006F03F06C3F80026FCF715FB1B4B06EB80260746C402284633F8BC
:20B1400016208334144416221C44214604F1160606F04BFC78B105F1140355F8042B9D42CC
:20B1600044F8042BF9D12B88062223800D4B02FB073301221A713146404603F054FC002877
:20B18000C7D00622074B4146304602FB07330122BDE8F0411A7105F0B7BA00BFA0080120F8
:20B1A000E04A212084F6012020B103680022D9690023084770470B4BB3F85E2012EA000144
:20B1C00005D022EA0000A3F85E000120704793F8600028B1B3F85C2083F86010A3F85E20CE
:20B1E000704700BF6C23012010B586B0234904462348EAF79BFA0223204A01A82049ECF713
:20B2000066FB01A91F48ECF7A8F801A8D6F7DEF81C48D6F7C3F828B31B4A00201B49ECF75A
:20B2200001F9A0B11A4A1B49ECF7FCF878B11548D6F7E1F821461248EAF778FA22460F4924
:20B240000F48EAF73AF9B8B9134B144A0CE0124B134A1A600622134B1A70134B1A68134BE8
:20B260001A60E7E70C4B124A1A6006220D4B1A700D4B1A680D4B1A6006B010BD9703012065
:20B28000E00E01205C11012054F50120A203012068F60120A503012054ED0120C50301204E
:20B2A000A803012014110120E030012050ED0120B7030120F8B5214D0646D5F85C440F2C03
:20B2C00030D8621CC5F85C2405EB840204F110071B48C2F8601404F1400205EB87070021C2
:20B2E00005EB42022544C7F86064A2F86014012285F800152146F6F72EF90122214610480E
:20B30000F5F704FED7F8600403681B6B984733683046DB6A984785F8100668B12046BDE850
:20B32000F840B9E605F29C42002452F8040F0028CAD00134102CF8D1F8BD00BFA0080120A7
:20B34000FC0C01204349702303FB00132DE9F04FB3F84A8087B0B3F848401F8FB8F1000FFA
:20B360004CD0630080220133B2FBF3F2BC426FD07023002558430C1831F900E0364994F81D
:20B380004330019302F0FE03039304F1300304931FFA85F9B8F1000F05D0C84503D1039BBB
:20B3A000CB18994230D1238A53431B142FD0934228BF13464F454FF07F4634F902AF4FF093
:20B3C000000C0ABF019818465843B6FBF3F308BF000A0293AAEB0E0301EB400005938142DC
:20B3E00017D14F4503D00135ABB2BB420AD91A4BC01AC0F34F0007B0BDE8F08F4022B2FB60
:20B40000F4F2B3E7D646C3E721F802EBC9E70123D0E7049B4FEA1C6B104E5B5D013356F85E
:20B42000236036F81B3006EB4B06CCF30F2B7688F61A0BFB06F603EB1643059EC3F34E03D4
:20B4400073430EEBE33321F8023B029B9C44C6E70148CCE7F0E4012050F10120CC780020F0
:20B4600003685966DA6D12F4F81FFBD05B6F7047006804F015B82DE9F84F324B04461B7812
:20B48000012B59D1B0F81080B8F1000F25D0B0F8403418EA030F0CBF012300232A4E2B4F3D
:20B4A0002B4D84F842343378D4F8189007EB4317D5F800A0DFF8A8B09BF80030002B3BD022
:20B4C0003846F7F7A3F9030609D52B68A3EB0A03322B31D8F7F7B0FEEEE74346DEE733787F
:20B4E00042461C4D494605EB4325284602F0BEF8194A2B4612882A44BFF34F8F4FF0E021B2
:20B50000C1F8703F20339A42FAD8BFF34F8FBFF36F8F0023424629463846F7F708F83A467C
:20B520004FF480110D48F7F718F833780133DBB2032B88BF0023337000232361A361BDE8ED
:20B54000F88F00BFA4150120C0DB012040DB01204C450120E07A212044D6012040020020E9
:20B560005C23012010B103681B6D1847704710B103689B6C1847704710B103685B6C1847C6
:20B58000704710B103689B6818477047F0B40C4671B3D56A28B30B5C0133DBB245B36A7879
:20B5A000032A25D1235402262A78E71C03EB52013129C2BFC3F132025200D2B25FFA86FC6F
:20B5C000D9B2624501D930290DD923440022DA70C0F102020130D2B254FA80F0F0BC03F086
:20B5E000BFB90346DAE7A95D0236F9540133E5E7F0BC70472DE9F047CF8880468A46164645
:20B60000B7F5804F99467AD8F4F74CFC0546002875D0F4F747FC044620B92846BDE8F047F8
:20B62000F4F74ABC002F67D0F4F73CFC20B92846F4F742FC2046F1E79AF800200123D20931
:20B640004360130282F0010243EA074343F0004343F08003836026F47F63C66023F00F03F0
:20B6600003F58051016103F50051416103F5405103F580438161C361D8F80030286004607E
:20B68000836201211F4B6960AB602AF47F63C5F80CA023F00F0303F58050286103F500503E
:20B6A000686103F5405003F58043A861EB61164B616043EA02220023D8F80000A260E3607E
:20B6C0004FF48053276323614FF4005363614FF44053A3614FF48043E361DAF80030636300
:20B6E000DAF8043021602946C4E90A06C4E90E39BDE8F047F4F76DBB01222860C1E7BDE8BC
:20B70000F08700BF8002080080800080836E1B6B10B5044613B9C06803F0C2FEA36E5B6BE5
:20B7200013B9E06903F0BCFEA36E9B6B23B9606EBDE8104003F0B4BE10BDF8B5C6690F462E
:20B740000D68083EB54213D3B5FBF6F0013806F09FFB841CA5EB8404B4FBF6F4204606F045
:20B7600097FBA5EB800004FB160038602046F8BD0020FCE710B50C46826AFF21E06803F0FE
:20B78000EFF84FF0FF33236010BDC3681847F8B50E461746034610F8012B202AFAD03360F5
:20B7A000B3601D4615F8014B0CB12F2C1AD1194613F8012B202AFAD02F2AF8D0002439602F
:20B7C0004FF6FF7533682746B481736030463461EDF7D0FA98B1601EB782FE288CBF002056
:20B7E000012004E02046EDF7CFFA08B10020F8BD2E2C02D0202C18BFB5602B46D1E73046A0
:20B80000EEF71AFDA842F1D0EEF73AFD0134FB0343EA570353FA80F3000A9AB2C3F34E038E
:20B8200043EAC23310FA83F39FB2CFE7C38B89B21B0406D4C1F30E01C183C38B9BB2C382F6
:20B840007047C38BC1F3080103F47E430B43C383F3E70368F0B5044653F8210088B1178862
:20B86000024603681889B8420ED0186848B165681A460389B3FBF5F605FB1633994201D0DC
:20B880000020F0BD0346EDE71068FAE710B103689B6B1847704710B103685B6B1847014883
:20B8A000704700BF3EF6002038B504461546D5F7F4FD074AA368284621690233C2E9011327
:20B8C000FBF7F4F92046BDE83840D5F7A7BE00BFE430012000780021704700780021704741
:20B8E00038B50C4605461146032C0BD8064B182000FB0430D5F78BFD55F82430984218BFF7
:20B9000045F8240038BD00BF5C78002038B50C4605461146D72C0BD8064B182000FB04309F
:20B92000D5F775FD55F82430984218BF45F8240038BD00BF504C002038B50C4605461146C5
:20B94000952C0BD8064B182000FB0430D5F75FFD55F82430984218BF45F8240038BD00BFFC
:20B960009C380020F8B5044690F84D000D461646042836D8C11C00224FF0010CC9B21346FF
:20B980000CFA02F701323B43D7B2B942DBB2F7D8043803EA050318BF012003EB8011201D32
:20B9A0007F29A8BF7F21ECF78FFD2278184B03EBC20382191201C3F8442894F84D30082BA8
:20B9C0000ED1217815F0010F114A14BF0523002302EBC1024FF4C0614B431B01C2F844386D
:20B9E000F8BD431F012B0AD82378094A02EBC302CBB206214B431B01C2F84438DDE707280B
:20BA0000DBD1CB07ECD564212078FCF757FAD4E7A0240120122970B505460C460CD850F8BD
:20BA200021601820054BB11800FB0430D5F7EFFC864218BF45F8240070BD00BFE8710020E9
:20BA40000A2970B505460C460CD850F821601820054BB11800FB0430D5F7D9FC864218BF84
:20BA600045F8240070BD00BFE070002038B50C4605461146032C0BD8064B182000FB04305E
:20BA8000D5F7C5FC55F82430984218BF45F8240038BD00BF402200202DE9F84398460023DE
:20BAA0001446054680F8803089461146DCF78AFD214607462846DCF793FD0646B8F1000FB0
:20BAC00008D03846EBF78AFB424641683046EBF7DDFB064604F120034834B9F1000F09D1D5
:20BAE00005EB83025268974204D105EB44029288B24210D005EB8303384605EB44045F605A
:20BB0000A680EBF76BFB3246014605F1EC00BDE8F843D4F7A4BEBDE8F88300232DE9F0417F
:20BB20000446884646681746858980F8D03042B13046EBF753FB3A4641682846EBF7A6FBA9
:20BB40000546B8F1000F07D1D4F8D4309E4203D1B4F8D830AB421AD0942E94F8EB30C4F8D6
:20BB6000D4604FF04801A8BF94260A4A03EBC3004B4326EAE676A4F8D85002EBC000D1188F
:20BB8000D65205B18D80BDE8F041D4F789BEBDE8F08100BF0020012038B50446C06919B98A
:20BBA000D4F84031984211D0A58D0023C4F8400184F8F530A4F84451EBF710FB2A460146C5
:20BBC00004F5F470BDE83840D4F749BE38BD51F8083B40F8083B5B68184750F8083BDB682D
:20BBE00018477FB501466846FFF7F1FF054A69460548F5F7DFF86846FFF7EFFF07B05DF82B
:20BC000004FB00BF7F4F120010100120034B596843680068C91AD5F770B800BF001000E09D
:20BC20002DE9F74F0369044685680093C769436AD0E905A90AF10408984508D3534517D1EF
:20BC4000A9451AD028461035D4F700FEF8E758F8046B06F5007BB345EED030460193103676
:20BC6000D4F7F4FD019BF6E728461035D4F7EEFD009BAB42F8D1B94504D123683BB903B0D0
:20BC8000BDE8F08F38461037D4F7E0FDF3E7636A65691E1DAE4205D8206803B0BDE8F04F77
:20BCA00003F0FEBB55F8040B03F0FAFBF2E730B400F001040D46012011461A46029B029088
:20BCC00005EB841002EB841230BCFEF7A3BD00F00100D31002F0070201EB801101EBC31110
:20BCE000034B186801239340425C134343547047E430012030B400F00104044D184601EB94
:20BD00008411C5E9011230BCFEF75ABFE430012030B400F00104044D184601EB8411C5E9E7
:20BD2000011230BCFEF724BFE4300120034610468B4203D0CA1A194604F0E8BB7047B0F186
:20BD4000005F08B506D3B0F1804F01D301F044FB01F03FFB8000BDE8084003F099BB2DE985
:20BD6000F74F044680690F46236A103B984207D0FEF78AFAA3691033A36103B0BDE8F08FC9
:20BD8000626AE369111E6669A0EB03002369A2EB060818BF01210011C1EBA8014FEAA80593
:20BDA00000EB4110A1685B1A00EB23106FF07843984202D1324801F015FBD4E90093A2EB8C
:20BDC0000901A3EBA10101291FD8023502F1040AB3EB450F38D95B1B5B0809EB8305AE4288
:20BDE00026D92A4651463046FFF7A0FF2B686561E36003F50073236105EB0803636255F89A
:20BE00000830E36103F500732362656A4FF4007003F03EFB39466860A069FEF735FA636AC7
:20BE20001A1D5B68626203F50072E3612262A3E75645DBD0AAEB060208F104003146801A97
:20BE4000284404F063FBD1E703F1020B012B2CBF9B440BF1010BABEB05055846FFF76FFFCB
:20BE600051466D08019000EB850530462A46FFF75DFF484603F014FB019BC4E9003BB5E7C8
:20BE8000D503012001F0E001A02928D0002828DB402928D004D841B320290ED01448704780
:20BEA000602913D08029F9D10428F7DCC0B2114B03EB8003D3F8140170470528EEDCC0B265
:20BEC0000C4B03EB8003D3F8D40070470928E5DCC0B2084B03EB8003D3F8EC007047064860
:20BEE000704706487047064870470648704700BFCFFF0020D4AD0020C4ED0020F7ED002059
:20BF0000050401206EC6002003681B681847F8B5013B04460F461546DBB20F2B19D80206B3
:20BF200017D50C4E43EA000104F0EF04726D1068FFF7EAFF736D07F07F011868FFF7E4FFC0
:20BF4000C02C06D0736D05F07F011868BDE8F840DAE7F8BD5446012037B5130601F1010440
:20BF6000154648BF4018E4B248BF90F8EC55601E2B04000203F4FE0300F47060184340F4A7
:20BF8000004040F00800F7F759FB2A460023802109480094FEF79CFF2A46002380210748BB
:20BFA0000094FEF795FF234600222946802003B0BDE83040ABE700BF20AA012060BB01208A
:20BFC000F0B541F6FF74013085B00E468C42C5B2A8BF0C466B1E04F500541B02200403F44C
:20BFE0007063E71100F4FE0040EA0760184340F4604040F00E00F7F721FBE021E2B20E4C8D
:20C00000FBB200952046CDE90223FEF761FF04F58A50E0210095DDE90223FEF759FF06F5AC
:20C0200000522B4606F07F01C2F3C612E02005B0BDE8F0406BE700BF20AA012073B501305B
:20C040000B040D46124EC4B203F4FE03601E000200F47060184340F4504040F00D00F7F722
:20C06000EDFA2A4630460023D0210094FEF730FF2A4606F58A500023D0210094FEF728FF1E
:20C08000234600222946D02002B0BDE870403EE720AA0120F7B5013013060D461646C4B284
:20C0A00003F0FE43134F601E000200F4706018430B0403F4FE03184340F4304040F00B000A
:20C0C000F7F7BCFA33462A463846B0210094FEF7FFFE33462A4607F58A50B0210094FEF7E5
:20C0E000F7FE234632462946B02003B0BDE8F0400DE700BF20AA0120B2EE000A7047002381
:20C100000370C0E90133C0E903337047002310B5A0F85C3080F85B10002959D1584B02460C
:20C1200003F10C0153F8044B8B4242F8044BF9D11B78137000F10D02524B03F10C0153F845
:20C14000044B8B4242F8044BF9D11B78137000F11A024D4B03F10C0153F8044B8B4242F813
:20C16000044BF9D11B78137000F12702474B03F10C0153F8044B8B4242F8044BF9D11B7896
:20C18000137000F13402424B03F10C0153F8044B8B4242F8044BF9D11B78137000F1410263
:20C1A0003C4B03F10C0153F8044B8B4242F8044BF9D11B784E301370374B03F10C0253F8DA
:20C1C000041B934240F8041BF9D11B78037010BD324B024603F10C0153F8044B8B4242F810
:20C1E000044BF9D11B78137000F10D022C4B03F10C0153F8044B8B4242F8044BF9D11B784B
:20C20000137000F11A02274B03F10C0153F8044B8B4242F8044BF9D11B78137000F1270231
:20C22000214B03F10C0153F8044B8B4242F8044BF9D11B78137000F134021C4B03F10C0132
:20C2400053F8044B8B4242F8044BF9D11B78137000F14102164B03F10C0153F8044B8B4211
:20C2600042F8044BF9D11B784E301370114B03F10C0253F8041B934240F8041BF9D1A4E78E
:20C28000D4AD0020E1AD0020EEAD0020FBAD002008AE002015AE002022AE00202FAE002026
:20C2A0003CAE002049AE002056AE002063AE002070AE00207DAE002038B5002504462022E1
:20C2C000057029464561C0E90155C0E90355183002F046FBA563A58784F83E5038BD0E4BCD
:20C2E00010B50446104623600023617222618A0023721946E36002F033FB084A13682BB94B
:20C300001460002363616360A37210BD1A465B69002BFBD15461F4E794AE0020B4CC01206F
:20C32000002370B504460360C0E90233C0E90433C0E90633C0E9083308206060FFF7FFFCAB
:20C3400000F10C06054620604FF4007003F0A0F800F50073E8606661E06023616662A060CE
:20C36000A061C4E9070370BD2DE9F74FCC4C0025CC4AFF26CC494FF00108CC484FF07E577F
:20C3800001F022F8C74ACA49CA4801F01DF8CA4B204640F8043BD4F7E4FFC24AC749204634
:20C3A00001F012F8C64BC74A0020C74907241A609A611A639A64BB4A01F006F8B94AC34912
:20C3C000C34801F001F8B74AC049C24800F0FCFFC14BC24803F13C02C1490360AC33C0F81D
:20C3E0009424C04AC0F8A0344FF47F43C0F8A8242922A0F8D03480F8B124C0F88454A94AAF
:20C40000C0F88854C0F89054A0F89C54C0F8AC4480F8B55480F8BC5480F8CC5480F8D2646D
:20C4200000F0D2FFB0489F4AB049857100F0CCFF9C4AAF49AF4800F0C7FF9A4AAE49AF4853
:20C4400000F0C2FFAE48974A00F11803AD49C56003600761C0E90185C0E9055500F0B4FF8D
:20C46000A948904A00F11803A6490761C0E90038C0E90255C0E9055500F0A6FFA34A78238D
:20C480001560536013461146013C966002F108020E73F8D1DFF8D8824FF0FF379C49B8F80F
:20C4A000442208F5A769DC6508F5C86AA3F87020A3F88020A3F860407A4A83F86240DC66D5
:20C4C000DC67C3F810419148924DC3E91944C3E91D4400F079FF05F58056F5F726FE8E4B1E
:20C4E0008E481C60C3E901748D4BC3E900479C608C4BC3E900479C608B4BC3E900479C6077
:20C50000FFF70EFF674A8949844800F05DFFF5F70CFEF5F70AFE864B08F5147285481C72E4
:20C5200021461A601C641C65C3E90E44FFF7E7FD1430FFF7E4FD1C30DAF798FC594A7E490B
:20C540007C4800F041FF44F25523214605F5CC70AB807A4B85F8B540AB60794BA5F8B640D8
:20C56000EB6008F5247385F86C412B6008F5387385F87441C5F8B03045F24333C5F8BC305A
:20C58000704BC5F8C030704BC5F8C43008F53C73C5F8B83008F55473C5F8683108F55A7392
:20C5A000C5F87C31FFF7B2FD012105F5FB70FFF7ADFD45F24F034FF480614FF4B062A5F8A6
:20C5C00058320120614B85F84403C5F85C32604B85F8600305F24C40C5F8603208F55E73CA
:20C5E00085F80843C5F8543208F5747385F81043C5F804334FF40063C5F83043C5E9D634FA
:20C60000C5E9DD3445F24623A5F88433514BC5F88833514BC5F88C3308F57A73C5E9D412BD
:20C62000C5E9DB12C5F88033C5E9CA44FFF767FD05F27C40FFF763FD484B05F6C4501B68AB
:20C64000C5F8603C44F25133A5F86C3C444BC5F8703C444BC5F8743C08F58663C5F8683C47
:20C6600008F58F63C5F8183DFFF726FE05F65C60FFF745FD44F2592305F67470A5F8B83E8C
:20C68000394BC5F8BC3E394BC5F8C03E08F59563C5F8B43EFFF733FD44F242236AE000BFB2
:20C6A000C4F60120D8130120D5380200A0080120873400001010012054AB00204125020038
:20C6C00000CD01203CAB0020A92402006538000080DC012000F6012004AF00208851012098
:20C6E0000DE5010000093D00E0E80120CD9D0100AB9C0100E00E0120653B00005C11012028
:20C7000054F50120AD9C010068F601206C230120EB9A01005857012000F40120B8E801200A
:20C72000BC360120602301201CF401202591010038EC012080ED01203F8C01000A0401208C
:20C74000B9EA002016040120200401202D0401208904012036040120410401204C45012023
:20C760004A040120550401205C04012070040120D4AD002000F2F440A6F8AC33E84BC6F885
:20C78000B033E84BC6F8B43308F59E63C6E9E644C6F8A833C6E9E844FFF7B1FC45F2513335
:20C7A00000F52F70C6F86046A6F87436DE4BC6F86446C6F87836DD4BC6F86846C6F87C3638
:20C7C000DB4BC6F86C46C6F87036FFF798FCC6F8789705F5CB50FFF76FFD06F6B830C6F8EF
:20C7E000D09948F21009FFF767FD44F2475306F6E8402022A6F82C3C2146CE4BC6F8303C3D
:20C80000CD4BC6F8343C08F5AD63C6F8283CFFF776FC06F60850A6F8004D86F8024D02F03D
:20C820009FF82022214606F6285002F099F844F6524306F6C460C6F8B04EA6F84C3DBF4BE5
:20C84000C6F8B44EC6F8503DBD4BC6F8B84EC6F8543D08F5B663C6F8BC4EC6F8483DFFF79B
:20C860004EFC45F24C0300F50970A6F8DC3EB54BC6F8E03EB44BC6F8E43E08F5BF63C6F82A
:20C88000D83E05F50056C6E93544C6E93744FFF736FC44F25143C830A6F80031AB4BC6F873
:20C8A0000431AB4BC6F80831AA4BC6F8FC30FFF726FC00F59270C6F8E8A1FFF7FDFC06F23A
:20C8C0005440C6F868A3C6E9C697FFF7F5FC45F2511306F29C50C6F89894A6F8EC3421467A
:20C8E0009D4BC6F89C74C6F8F0349C4BC6F8F4349B4BC6F8E834FFF702FC08F5CE6300F6FB
:20C90000A810C6F8344FC6F8D835C6F89837C6F85839C6F8183B44F25413C6F8384FA6F8E6
:20C92000DC3C904BC6F8E03C8F4BC6F8E43C08F5D463C6F8D83CDAF799FA06F6EC7005F5B6
:20C940004056FFF7DCFB3046FFF7D9FB44F6410306F50D7086F8F2413383844BF361844BE5
:20C96000336208F5DD63736144F25313A6F8C830804BC6F8CC30804BC6F8D03008F5E6638B
:20C98000C6F8C43008F5EF63C6F87431FFF794FC05F55850C6E9A197FFF7B1FB44F64E6397
:20C9A00000F26D4286F8EC46A6F83C36734B86F8F446C6F84036724BC6F8644AC6F844360B
:20C9C00008F5F563A6F8684AC6F8383608F60803C6F8E83608F50263C6F8FC36234613557E
:20C9E0000C34B4F5907FFAD144F24E52A6F8A43B86F85C3C0427A6F8AC2B624A86F8643CA1
:20CA0000C6F8B02BC6F8B42B5F4A86F8E83E02F16001C6F8A82B7832A6F8B23FC6F8581C43
:20CA2000C6F86C2C4FF6FF7286F8B43FA6F8B63FA6F8B82F86F8BA3F4FF0FF36534C204671
:20CA4000FFF73AFC013FC4E9106604F15004F6D14F4C44F23243DFF854913946A4F88C3757
:20CA600004F66C104B4B04F58056C4F88897C4F89037494BC4F87C77C4F8943709F1600356
:20CA8000C4F88077C4F8383809F17803A4F88477C4F84C3844F6495384F88677A4F8A438A4
:20CAA0003E4B84F83C78C4F8A8383D4B84F84478C4F8AC3809F1880384F85479C4F8A0385F
:20CAC00009F1E80384F85C79C4F8503909F58073C4F86439FFF713FB45F2583300F2DC609D
:20CAE00084F8247EA4F8743D2E4B84F82C7EC4F8783D2D4BC4F8347EC4F87C3D09F5887367
:20CB0000C4F8387EC4F8703D09F5B473C4F83C7EC4F8203E1023C4F8407EA4F8A83E47E02F
:20CB20007A0401208E040120940401209C04012028610020A9040120B0040120B604012002
:20CB4000C0040120C7040120D3040120E2040120E904012098600020F6040120020501209C
:20CB6000E06000200F0501201D05012025050120350501203C050120DAE000204B0501208A
:20CB800037EC002051ED002004B60020949D01205897012022EB00205A05012024ED0020DA
:20CBA00063050120CEC500206C0501208CB6002044F23833C4F8447EA4F84C3FD74BC4F821
:20CBC000487EC4F8503FD64BC4F84C7EC4F8543F09F5C073C4F8507EC4F8483F09F5EC73F3
:20CBE00084F8587EC4F8F83FC4F8AC7E84F8FC7F37713775B76137773762B784C6E90377FC
:20CC0000FFF784FA45F245331C223946A6F82C3106F50270C34B86F8DC71C6F83031C24BC7
:20CC200086F8E471C6F8343109F5F873C6F80472C6F8283109F51273C6F8D8314FF480330A
:20CC4000C6E97B3701F08CFEB84B09F5167E06F5097CC6F80C32BEE80F00ACE80F009EE809
:20CC60000F008CE80F0006F59473B14AB149A4F58040C6F8503204F64873C6F8543204F5A0
:20CC80005763C6F8583204F50A63C6F85C3204F5F163C6F86032A4F58B63C6F86432A4F6CE
:20CCA000C813C6F86832A4F63C73C6F86C32A4F6EC73C6F87032A3F54F73C6F87432A3F5ED
:20CCC000FE63C6F87832A3F57B73C6F87C32A3F50973C6F88032A3F5C873C6E99177C6F8CD
:20CCE0008432A3F59073C6F88832A3F5B763C6F88C32A3F53273C6F89032A3F2F443C6F8F6
:20CD00009432A3F51373C6F89832A4F57253C6F89C32A3F59673C6F8A032A3F5CE73C6E904
:20CD2000A93500F051FB844B09F51E7209F52A799F7203F24C531068083252F8041C1C46B8
:20CD40004A4503C42346F6D1794A00247B490725794800F039FB7A48754A7A49046000F0F9
:20CD600033FB7948794EFFF7CAF9714A7849C0F8C842C0E9054400F027FB6D4A75497648CF
:20CD800000F022FBF5F7D1F93346744A744943F8802F1A460868C6F8C433C6F8E033C6E9ED
:20CDA00021440446013D02F10C0002F1280242F81C4CF6D16B4A03F500740A606A49086853
:20CDC000C6F8C00102F14400A432C6F820020A6060194035F3F770F8B5F5807FF8D1634B1D
:20CDE0000024DFF8B0914FF4C87B1A68604DA9F54070C6F88023C3F80090F7F7C5FF05F59C
:20CE00009F635C4A28462D622B6305F5DF632A6005F580576B6305F6F803A5F848B0AB63E1
:20CE200005F6F823DFF870A12B644FF40073C5E90144A5F84630F7F7B9FF05F58A504D4A98
:20CE40004FF40073C7F86001C7F8402100F59F62A7F88631C7F8702100F5DF62C5F800A0AD
:20CE6000C7F8742102F50072A7F888B1C7F8782102F50072404DC7F88021C7E95144F7F73C
:20CE800095FF3E4B80222146C6F8603409F1E00305F17800C7F840A16B654FF6FF732C6517
:20CEA000A5F8584085F85A406C67C5E91A330323C5E9004485F87030C5E90244C5E9044439
:20CEC000C5E90644C5E90844C5E90A44C5E90C44C5E90E44C5E91044C5E91244C5E9184456
:20CEE000C5F8F84001F03CFD114A28462449C5F80841A5F80C41C5E9404400F065FA0C4A16
:20CF00002049214800F060FA094A1E491F4800F05BFA1F4920220B460F463FE032C5002009
:20CF200073050120CCF400207E050120ACBE2060D8130120418C010000012020CD470000BB
:20CF40002C430120F15A00003C33012020DC0120F93A000065380000842401203CB900209B
:20CF60008C4701209CDD01200048012038D6012020AA012058B90020544601202C0801205F
:20CF80004138000087340000240801201C080120A0240120A0DF012058B90020013A1C724C
:20CFA0005C8103F1120323F8064C23F8044C23F8024CF3D1C3482023013B0272428100F1D4
:20CFC000120020F8062C20F8042C20F8022CF3D10C221025A7F8863487F88A240122A7F8F8
:20CFE000883487F8A3244FF47F42C7F8A424013DC1F8AC34C1F8B03401F10C01C1F8A8349C
:20D00000F5D1B14AB149B24887F82C5CB14C00F0DBF94FF08073D8F8982B294604F1380032
:20D02000C4F82B20C4E90235AB4B5A68C4F82F201A899B7AA4F833202C2284F83530C4E9BF
:20D040000855C4E90455C4E90655C4F8275001F087FC042304F17800A4F86450A36684F855
:20D060006C50C4F86D50C4F87150FFF759F942F28D034FF078112046934AC4E90013974947
:20D08000082400F0A1F9964B013C5D7003F10803FAD101238C4A93492046A6F86834082582
:20D0A00086F864444FF0050986F86A444FF6FF78C6F86C44C6F87044C6F8744486F87B4482
:20D0C000C6F87C44884F00F07FF97F4A2046874900F07AF907F10800A7F80090BC70FC706A
:20D0E000A7F804800190FFF7E7F80198EAF7E4FB3846D3F7D5FB013D07F14807EAD1724A3A
:20D1000028467B4900F060F908227A4B0121013A1D7019715D719D711D61DD759D61C3E9DB
:20D12000025503F11C03F2D10824734B3C21013C1A70597003F10803F9D1634A20466F4957
:20D1400000F042F9604A6E496E48C6F88044C6F88444C6F88844C6F88C44C6F8904400F0EB
:20D1600033F9224621466848FFF7B9F8674B01216748C6F89434F3F7C5FD664AD36F43F47F
:20D180004013D367644B9A68002A5FDBD3F88830002B5BDB614B1A6F92041CD4604A1A6723
:20D1A0004FF4D252C3F8802042F21072C3F890201A6F22F480521A671A6F002AFCDAD3F846
:20D1C000702122F4000222F40042C3F870211A6F22F480321A674F4A012400254FF480305A
:20D1E000D369504923F4405343F40053D361D36A23F4FF7323F0010343F0CD03D362A2F546
:20D20000A022536823F4801323F4407343F4801353600222444B1A63DA629A6203F5C81365
:20D22000424A1D66DC601A61414A58619961DA61C3F8E050C3F88C4004F18E44C3F89040EB
:20D24000C3F89400C3F89810C3F89C20002402252F4F354B374A5D63C3F8B8453B68364941
:20D260001A60364A9961DC609D823549C3E90125344A1A614FF48072DA82DA8306229A83E3
:20D280003A791346AB4003F1804303F56C231C6019602D4BDA7603F528132C4AC3F8882090
:20D2A0009A6842F010429A60F3F70EFD3A79284B02F110011870274B274843F821005311A6
:20D2C00001214BE0E0260120D813012029340000A0240120303201206CB90020453400004B
:20D2E000D0320120331B000000200120351B0000371B000010310120F0310120311B0000EA
:20D30000AD330000A0E00120B4E0012080B9002000F6012000C00F400080384000800D4093
:20D320001C2011001B1F010000801F4001000007001F1F1FA280384000FEFFFF0000010189
:20D34000150000804028212000800E400100009208F6012000180120D3A3010002F01F024C
:20D3600003F1382301FA02F229464033AB401A600F4AA2F11800FEF7B2FF0E4A0E4B204667
:20D380001168C6F8AC340D4BD9609C601C74DC6183F824401B620A49C3E90044C3E9054488
:20D3A00014331360074A03B0BDE8F04F00F00CB8E4E00120582301208CB9002030230120BD
:20D3C0002D1F0000D81301200B460146184601F00DBB08B5F8F708F908B5F8F705F908B532
:20D3E000F8F702F908B5F8F7FFF80FB480B584B000AF07F1180454F8042B7A60104601F015
:20D400000AFB00F2072323F00703ADEB030D00F500717A68FC602346684600F0E5F8F8F7AF
:20D42000E3F808B5F8F7E0F80D2970B5024614D800293BD01E4B92ED006A585C07EE900A35
:20D44000B7EEC66AB8EEE77B27EE067BBBFE477BBCEEC77B82ED017A70BD164CF9235810F5
:20D4600004EB800554F820608E423BBF1B1A03F1FF3303462C1D002BF1DC0F4B20689C42FD
:20D4800011D092ED006A07EE900AB7EEC66AB8EE677B27EE067BBBFE477BFCEEC77B17EE94
:20D4A000903A5360D8E74FF0FF33FAE70120D3E79EBE0020A8B900208CBD002010B504468E
:20D4C000084602990B4441688B4236D9002914BF00210B218B4238BF0B4606EE903A90EDF6
:20D4E000007AB8EE665BB7EEC77A85EE076B05EE902AB8EE655BB4EEC65BF1EE10FA14D8D5
:20D50000B7EE007BBBFE466B36EE076BFCEEC67B520017EE901A914238BF1146FFF784FF25
:20D52000012323706060204610BD27EE057BBBFE477BBCEEC77B80ED017A0023C4E900335A
:20D54000F1E7000080B59CB0064600AF0C46A41B0E496922381D00F089F804F1700323F043
:20D560000703ADEB030D6D466822391D284600F07DF82246314605F168002C4400F076F888
:20D58000002384F868302846FFF729FF35BE00202DE9F04100AF84B06D4605F10C04DFF8FB
:20D5A000448023464FF00A0CB2FBFCF60CFB162E18F80EE003F801ED9646BEF1090F3246FD
:20D5C000F2D8E41A8C4209D8C4F10C012246294400F04CF82046BD46BDE8F0814FF0FF3418
:20D5E000F8E700BF2ABE002001392DE9F0410746154600EB010804462A7892B3444516D2C6
:20D60000252A07D16A78732A09D07A2A16D0252A00D1013515F8012B04F8012BECE753F82C
:20D62000042B013A12F8011FC9B1444503D121463846FFF787FF04F8011BF3E7AA78752A6B
:20D64000E8D11E46A8EB040156F8042B2046FFF79FFF0028EBDD044403353346CCE70235CB
:20D66000CAE72270E01BBDE8F0810000844641EA000313F003036DD1403A41D351F8043B01
:20D6800040F8043B51F8043B40F8043B51F8043B40F8043B51F8043B40F8043B51F8043B8E
:20D6A00040F8043B51F8043B40F8043B51F8043B40F8043B51F8043B40F8043B51F8043B6E
:20D6C00040F8043B51F8043B40F8043B51F8043B40F8043B51F8043B40F8043B51F8043B4E
:20D6E00040F8043B51F8043B40F8043B51F8043B40F8043B51F8043B40F8043B403ABDD2AD
:20D70000303211D351F8043B40F8043B51F8043B40F8043B51F8043B40F8043B51F8043B3E
:20D7200040F8043B103AEDD20C3205D351F8043B40F8043B043AF9D2043208D0D2071CBF89
:20D7400011F8013B00F8013B01D30B8803806046704700BF082A13D38B078DD010F003033D
:20D760008AD0C3F10403D21ADB071CBF11F8013B00F8013B80D331F8023B20F8023B7BE702
:20D78000043AD9D3013A11F8013B00F8013BF9D20B7803704B7843708B7883706046704761
:20D7A00010EE103AB3F17E5F3ED0A3F50001B1F1FE4F10EE102A3AD2BFEE002B02F1404378
:20D7C000284903F54D03C3F3C34001EB001091ED424B91ED447B91ED406B91ED465BD90D65
:20D7E000C9052DED028B90ED021B90ED008B521ADB1500EE103A03EE902AB8EEC00BB7EEBD
:20D80000E33A30EE010BA8EE032BBDEC028B22EE023BA4EE027BA5EE020BA6EE037BA3EE28
:20D82000070BB7EEC00B70479FED0F0A7047590014D0B3F1FF4F14D0002B0BDBB1F17F4FBF
:20D8400008D2DFED0A7A60EE277A17EE903AA3F13862B1E700EE103A00F028B8012000F001
:20D8600013B87047B8620020000000000000004B10B582B08DED010A044601F08BF89DEDDD
:20D88000010A046002B010BD9FED070AFFEE007AB7EE007A00284FF0220047FE277A87EE93
:20D8A000800AFFF7E5BF00BF0000000070EE407AB4EE400A87EEA77AF1EE10FAB0EE470A13
:20D8C00002D62120FFF7D4BF704700BF0A22002100F09EBF164B10B51C68236BB3B91820BA
:20D8E00001F0D6FD0246206320B9124B12484C2101F0B4F81149124BC0E90013114B83604D
:20D900000B23838100210120C2E90401216B0E480B694C690D4A584302FB0400A3FB023213
:20D92000013340EB0200C1E9043020F0004010BDA01501200AC1002021C100200E33CDAB0F
:20D9400034126DE6ECDE05002DF451582D7F954C002310B50446C0E90033C0E90433836037
:20D9600081814366C2818361194608225C3000F0F7FF054B6362054BA362054BE362054B8B
:20D980002462236310BD00BF812B0300A32B0300DB2B0300FF2B0300024A0349034800F066
:20D9A00041BF00BF48150120C52103005415012041680C4B994210B5044601D002F036F8DC
:20D9C000A168094B994202D0204602F02FF8E168064B994204D02046BDE8104002F026B84A
:20D9E00010BD00BFE4F601204CF70120B4F7012010B50B4B0B4C0C4A1A6020460022042181
:20DA0000FFF7A6FF04F1680001220921FFF7A0FF04F1D0000222BDE810401221FFF798BFCE
:20DA20001CF80120E4F6012031010300014800F0DBBF00BF8DF80120014800F0D6BF00BFBC
:20DA40008DF8012010B50446FFF7F0FF236A1BB1BDE81040FFF7F0BF044B2362044B1B6893
:20DA6000002BF5D1FFF7C4FFF2E700BF490103001CF80120F0B5ADF5057D0E4604AF4FF4CF
:20DA80000071039100933946134603AA054600F037FF044680B10246039B3146284600F0C2
:20DAA00067FFBC42039003D02146284600F0F4FF03980DF5057DF0BD4FF0FF30F9E70000CA
:20DAC00013460A46014602480068FFF7D3BF00BFA015012070B504460D46164645EC104BDD
:20DAE00002F044FB7EB1C5F30A53C3F16B03002B09DD1B0503F17F51002001F5401141EC06
:20DB0000170B20EE070B70BD2DE9F04F2DED0E8B97B004460D92002212928A464FF0000881
:20DB20004FF000090A46119211782B294CD039D80D2933D8082933D800293CD00022089232
:20DB4000119E3278302A40F0B880727802F0DF02582A70D10293089B019312AB0093914A33
:20DB600013AB11A9204601F04BF810F00F07054605D0062F2AD101360023119608930D9BE9
:20DB8000002B40F05585089B49EC108BCBB1B1EE400B17B0BDEC0E8BBDE8F08F2029CDD163
:20DBA0000132C0E72D29C9D101210891511C11915278002AC4D10D9BCDF844A0002B40F09C
:20DBC000358549EC108BE4E70021EEE7129A3AB1352114A802F0C4FB1299204601F09AFF05
:20DBE0007B1E139A042B06D8DFE803F014031D201400DDE91489EB0548BF49F0004929F0BB
:20DC000000431B0D1B05002BB9D100F0C3FE22230360B4E7DDE9148302F2334223F4801360
:20DC200043EA0259E7E7DFF88491E4E76FF000494FF0FF38DFE7119B5A1C11925B78302B00
:20DC4000F9D0002B9BD001230693119B09930023059307931E460A2211980578A5F130038C
:20DC6000D9B209292BD95049012200F037FE002835D000202A46334683460146652A01D05C
:20DC8000452A18D11BB9069B034394D00023DDF844A00AF1010211929AF801202B2A75D043
:20DCA0002D2A7BD04FF0000EA2F13005092D40F28380CDF844A000259EE00023C4E7082EF2
:20DCC000D5BF0799059902FB013302FB013300F10100D4BF0793059301361190BCE7119B32
:20DCE0005A1C11925A78AEB383463346A2F13001092912D90121C1E7119B5A1C11925A7854
:20DD00000130302AF8D0A2F13103082B00F29584119B0993834600200346303A00F10101D4
:20DD200012D08B4400EB030C19460A25614513D11918082903F1010303441BDC07980A21BE
:20DD400001FB002207920021119A501C119052780846CBE73046D4E7082901F1010103DC34
:20DD6000079F6F430797E1E71029DEBF059F6F430597DBE7102BDFBF05980A2101FB00229C
:20DD80000592E0E74FF0000B01217CE74FF0000E0AF1020211929AF8022085E74FF0010EF9
:20DDA000F6E700BF94BD0020E2EA00200000F07F119A551C11955278302AF9D0A2F1310583
:20DDC000082D3FF678AFA2F1300C119A0A92119A551C11955278A2F13007092F37D90A9F55
:20DDE000ED1B082D44F61F6502DC6545A8BF6546BEF1000F00D06D42002B4DD1069B034321
:20DE00007FF4BDAE00297FF4D6AE692A27D024DC492A24D04E2A7FF4CEAE954911A801F024
:20DE20002FF900283FF4C7AE119B1B78282B2DD1904914AA11A801F037F9052826D1159B15
:20DE4000DDF8508043F0FF4949F4E00997E60A2505FB0C2CACF1300CB9E76E2ADBE78649F6
:20DE600011A801F00DF900283FF4A5AE119B8349013B11A8119301F003F910B9119B01339D
:20DE80001193DFF80C924FF0000878E67C4800F0D7FD59EC108B72E6DDED077AA5EB0B021C
:20DEA000B8EE677B002E08BF1E46102B06921A46A8BF1022092B59EC178B0CDD7149DDED2D
:20DEC000056A01EBC20111ED125BB8EE666BA7EE056B59EC168B0F2B37DC069900293FF40F
:20DEE0004EAE23DD16290BDC664B03EBC10393ED007B49EC168B27EE067B59EC178B3EE62B
:20DF00000698C3F1250181421FDB5E4AC3F10F0302EBC30191ED007B49EC168BC31A02EB14
:20DF2000C30227EE067B92ED006BE4E7069916310BDB544BABEB050503EBC50595ED007B11
:20DF400049EC168B86EE077BD7E706999A1A0A44002A6EDD12F00F000AD04A4901EBC001F6
:20DF600091ED007B49EC168B27EE067B59EC178B32F00F024ED0B2F59A7F22DD00252E46AC
:20DF800007952F462223DFF8089123604FF00008079B002B3FF4F3AD1299204601F0BAFD98
:20DFA0003946204601F0B6FD3146204601F0B2FD0799204601F0AEFD2946204601F0AAFD4C
:20DFC000DDE5002049EC178B2F4F12110146012A23DC08B159EC178B2B4A2C4802EBC1023D
:20DFE00092ED007BA9F1547949EC168B284A27EE067B17EE901A0A40824259EC178BBDD8A9
:20E00000A0F58010824286BFDFF888904FF0FF3801F154790022059276E012F0010F04D0B9
:20E0200097ED006B012027EE067B013152100837CDE7EFD0524212F00F000AD0114901EB2F
:20E04000C00191ED007B49EC168B86EE077B59EC178B1211DED01F2A1EDD00252E46079509
:20E060002F4622234FF000084FF0000923608FE77FFE0020A8BD002054C7002066C00020BB
:20E080003EF6002000640020D86300200000A07C0000F07FFFFFEF7F12F0100118BF6A21E1
:20E0A000059149EC178BBE490020D70704D591ED006B012027EE067B521001F10801F4D153
:20E0C00008B159EC178B059ABAB1C9F30A51C1F16B02002A484610DD1F2A40F32C81342A34
:20E0E000DEBF4FF0FF32C1F14B018A404FF00008CCBF4FF05C7902EA000949EC178BB5EEF6
:20E10000407BF1EE10FAA8D0079A009209993246204601F067FD079000283FF42FAF069A6B
:20E12000002AABEB05039FED969BA8BF00239FED96AB9FED97BB0993002522EAE2730C9364
:20E140002E46079B2046596801F0A4FC074600283FF418AF079B1A69023203F10C01920096
:20E160000C30FFF783FA49EC108B14AA13A9204602F06CF849EC188B129000283FF402AF64
:20E180000121204601F0C6FD064600283FF4FAAE139B1499002BABBF099A0C9ADDF830A016
:20E1A000DDF824B0ACBF03EB020BA2EB030A059A9B1A0B447B4A013B9342C1F1360180F2E2
:20E1C000CD80D21A1F2AA1EB02014FF0010000F3B98000FA02F30B9300230A930BEB01037B
:20E1E000059A9B458A4492445A46A8BF1A465245A8BF5246002AC2BF9B1AAAEB020AABEB68
:20E20000020B099A002A18DD314620460F9301F041FE064600283FF4B5AE0146129A20461D
:20E2200001F08EFD0E9000283FF4ACAE1299204601F070FC0E9A0F9B1292002B00F393807A
:20E24000069B002B08DD39460C9A204601F022FE074600283FF496AEBAF1000F08DD394667
:20E260005246204601F070FE074600283FF48AAEBBF1000F08DD31465A46204601F064FEF1
:20E28000064600283FF47EAE12993A46204601F0E3FE054600283FF475AE0023D0F80CA0E8
:20E2A000C360314601F0BCFE00287FDA5AEA080A40F0A580C9F31303002B40F0A08029F087
:20E2C00000431B0D1B05B3F1D66F40F298806B691BB92B69012B40F39280294601222046DB
:20E2E00001F032FE3146054601F09AFE002840F3868005992C4A4B46002900F09F8002EA88
:20E300000901B1F1D66F00F39980B1F15C7F7FF7A8AE9FED217B49EC168B234B26EE077BB5
:20E3200017EE902A134059EC178B002B7FF434AE2223236030E64FF0FF3101FA02F202EA3C
:20E340000808DAE6C3F17F4303F57F0303F57B43E23300FA03F3CDE90A303FE700220123E6
:20E36000CDE90A233AE712991A46204601F0ECFD129000287FF464AF04E600BFAFF3008033
:20E380009535A094FFFFCF3F9535A094FFFFDF3F35E5AF350000E03F0000000000005039B3
:20E3A000C864002002FCFFFF0000F07FCB465FD1C9F31303BAF1000F2AD0A74A93422BD11D
:20E3C000059B4246FBB1A54B09EA0303B3F1D46F4FF0FF311AD81B0DC3F16B0301FA03F3FD
:20E3E0009A4219D19E4B9B4502D101323FF4CAAD9A4B0BEA030303F580194FF00008059B86
:20E40000002B86D1C8E54FF0FF33E9E70B46E7E753EA08033FF46DAF0A9BCBB113EA0B0F9E
:20E42000EDD0059A40464946BAF1000F14D0FFF751FB38EE007B59EC178BE0E71340A3F551
:20E4400080136FEA13596FEA09594FF0FF38D6E70B9B13EA080FE3E7FFF73CFB38EE400B54
:20E46000B5EE400BF1EE10FA59EC108BC7D1F8E53146284601F044FFB0EE007BB4EEC70BCA
:20E48000F1EE10FA5FD8BAF1000F66D1B8F1000F4DD1C9F31303B7EE00DB002B62D1B4EE43
:20E4A000CD0BB6EE00DBF1EE10FA01D420EE0DDBB1EE4DCB6948DFF8B0C10BEA0001614505
:20E4C00053EC1C2B7AD1ABF1547949EC108B0A9101F04CFE49EC1E8B6048A0EE0CEB1EEE45
:20E4E000903A604A0A991840904259EC1E8B3CD918EE902A5A4B9A4204D118EE103A01333E
:20E500003FF440ADDFF858914FF0FF381299204601F000FB3946204601F0FCFA31462046FF
:20E5200001F0F8FA2946204601F0F4FA09E6B8F1010F03D1B9F1000F3FF493ADBFEE00CB24
:20E54000B7EE00DBB6E7B6EE00DB20EE0DDBBAF1000FADD0B0EE4DCBACE7B7EE00CBB0EE9B
:20E560004CDBA7E7BFEE00CBA4E703F15479059BCB46002BCAD129F000431B0D1B0599422C
:20E58000C4D151EC1D0B03F04BFC03F01BFCC9F3130B41EC170B4BEA080B5BEA0A0B3DEE47
:20E5A00047DB3CD0B4EECADBF1EE10FA3FF5F4ACB4EECBDBF1EE10FAA8DDEDE40598F0B164
:20E5C000B1F1D46F1BD89FED227BB4EEC7DBF1EE10FA11D8BCEECDDB1DEE103A012B38BF5A
:20E5E00001230DEE103AB8EE4DDBBAF1000F13D1B1EE4D7B53EC172B03F1D660431AB0EE39
:20E60000480B43EC1C2B0A9101F0B0FD0A99ACEE008B59EC188BAAE7B0EE4D7BEAE7B4EEDE
:20E62000C9DBF1EE10FA7FF571AFB5E4002308930D9A119B1360FFF7A6BA652A3FF4A2AB37
:20E64000452A3FF49FAB0121FFF7D8BBAFF300800000C0FFFFFFDF41FFFF0F000000F07FA8
:20E66000FFFFEF7FFFFF9F7C0000E07F0000000010B5214C214B0A4601462068FFF744FAC5
:20E68000B4EE400BF1EE10FAB0EE407B0DD717EE903A002B1A4804DA00F0DAF9B1EE400A81
:20E6A00010BDBDE8104000F0D3B9B7EEC00BDFED156AB0EEC06AB4EE666AF1EE10FA08DD59
:20E6C000B0EEC76B9FED0A5BB4EE456BF1EE10FA0ADD10EE103A13F0FF4FE1D117EE902A4D
:20E6E000094B1340002BDBD0236822221A60D7E7FFFFFFFFFFFFEF7FA0150120DC13012048
:20E700003EF60020FFFF7F7F0000F07F012B2DE9F04701D0242B06D900F03CF91623036001
:20E720000020BDE8F087DFF8E4C00D462E4615F8014B1CF8047017F00807F7D12D2C32D140
:20E740002C780127B51C002B5BD0102B09D1302C07D12C7804F0DF04582C4DD16C78102349
:20E76000023507F1004808F1FF384FF0000EB8FBF3F9764603FB198AA4F1300CBCF1090F13
:20E7800016D86446A34224DDBEF1FF3F08D0B1451CD301D1A24519DB06FB03464FF0010E0C
:20E7A00015F8014BE8E72B2C04BF2C78B51CCAE7A4F1410CBCF1190F01D8373CE2E7A4F190
:20E7C000610CBCF1190F04D8573CDBE74FF0FF3EE6E7BEF1FF3F05D122230360464642B98B
:20E7E00030469EE707B17642002AF9D0BEF1000F00D0691E1160F3E73024002BB1D108232F
:20E80000AFE7302CA5D00A23ABE700BF63BF002013460A46014602480068FFF777BF00BF44
:20E82000A01501202DE9F8430746884614460026D4E90195B9F1010905D52468002CF7D1B5
:20E840003046BDE8F883AB89012B07D9B5F90E30013303D029463846C04706436835E9E745
:20E8600070B504461618B442234608D11C1A121B561E4AB9084600F0CEF8204470BD1D78BF
:20E880000134002DEFD1F1E70D462A4615F8010B18B9521A18701019F0E7002EF5D003F8EF
:20E8A000010B013EF1E710B592B10A440B461C460133934203D100230370234609E013F85C
:20E8C000014C00F8014B002CF1D1591A481E10BD0B4613F8012B002AFBD1F6E710B56AB1D8
:20E8E0000139841810F8012B11F8013F9A4203D1A04201D0002AF5D1D01A10BD1046FCE782
:20E9000030B515469BB02C681A4689B1002C12BF4FF4C1634FF422730021002CADF80C30D4
:20E920000091049108DA8B23036000201BB030BD4FF422730C46F0E74FF6FF73ADF80E304B
:20E9400069461E9B0294059400F0A4FC031EA4BF2B60009B4FF00000A4BF18700498E5E754
:20E9600002440346934200D1704703F8011BF9E738B5074D04460846114600222A601A4678
:20E98000F2F7CEFD431C02D12B6803B1236038BD20F80120014B1868704700BFA015012081
:20E9A00070B50D4D0D4C641BA4100026A64209D10B4D0C4C03F0E8FA641BA4100026A6429E
:20E9C00005D170BD55F8043B98470136EEE755F8043B98470136F2E7009E2060009E206006
:20E9E000009E2060089E20607047704710B5054C13462CB10A4601460220AFF3008010BD71
:20EA00002046FCE700000000002301F0DDBDB7EEC00AFFF7F9BF034613F8012B002AFBD16C
:20EA2000181A0138704710F8012B11F8013B012A28BF9A42F7D0D01A7047000000000000E5
:20EA40009FED010B704700BF000000000000F87F9FED010A704700BF0000C07F1FB51446B7
:20EA60001A46094B1B680546D8684CB1074B0091CDE9013406492B4601F0FAFCF6F7B4FDC4
:20EA8000044B1C46F3E700BFA0150120ACBE0020B9BE00203EF6002037B5002944D051F86F
:20EAA000043C0190002BA1F10404B8BFE41800F0E5FF1E4A0198136833B96360146003B027
:20EAC000BDE8304000F0E0BFA34208D9256861198B4201BF19685B6849192160EDE71A46DD
:20EAE0005B680BB1A342FAD911685518A5420BD1246821445418A3421160E0D11C685B688B
:20EB000053600C441460DAE702D90C230360D6E7256861198B4204BF19685B68636004BF32
:20EB2000491921605460CAE703B030BDDCF601200369B3EB611F2DE9F0434FEA611200F18A
:20EB4000140445DD11F01F0104EB830604EB82050CD100F110072946B14234D39B1A9B00CE
:20EB6000EA1E964238BF0023234415E054F82270C1F12008CF4005F1040EA1467645F44694
:20EB800015D89A1A9200043A0135AE4238BF0022A318A75007B104331A1BA3424FEAA2022D
:20EBA00008BF0023026108BF4361BDE8F083DCF800C00CFA08FC4CEA070749F8047B5EF88D
:20EBC000047BCF40DAE751F804CB47F804CFC3E72346E1E7A0F13003092B02D82038C0B245
:20EBE0007047A0F16103052B01D84738F7E7A0F14103052B01D82738F1E700207047000017
:20EC00002DE9F04F17460A6885B002F1020BC2F1FF2202F57F0281468A460293FE3202EB06
:20EC20000B03D8461BF8010B01933028F7D0FFF7D1FF0446002838D1A74901224046FFF706
:20EC40004DFE0646002869D198F801005D46FFF7C1FF002864D05A4610783028904602F12C
:20EC60000102F9D0FFF7B6FF0123B0FA80F464095E4601934246154601322878FFF7AAFFE1
:20EC80000028F8D1944901222846FFF727FE78B946B96E1C3246154601322878FFF79AFF0B
:20ECA0000028F8D1731B9E0004E000242646E1E7002EF7D12B7803F0DF03502B3DD16B7821
:20ECC0002B2B2FD02D2B31D0691C4FF0000B0878FFF780FF421ED2B2182A2ED8A0F11002F3
:20ECE00011F8010FFFF776FF00F1FF3C5FFA8CFCBCF1180F1DD9BBF1000F00D05242164440
:20ED0000CAF80010DCB1019B002B14BF4FF000084FF00608404605B0BDE8F08F4546264610
:20ED20000124C7E74FF0000BA91CD0E74FF0010BFAE70A2303FB0200D0E72946E0E7A5EB64
:20ED40000803013B2146072B0ADC484600F0A2FE044640B9614B0246E4216148FFF77EFE78
:20ED600001315B10EFE700F1140A00235A49CDF804A09B46A84542D3019840F804BBA0EBE4
:20ED80000A00801020614FEA4018584600F074FF3D68A8EB0000A84259DDA0EB050841464F
:20EDA000204601F000FB8346B8B108F1FF33591103F01F025AF821104FF0010B0BFA02F25F
:20EDC0000A420AD05B4506DDA8F10201204601F0EAFA002838D14FF0020B41462046FFF753
:20EDE000A7FE4644BB68B34241DA2146484600F091FE0E9A002313604FF0A3088AE715F897
:20EE0000012D2E2A14D0202B06D1019B43F804BB4FF0000B01935B4628780393FFF7DAFE4D
:20EE2000039B00F00F0098404BEA000B0433A1E7A845E8D8012228460393FFF74FFD2649D9
:20EE4000039B0028DFD195E74FF0030BC5E70BDAA5EB000821464246484601F075F8A6EBDE
:20EE60000806044600F1140A4FF0000BBAE77B68B34273DD9E1BB54234DCFB68022B23D0D5
:20EE8000032B25D0012B15D1B54213D1012D0BD1029A7B68136001232361CAF800300E9B23
:20EEA0004FF062081C6035E7691E204601F07BFA0028EDD12146484600F02CFE0E9A0023FE
:20EEC00013604FF0500825E70F9B002BF2D1DFE70F9B002BDCD1EDE7E2EA0020E8BE0020B6
:20EEE000F9BE002006F1FF38BBF1000F33D1B8F1000F04D04146204601F055FA83464FEA93
:20EF0000681201235AF8222008F01F0803FA08F313423146204618BF4BF0020BAD1BFFF799
:20EF200007FE7E684FF00208BBF1000F4AD0FB68022B16D0032B18D0012B09D11BF0020F1A
:20EF400006D0DAF800304BEA030B1BF0010F0FD148F0100836E04FF0010BD0E74FF00108EB
:20EF6000E2E70F9BC3F101030F930F9B002BEFD0D4F810B004F114024FEA8B03019302EB51
:20EF80008B000023944652F8041BB1F1FF3F1ED00131CCF80010B8F1020F04F114023DD1D9
:20EFA0003B68013BAB420BD16911012305F01F0503FA05F552F821301D4218BF4FF00108E2
:20EFC00048F020080E9B1C60029B1E60A2E6904242F8043CD6D8A268934517DB61684846E4
:20EFE000013100F057FD824618B91B4B02468421B3E62269023204F10C0192000C30FEF792
:20F0000035FB2146484600F085FD54462269511C04EB8202216101215161BCE72169594533
:20F020000BDD01212046FFF783FDBB680136B342FFF6DBAE4FF00108C2E715F01F05F9D03A
:20F04000019B1A44C5F1200552F8040C00F014FEA842E6DBEEE700BFE8BE0020C2F10802BD
:20F06000920070B5C2F120064368046803FA06F52C43D340046040F8043F8842F4D370BDD2
:20F0800030B50368013311F8014B14B90360012030BD13F8012BA2F14105192D98BF20325A
:20F0A000A242F0D00020F3E72DE9F04F0B6801685E1102EB860613F01F0387B018BF04362C
:20F0C0000025371F82469046019346F8045CB9463C460295AB464A784B1C039342B31046D2
:20F0E00005910492FFF776FD00284FD1049A0599202A18D8029B9B4513DD4C4506D2072DB3
:20F1000004DC2A4649462046FFF7A8FF444550D90023A4F1040944F8043CCDF808B04C460B
:20F120001D460399D7E7292A55D10231CAF80010BBF1000F4FD04C4506D2072D04DC2A46CD
:20F1400049462046FFF78AFF444534D9A8F10402234653F8041B42F8041F9F42F9D23B1BD4
:20F1600023F003030433033E0134A64238BF04234344002243F8042B9F42FBD23B681BB98B
:20F18000474526D101233B60052025E00135082D0BF1010B06DD4445C3D9002344F8043CE9
:20F1A0000125043C226800F00F0040EA02102060B7E70825B5E7019B002BDFD0C3F12003F0
:20F1C0004FF0FF32DA4056F8043C134046F8043CD4E7043FD2E7042007B0BDE8F08F2DE97A
:20F1E000F0478E681F46BE420B6882460C4690462CD88A8912F4906F26D06569096905EBD8
:20F200004505A3EB010905EBD5757B1C4B446D109D4238BF1D46530527D5294600F068F9E2
:20F22000064660B321694A46FEF720FAA38923F4906343F08003A381266165614E44A5EBC7
:20F2400009052660A5603E46BE4200D93E4620683246414601F05AF9A3689B1BA36023681A
:20F26000334423600020BDE8F0872A4601F012F906460028E0D121695046FFF70DFC0C2379
:20F28000CAF80030A38943F04003A3814FF0FF30E9E700002DE9F04F98468B891B069DB0C3
:20F2A00007460D4614460ED50B6963B9402100F01FF92860286120B90C233B604FF0FF3056
:20F2C000D0E040236B610023099320238DF82930CDF80C803023DFF8A4818DF82A304FF0B1
:20F2E000010923469A4613F8012B0AB1252AF9D1BAEB040B0BD05B46224629463846FFF735
:20F300006EFF013000F0A980099A5A4409929AF80030002B00F0A18000234FF0FF32CDE913
:20F3200005230AF1010A049307938DF853301A935446052214F8011B504801F095F9049A1B
:20F34000D8B9D00644BF20238DF85330110744BF2B238DF853309AF800302A2B15D0079AEA
:20F36000544600204FF00A0C214611F8013B303B092B4DD9B0B1079214E0A0EB080309FA86
:20F3800003F313430493A246D2E7039B191D1B680391002BBBBF5B4242F002020793079352
:20F3A000B8BF049223782E2B0CD163782A2B34D1039B1A1D1B680392002BB8BF4FF0FF333A
:20F3C00002340593DFF8C4A021780322504601F04BF938B1049BA0EB0A0040228240134304
:20F3E0000134049314F8011B25488DF82810062201F03AF9002838D0224B1BBB039B073358
:20F4000023F0070308330393099B3344099368E70CFB02320C460120A6E7002301340593CD
:20F4200019464FF00A0C204610F8012B303A092A03D9002BC6D00591C4E70CFB0121044690
:20F440000123F0E703AB00932A460F4B04A93846AFF30080421C0646D6D1AB895B063FF53F
:20F460002DAF09981DB0BDE8F08F03AB00932A46054B04A9384600F031F9EBE7F9C000202D
:20F4800003C100200000000077190300FFC00020024B0146186800F02BB800BFA01501209A
:20F4A000024B01461868FFF7F7BA00BFA015012070B50E4E0C463168054611B901F074F81E
:20F4C00030602146284601F06FF8431C0AD0C41C24F00304A04207D0211A284601F064F88C
:20F4E000013001D14FF0FF34204670BDE0F601202DE9F041CD1C25F0030508350C2D38BF53
:20F500000C25002D074601DBA94205D90C233B6000263046BDE8F0812F4E00F0AFFA33686E
:20F520001C4644BB29463846FFF7C2FF431C04464FD134682646002E42D1002C43D02368EA
:20F540003146384604EB030801F02EF880453AD123680335ED1A25F0030508350C2D38BF81
:20F560000C2529463846FFF7A3FF01302BD023682B4423600EE02268521B1ED40B2A16D931
:20F580006119A342256018BF5960636808BF316062514B60384604F10B0600F075FA26F07D
:20F5A0000706231DF21AB4D09B1BA350B1E76268A3420CBF32605A60ECE723466468B0E7C8
:20F5C00034467668B7E70C233B60384600F05CFA9FE72560DEE700BFDCF6012082B001B939
:20F5E00001A942B14BB113780B601278101E18BF012002B070471046FBE76FF00100F8E7EC
:20F600002DE9F047164699468A680B69DDF820809342B8BF1346336091F8432007460C46C4
:20F620000AB1013333602368990642BF336802333360256815F0060506D104F1190AE368E3
:20F6400032689B1AAB4226DC94F84320131E226818BF012392062BD404F1430249463846E9
:20F66000C04701301ED02368226903F00603042B02BFE5683368ED1AA3680CBF25EAE57534
:20F6800000259342C4BF9B1AED1800261A34B5421AD1002008E00123524649463846C04705
:20F6A000013003D14FF0FF30BDE8F0870135C6E7E1185A1C302081F84300224494F8451016
:20F6C00082F843100233C7E70123224649463846C0470130E6D00136D9E700002DE9FF47A0
:20F6E0000F7E0C9D782F914680460C469A4601F1430207D8622F0AD8002F00F0D480582FDB
:20F7000000F0C08004F1420584F842703AE0A7F16303152BF6D801A151F823F00D1F0300FC
:20F72000211F03009D1E03009D1E03009D1E03009D1E0300211F03009D1E03009D1E0300CF
:20F740009D1E03009D1E0300252003004D1F0300DF1F03009D1E03009D1E0300472003008F
:20F760009D1E03004D1F03009D1E03009D1E0300E71F03002B681A1D1B682A6004F14205C4
:20F7800084F8423001239FE020682B68070603F10401296001D51E6803E04606FBD5B3F927
:20F7A0000060002E03DA2D23764284F843305A480A2312E02B682068191D2960050601D56B
:20F7C0001E6802E04106FBD51E8853486F2F0CBF08230A23002184F843106568A560002DB9
:20F7E000A2BF216821F0040121600EB9002D4BD01546B6FBF3F103FB1167C75D05F8017D74
:20F800003746BB420E46F4D9082B0BD12368DE0708D5236961689942DEBF302305F8013C97
:20F8200005F1FF35521B2261CDF800A04B4603AA21464046FFF7E4FE01304AD14FF0FF308C
:20F8400004B0BDE8F087236843F0200323603348782784F84570236829681F0651F8046B30
:20F8600002D45F0648BFB6B2DF0748BF43F02003296048BF23601EB9236823F0200323606D
:20F880001023A7E72448E4E71546BDE72B6826686169181D286035061B6801D5196002E0DA
:20F8A0007006FBD51980002323611546BCE72B681A1D2A601D6862680021284600F0D4FED0
:20F8C00008B1401B606063682361002384F84330AAE723692A4649464046D0470130ADD08C
:20F8E00023689B0713D4E068039B9842B8BF1846A6E70123324649464046D04701309DD06C
:20F900000135E36803995B1AAB42F2DCEBE7002504F11906F5E700BFD1C00020E2C0002081
:20F920008A892DE9F041054610070C4658D44B68002B05DC0B6C002B02DC0020BDE8F08118
:20F94000E66A002EF9D0002312F480522F68216A2B6032D0606DA3895A0705D56368C01ADD
:20F96000636B0BB1236CC01A00230246E66A216A2846B047431CA38906D129681D292BD8AD
:20F98000294A0A41D60727D400226260D9042269226004D5421C01D12B6803B96065616B1A
:20F9A0002F600029C9D004F14403994202D02846FFF772F800206063C0E701232846B0472C
:20F9C000411CC8D12B68002BC5D01D2B01D0162B01D12F60B1E7A38943F04003A381ADE731
:20F9E0000F69002FA9D093070E6808BF4B690F6018BF0023A6EB07088B60B8F1000F9CDD37
:20FA0000216AA66A43463A462846B047002806DCA38943F04003A3814FF0FF308EE70744DF
:20FA2000A8EB0008E9E700BFFEFFBFDF38B50B6905460C4613B90025284638BD18B1036A79
:20FA40000BB9FDF7FFFFB4F90C30002BF3D0626ED00704D4990502D4A06DFEF7C5FF2846F2
:20FA60002146FFF75DFF636EDA070546E4D4A3899B05E1D4A06DFEF7B8FFDDE70148FEF7DC
:20FA8000B3BF00BF8CF801200148FEF7AEBF00BF8CF8012070B5C66904460D4676B9102031
:20FAA000FFF7F6FC0246E06120B9184B18486B21FEF7D4FFC0E901660660C660E669F3689F
:20FAC00083B1E369DB6853F82500B8B9012101FA05F6721D9200204600F01EFE60B1C0E91D
:20FAE00001560EE021220421204600F015FEE369F060DB68002BE4D1002070BD026843F83F
:20FB000025200023C0E90333F7E700BF0AC10020C8BD002070B5C66905460C4676B9102021
:20FB2000FFF7B6FC0246E86120B9094B09488F21FEF794FFC0E901660660C6603CB1EB69F9
:20FB40006268DB6853F82210216043F8224070BD0AC10020C8BD00202DE9F0410D69074636
:20FB60000C461E4601F1140C0020DCF8003099B202FB01611E0C0B0C02FB063389B201300C
:20FB800001EB034185424CF8041B4FEA1346ECDC0EB3A368AB4219DC616838460131FFF794
:20FBA00079FF804628B902460C4B0D48BA21FEF755FF2269023204F10C0192000C30FDF78B
:20FBC00055FD21463846FFF7A5FF444604EB850301355E6125612046BDE8F081E8BE002096
:20FBE000C8BD00202DE9F8430C4615461F4609220833064693FBF2F3002101229A4209DBD4
:20FC00003046FFF747FF40B90246194B1948D321FEF724FF52000131F0E7089B4361092D48
:20FC20004FF00103036116DD04F10909C8462C4418F8013B0146303B0A223046FFF78CFF84
:20FC4000A045F5D1A5F108044C442D1B6319BB4204DBBDE8F8830A340925F6E714F8013B76
:20FC60000146303B0A223046FFF776FFEEE700BFE8BE0020C8BD0020030C1B04D3B9000408
:20FC8000102310F07F4F04BF0002083310F0704F04BF0001043310F0404F04BF80000233A2
:20FCA000002805DB10F0804F03F1010308BF2023184670470023E4E7036813F007020CD015
:20FCC000D90722D49A0749BF5B089B08036001225CBF036002221046704799B209B91B0C36
:20FCE0001022D9B209B908321B0A190704BF1B090432990704BF9B080232D90703D45B0895
:20FD000002F1010203D00360E5E70022E3E72022E1E7000010B50C460121FFF7BBFE0246C5
:20FD200028B9054B054840F24511FEF797FE01234461036110BD00BFE8BE0020C8BD00200F
:20FD40002DE9F04F91460A69D9F810309A42B8BF0B460C46BCBF4C4699462769D9F810A000
:20FD6000A368616807EB0A06B34285B0B8BF0131FFF790FE30B90246444B45484FF4B171A4
:20FD8000FEF76CFE00F1140505EB86082B460022434521D304F1140303EB870709F11403D4
:20FDA00003EB8A0202923A1B153A22F00302043204F115018F4238BF04220192029A039386
:20FDC0009A420CD8002E03DD58F8043D002B5BD0066105B0BDE8F08F43F8042BD8E7B3F85A
:20FDE00000A0BAF1000F24D004F1140EA9464FF0000C5EF8042BD9F800101FFA82FB89B22D
:20FE00000AFB0B114FEA124BD9F8002061444FEA124C0AFB0BC202EB114289B241EA024143
:20FE2000774549F8041B4FEA124CE2D8019A45F802C0039AB2F802900433B9F1000F21D001
:20FE4000296804F1140CAE464FF0000ABCF800B0BEF8022009FB0B22524489B241EA024113
:20FE60004EF8041B5CF8041B4FEA114ABEF8001009FB0A1101EB124167454FEA114AE5D8F5
:20FE8000019AA950043599E7013E9BE7E8BE0020C8BD00202DE9F843154612F003020646EA
:20FEA0000F4607D0254C013A002354F82220FFF753FE0746AD103DD0F4697CB91020FFF7A3
:20FEC000E7FA0246F06128B91D4B1E4840F2B311FEF7C4FDC0E901440460C460D6F81C806D
:20FEE000D8F808404CB940F271213046FFF712FF0023C8F80800044603604FF00009EB07D2
:20FF00000AD5394622463046FFF71AFF394680463046FFF7FFFD47466D100BD0206838B98B
:20FF2000224621463046FFF70BFF2060C0F800900446E4E73846BDE8F88300BFBCBD0020A9
:20FF40000AC10020C8BD00202DE9F0470C464968236903EB6218A368074691464FEA621AE9
:20FF600008F10106B3420BDB3846FFF793FD054648B90246284B29484FF4EF71FEF76EFD27
:20FF800001315B00EEE7002300F1140100F110021846534533DB20692AEAEA7A04F11403C2
:20FFA00019F01F0901EB8A0103EB800C2BD0C9F1200E8A460022186800FA09F010434AF842
:20FFC000040B53F8042B9C4522FA0EF2F3D8ACEB0403153B23F00303043304F115008445BF
:20FFE00038BF0423CA500AB108F10206013E38462E612146FFF78EFD2846BDE8F08742F815
:02000004602476
:20000000040F0133C5E7043953F8042B41F8042F9C45F9D8EAE700BFE8BE0020C8BD00201D
:2000200030B502690C69121B0ED100F11403143103EB840001EB840150F8045D51F8044D7C
:20004000A54203D005D30122104630BD8342F3D3FAE74FF0FF32F7E72DE9F84F0C460646F3
:20006000114620469046FFF7DBFF051E10D129463046FFF70FFD30B93A4B024640F23721F2
:200080003948FEF7EBFC0123C0E90435BDE8F88FA4BF4346A0463046D8F80410A6BF1C46DE
:2000A00000250125FFF7F6FC20B92E4B024640F24521E5E7D8F810702669C56004F11409F9
:2000C00008F1140500F1140E05EB870C09EB860608F11002F246002159F8043B52F804BFF7
:2000E00011FA8BF899B21B0CA8EB0108C3EB1B4303EB28431FFA88F819144E4548EA03432E
:200100004AF8043BE8D8331B153B23F0030304331534A64238BF04231D4473449E462E46F1
:2001200066450ED30CF10302521B22F00302033DAC4538BF0022134453F8042D7AB10761FD
:20014000A4E756F8048B11FA88F2141404EB184492B242EA04424EF8042B2114E0E7013FD8
:20016000EAE700BFE8BE0020C8BD002082B08DED000B019A0F4B1340A3F15073002B08DC1F
:200180005B42B3F1A07F4FEA235204DA4FF400231341002208E0A2F114031E2BDABF4FF0E4
:2001A0000042DA40012200231946104641EC100B02B070470000F07F2DE9F041066900F121
:2001C000140808EB8606371F56F8042C1046FFF753FDC0F120030A280B601B4915DCC0F19D
:2001E0000B0C22FA0CF3B84543EA010534BF56F8083C0023153002FA00F023FA0CF3034362
:200200001C4645EC104BBDE8F081B8453ABF56F8083CA6F1080700230B3812D0C0F1200192
:2002200023FA01F482402243474542F07F558CBF57F8042C00228340CA4045F44015134356
:20024000DEE742EA0105DBE70000F03F2DE9F7430F46012159EC108B1646FFF71BFC04465C
:2002600030B90246244B254840F20F31FEF7F6FBC9F30A55C9F313032DBB0193B8F1000304
:2002800026D068460093FFF717FDDDE90012E8B1C0F1200302FA03F30B43C240636101923F
:2002A000019BA361002B14BF022201222261BDB1A5F2334505443D60C0F135003060204697
:2002C00003B0BDE8F08343F48013D6E76161E7E701A8FFF7F1FC019B636120300122E5E711
:2002E00004EB8203A0F2324038601869FFF7C4FCC0EB4210E2E700BFE8BE0020C8BD0020C7
:200300002DE9F74F884669468146FFF755FF01A9404655EC104B10EE10AAFFF74DFFD8F85D
:200320001030D9F81020D21ADDE900315B1A03EB421357EC106B002BD6BFC3EB03332A460F
:200340003A46AB46D6BF02EB035302EB035B00EE903A4BEC17AB87EE000B03B0BDE8F08F01
:20036000013970B549111469013102F1140300EB810103EB8404051FA3420CD3A31A113B37
:2003800023F003031132A24288BF002318440023884205D370BD53F8046B45F8046FEBE729
:2003A00040F8043BF4E700F1140200694B11984210B511DB0ADD11F01F0107D052F8234008
:2003C00024FA01F000FA01F18C420BD102EB8303934203D8002010BD0346F7E753F8041DD5
:2003E0000029F5D00120F6E710B50C46B1F90E1000F0C8F80028ABBF636DA3891B1823F4AA
:200400008053ACBF6365A38110BD2DE9F0411F468B89DB0505460C46164605D5B1F90E10AA
:200420000223002200F09CF8A389B4F90E1023F48053A38132463B462846BDE8F041FEF7BA
:2004400097BA10B50C46B1F90E1000F089F8431CA38915BF606523F4805343F48053A381BF
:2004600018BFA38110BDB1F90E1000F069B800000EB403B5014603AB054853F8042B00683D
:20048000019300F07FFF02B05DF804EB03B07047A01501202DE9F041804614460E4621B98F
:2004A000BDE8F0411146FFF723B82AB9FEF7F4FA25462846BDE8F08101F07EF8844207460F
:2004C00002D8B4EB500F12D821464046FFF710F805460028EDD0BC422246314628BF3A46FB
:2004E000FDF7C4F831464046FEF7D6FAE1E73546DFE749B1FF2A85BF8A2303600A704FF051
:20050000FF3098BF0120704708467047884210B501EB020402D98442234607D8431EA142CA
:2005200008D011F8012B03F8012FF8E7024401468A4200D110BD13F8014D02F8014DF7E72E
:2005400038B5064D0023044608462B60F1F7E0FF431C02D12B6803B1236038BD20F8012024
:2005600038B5074D04460846114600222A601A46F1F7D8FF431C02D12B6803B1236038BD8F
:2005800020F8012038B5074D04460846114600222A601A46F1F7BAFF431C02D12B6803B1CC
:2005A000236038BD20F8012038B5064D0023044608462B60F1F794FF431C02D12B6803B110
:2005C000236038BD20F801202DE9F0439046224A87B0166805460F461C46A3B9B26AF16A55
:2005E00000F123039A420DDC00F124094A4630468DED020BFFF74EFF044608B3C6E90A90E3
:200600009DED020BF46A05ABCDE900832A463B460321304600F020F93B685B4222461B1B8A
:200620000599814202EB03060ED811463027C81885420EDCAB1BB542B8BF00230021D154A1
:20064000204607B0BDE8F08310F8011B02F8011BE6E701F8017BEAE7A01501200000000042
:20066000000000000000000001F0FF01102A2BDB10F0070F08D010F8013B013A8B422DD012
:2006800010F0070F42B3F6D1F0B441EA012141EA014122F007047FF000070023F0E8025644
:2006A000083C85EA010586EA010685FA47F5A3FA87F586FA47F6A5FA87F68EB9EED1F0BCAB
:2006C00001F0FF0102F0070232B110F8013B013A83EA010313B1F8D1002070470138704707
:2006E000002D06BF35460338073815F0010F07D1013015F4807F02BF013015F4C03F0130C2
:20070000F0BC0138704700BF034611F8012B03F8012B002AF9D1704737B5A1FB02244CB97B
:2007200011460192FEF7E4FE019A054630B9284603B030BD0C2202600025F8E72146FEF72B
:200740000FF9F4E72DE9F74F03690C69A34207467EDB013C01F1140800F1140505EB840322
:20076000019358F8243055F8242001339A424FEA840B08EB8409B2FBF3F631D34FF0000E71
:200780004046AC46F24650F8042B93B206FB03E34FEA124E1A0C9BB2AAEB0303DCF800A0EB
:2007A00013FA8AF306FB0E220093009B4FEA124E92B2C2EB1A4202EB2342BDF8003081456D
:2007C00043EA02434CF8043B4FEA224ADBD255F80B302BB9019B043B9D421A462CD33C61B0
:2007E0003846FFF71DFC002822DB01362946002058F8042BD1F800C093B2C31A120C13FA2C
:200800008CF3C2EB1C4202EB23429BB243EA0243C14541F8043B4FEA2240E9D255F82420D8
:2008200005EB840322B9043B9D421A460AD33C61304603B0BDE8F08F1268043B002ACED19F
:20084000013CC9E71268043B002AF0D1013CEBE70020EEE7000000002DE9F04F2DED028B07
:20086000C56991B08DED020B59EC108B1C9C0691064608920C9375B91020FEF709FE02462C
:20088000F06120B9A64BEF21A648FEF7E7F8C0E901550560C560F369196851B15A684A6097
:2008A000012393408B603046FFF734F9F36900221A60B9F10003BBBF23F00043039300238F
:2008C0000122ACBF23602260974B039CA3431CD10C9A42F20F731360C4F3130353EA08034D
:2008E00000F0FB841D9B63B9904B20E0904B019308331D9A1360019811B0BDEC028BBDE8D1
:20090000F08F8A4B01930333F3E79DED028BB5EE408BF1EE10FA0CD10C9A012313601D9B9F
:20092000002B00F0D784834B1D9A1360013B0193E1E70EAA0FA93046B0EE480BFFF786FC62
:20094000C4F30A530E9A0546002B46D0B0EE487B18EE901AC1F3130141F07F5141F44011EF
:20096000A3F2FF33002007EE901AB7EE086B9FED665B37EE467B9FED666BA7EE056B9FEDB8
:20098000665B07EE903AB8EEE74BB0EE467BA4EE057BFDEEC76BB5EEC07BF1EE10FA16EEA6
:2009A00090BA099008D5B8EEE66BB4EE476BF1EE10FA18BF0BF1FF3BBBF1160F2BD85E49BB
:2009C00001EBCB0191ED007BB4EEC78BF1EE10FA01D50BF1FF3B00211EE00F9B134403F268
:2009E00032412029C1BFC1F140018C4003F2124128FA01F1D6BFC1F12001214308FA01F1E0
:200A000007EE901AB8EE677B013B17EE901A0120A1F1F871A7E70121D21A531E059345BFFF
:200A2000C2F101030493002300234CBF05930493BBF1000F0B9118DB059BCDF828B05B44C2
:200A400005930023069A092A48D8052AC4BF043A0692069AA2F10202CCBF00240124032A28
:200A600047D8DFE802F00B2D2B39049B0022A3EB0B0304930A92CBF10003E3E7002207922E
:200A8000089A002A38DC4FF0010AD1465246CDF820A0F7690021042000F1140C944530D960
:200AA000796030460D93FEF7F5FF0D9B01900246002845D1214B40F2AF11E5E60122DEE78E
:200AC00000220792089A0BEB020A0AF101094A46012AB8BF0122DCE70122F2E70124002257
:200AE000CDE906244FF0FF3A0021D14612220891CFE701220792F5E7DDF820A0D146524607
:200B0000C7E701314000C7E761436F63A787D23FB3C8608B288AC63FFB799F501344D33F69
:200B20000AC1002070C000200000F07F6CC0002063C0002030E6002000640020E8BE0020FC
:200B4000F26901991160B9F10E0F6CD8002C6AD0BBF1000F40F3A080C14A0BF00F0102EBAD
:200B6000C1021BF4807F92ED007B4FEA2B1200F08780BC4991ED086B88EE066B8DED026B79
:200B800002F00F020321B748002A7BD19DED026B86EE077B8DED027B0B9A9DED027B002AFF
:200BA00000F0A080B7EE006BB4EEC67BF1EE10FA40F19880B9F1000F00F09480BAF1000F89
:200BC0002FDDB2EE046B27EE067B8DED027B0BF1FF32013154469DED026BB1EE0C5B07EE82
:200BE000901AB8EEE77BA7EE065B15EE907A51EC150BA7F15071002C77D1B1EE047B36EED4
:200C0000476B41EC170BB4EEC76BF1EE10FA00F36A82B1EE477BB4EEC76BF1EE10FA00F128
:200C200060828DED028B0F9A002AC0F21D81BBF10E0F00F319818A4B03EBCB0393ED006BD6
:200C4000089B002B80F2B780B9F1000F00F3B38040F04682B1EE047B26EE076B9DED027B9B
:200C6000B4EEC76BF1EE10FA4C464F4680F21C82DDF80480312308F8013B0BF1010B18E295
:200C8000022180E7D40704D590ED006B013127EE067B5210083077E722D0CBF10002704905
:200CA00002F00F0001EBC00191ED007B28EE077B8DED027B6B481211002402212AB9002CD2
:200CC0003FF46AAF8DED027B66E7D70705D590ED006B0131012427EE067B52100830EDE789
:200CE000022159E75A464C4675E741EC170B5C4901EBC40111ED024B01990C44079951B385
:200D0000B6EE003BB7EE002BDDF8048083EE045BB2EE043B35EE477BFDEEC64B14EE901A8F
:200D2000B8EEE45B303136EE456BB4EEC76BF1EE10FA08F8011B39D432EE465BB4EEC75B2E
:200D4000F1EE10FA72D4A0453FF46BAF27EE037B26EE036BE0E7DDF8048027EE047B204603
:200D6000B2EE043BFDEEC64B14EE901A303108F8011BA045B8EEE45B36EE456B18D1B6EE44
:200D8000005B37EE054BB4EEC46BF1EE10FA4DDC35EE475BB4EEC56BF1EE10FA7FF541AFBC
:200DA0008046013818F8013C302BF9D093462AE026EE036BD6E79DED027BB2EE044BDDF8D6
:200DC000048087EE065BBDEEC55B15EE103A303308F8013B019BA8EB03039945B8EEC53B49
:200DE000A3EE467B33D137EE077BB4EEC67BF1EE10FA1ADCB4EE467BF1EE10FA03D115EE11
:200E0000103AD90711D429463046FEF783FE00230C9A88F800300BF1010313601D9B002B99
:200E20003FF469ADC3F8008065E55A464346984613F8011D392906D101999942F7D10198A5
:200E4000302101320170197801311970AEE727EE047BB5EE407BF1EE10FAB2D1D3E700BFE5
:200E600000640020D86300200799002900F0D0800699012900F3B4800999002900F0AC80B3
:200E800002F23342DDF810801C460993049B13440493059B0121134430460593FEF73AFFA4
:200EA000099B0746B8F1000F0DD0059A002A0ADD42450499A8BF4246891A04910599A8EB80
:200EC00002088A1A059203B3079A002A00F0A580002C13DD3946224630460D93FEF7DAFF50
:200EE0002A46014607463046FEF72AFF294609903046FEF70FFE099A0D9B15461A1B04D02B
:200F000029463046FEF7C6FF054601213046FEF701FF0A9B002B044640F381801A46014665
:200F20003046FEF7B7FF069B012B04467ADD00230993226904EB82021069FEF79DFEC0F1AB
:200F40002000059B184410F01F0000F09380C0F12002042A40F38580049BC0F11C00034467
:200F60000493059B804403440593049B002B05DD29461A463046FEF7E7FF0546059B002BB5
:200F800005DD21461A463046FEF7DEFF04460B9B002B71D021462846FFF742F800286BDA92
:200FA000002329460A223046FEF7D6FD079B0BF1FF3B0546002B00F09781394600230A2211
:200FC0003046FEF7C9FDBAF1000F074600F39380069B022B57DC8EE00E9AC2F1360251E799
:200FE00009F1FF34A342BFBFE21A0A9B9B180A93AEBF1C1B23460024B9F1000FB5BF049A74
:20100000DDF81080A2EB09084A46B8BF00223CE7DDF81080079F1C4644E71A4670E7069B91
:20102000012B18DC029BB3B9039BC3F31302A2B923F00042120D12058AB1049B0133049393
:20104000059B01330593012309930A9B002B7FF470AF012075E70023F6E7029BF4E7099272
:20106000F3E782D0049B1C3213440493059B9044134479E70246F5E7B9F1000F36DC069BAE
:20108000022B33DDCA46BAF1000F0DD12146534605223046FEF760FD014604462846FEF788
:2010A000BFFF00283FF7E4AD089BDDF804806FEA030B4FF0000921463046FEF72BFD002FAF
:2010C0003FF4A1AEB9F1000F05D0B94503D049463046FEF71FFD39463046FEF71BFD92E69F
:2010E00000242746E0E793462746C1E5079BCA46002B00F00081B8F1000F05DD39464246BD
:201100003046FEF721FF0746099B002B5DD079683046FEF7BFFC804628B9824B024640F206
:20112000EF21FFF7B1BB3A690232920007F10C010C30FCF79BFA012241463046FEF704FFF3
:20114000019B01330493019B53440893029B03F00103B94607930746049B2146013B284630
:201160000293FFF7EFFA034630330590494628460993FEF755FF3A46824621463046FEF7BE
:201180006BFFC268099B80460ABB01462846FEF747FF099B024641463046CDE90932FEF7CD
:2011A000B9FC069B0A9ADDF8108043EA0201079B1943099B0DD1392B29D0BAF1000F01DD2B
:2011C000059B3133029A137075E73846B8E70122E1E7BAF1000F06DB069941EA0A0A07996F
:2011E0005AEA010A20D1002AECDD2946012230460493FEF7A9FE21460546FEF711FF0028A2
:20120000049B02DCDED1DA07DCD5392BD8D1029A3923137043469846013B18F8012C392A45
:2012200051D001321A7046E7002A03DD392BEED00133C7E7049A089902F8013C8A422BD058
:20124000294600230A223046FEF786FCB94505464FF000034FF00A024946304607D1FEF73B
:201260007BFC81460746049B0133049374E7FEF773FC3946814600230A223046FEF76CFC52
:201280000746F0E7BAF1000F019ACCBFD0464FF0010890444FF00009294601223046029333
:2012A000FEF752FE21460546FEF7BAFE0028B1DC02D1029BDB07ADD44346984613F8012D62
:2012C000302AFAD0F7E6019A9A42A4D10BF1010B312378E7144BFFF72ABB1D9B002B7FF4D6
:2012E00005AB124BFFF723BBBAF1000F03DC069B022B3FF7C8AEDDF8048021462846FFF7D6
:2013000021FA00F1300308F8013B019AA8EB02029245B7DD294600230A223046FEF71CFC74
:201320000546EAE7E8BE00202FE6002063C000209368013B002B10B4936008DA9469A34276
:2013400001DB0A2903D15DF8044B00F03DB91368581C1060197008465DF8044B7047F8B5E2
:2013600006460F461446D518AC4201D1002007E014F8011B3A463046FFF7DAFF431CF3D1AE
:20138000F8BD00002DE9F04F0D469DB014469846064618B1036A0BB9FCF754FB6B6ED9072A
:2013A00005D4AB899A0502D4A86DFDF71DFBAB891B0701D52B699BB92946304600F042F966
:2013C00070B16B6EDC0704D54FF0FF301DB0BDE8F08FAB899805F7D4A86DFDF706FBF3E778
:2013E0000023099320238DF82930CDF80C803023DFF8B0818DF82A304FF0010923469A46F0
:2014000013F8012B0AB1252AF9D1BAEB040B0BD05B46224629463046FFF7A1FF013000F08D
:20142000A980099A5A4409929AF80030002B00F0A18000234FF0FF32CDE905230AF1010A32
:20144000049307938DF853301A935446052214F8011B5448FFF708F9049AD8B9D10644BF21
:2014600020238DF85330130744BF2B238DF853309AF800302A2B15D0079A544600204FF018
:201480000A0C214611F8013B303B092B4DD9B0B1079214E0A0EB080309FA03F3134304935B
:2014A000A246D2E7039B191D1B680391002BBBBF5B4242F0020207930793B8BF049223784C
:2014C0002E2B0CD163782A2B34D1039B1A1D1B680392002BB8BF4FF0FF3302340593DFF8FC
:2014E000D4A0217803225046FFF7BEF838B1049BA0EB0A004022824013430134049314F809
:20150000011B29488DF828100622FFF7ADF800283FD0264B1BBB039B073323F00703083310
:201520000393099B3B44099368E70CFB02320C460120A6E700230134059319464FF00A0C28
:20154000204610F8012B303A092A03D9002BC6D00591C4E70CFB012104460123F0E703AB5A
:2015600000932A46124B04A93046AFF300800746781CD6D16B6ED90705D4AB899A0502D403
:20158000A86DFDF732FAAB895B063FF51DAF09981CE703AB00932A46054B04A93046FEF7C4
:2015A0009DF8E4E7F9C0002003C1002000000000F73A0300FFC0002051F8043C181F002B10
:2015C000BCBF0B58C0187047F8B50E461446054618B1036A0BB9FCF735FAA369A360A389A1
:2015E0001A0725D523691BB323682269981A6369F6B28342374604DC21462846FEF716FA3E
:20160000E0B9A368013BA36023685A1C22601E706269431C9A4204D0A389DB0706D50A2EDB
:2016200004D121462846FEF701FA38B93846F8BD2146284600F006F80028D5D04FF0FF37E7
:20164000F4E7000038B52A4B054618680C4618B1036A0BB9FCF7F6F9A389B4F90C20180730
:2016600022D4D90607D409232B6042F04003A3814FF0FF3034E0580712D5616B41B104F1EF
:201680004403994202D02846FDF706FA00236363A38923F02403A38100236360236923608C
:2016A000A38943F00803A38123694BB9A38903F42073B3F5007F03D02146284600F040F85F
:2016C000A089B4F90C2010F001030AD00023A36063695B42A361236943B910F08000C4D1FA
:2016E00038BD810758BF6369A360F4E70020F7E7A015012070B50C46B1F90E10002996B02A
:2017000015461E460DDAA38913F0800F4FF000010CBF4FF480634023002031602B6016B0CF
:2017200070BD6A4600F048F80028ECDB019901F47041A1F50053594259414FF48063EBE757
:201740008B8973B59D0706460C4607D504F14703236023610123636102B070BD01AB6A46C6
:20176000FFF7C8FF009905463046FDF7C1FE48B9B4F90C309A05EFD423F0030343F0020302
:20178000A381E3E7A389206043F08003A381009B6361019B20615BB1B4F90E10304600F01C
:2017A0001DF828B1A38923F0030343F00103A381A3891D43A581CFE738B5074D0023044685
:2017C000084611462B60F0F7A6FE431C02D12B6803B1236038BD00BF20F8012038B5064D25
:2017E0000023044608462B60F0F79AFE431C02D12B6803B1236038BD20F80120024B0A465D
:201800000146186800F001B9A01501200CB430B5174B0C1E1D689DB008DA8B232B604FF024
:20182000FF301DB0BDE8304002B070474FF40273ADF8143014BF04F1FF33234604930793F9
:201840004FF6FF7302900690ADF81630209A21AB02A928460193FDF71DFD431CBCBF8B23F5
:201860002B60002CDDD0029B00221A70D9E700BFA01501200EB400B59CB01DAB02900690B3
:201880006FF00041094807910491094953F8042B05910068019302A9FDF7FCFC029B002276
:2018A0001A701CB05DF804EB03B07047A01501200802FFFF024B0A4601461868FEF7EABD46
:2018C000A015012030B51446002C9BB005461A4605DA8B2303604FF0FF301BB030BD4FF478
:2018E0000273ADF80C3014BF04F1FF332346029305934FF6FF7300910491ADF80E30694693
:201900001E9BFDF7C7FC431CBCBF8B232B60002CE3D0009B00221A70DFE7000007B5009309
:2019200013460A46014603480068FFF7CBFF03B05DF804FBA0150120C9B2034610F8012B6F
:201940001AB18A42F9D118467047002918BF0023F9E770B503461E4613F8014B44B14A1E88
:2019600001E0A54204D012F8015F002DF9D1F2E7301A70BD10B50139034632B111F8014F96
:2019800003F8014B013A002CF7D11A440021934200D110BD03F8011BF9E713B511F0FF011F
:2019A000034610D102B0BDE81040FFF7C5BF431C044618460191FFF7BFFF01990028F6D106
:2019C000204602B010BD0024F3E770B503461E4613F8014B3CB14A1E01E0A542F7D012F80D
:2019E000015F002DF9D1301A70BD10B501390244904201D1002005E0037811F8014FA34272
:201A000001D0181B10BD0130F2E7F8B54B1E0B42074602D000252846F8BD082938BF0821D0
:201A2000531D0E4602D90C233B60F3E7042A38BF0422D41C24F00304C1F10703A342F2D3A7
:201A400008392144FDF754FD0028E3D050F8042C031F002AB8BF9B18F51C1D447642354033
:201A6000191D6A1A0BD00B2A03EB020618D91868801A98501A603846FDF70EF833461A68C6
:201A800004F10C01981829448842C4D92919C81A121A186004312A513846FCF7FDFFBAE73A
:201AA00051429950EBE7000081F0004102E000BF83F0004330B54FEA41044FEA430594EA6D
:201AC000050F08BF90EA020F1FBF54EA000C55EA020C7FEA645C7FEA655C00F0E2804FEA4D
:201AE0005454D4EB5555B8BF6D420CDD2C4480EA020281EA030382EA000083EA010180EA32
:201B0000020281EA0303362D88BF30BD11F0004F4FEA01314FF4801C4CEA113102D0404253
:201B200061EB410113F0004F4FEA03334CEA133302D0524263EB430394EA050F00F0A78037
:201B4000A4F10104D5F1200E0DDB02FA0EFC22FA05F2801841F1000103FA0EF2801843FA59
:201B600005F359410EE0A5F120050EF1200E012A03FA0EFC28BF4CF0020C43FA05F3C0188D
:201B800051EBE37101F0004507D54FF0000EDCF1000C7EEB00006EEB0101B1F5801F1BD386
:201BA000B1F5001F0CD349085FEA30004FEA3C0C04F101044FEA445212F5800F80F09A804D
:201BC000BCF1004F08BF5FEA500C50F1000041EB045141EA050130BD5FEA4C0C404141EB6F
:201BE0000101013C28BFB1F5801FE9D291F0000F04BF01460020B1FA81F308BF2033A3F138
:201C00000B03B3F120020CDA0C3208DD02F1140CC2F10C0201FA0CF021FA02F10CE002F12F
:201C20001402D8BFC2F1200C01FA02F120FA0CFCDCBF41EA0C019040E41AA2BF01EB0451C5
:201C4000294330BD6FEA04041F3C1CDA0C340EDC04F11404C4F1200220FA04F001FA02F36D
:201C600040EA030021FA04F345EA030130BDC4F10C04C4F1200220FA02F001FA04F340EA41
:201C80000300294630BD21FA04F0294630BD94F0000F83F4801306BF81F480110134013D9F
:201CA0004EE77FEA645C18BF7FEA655C29D094EA050F08BF90EA020F05D054EA000C04BF06
:201CC0001946104630BD91EA030F1EBF0021002030BD5FEA545C05D14000494128BF41F019
:201CE000004130BD14F580043CBF01F5801130BD01F0004545F0FE4141F470014FF000002B
:201D000030BD7FEA645C1ABF194610467FEA655C1CBF0B46024650EA013406BF52EA0335D9
:201D200091EA030F41F4002130BD00BF90F0000F04BF0021704730B54FF4806404F13204B3
:201D40004FF000054FF0000150E700BF90F0000F04BF0021704730B54FF4806404F13204A8
:201D600010F0004548BF40424FF000013EE700BF42004FEAE2014FEA31014FEA02701FBF1F
:201D800012F07F4393F07F4F81F06051704732F07F4208BF704793F07F4F04BF41F400218A
:201DA000704730B54FF4607401F0004521F000411CE700BF50EA010208BF704730B54FF047
:201DC00000050AE050EA010208BF704730B511F0004502D5404261EB41014FF4806404F12B
:201DE00032045FEA915C3FF4D8AE4FF003025FEADC0C18BF03325FEADC0C18BF033202EB13
:201E0000DC02C2F1200300FA03FC20FA02F001FA03FE40EA0E0021FA02F11444BDE600BF0D
:201E200008B502460B4643EC172BB5EEC07BF1EE10FA03D4BDE8084000F00AB8B1EE477B3D
:201E400051EC170B00F004F8404261EB410108BD9FED0B6B41EC170B9FED0B5B27EE066B99
:201E6000BCEEC66BB8EE464BA4EE457BFCEEC77B16EE101A17EE900A704700BFAFF300806D
:201E8000000000000000F03D000000000000F041430803F05533C01A830803F0333300F070
:201EA0003330184400EB101000F00F3000EB002000EB0040000E704742084B0802F0553218
:201EC00003F05533801AC91A4FEA900C8A0800F033330CF0333C01F0333002F03332634490
:201EE000104403EB131300EB101003F00F3300F00F30184400EB002000EB0040000E7047B4
:201F00005FF800F0A18220605FF800F0017320605FF800F09D7A20605FF800F07D892060F1
:201F20005FF800F08D2020605FF800F0ED4C20605FF800F08D1E20605FF800F0492B206080
:201F40005FF800F0C17720605FF800F0996420605FF800F0D18820605FF800F02164206052
:201F60005FF800F0091D20605FF800F0A17220605FF800F0595920605FF800F0B174206035
:201F80005FF800F0E97720605FF800F0E59720605FF800F0496220605FF800F029892060EC
:201FA0005FF800F0CD7320605FF800F0953220605FF800F0D98120605FF800F0F97C20602F
:201FC0005FF800F0B39320605FF800F06F4F20605FF800F035822060F8B500BF0000000085
:201FE0000000000000000000000000000000000000000000000000000000000000000000E1
:202000000000000000000000000000000000000000000000000000000000000000000000C0
:202020000000000000000000000000000000000000000000000000000000000000000000A0
:20204000000000000000000000000000000000000000000000000000000000000000000080
:20206000000000000000000000000000000000000000000000000000000000000000000060
:20208000000000000000000000000000000000000000000000000000000000000000000040
:2020A000000000000000000000000000000000000000000000000000000000000000000020
:2020C000000000000000000000000000000000000000000000000000000000000000000000
:2020E0000000000000000000000000000000000000000000000000000000000000000000E0
:202100000000000000000000000000000000000000000000000000000000000000000000BF
:2021200000000000000000000000000000000000000000000000000000000000000000009F
:2021400000000000000000000000000000000000000000000000000000000000000000007F
:2021600000000000000000000000000000000000000000000000000000000000000000005F
:2021800000000000000000000000000000000000000000000000000000000000000000003F
:2021A00000000000000000000000000000000000000000000000000000000000000000001F
:2021C0000000000000000000000000000000000000000000000000000000000000000000FF
:2021E0000000000000000000000000000000000000000000000000000000000000000000DF
:202200000000000000000000000000000000000000000000000000000000000000000000BE
:2022200000000000000000000000000000000000000000000000000000000000000000009E
:2022400000000000000000000000000000000000000000000000000000000000000000007E
:2022600000000000000000000000000000000000000000000000000000000000000000005E
:2022800000000000000000000000000000000000000000000000000000000000000000003E
:2022A00000000000000000000000000000000000000000000000000000000000000000001E
:2022C0000000000000000000000000000000000000000000000000000000000000000000FE
:2022E0000000000000000000000000000000000000000000000000000000000000000000DE
:202300000000000000000000000000000000000000000000000000000000000000000000BD
:2023200000000000000000000000000000000000000000000000000000000000000000009D
:2023400000000000000000000000000000000000000000000000000000000000001C1C7FC6
:202360003E1C0800081C3E7F1C1C1C0000000042C8801F40B8821F400800000000000042FA
:20238000C4801F40B4821F400400000000C0004224801F4014821F401000000000C00042F5
:2023A00028801F4018821F402000000000C000422C801F401C821F404000000000C00042B1
:2023C00034801F4024821F40000100000040004264811F4054831F40000400000040004262
:2023E00080811F4070831F4000000200004000427C811F406C831F4000000100004000427A
:2024000068811F4058831F4000080000004000423C811F402C831F40010000000040004203
:2024200044811F4034831F40040000000040004240811F4030831F40020000000040004226
:2024400048811F4038831F40080000000000004204811F40F4821F400000040000000042F1
:2024600008811F40F8821F40000008000000004218811F4008831F400000800000000042AD
:2024800014811F4004831F40000040000000004200811F40F0821F400000020000000042EB
:2024A000FC801F40EC821F40000001000000004224811F4014831F400000000400000042F1
:2024C00028811F4018831F4000000008000000421C811F400C831F40000000010000004283
:2024E00020811F4010831F400000000200000042EC801F40DC821F400010000000000042CC
:20250000F0801F40E0821F40002000000000004234811F4024831F4000000040000000422D
:2025200038811F4028831F40000000800080004294801F4084821F400000040000C0004259
:2025400090801F4080821F400000008000800042A8801F4098821F40000080000080004227
:20256000A4801F4094821F4000004000004000426C811F405C831F400010000000C0004205
:2025800030801F4020821F408000000000400042B0811F40A0831F40000000200040004275
:2025A000AC811F409C831F40000000100040004284811F4074831F4000000400004000423F
:2025C00088811F4078831F4000000800000000422C811F401C831F40000000100000004293
:2025E00030811F4020831F4000000020000000420C811F40FC821F4000001000000000424C
:2026000010811F4000831F400000200000800042C8811F40B8831F40008000000080004282
:20262000C4811F40B4831F400040000000800042C0811F40B0831F4000200000008000424A
:20264000BC811F40AC831F400010000000800042D0811F40C0831F40000002000080004268
:20266000CC811F40BC831F400000010000C0004274801F4064821F400000000100C0004272
:2026800080801F4070821F400000000800C0004284801F4074821F400000001000C00042B6
:2026A0006C801F405C821F400000400000C000427C801F406C821F400000000400C00042A2
:2026C00078801F4068821F400000000200C0004288801F4078821F40000000200000000076
:2026E000000000004B250000612500002524000071200000BB1E0000B51E00001924000021
:202700005D24000041240000DF1E0000F11E00000D250000111F000073250000231F00008B
:20272000D9A20000FD5D00005523000081230000AD230000E32300003F065B4F666D7D078C
:202740007F67000010270000E8030000640000000A000000010000000020406080A0000022
:20276000D8399D270054EA2A00A4781F007B9A171300000000000000270000003EF6002027
:20278000700C002002000000010000000000000001000000A4C30020680C0020000000007E
:2027A0000000000000000000010000003EF6002000000000070000000000000000000000BD
:2027C000070000003EF60020089E206000000000000000000000000001000000AFC30020E5
:2027E000600C0020000000001300000000000000270000003EF60020700C00200200000021
:20280000010000000000000001000000BBC30020680C002000000000000000000000000084
:20282000010000003EF6002000000000070000000000000000000000070000003EF60020E1
:20284000089E206000000000000000000000000001000000AFC30020600C00200000000033
:202860001300000000000000270000003EF60020700C00200200000001000000000000002B
:2028800001000000C6C30020680C0020000000000000000000000000010000003EF60020A5
:2028A00000000000070000000000000000000000070000003EF60020089E20600000000090
:2028C000000000000000000001000000AFC30020600C0020000000001300000000000000C6
:2028E000270000003EF60020700C002002000000010000000000000001000000D1C3002009
:20290000680C0020000000000000000000000000010000003EF600200000000007000000C7
:202920000000000000000000070000003EF60020089E206000000000000000000000000016
:2029400001000000AFC30020600C0020000000001300000000000000270000003EF60020CA
:20296000700C002002000000010000000000000001000000DCC30020680C00200000000064
:202980000000000000000000010000003EF6002000000000070000000000000000000000DB
:2029A000070000003EF60020089E206000000000000000000000000001000000AFC3002003
:2029C000600C0020000000001300000000000000270000003EF60020700C0020020000003F
:2029E000010000000000000001000000E7C30020680C002000000000000000000000000077
:202A0000010000003EF6002000000000070000000000000000000000070000003EF60020FF
:202A2000089E206000000000000000000000000001000000AFC30020600C00200000000051
:202A40001300000000000000270000003EF60020700C002002000000010000000000000049
:202A600001000000F2C30020680C0020000000000000000000000000010000003EF6002097
:202A800000000000070000000000000000000000070000003EF60020089E206000000000AE
:202AA000000000000000000001000000AFC30020600C0020000000001300000000000000E4
:202AC000270000003EF60020700C002002000000010000000000000001000000FDC30020FB
:202AE000680C0020000000000000000000000000010000003EF600200000000007000000E6
:202B00000000000000000000070000003EF60020089E206000000000000000000000000034
:202B200001000000AFC30020600C0020000000000000000000000000991E0000791B00002B
:202B4000411E0000611E0000451E00006D1E0000511E0000653B00007D3B0000CD0C000009
:202B60009A190000662600003333000000400000CD4C00009A5900006666000033730000F2
:202B800000800000CD8C00009A99000066A6000033B3000000C00000CDCC00009AD900006B
:202BA00066E6000033F3000000000100CD0C01009A190100662601003333010000400100DF
:202BC000CD4C01009A590100666601003373010000800100CD8C01009A99010066A6010057
:202BE00033B3010000C00100CDCC01009AD9010066E6010033F30100000002000040608089
:202C0000A0E00000CD1C0000D11C0000D71C0000DD1C0000CD1C0000D11C0000D71C0000A9
:202C2000DD1C000060620020B0620020686200207062002048620020386200207AC20020CB
:202C40007FC20020C9C6002044C90020B4C20020BAC20020C0C20020C6C20020CCC200200D
:202C6000D2C20020D8C20020DEC20020E4C20020EAC20020F0C20020F6C20020FCC200200C
:202C800002C3002008C300200EC3002014C300201AC3002020C3002026C300202CC3002064
:202CA00032C3002038C300203EC3002044C300204AC3002050C3002056C300205CC30020C4
:202CC00062C3002068C300206EC3002074C300207AC3002080C3002086C300208CC3002024
:202CE00092C3002098C300209EC300200000000000000000AB9C01008779010067A0010012
:202D00007FFC010069090200537C0100C57E010075A40100BD7F010071760100697B01008B
:202D200071A401007BA4010081A401000000000000000000F35A0200D514020049110200A1
:202D4000E15A020069110200F91102008F110200BD0E0200795A02003D1E0000000000000F
:202D6000000000005FA2010049A60100411E0000CB1C00001FA201002BA2010049A201009F
:202D80000000000000000000A18220600000000000000000F9A6010055200000CD4F02005D
:202DA0007D4F0200115F0200D54E0200FD140200000000003EF6002033C20020B7C100209A
:202DC000A7C100200A0000000000000000000000000000003F5E0000655E0000895E00001A
:202DE000393800007D5E0000775E0000835E00008F5E0000195F0000655B00007D5B0000D4
:202E0000195E0000955B0000755F0000A961000071A40000AF610000D36100003F62000073
:202E2000AB620000E162000000000000000000002B180200D5140200411E0000CB1C0000CC
:202E40002B1802002B1802002B1802003C42818D9181423C0000000000000000C17901004C
:202E60003D380000411E00001F78010019780100D97901001378010000000000F08C82A2D5
:202E80009A8CF300F38C9AA2828CF000007E7E00007E7E00007E7E7E7E7E7E0071AAA8AB06
:202EA000A8AA71007E8B9191918B7E000BD9002011D900201AD9002023D9002029D900202B
:202EC00000000000007E7E3C3C181800FFD8002003D900201FE2002007D900205EF10020CB
:202EE00067F1002070F1002079F1002082F100208BF1002094F100209DF100202CD40020AD
:202F000043C8002004D400201EC7002063D40020F4C60020ACC200202AC70020E7040120AD
:202F200080E3002000C7002045EA002045C800203FE2002036D40020050301206BEA0020A2
:202F400026D500208EC20020E8E90020CFC0002035EC00206EF00020ACEC002008F10020B6
:202F600069F0002072CC00207BCF0020D5EB00208BCF0020A4D30020F7F00020B8E200205E
:202F800054DC0020E3D0002003DD0020B0D9002071F0002073F20020D4E60020E3C40020BE
:202FA000F5EB002051E7002009EA00200010307070301000081C3E7F1C1C1C000000000011
:202FC000000000000100000049D6002000000000020000000000000000000000FFFF0000B1
:202FE00057D6002000000000040000000000000000000000FFFF00005FD60020000000002D
:20300000040000000000000000000000FF00000073D6002000000000020000000000000042
:2030200000000000FF00000081D6002000000000020000000000000000000000FF00000019
:203040008DD6002000000000020000000000000000000000FFFF00009FD600200000000058
:20306000040000000000000000000000FFFF0000ACD60020000000000400000000000000A8
:2030800000000000FFFF0000B4D6002000000000040000000000000000000000FF00000085
:2030A000C8D6002000000000020000000000000000000000FF000000D6D600200000000085
:2030C000020000000000000000000000FF000000E2D6002000000000020000000000000015
:2030E00000000000FFFF0000F4D6002000000000040000000000000000000000FFFF0000E6
:2031000001D7002000000000040000000000000000000000FFFF000009D7002000000000B5
:20312000040000000000000000000000FF0000001DD7002000000000020000000000000076
:2031400000000000FF0000002BD7002000000000020000000000000000000000FF0000004D
:2031600037D7002000000000020000000000000000000000FFFF000049D7002000000000E1
:20318000040000000000000000000000FFFF000056D70020000000000400000000000000DC
:2031A00000000000FFFF00005ED7002000000000040000000000000000000000FF000000B9
:2031C00072D7002000000000020000000000000000000000FF00000080D70020000000000E
:2031E000020000000000000000000000FF0000008CD7002000000000020000000000000049
:2032000000000000FFFF00009ED7002000000000040000000000000000000000FFFF000019
:20322000ABD7002000000000040000000000000000000000FFFF0000B3D700200000000040
:20324000040000000000000000000000FF000000C7D70020000000000200000000000000AB
:2032600000000000FF000000D5D7002000000000020000000000000000000000FF00000082
:20328000E1D7002000000000020000000000000000000000FFFF0000F3D70020000000006C
:2032A000040000000000000000000000FFFF000000D8002000000000040000000000000010
:2032C00000000000FFFF000008D8002000000000040000000000000000000000FF000000ED
:2032E0001CD8002000000000020000000000000000000000FF0000002AD800200000000097
:20330000020000000000000000000000FF00000036D800200000000002000000000000007C
:2033200000000000FFFF000048D8002000000000040000000000000000000000FFFF00004D
:2033400055D8002000000000040000000000000000000000FFFF00005DD8002000000000C9
:20336000040000000000000000000000FF00000071D80020000000000200000000000000DF
:2033800000000000FF0000007FD8002000000000020000000000000000000000FF000000B6
:2033A0008BD8002000000000020000000000000000000000FFFF00009DD8002000000000F5
:2033C000040000000000000000000000FFFF0000AAD8002000000000040000000000000045
:2033E00000000000FFFF0000B2D8002000000000040000000000000000000000FF00000022
:20340000C6D8002000000000020000000000000000000000FF000000D4D800200000000021
:20342000020000000000000000000000FF000000E0D80020000000000200000000000000B1
:2034400000000000FFFF0000F2D800200000000004000000050000000000000094000000E7
:20346000E5D00020589F20600200000000000000FBFFFFFF05000000EBD000200000000026
:203480000100000000000000000000000B00000031C60020B01A002002000000FFFF00001F
:2034A00001000000FFFF0000F2D00020000000000400000000000000000000001F00000008
:2034C000F7D00020000000000200000013000000000000002700000001D10020700C00203B
:2034E000020000000000000000000000070000000CD1002038260020020000000400000042
:20350000040000001F0000001AD10020000000000200000000000000000000000300000078
:2035200028D10020881D00200000000000000000000000000400000032D10020D41D002075
:2035400000000000000000000000000064000000E0C4002000000000020000000000000041
:2035600000000000080000003FD10020B424002000000000100000000100000020000000EA
:203580003EDC002000000000020000008000000000000000FF0000004DDC00200000000027
:2035A0000200000000000000000000000300000047D10020981D00200200000000000000F7
:2035C000000000000F00000052D1002074240020020000000800000001000000FF000000D7
:2035E0005BD1002000000000020000000C00000001000000FF00000063D10020000000001D
:20360000020000000E00000001000000FF0000006BD100200000000002000000000000003C
:20362000000000000400000073D10020A81D00200000000000000000000000000900000034
:203640007CD100204C2400200000000018000000020000007900000085D100200000000064
:203660000200000000000000000000007E00000094D100200000000002000000080000003B
:203680000200000080000000A3D10020000000000200000001000000000000000100000010
:2036A000B0D10020442400200000000001000000010000007F000000BDD1002000000000B2
:2036C00002000000000000000000000005000000CCD10020BC1D002000000000000000002D
:2036E000F5FFFFFF0B0000000BC900200000000001000000000000000000000004000000D4
:2037000015C90020B42400200200000000000000FDFFFFFF0300000022C9002000000000A9
:203720000100000000000000000000000400000029C90020B4240020020000000000000078
:20374000000000000100000033C90020642300200200000000000000FDFFFFFF03000000A6
:203760003DC90020000000000100000000000000000000000400000047C90020B4240020F6
:203780000200000000000000000000000500000054C900202C240020020000000000000073
:2037A000000000000400000061C90020B424002002000000000000000000000005000000BC
:2037C0006EC9002014240020020000000000000000000000040000007BC90020B4240020D8
:2037E0000200000000000000000000000100000088C900200C240020020000000000000003
:20380000000000000100000094C900200424002002000000000000000000000007000000D9
:20382000A0C900203826002002000000000000000000000002000000AEC90020F8230020AB
:2038400002000000000000000000000012000000BBC90020AC2300200200000000000000BF
:203860000000000012000000C8C90020AC2300200200000000000000000000001200000082
:20388000D5C90020AC23002002000000000000000000000012000000E2C90020AC230020AD
:2038A00002000000080000000200000020000000EFC9002000000000020000000000000002
:2038C0000000000020000000F9C90020000000000200000000000000000000001F000000C5
:2038E00003CA002000000000020000000800000002000000200000000DCA002000000000B8
:203900000200000000000000000000002000000017CA002000000000020000000000000082
:20392000000000001F00000021CA0020000000000200000008000000020000002000000031
:203940002BCA0020000000000200000000000000000000002000000035CA00200000000011
:203960000200000000000000000000001F0000003FCA0020000000000200000008000000F3
:20398000020000002000000049CA00200000000002000000000000000000000020000000B0
:2039A00053CA0020000000000200000000000000000000001F0000005DCA00200000000062
:2039C0000200000008000000020000002000000067CA002000000000020000000000000068
:2039E000000000002000000071CA0020000000000200000000000000000000001F0000002B
:203A00007BCA0020000000000200000008000000020000002000000085CA002000000000A6
:203A2000020000000000000000000000200000008FCA0020000000000200000000000000E9
:203A4000000000001F00000099CA00200000000002000000101818FE7F1818081018181875
:203A600018181808001C1C7F3E1C0800000000007E3C180000202038080E020200303E8289
:203A8000700E010000000E8D611E000070F10020C5ED002079F10020D9D1002082F1002053
:203AA0008BF10020DCD1002094F10020DFD100205EF10020E2D1002067F100203C4291451A
:203AC0004591423C1EE90020C5ED002025E90020D9D10020A6D30020C2D30020DCD1002086
:203AE000A9D30020DFD1002010E90020E2D1002017E9002000080C0E0E0C080090E3002077
:203B00007AE20020EDE200207EE20020F1E20020F5E20020F9E2002082E20020FDE2002052
:203B200001E3002005E3002009E300200DE3002011E3002015E3002087E20020A3D3002012
:203B4000E5D10020E9D10020EED10020F2D10020F7D10020FBD10020FFD1002004D2002039
:203B600008D200200DD2002011D2002016D200201AD200201DD2002021D2002024D20020FD
:203B800028D200202BD200202ED2002032D2002035D2002039D200203CD2002040D20020F8
:203BA00043D2002046D200204AD200204DD2002051D2002054D2002057D200205BD20020FE
:203BC0005ED2002062D2002065D2002069D200206CD200206FD20020D4CE002073D20020A9
:203BE00077D200207AD200207DD2002081D2002084D2002088D200208BD200208FD2002020
:203C000092D2002095D2002099D200209CD20020A0D20020A3D20020A6D20020AAD2002025
:203C2000ADD20020B1D20020B4D20020B8D20020BBD20020BED20020C2D20020C5D200202A
:203C4000C9D20020CCD20020CFD20020D3D20020D6D20020DAD20020DDD20020E1D200202F
:203C6000E4D20020E7D20020EBD20020EED20020F2D20020F5D20020F8D20020FCD2002035
:203C8000FFD2002003D3002006D300200AD300200DD3002010D3002014D3002017D3002033
:203CA0001BD300201ED3002021D3002025D3002028D300202CD300202FD3002033D3002037
:203CC00036D3002039D300203DD3002040D3002044D3002047D300204AD300204ED300203D
:203CE00051D3002055D3002058D300205CD300205FD3002062D3002066D3002069D3002042
:203D00006DD3002070D3002073D3002077D300207AD300207ED3002081D3002085D3002046
:203D200088D300208BD300208FD3002092D3002096D3002099D300209CD30020A0D300204C
:203D4000000000005C809F8090805E0000002466FF662400407E02020C30404034644E4E35
:203D6000E4E44C5878D10020D6D00020D9D00020DFD0002026EC0020F6DD0020ACD100204E
:203D8000BFDC0020BED0002057D1002060D1002068D1002070D10020BED00020C4D0002005
:203DA000C8D00020ACD10020CDD00020D2D0002041E4002031C60020B3D00020B8D0002088
:203DC000BED000202425262728292A2B2C2D2E2F3031323303010401050902060503050849
:203DE000090709030203080406020604030308030207090500020808040109070106090322
:203E0000090903070501000508020009070409040405090203000708010604000602080609
:203E20000200080909080602080003040802050304020101070006070908020104080008F1
:203E40000605010302080203000606040700090308040406000001000200020201060005F8
:203E600000020605040005030003020900040903060E000603050F00050305021100060BA9
:203E8000000308000303012A00050F1400042000030B1200040700030703021F00061F0319
:203EA0000603020821000938000308071300052500030808012E0006170003091500042A90
:203EC0003819000515081234000612040D00050B3E00040700010409101924314051010287
:203EE000050A111A253241520405080D141D28354455090A0D1219222D3A495A1011141994
:203F0000202934415061191A1D2229323D4A596A2425282D343D485564753132353A414A39
:203F200055627182404144495059647180915152555A616A758291A20102050A111A25325F
:203F400041520203060B121B263342530506090E151E2936000102030405060708090102B9
:203F6000030405060708090A02030405060708090A0B030405060708090A0B0C040506076B
:203F800008090A0B0C0D05060708090A0B0C0D0E060708090A0B0C0D0E0F0708090A0B0CE1
:203FA0000D0E0F1008090A0B0C0D0E0F1011090A0B0C0D0E0F10111201020304050607089F
:203FC000090A02030405060708090A0B030405060708090A0001020301020304020304053B
:203FE000030405060102030402030405030405060405060702030405030405060405060739
:204000000506070803040506040506070506070806070809010203040203040503040506FC
:204020000405060702030405030405060405060705060708030405060405060705060708D8
:20404000060708090405060705060708060708090708090A000102030401020304050203B4
:204060000405060304050607040506070801020304050203040506030405060704050607A8
:204080000805060708090203040506030405060704050607080506070809060708090A035C
:2040A0000405060704050607080506070809060708090A0708090A0B040506070805060724
:2040C0000809060708090A0708090A0B08090A0B0C01020301020301040205030106040220
:2040E000070503010806040209070503010A080604020B09070503010C0A080604020D0BFF
:2041000009070503010E0C0A080604020F0D0B0907050301100E0C0A08060402110F0D0B8E
:20412000090705030112100E0C0A0806040213110F0D0B09070503011412100E0C0A080640
:2041400004021513110F0D0B0907050301161412100E0C0A0102030102040305010204064E
:2041600003050701020406080305070901020406080A030507090B01020406080A0C03058E
:2041800007090B0D01020406080A0C0E030507090B0D0F01020406080A0C0E10030507091E
:2041A0000B0D0F1101020406080A0C0E1012030507090B0D0F111301020406080A0C0E10C0
:2041C0001214030507090B0D0F11131501020406080A0C0E00020406081021420000000081
:2041E000040000000700000000000000030000000700000000000000000020004A9224008A
:20420000AAAA2A00343333000100400056555500000080002A504C524E5348400000000084
:20422000000000000700000001C900208C2300200200000000000000F4FFFFFF0C000000BF
:204240009ECA0020000000000100000000000000FDFFFFFF03000000B4ED00200000000017
:204260000100000000000000000000000700000006C900201C1101200200000008000000EF
:204280000000000027000000EBC800200000000001000000040000000000000027000000F8
:2042A00019F4002000000000010000000000000000000000010000003CF4002064230020D8
:2042C0000200000000000000FDFFFFFF03000000EEC8002000000000010000000000000008
:2042E0000000000007000000F2C80020382600200200000000000000000000000400000059
:20430000F8C800207823002000000000000000000000000002000000FDC800206C2300206C
:2043200000000000001818000066660000000000C0C0C0C0F0F0F0F0FCFCFCFCFFFFFFFFD5
:2043400058D000206DD0002059FB002029C600202CC6002031C6002036C600203BC60020CF
:204360003FC6002090E4002050C500202AC700201EC7002080E30020F4C6002000C70020F5
:204380009DF100206CC600206EC6002073C6002078C600207DC6002082C6002087C60020DA
:2043A0008CC6002091C6002096C600209BC60020A0C60020A5C60020AAC60020AFC60020E1
:2043C000B4C60020B9C60020BEC60020C3C60020C8C60020CDC60020D1C60020D5C6002084
:2043E000DAC60020E0C60020E5C600204EEA0020EAC60020F0C60020F6C60020FCC60020B0
:2044000002C7002008C700200EC7002014C700201AC7002020C7002026C700202CC70020AC
:2044200032C7002038C700203DC7002040C7002046C700204BC7002051C7002057C7002024
:204440005CC7002062C7002068C700206DC7002073C7002078C700207DC700203D020120B0
:2044600082C7002088C700208DC7002092C7002098C700209DC70020A3C70020A8C700205B
:20448000ADC70020B3C70020B9C70020BEC7002093EB0020C3C70020C7C70020CBC7002001
:2044A000CFC70020D3C70020D7C70020DBC70020DFC70020E3C70020E7C70020EBC70020DC
:2044C000EFC70020F3C70020F7C70020FBC70020FFC7002003C8002007C800200BC80020B9
:2044E0000FC8002013C8002017C800201BC800201FC8002023C8002027C800202BC8002094
:204500002FC8002033C8002037C800203BC800203FC800205EF1002067F1002070F1002098
:2045200079F1002082F100208BF1002094F100209DF100202CD4002043C8002004D400202C
:204540001EC7002063D40020F4C60020ACC200202AC70020E704012080E3002000C7002010
:2045600045EA002045C800203FE2002036D40020050301206BEA002026D500208EC200202B
:20458000E8E90020CFC0002035EC00206EF00020ACEC002047C800204BC800204FC800206B
:2045A00053C8002057C800205BC800205FC8002063C8002067C800206BC800206FC80020B3
:2045C00073C8002077C800207BC800207FC8002083C8002087C800208BC800208FC8002093
:2045E00093C8002097C800209BC800209FC80020A3C80020A7C80020ABC80020AFC8002073
:20460000B3C80020B7C80020BBC80020BFC80020C3C80020C9C60020C7C80020CDC8002058
:20462000D3C80020D9C80020DFC80020E3C80020E7C8002000183C7E7E3C1800001824427B
:204640004224180000000000000000000400000091DE00208837002000000000000000006A
:2046600000000000020000009BDE00207C37002000000000000000000000000007000000C5
:204680000CD100203826002002000000020000000000000006000000A5DE0020603700203B
:2046A0000200000013000000000000001A000000B0DE0020F43600200200000019000000B8
:2046C00000000000FF00000022DC0020000000000200000005000000000000009400000022
:2046E000FBC50020589F20600200000000000000FBFFFFFF05000000EBD000200000000089
:204700000100000000000000000000000B00000031C60020B01A002002000000000000008A
:20472000FBFFFFFF0500000029DC00200000000001000000FFFF000001000000FFFF000059
:20474000B6DB00200000000004000000FFFF000000000000FFFF0000B6DB002000000000F7
:2047600004000000FFFF000000000000FFFF0000B6DB00200000000004000000FFFF000086
:2047800000000000FFFF0000B6DB00200000000004000000FFFF000000000000FFFF00006A
:2047A000B6DB00200000000004000000000000000000000003000000B9DE0020F034002046
:2047C00002000000100000000200000010000000C4DE0020000000000200000010000000E1
:2047E0000200000010000000C4DE00200000000002000000100000000200000010000000C1
:20480000C4DE00200000000002000000100000000200000010000000C4DE002000000000F0
:204820000200000000000000000000000F000000D4DE0020B4360020020000000000000089
:204840000000000005000000DDDE00209C3600200200000000000000000000000100000083
:20486000E7DE00209436002000000000000000000000000003000000DDDE002084360020B1
:2048800000000000000000000000000003000000F5DE002074360020020000004000000016
:2048A00000000000FF000000FFDE0020000000000200000000000000000000006400000096
:2048C0000DDF0020000000000200000000000000000000000800000012DF0020B4240020B9
:2048E0000000000000000000000000000800000021DF0020B4240020000000000000000098
:20490000000000000800000030DF0020B42400200000000000000000000000000800000060
:204920003FDF0020B4240020000000000000000000000000080000004EDF0020B4240020F4
:20494000000000000000000000000000080000005DDF0020B42400200000000000000000FB
:2049600000000000080000006CDF0020B424002000000000000000000000000008000000C4
:204980007BDF0020B4240020000000000000000000000000080000008ADF0020B42400201C
:2049A0000000000000000000000000000800000099DF0020B424002000000000000000005F
:2049C0000000000008000000A8DF0020B42400200000000000000000000000000800000028
:2049E00099DF0020B424002000000000000000000000000008000000B7DF0020B424002071
:204A000000000000000000000000000008000000C6DF0020B42400200000000000000000D1
:204A20000000000008000000D5DF0020B4240020000000000000000000000000080000009A
:204A4000E1DF0020B424002000000000000000000000000008000000EDDF0020B424002092
:204A600000000000000000000000000008000000F9DF0020B424002000000000000000003E
:204A8000000000000800000005E00020B4240020020000000000000000000000010000000E
:204AA00026EC002000000000000000008000000000000000FF00000012E000200000000033
:204AC0000200000002000000000000000A0000001EE0002048360020040000008000000088
:204AE00000000000FF0000002CE00020000000000200000001000000000000000A0000007E
:204B000038E0002048360020040000008000000000000000FF00000046E0002000000000F6
:204B2000040000008000000000000000FF00000052E000200000000002000000010000009D
:204B4000000000000A0000005EE00020483600200400000001000000010000007F000000CA
:204B60006CE00020000000000200000000000000000000000400000076E0002034360020C3
:204B80000200000000000000000000000100000080E000202C36002002000000010000000D
:204BA00000000000040000008CE00020343600200200000005000000000000009400000040
:204BC000E5D00020ACA120600200000000000000000000000B000000A2D90020B01A0020A1
:204BE00002000000FFFF000001000000FFFF00007CDC00200000000004000000000000003A
:204C0000000000000A00000089DC00200036002002000000000000000000000004000000A9
:204C200093DC0020EC350020020000000500000000000000050000009CDC0020D4350020D7
:204C400002000000010000000100000010000000ABDC002000000000020000000000000097
:204C60000000000007000000A0C90020382600200200000000000000FBFFFFFF0700000025
:204C80000BC90020000000000100000000000000FCFFFFFF0400000022C900200000000017
:204CA000010000000000000019FCFFFFE7030000B5DC002000000000030000000000000042
:204CC0000000000064000000E0C400200000000002000000000000000000000008000000A2
:204CE0003FD10020B42400200000000010000000010000002000000040DC0020000000001F
:204D0000020000008000000000000000FF000000BADC002000000000020000001800000042
:204D20000200000079000000C3DC002000000000020000000C0000000100000078000000B2
:204D400064DC00200000000002000000000000000000000008000000D0DC0020B424002025
:204D600000000000000000000000000008000000DEDC0020B4240020000000000000000059
:204D80000000000008000000ECDC0020B4240020000000008000000001000000FF000000AB
:204DA000FADC002000000000020000000C000000010000007800000005DD00200000000074
:204DC0000200000000000000000000000800000014DD0020B42400200000000000000000C0
:204DE000000000000800000021DD0020B42400200000000000000000000000000F00000086
:204E00002EDD002074240020020000000C00000001000000780000003BDD002000000000F0
:204E2000020000000800000001000000FF00000048DD002000000000020000000C00000015
:204E400001000000FF00000054DD002000000000020000000E00000001000000FF000000F1
:204E600060DD002000000000020000000000000000000000080000006CDD0020B42400206A
:204E8000000000000000000000000000080000007ADD0020B424002000000000000000009B
:204EA000000000000800000088DD0020B42400200000000000000000000000000800000065
:204EC00096DD0020B424002000000000000000000000000008000000A4DD0020B4240020A6
:204EE000000000000000000000000000090000007ED100204C240020000000001800000092
:204F00000200000079000000B2DD002000000000020000000C0000000100000078000000E0
:204F2000C0DD00200000000002000000010000000000000001000000B2D100204424002085
:204F4000000000000000000000000000FF000000CDDD002000000000020000000000000086
:204F6000000000007E00000096D100200000000002000000080000000200000080000000A0
:204F8000A5D1002000000000020000000000000000000000FF000000DDDD002000000000A0
:204FA00002000000000000000000000005000000ECDD002000000000000000000100000000
:204FC000010000007F000000FADD0020000000000200000000000000000000000800000050
:204FE00009DE0020B42400200000000000000000000000000800000017DE0020B42400209D
:205000000000000000000000000000000800000025DE0020B424002000000000000000006D
:20502000000000000800000033DE0020B4240020000000000000000000000000040000003B
:2050400042DE002080350020000000000000000000000000020000004FDE00207435002023
:20506000000000000000000000000000040000005EDE0020000000000000000005000000CB
:205080000000000094000000FBC50020ACA120600200000005000000000000009400000034
:2050A000FBC50020ACA1206002000000050000000000000094000000FBC50020ACA12060FB
:2050C00002000000050000000000000094000000FBC50020ACA12060020000000000000086
:2050E000000000000B0000008EDB0020B01A00200200000000000000000000000B00000025
:2051000096DB0020B01A00200200000000000000000000000B0000009EDB0020B01A002084
:205120000200000000000000000000000B000000A6DB0020B01A00200200000000000000D5
:205140000000000003000000AEDB00206435002002000000FFFF000001000000FFFF0000EB
:20516000B6DB00200000000004000000FFFF000001000000FFFF0000B6DB002000000000CC
:2051800004000000FFFF000001000000FFFF0000B6DB00200000000004000000FFFF00005B
:2051A00001000000FFFF0000B6DB0020000000000400000000000000000000000300000038
:2051C000BFDB0020543500200000000000000000000000000400000028D10020B824002053
:2051E00000000000050000000000000005000000C8DB0020D43500200200000000000000B7
:205200000000000007000000D7DB0020382600200200000000000000FBFFFFFF0700000036
:20522000E3DB0020000000000100000000000000FBFFFFFF07000000F0DB002000000000A5
:205240000100000000000000FBFFFFFF07000000FDDB002000000000010000000000000055
:20526000FBFFFFFF070000000ADC0020000000000100000000000000FCFFFFFF040000002B
:20528000EBD00020000000000100000000000000000000000200000017DC00204835002080
:2052A000020000001900000000000000FF00000022DC0020000000000200000000000000B4
:2052C000FBFFFFFF0500000029DC00200000000001000000000000000000000005000000A6
:2052E00035DC002030350020020000001000000001000000200000003DDC0020000000008C
:20530000020000008000000000000000FF0000004CDC0020000000000200000000000000C2
:20532000000000000300000056DC0020981D0020020000000F0000000100000078000000B9
:2053400061DC002000000000020000000000000000000000020000006FDC00202435002008
:20536000020000000702020700000000FFFFFFFF0000000000000080000000005555555549
:205380000000000000000040000000003333333300000000ABAAAA2A0000000025499224B4
:2053A000000000000000002000000000FFFFFFFF00000000FFFFFFFB00000000FFFFFFF7E5
:2053C00000000000FFFFFFC300000000000000C000000000FFFFFFBB00000000FFFFFF8315
:2053E000000000000000008000000000FFFFFF7B00000000FFFFFF43000000000000004035
:2054000000000000FFFFFF3B0000000000000020000000000000001C000000000000001800
:2054200000000000000000140000000000000010000000000000000C000000000000000834
:20544000000000000000000400000000403F3E31302F21201F11100F080706050403020147
:2054600000000000000000000008FF0F0100000400080200AB0255050300000200040400F3
:205480009901330305005501AB020600250149020700000100020800E400C7010900CD0029
:2054A0009A010A00BA0074010B00AB0055010C009E003B010D00920025010E0089001101B8
:2054C0000F008000000100000000000071DE002077DE00207DDE002083DE002089DE0020D5
:2054E0009C3700209AE00020A0E00020A6E00020ACE00020B2E00020B8E00020BEE0002005
:205500009EC10020F4D90020F8D9002026EC0020FDD9002031C6002041E40020B3D0002007
:20552000F2D0002038D9002041D9002002DA002026EC002006DA00200BDA002010DA0020E1
:2055400015DA002019DA00201DDA002021DA002025DA002029DA00200DFF002093EB0020EB
:205560002CDA002030DA002034DA002038DA002078D100203CDA002040DA002044DA002064
:2055800048DA00204CDA002050DA002054DA00205EF1002067F1002070F1002079F10020F9
:2055A00082F100208BF1002094F100209DF100202CDA002030DA002034DA002038DA0020B9
:2055C00058DA00205DDA002026EC002031C6002041E40020B3D00020F2D0002078D10020A6
:2055E0003CDA002040DA002044DA002062DA002066DA00206ADA00206EDA002075DA002006
:20560000D9D00020DFD000207BDA002081DA00206EC6002087DA00208ADA00208EDA002021
:205620002AC7002091DA002095DA002099DA00209FDA0020A4DA0020AADA0020C8E0002009
:20564000B0DA0020B6DA0020BCDA0020C2DA002091E300207BE20020EEE200207FE20020FC
:2056600073ED0020C8DA0020CDDA0020D1DA0020D5DA0020D9DA0020DDDA0020E1DA002002
:20568000E5DA0020EADA0020D1DA0020EFDA002025EC0020F4DA0020FADA002000DB002085
:2056A00006DA00200BDA002010DA002006DB00200ADB002010DB002016DB00201CDB0020A2
:2056C00022DB002027DB00202CDB002031DB002036DB00203ADB00203EDB002042DB00205C
:2056E00046DB00204ADB00204EDB002052DB002056DB00205ADB00200BE4002006E40020CF
:205700009DE00020A3E00020A9E00020AFE00020A7CB0020BBE00020C1E0002026EC0020B1
:20572000C3E800205EDB002061DB002064DB002067DB00206ADB00206DDB002070DB0020F0
:2057400075DB002093EB00207ADB00207FDB002084DB002089DB00202CDA002034DA0020F5
:2057600093EB002038D9002041D900204AD9002051D9002059D90020200000000000000021
:20578000000000000000803F000000400000804000000041000080410000C0410000004205
:2057A00000004042000080420000C04201020303030303030303030810000000010000006C
:2057C00020000000D1F00020000000000200000000000000000000001F000000B0020120D4
:2057E0000000000002000000050000000000000094000000E5D00020000000000200000037
:2058000000000000000000000B000000A2D9002000000000020000000000000000000000E0
:2058200010000000C5EC00200000000002000000000000000000000010000000D8F000208D
:205840000000000002000000000000000000000010000000E9F0002000000000020000003B
:20586000000000000000000064000000F9F0002000000000020000000000000000000000B9
:20588000FF00000070F0002000000000020000000000000000000000FF00000070F0002008
:2058A00000000000020000000000000000000000FF00000070F00020000000000200000065
:2058C0000000000000000000FF00000070F000200000000002000000000000000000000047
:2058E000FF00000070F0002000000000020000000000000000000000FF00000070F00020A8
:2059000000000000020000000000000000000000FF00000070F00020000000000200000004
:205920000000000000000000FF00000070F0002000000000020000000000000000000000E6
:20594000FF00000070F0002000000000020000000000000000000000FF00000070F0002047
:2059600000000000020000000000000000000000FF00000070F000200000000002000000A4
:205980000000000000000000FF00000070F000200000000002000000000000000000000086
:2059A000FF00000070F0002000000000020000000000000000000000FF00000070F00020E7
:2059C00000000000020000000000000000000000FF00000070F00020000000000200000044
:2059E0000000000000000000FF00000070F000200000000002000000000000000000000026
:205A0000FF00000070F0002000000000020000000000000000000000FF00000070F0002086
:205A200000000000020000000000000000000000FF00000070F000200000000002000000E3
:205A40000000000000000000FF00000070F0002000000000020000000000000000000000C5
:205A6000FF00000070F0002000000000020000000000000000000000FF00000070F0002026
:205A800000000000020000000000000000000000FF00000070F00020000000000200000083
:205AA0000000000000000000FF00000070F000200000000002000000000000000000000065
:205AC000FF00000070F0002000000000020000000000000000000000FF00000070F00020C6
:205AE00000000000020000000000000000000000FF00000070F00020000000000200000023
:205B00000000000000000000FF00000070F000200000000002000000000000000000000004
:205B2000FF00000070F0002000000000020000000000000000000000FF00000070F0002065
:205B400000000000020000000000000000000000FF00000070F000200000000002000000C2
:205B60000000000000000000FF00000070F0002000000000020000000000000000000000A4
:205B8000FF00000070F0002000000000020000000000000000000000FF00000070F0002005
:205BA00000000000020000000000000000000000FF00000070F00020000000000200000062
:205BC0000000000000000000FF00000070F000200000000002000000000000000000000044
:205BE000FF00000070F0002000000000020000000000000000000000FF00000070F00020A5
:205C000000000000020000000000000000000000FF00000070F00020000000000200000001
:205C20000000000000000000FF00000070F0002000000000020000000000000000000000E3
:205C4000FF00000070F0002000000000020000000000000000000000FF00000070F0002044
:205C600000000000020000000000000000000000FF00000070F000200000000002000000A1
:205C80000000000000000000FF00000070F000200000000002000000000000000000000083
:205CA000FF00000070F0002000000000020000000000000000000000FF00000070F00020E4
:205CC00000000000020000000000000000000000FF00000070F00020000000000200000041
:205CE0000000000000000000FF00000070F000200000000002000000000000000000000023
:205D0000FF00000070F0002000000000020000000000000000000000FF00000070F0002083
:205D200000000000020000000000000000000000FF00000070F000200000000002000000E0
:205D40000000000000000000FF00000070F0002000000000020000000000000000000000C2
:205D6000FF00000070F0002000000000020000000000000000000000FF00000070F0002023
:205D800000000000020000000000000000000000FF00000070F00020000000000200000080
:205DA0000000000000000000FF00000070F000200000000002000000000000000000000062
:205DC000FF00000070F0002000000000020000000000000000000000FF00000070F00020C3
:205DE00000000000020000000000000000000000FF00000070F00020000000000200000020
:205E00000000000000000000FF00000070F000200000000002000000000000000000000001
:205E2000FF00000070F0002000000000020000000000000000000000FF00000070F0002062
:205E400000000000020000000000000000000000FF00000070F000200000000002000000BF
:205E60000000000000000000FF00000070F0002000000000020000000000000000000000A1
:205E8000FF00000070F0002000000000020000000000000000000000FF00000070F0002002
:205EA00000000000020000000000000000000000FF00000070F0002000000000020000005F
:205EC0000000000000000000FF00000070F000200000000002000000000000000000000041
:205EE000FF00000070F0002000000000020000000000000000000000FF00000070F00020A2
:205F000000000000020000000000000000000000FF00000070F000200000000002000000FE
:205F20000000000000000000FF00000070F0002000000000020000000000000000000000E0
:205F4000FF00000070F0002000000000020000000000000000000000FF00000070F0002041
:205F600000000000020000000000000000000000FF00000070F0002000000000020000009E
:205F80000000000000000000FF00000070F000200000000002000000000000000000000080
:205FA000FF00000070F0002000000000020000000000000000000000FF00000070F00020E1
:205FC00000000000020000000000000000000000FF00000070F0002000000000020000003E
:205FE0000000000000000000FF00000070F000200000000002000000000000000000000020
:20600000FF00000070F0002000000000020000000000000000000000FF00000070F0002080
:2060200000000000020000000000000000000000FF00000070F000200000000002000000DD
:206040000000000000000000FF00000070F0002000000000020000000000000000000000BF
:20606000FF00000070F0002000000000020000000000000000000000FF00000070F0002020
:2060800000000000020000000000000000000000FF00000070F0002000000000020000007D
:2060A0000000000000000000FF00000070F00020000000000200000000000000000000005F
:2060C000FF00000070F0002000000000020000000000000000000000FF00000070F00020C0
:2060E00000000000020000000000000000000000FF00000070F0002000000000020000001D
:206100000000000000000000FF00000070F0002000000000020000000000000000000000FE
:20612000FF00000070F0002000000000020000000000000000000000FF00000070F000205F
:2061400000000000020000000000000000000000FF00000070F000200000000002000000BC
:206160000000000000000000FF00000070F00020000000000200000000000000000000009E
:20618000FF00000070F0002000000000020000000000000000000000FF00000070F00020FF
:2061A00000000000020000000000000000000000FF00000070F0002000000000020000005C
:2061C0000000000000000000FF00000070F00020000000000200000000000000000000003E
:2061E000FF00000070F0002000000000020000000000000000000000FF00000070F000209F
:2062000000000000020000000000000000000000FF00000070F000200000000002000000FB
:206220000000000000000000FF00000070F0002000000000020000000000000000000000DD
:20624000FF00000070F0002000000000020000000000000000000000FF00000070F000203E
:2062600000000000020000000000000000000000FF00000070F0002000000000020000009B
:206280000000000000000000FF00000070F00020000000000200000000000000000000007D
:2062A000FF00000070F0002000000000020000000000000000000000FF00000070F00020DE
:2062C00000000000020000000000000000000000FF00000070F0002000000000020000003B
:2062E0000000000000000000FF00000070F00020000000000200000000000000000000001D
:20630000FF00000070F0002000000000020000000000000000000000FF00000070F000207D
:2063200000000000020000000000000000000000FF00000070F000200000000002000000DA
:206340000000000000000000FF00000070F0002000000000020000000000000000000000BC
:20636000FF00000070F0002000000000020000000000000000000000FF00000070F000201D
:2063800000000000020000000000000000000000FF00000070F0002000000000020000007A
:2063A0000000000000000000FF00000070F00020000000000200000000000000000000005C
:2063C000FF00000070F0002000000000020000000000000000000000FF00000070F00020BD
:2063E00000000000020000000000000000000000FF00000070F0002000000000020000001A
:206400000000000000000000FF00000070F0002000000000020000000000000000000000FB
:20642000FF00000070F0002000000000020000000000000000000000FF00000070F000205C
:2064400000000000020000000000000000000000FF00000070F000200000000002000000B9
:206460000000000000000000FF00000070F00020000000000200000000000000000000009B
:20648000FF00000070F0002000000000020000000000000000000000FF00000070F00020FC
:2064A00000000000020000000000000000000000FF00000070F00020000000000200000059
:2064C0000000000000000000FF00000070F00020000000000200000000000000000000003B
:2064E000FF00000070F0002000000000020000000000000000000000FF00000070F000209C
:2065000000000000020000000000000000000000FF00000070F000200000000002000000F8
:206520000000000000000000FF00000070F0002000000000020000000000000000000000DA
:20654000FF00000070F0002000000000020000000000000000000000FF00000070F000203B
:2065600000000000020000000000000000000000FF00000070F00020000000000200000098
:206580000000000000000000FF00000070F00020000000000200000000000000000000007A
:2065A000FF00000070F0002000000000020000000000000000000000FF00000070F00020DB
:2065C00000000000020000000000000000000000FF00000070F00020000000000200000038
:2065E0000000000000000000FF00000070F00020000000000200000000000000000000001A
:20660000FF00000070F0002000000000020000000000000000000000FF00000070F000207A
:2066200000000000020000000000000000000000FF00000070F000200000000002000000D7
:206640000000000000000000FF00000070F0002000000000020000000000000000000000B9
:20666000FF00000070F0002000000000020000000000000000000000FF00000070F000201A
:20668000000000000200000000000000003E22001E201E0090E300207AE20020EDE200203E
:2066A0007EE20020F1E20020F5E20020F9E2002082E20020FDE2002001E3002005E30020E6
:2066C00009E300200DE3002011E3002015E3002087E20020A3D3002073EB0020BEEC00200B
:2066E00077F00020FDEB002073F000200E1121424221110E00080C0E0E0C080000E0E07F01
:20670000021C00000C1E3F0C0C1C780000781C0C0C3F1E0C78686878484C4A797CF000208E
:2067200087F0002092F000209DF00020A8F00020B3F00020BEF00020C9F00020C8E0002089
:2067400000000000007E0000183C7E0010101010383810106EC600204AF0002053F0002008
:20676000F8D400204EF0002052F0002058F0002057F000205CF0002061F0002066F000204B
:206780006BF00020FDEF002002F0002007F000200CF0002011F0002016F000201BF00020BB
:2067A00020F0002025F000202AF000202FF0002034F0002039F000203EF0002043F00020CD
:2067C00046F00020000000000000000000000000000000000808087F4141222222141408B4
:2067E000081414082222227F414141414141221C08080808222222555D4141414122221C1C
:206800000808080822227F00635D41414122221C080808082222227F414141414141221CE9
:2068200008141408222222555D4141414122221C0814140822227F00635D41414122221CC6
:206840000814140812FFA9A99181BDA5A5BD9981FF02020212FFA9A991818585BD858581E1
:20686000FF02020222223E221414080814142222223E020242A5A5C399A5A599927C4482C8
:2068800082824438F1D900209FF10020A2F10020A5F10020E5D10020E9D10020EED10020E6
:2068A000F2D10020F7D10020FBD10020FFD1002004D2002008D200200DD2002011D200203F
:2068C00016D200201AD200201DD2002021D2002024D2002028D200202BD200202ED2002015
:2068E00032D2002035D2002039D200203CD2002040D2002043D2002046D200204AD2002019
:206900004DD2002051D2002054D2002057D200205BD200205ED2002062D2002065D200201E
:2069200069D200206CD200206FD20020D4CE002073D2002077D200207AD200207DD20020D2
:2069400081D2002084D2002088D200208BD200208FD2002092D2002095D2002099D2002040
:206960009CD20020A0D20020A3D20020A6D20020AAD20020ADD20020B1D20020B4D2002046
:20698000B8D20020BBD20020BED20020C2D20020C5D20020C9D20020CCD20020CFD200204B
:2069A000D3D20020D6D20020DAD20020DDD20020E1D20020E4D20020E7D20020EBD2002050
:2069C000EED20020F2D20020F5D20020F8D20020FCD20020FFD2002003D3002006D3002054
:2069E0000AD300200DD3002010D3002014D3002017D300201BD300201ED3002021D3002053
:206A000025D3002028D300202CD300202FD3002033D3002036D3002039D300203DD3002057
:206A200040D3002044D3002047D300204AD300204ED3002051D3002055D3002058D300205D
:206A40005CD300205FD3002062D3002066D3002069D300206DD3002070D3002073D3002062
:206A600077D300207AD300207ED3002081D3002085D3002088D300208BD300208FD3002067
:206A800092D3002096D3002099D300209CD30020A0D30020C0E0E0E07F0214089CA2C1CF6F
:206AA000C9A29C0057F1002060F1002069F1002072F100207BF1002084F100208DF100203A
:206AC00096F100200FF1002018F1002021F100202AF1002033F100203CF1002045F1002072
:206AE0004EF1002006ED0020A3EA00200AF10020B8ED00206BDA0020CBED0020D6ED002077
:206B00000000000000000000180000003EF60020E84B0020020000000000000000000000B4
:206B2000060000003EF60020084B0020020000000000000000000000100000003EF6002022
:206B4000B84600200200000000000000E8FFFFFF180000003EF600200000000001000000C3
:206B600000000000000000007F0000003EF60020B848002002000000000000000000000020
:206B80007F0000003EF60020B8480020020000000000000000000000070000003EF60020A5
:206BA0000000000002000000A3EA002025DA0020C4ED0020CBED0020D6ED002028EC002047
:206BC00005F100206EC60020A3EA002076ED00207CED002083ED00208AED002092ED0020CC
:206BE0004EEA00209AED0020A2ED0020C8E00020AAED0020B0ED0020B8ED0020BEED00201B
:206C0000C4ED0020C8ED0020CFED0020D6ED0020DBED00206CC50020DFED0020E5ED0020F8
:206C2000EBED0020F1ED0020F7ED00200000000000000000FF00000070F0002000000000DB
:206C4000020000000000000000000000FF00000070F00020000000000200000000000000B1
:206C600000000000FF00000070F0002000000000020000000000000000000000FF00000094
:206C800070F0002000000000020000000000000000000000FF00000070F0002000000000F3
:206CA000020000000000000000000000FF00000070F0002000000000020000000000000051
:206CC00000000000FF00000070F0002000000000020000000000000000000000FF00000034
:206CE00070F0002000000000020000000000000000000000FF00000070F000200000000093
:206D0000020000000000000000000000FF00000070F00020000000000200000000000000F0
:206D200000000000FF00000070F0002000000000020000000000000000000000FF000000D3
:206D400070F0002000000000020000000000000000000000FF00000070F000200000000032
:206D6000020000000000000000000000FF00000070F0002000000000020000000000000090
:206D800000000000FF00000070F0002000000000020000000000000000000000FF00000073
:206DA00070F0002000000000020000000000000000000000FF00000070F0002000000000D2
:206DC000020000000000000000000000FF00000070F0002000000000020000000000000030
:206DE00000000000FF00000070F0002000000000020000000000000000000000FF00000013
:206E000070F0002000000000020000000000000000000000FF00000070F000200000000071
:206E2000020000000000000000000000FF00000070F00020000000000200000000000000CF
:206E400000000000FF00000070F0002000000000020000000000000000000000FF000000B2
:206E600070F0002000000000020000000000000000000000FF00000070F000200000000011
:206E8000020000000000000000000000FF00000070F000200000000002000000000000006F
:206EA00000000000FF00000070F0002000000000020000000000000000000000FF00000052
:206EC00070F0002000000000020000000000000000000000FF00000070F0002000000000B1
:206EE000020000000000000000000000FF00000070F000200000000002000000000000000F
:206F000000000000FF00000070F0002000000000020000000000000000000000FF000000F1
:206F200070F0002000000000020000000000000000000000FF00000070F000200000000050
:206F4000020000000000000000000000FF00000070F00020000000000200000000000000AE
:206F600000000000FF00000070F0002000000000020000000000000000000000FF00000091
:206F800070F0002000000000020000000000000000000000FF00000070F0002000000000F0
:206FA000020000000000000000000000FF00000070F000200000000002000000000000004E
:206FC00000000000FF00000070F0002000000000020000000000000000000000FF00000031
:206FE00070F0002000000000020000000000000000000000FF00000070F000200000000090
:20700000020000000000000000000000FF00000070F00020000000000200000000000000ED
:2070200000000000FF00000070F0002000000000020000000000000000000000FF000000D0
:2070400070F0002000000000020000000000000000000000FF00000070F00020000000002F
:20706000020000000000000000000000FF00000070F000200000000002000000000000008D
:2070800000000000FF00000070F0002000000000020000000000000000000000FF00000070
:2070A00070F0002000000000020000000000000000000000FF00000070F0002000000000CF
:2070C000020000000000000000000000FF00000070F000200000000002000000000000002D
:2070E00000000000FF00000070F0002000000000020000000000000000000000FF00000010
:2071000070F0002000000000020000000000000000000000FF00000070F00020000000006E
:20712000020000000000000000000000FF00000070F00020000000000200000000000000CC
:2071400000000000FF00000070F0002000000000020000000000000000000000FF000000AF
:2071600070F0002000000000020000000000000000000000FF00000070F00020000000000E
:20718000020000000000000000000000FF00000070F000200000000002000000000000006C
:2071A00000000000FF00000070F0002000000000020000000000000000000000FF0000004F
:2071C00070F0002000000000020000000000000000000000FF00000070F0002000000000AE
:2071E000020000000000000000000000FF00000070F000200000000002000000000000000C
:2072000000000000FF00000070F0002000000000020000000000000000000000FF000000EE
:2072200070F0002000000000020000000000000000000000FF00000070F00020000000004D
:20724000020000000000000000000000FF00000070F00020000000000200000000000000AB
:2072600000000000FF00000070F0002000000000020000000000000000000000FF0000008E
:2072800070F0002000000000020000000000000000000000FF00000070F0002000000000ED
:2072A000020000000000000000000000FF00000070F000200000000002000000000000004B
:2072C00000000000FF00000070F0002000000000020000000000000000000000FF0000002E
:2072E00070F0002000000000020000000000000000000000FF00000070F00020000000008D
:20730000020000000000000000000000FF00000070F00020000000000200000000000000EA
:2073200000000000FF00000070F0002000000000020000000000000000000000FF000000CD
:2073400070F0002000000000020000000000000000000000FF00000070F00020000000002C
:20736000020000000000000000000000FF00000070F000200000000002000000000000008A
:2073800000000000FF00000070F0002000000000020000000000000000000000FF0000006D
:2073A00070F0002000000000020000000000000000000000FF00000070F0002000000000CC
:2073C000020000000000000000000000FF00000070F000200000000002000000000000002A
:2073E00000000000FF00000070F0002000000000020000000000000000000000FF0000000D
:2074000070F0002000000000020000000000000000000000FF00000070F00020000000006B
:20742000020000000000000000000000FF00000070F00020000000000200000000000000C9
:2074400000000000FF00000070F0002000000000020000000000000000000000FF000000AC
:2074600070F0002000000000020000000000000000000000FF00000070F00020000000000B
:20748000020000000000000000000000FF00000070F0002000000000020000000000000069
:2074A00000000000FF00000070F0002000000000020000000000000000000000FF0000004C
:2074C00070F0002000000000020000000000000000000000FF00000070F0002000000000AB
:2074E000020000000000000000000000FF00000070F0002000000000020000000000000009
:2075000000000000FF00000070F0002000000000020000000000000000000000FF000000EB
:2075200070F0002000000000020000000000000000000000FF00000070F00020000000004A
:20754000020000000000000000000000FF00000070F00020000000000200000000000000A8
:2075600000000000FF00000070F0002000000000020000000000000000000000FF0000008B
:2075800070F0002000000000020000000000000000000000FF00000070F0002000000000EA
:2075A000020000000000000000000000FF00000070F0002000000000020000000000000048
:2075C00000000000FF00000070F0002000000000020000000000000000000000FF0000002B
:2075E00070F0002000000000020000000000000000000000FF00000070F00020000000008A
:20760000020000000000000000000000FF00000070F00020000000000200000000000000E7
:2076200000000000FF00000070F0002000000000020000000000000000000000FF000000CA
:2076400070F0002000000000020000000000000000000000FF00000070F000200000000029
:20766000020000000000000000000000FF00000070F0002000000000020000000000000087
:2076800000000000FF00000070F0002000000000020000000000000000000000FF0000006A
:2076A00070F0002000000000020000000000000000000000FF00000070F0002000000000C9
:2076C000020000000000000000000000FF00000070F0002000000000020000000000000027
:2076E00000000000FF00000070F0002000000000020000000000000000000000FF0000000A
:2077000070F0002000000000020000000000000000000000FF00000070F000200000000068
:20772000020000000000000000000000FF00000070F00020000000000200000000000000C6
:2077400000000000FF00000070F0002000000000020000000000000000000000FF000000A9
:2077600070F0002000000000020000000000000000000000FF00000070F000200000000008
:20778000020000000000000000000000FF00000070F0002000000000020000000000000066
:2077A00000000000FF00000070F0002000000000020000000000000000000000FF00000049
:2077C00070F0002000000000020000000000000000000000FF00000070F0002000000000A8
:2077E000020000000000000000000000FF00000070F0002000000000020000000000000006
:2078000000000000FF00000070F0002000000000020000000000000000000000FF000000E8
:2078200070F0002000000000020000000000000000000000FF00000070F000200000000047
:20784000020000000000000000000000FF00000070F00020000000000200000000000000A5
:2078600000000000FF00000070F0002000000000020000000000000000000000FF00000088
:2078800070F0002000000000020000000000000000000000FF00000070F0002000000000E7
:2078A000020000000000000000000000FF00000070F0002000000000020000000000000045
:2078C00000000000FF00000070F0002000000000020000000000000000000000FF00000028
:2078E00070F0002000000000020000000000000000000000FF00000070F000200000000087
:20790000020000000000000000000000FF00000070F00020000000000200000000000000E4
:2079200000000000FF00000070F0002000000000020000000000000000000000FF000000C7
:2079400070F0002000000000020000000000000000000000FF00000070F000200000000026
:20796000020000000000000000000000FF00000070F0002000000000020000000000000084
:2079800000000000FF00000070F0002000000000020000000000000000000000FF00000067
:2079A00070F0002000000000020000000000000000000000FF00000070F0002000000000C6
:2079C000020000000000000000000000FF00000070F0002000000000020000000000000024
:2079E00000000000FF00000070F0002000000000020000000000000000000000FF00000007
:207A000070F0002000000000020000000000000000000000FF00000070F000200000000065
:207A2000020000000000000000000000FF00000070F00020000000000200000000000000C3
:207A400000000000FF00000070F0002000000000020000000000000000000000FF000000A6
:207A600070F0002000000000020000000000000000000000FF00000070F000200000000005
:207A8000020000000000000000000000FF00000070F0002000000000020000000000000063
:207AA00000000000FF00000070F0002000000000020000000000000000000000FF00000046
:207AC00070F0002000000000020000000000000000000000FF00000070F0002000000000A5
:207AE000020000000000000000000000FF00000070F0002000000000020000000000000003
:207B000000000000FF00000070F0002000000000020000000000000000000000FF000000E5
:207B200070F0002000000000020000000000000000000000FF00000070F000200000000044
:207B4000020000000000000000000000FF00000070F00020000000000200000000000000A2
:207B600000000000FF00000070F0002000000000020000000000000000000000FF00000085
:207B800070F0002000000000020000000000000000000000FF00000070F0002000000000E4
:207BA000020000000000000000000000FF00000070F0002000000000020000000000000042
:207BC00000000000FF00000070F0002000000000020000000000000000000000FF00000025
:207BE00070F0002000000000020000000000000000000000FF00000070F000200000000084
:207C0000020000000000000000000000FF00000070F00020000000000200000000000000E1
:207C200000000000FF00000070F0002000000000020000000000000000000000FF000000C4
:207C400070F0002000000000020000000000000000000000FF00000070F000200000000023
:207C6000020000000000000000000000FF00000070F0002000000000020000000000000081
:207C800000000000FF00000070F0002000000000020000000000000000000000FF00000064
:207CA00070F0002000000000020000000000000000000000FF00000070F0002000000000C3
:207CC000020000000000000000000000FF00000070F0002000000000020000000000000021
:207CE00000000000FF00000070F0002000000000020000000000000000000000FF00000004
:207D000070F0002000000000020000000000000000000000FF00000070F000200000000062
:207D2000020000000000000000000000FF00000070F00020000000000200000000000000C0
:207D400000000000FF00000070F0002000000000020000000000000000000000FF000000A3
:207D600070F0002000000000020000000000000000000000FF00000070F000200000000002
:207D8000020000000000000000000000FF00000070F0002000000000020000000000000060
:207DA00000000000FF00000070F0002000000000020000000000000000000000FF00000043
:207DC00070F0002000000000020000000000000000000000FF00000070F0002000000000A2
:207DE000020000000000000000000000FF00000070F0002000000000020000000000000000
:207E000000000000FF00000070F0002000000000020000000000000000000000FF000000E2
:207E200070F0002000000000020000000000000000000000FF00000070F000200000000041
:207E4000020000000000000000000000FF00000070F000200000000002000000000000009F
:207E600000000000FF00000070F0002000000000020000000000000000000000FF00000082
:207E800070F0002000000000020000000000000000000000FF00000070F0002000000000E1
:207EA000020000000000000000000000FF00000070F000200000000002000000000000003F
:207EC00000000000FF00000070F0002000000000020000000000000000000000FF00000022
:207EE00070F0002000000000020000000000000000000000FF00000070F000200000000081
:207F0000020000000000000000000000FF00000070F00020000000000200000000000000DE
:207F200000000000FF00000070F0002000000000020000000000000000000000FF000000C1
:207F400070F0002000000000020000000000000000000000FF00000070F000200000000020
:207F6000020000000000000000000000FF00000070F000200000000002000000000000007E
:207F800000000000FF00000070F0002000000000020000000000000000000000FF00000061
:207FA00070F0002000000000020000000000000000000000FF00000070F0002000000000C0
:207FC000020000000000000000000000FF00000070F000200000000002000000000000001E
:207FE00000000000FF00000070F0002000000000020000000000000000000000FF00000001
:2080000070F0002000000000020000000000000000000000FF00000070F00020000000005F
:20802000020000000000000000000000FF00000070F00020000000000200000000000000BD
:2080400000000000FF00000070F0002000000000020000000000000000000000FF000000A0
:2080600070F000200000000002000000000000000000000053750100E578010009DF00006F
:20808000D9AD0000A9B000005DE0000097B50000311B00000D28010009F20000D5ED000039
:2080A00081EF0000ADCE000075EC0000311B00003D1E000000000000000000007D750100DA
:2080C000037901005FC2000059AD000079B00000DDB5000085B50000311B000049E300008F
:2080E000D9C500001DB7000031B6000029C20000FDC30000311B00003D1E000000000000D5
:2081000000000000A575010021790100893020600BAC000059302060453920604D322060B3
:20812000311B0000E93B2060A9B50000C3342060B5392060F1DC0000DDAD0000311B000069
:208140003D1E000008183030180C06039ABE002097F500209BF50020E0EA00200000000059
:208160000000000000000000000000000000000000000000000000000000000000000000FF
:20818000002466E7662404060706042060E060200000000010307EFE7E301000080C7E7F5E
:2081A0007E0C080008183030180C06039FF50020B2F50020A6F50020B1F50020385C5E5F33
:2081C0005F4F27123854525151492512FC84B487FD21213F0404000087F500208BF500203B
:2081E0008FF5002093F50020ECDB0020F9DB002006DC002013DC0020FF8181FF666F6F669D
:208200000000000000089C5E7A39100000089C5E7A3910002810359E79AC08142810359E7D
:2082200079AC081414492A552A49140014492A552A4914001408AC799E3510282400810046
:2082400000810024910024018024008991202601806404893E63E3FFFFE3633E60924D51B7
:208260008A69120C003E2AAE2EAABE003CC2010D010248940000044A29100000FC82AAA205
:20828000A2AA82FC181514F2941518021280240180240148BEF3F879EC61F63F1930965B9C
:2082A000C6FEDEBF3D88AF4AED71F53FA4FCD432680BDBBFB010F0F03995F43F7BB71F0A5E
:2082C0008B41D7BF8503B8B095C9F33F7BCF6D1AE99DD3BFA564880C190DF33F31B6F2F312
:2082E0009B1DD0BFA08E0B7B225EF23FF07A3B1B1D7CC9BF3F341A4A4ABBF13F9F3CAF93C8
:20830000E3F9C2BFBAE58AF05823F13F5C8D78BFCB60B9BFA70099413F95F03FCE5F47B6CB
:208320009D6FAABF000000000000F03F0000000000000000AC479AFD8C60EE3F3DF5249F01
:20834000CA38B33FA06A021FB3A4EC3FBA913854A976C43FE6FC6A573620EB3FD2E4C44A9C
:208360000B84CE3F2DAAA163D1C2E93F1C65C6F04506D43FED417803E686E83FF89F1B2C1C
:208380009C8ED83F624853F5DC67E73FCC7BB14EA4E0DC3F4D7E0AF7B612D7BFE03268496F
:2083A000BFCADE3FDEE3FA9F4715E7BFB8C8355F4715F73F0080E03779C34143176E05B57F
:2083C000B5B89346F5F93FE9034F384D321D30F94877825A3CBF737FDD4F157500000000B4
:2083E0000000F03F000000000000244000000000000059400000000000408F400000000042
:208400000088C34000000000006AF8400000000080842E4100000000D01263410000000036
:2084200084D797410000000065CDCD41000000205FA00242000000E876483742000000A2A5
:20844000941A6D42000040E59C30A2420000901EC4BCD64200003426F56B0C430080E03704
:2084600079C3414300A0D8855734764300C84E676DC1AB43003D9160E458E143408CB578DB
:208480001DAF154450EFE2D6E41A4B4492D54D06CFF08044F64AE1C7022DB544B49DD97943
:2084A0004378EA44BC89D897B2D29C3C33A7A8D523F649393DA7F444FD0FA5329D978CCF43
:2084C00008BA5B25436FAC64280668114000000000000000FF00000070F100200000000031
:2084E000020000000000000080FFFFFF7F0000008BF10020000000000300000000000000DF
:20850000000000000100000028E90020680C0020020000000000000000000000FF00000094
:2085200020E1002000000000020000000000000080FFFFFF7F00000032E9002000000000E1
:20854000010000000000000080FFFFFF7F0000003FE90020000000000100000000000000D5
:2085600080FFFFFF7F0000004EE900200000000001000000E600000000000000E6000000DB
:2085800057E9002000000000020000000000000080FFFFFF7F000000BAE7002000000000BC
:2085A0000100000009000000000000000B00000064E90020A09200200200000013000000D2
:2085C00000000000260000006FE9002004920020020000001300000000000000260000000C
:2085E0007CE90020049200200200000013000000000000002600000089E9002004920020BD
:208600000200000000000000000000000800000096E90020E091002002000000000000001E
:2086200000000000080000009EE90020E091002002000000000000000000000008000000F0
:20864000A6E90020E09100200200000000000000000000007F000000AEE9002000000000A2
:208660000200000000000000000000007F000000B8E90020000000000200000000000000B6
:20868000000000007F000000C2E90020000000000200000000000000000000000600000088
:2086A000CCE90020046C002002000000030000000000000005000000D6E90020C8910020F3
:2086C0000000000074815979CC71C26A3264145E5D5808530D4E66490C45FA402C3D9C397F
:2086E0004636263338307A2DE72A7D283926182419223920751ECD1C3D1BC6196418181753
:20870000DE15B714A1139B12A411BB10DF0F0F0F4B0E920DE30C3E0CA20B0E0B820AFE0924
:2087200081090B099B083108CC076D071307BD066C061F06D60591054F051105D5049D04AF
:20874000670435040404D603AA038103590334031003EE02CD02AE02910275025A024002A6
:2087600028021102FA01E501D101BE01AB019A01890179016A015B014D014001330127014D
:208780001B0110010501FB00F100E800DF00D600CE00C600BF00B700B000AA00A3009D0079
:2087A000970092008C00870082007D007900740070006C006800640061005D005A0057007A
:2087C000540051004E004B0049004600440041003F003D003B003900370035003300320086
:2087E00030002E002D002B002A00280027002600250023002200210020001F001E001D001F
:208800001C001B001A001900190018001700160016001500140014001300130012001100F4
:208820001100100010000F000F000E000E000E000D000D000C000C000C000B000B000B0060
:208840000A000A000A00090009000900090008000800080008000700070007000700070093
:208860000600060006000600060005000500050005000500050005000400040004000400A7
:208880000400040004000400030003000300030003000300030003000300030003000200A5
:2088A000020002000200020002000200020002000200020002000200020002000200020098
:2088C0000100010001000000840D0000930D0000A30D0000B20D0000C10D0000D10D000049
:2088E000E10D0000F00D0000000E0000100E00001F0E00002F0E00003F0E00004F0E00004D
:208900005F0E0000700E0000800E0000900E0000A10E0000B10E0000C20E0000D20E000022
:20892000E30E0000F40E0000040F0000150F0000260F0000370F0000480F00005A0F0000D2
:208940006B0F00007C0F00008E0F00009F0F0000B10F0000C20F0000D40F0000E60F00005E
:20896000F80F00000A1000001C1000002E10000040100000531000006510000077100000BD
:208980008A1000009D100000AF100000C2100000D5100000E8100000FB1000000E110000F8
:2089A0002111000034110000481100005B1100006F1100008211000096110000AA11000006
:2089C000BE110000D2110000E6110000FA1100000E12000023120000371200004B120000E8
:2089E00060120000751200008A1200009E120000B3120000C8120000DE120000F31200009E
:208A0000081300001E13000033130000491300005E130000741300008A130000A013000020
:208A2000B6130000CC130000E3130000F91300000F140000261400003D1400005314000077
:208A40006A1400008114000098140000B0140000C7140000DE140000F61400000D1500009A
:208A6000251500003D150000551500006D150000851500009D150000B5150000CE15000085
:208A8000E6150000FF15000018160000311600004A160000631600007C160000951600003C
:208AA000AF160000C8160000E2160000FC160000151700002F1700004A17000064170000BB
:208AC0007E17000098170000B3170000CE170000E9170000031800001E1800003A18000000
:208AE00055180000701800008C180000A7180000C3180000DF180000FB1800001719000009
:208B000033190000501900006C19000089190000A6190000C2190000DF190000FD190000D1
:208B20001A1A0000371A0000551A0000721A0000901A0000AE1A0000CC1A0000EA1A000059
:208B4000081B0000000000100000000F0000000E0000000D0000000C0000000B0000000A97
:208B6000000000090000000800000007000000060000000500000004000000030000800249
:208B800000000002ABAAAA01000080010000400100000001CCCCCC00AAAAAA0099999900E3
:208BA0000000800066666600555555000000400033333300AAAA2A0049922400000020008E
:208BC000C7711C0099991900D1451700555515003BB1130024491200111111000000100049
:208BE000E0E9002049E90020F5DD0020DBE20020E5E90020EAE90020EFE9002076E8002014
:208C0000BAE800207AE80020C2E800209AE80020A2E800208AE800207EE8002092E8002048
:208C2000AAE8002082E80020B2E8002086E800208EE8002096E800209EE80020A6E8002028
:208C4000AEE80020B6E80020BEE80020C6E80020CEE800208000000000000000FF000000B7
:208C6000D6E8002000000000020000008000000000000000FF000000DDE8002000000000B0
:208C8000020000003F000000040000007F000000E4E8002000000000020000003F000000E3
:208CA000040000007F000000ECE80020000000000200000002000000000000000400000035
:208CC000F4E80020B49100200000000002000000000000000400000000E90020B4910020BF
:208CE000000000000000000000000000150000000CE90020206C002002000000010000009B
:208D0000000000001500000013E90020206C0020020000000300000000000000150000005C
:208D20001AE90020206C00200200000004000000000000001500000021E90020206C002073
:208D40000200000000000000000000000A00000069E70020FC780020020000008000000081
:208D600000000000FF0000006EE7002000000000040000008000000000000000FF000000FC
:208D8000B0D5002000000000040000008000000000000000FF000000F7D5002000000000BF
:208DA000040000008000000000000000FF00000071E70020000000000400000000000000B4
:208DC000000000000A00000099E6002084350020000000000000000000000000020000000F
:208DE00074E70020A89100200000000001000000010000001800000082E7002000000000FC
:208E0000020000000000000000000000E703000091E70020000000000400000000000000CA
:208E20000000000040000000A0E70020000000000200000000000000000000001F0000002A
:208E4000AEE70020289100200200000001000000000000002000000094CA002000000000E3
:208E600002000000000000000000000020000000BAE700200000000002000000000000000D
:208E80000000000004000000C1E7002080350020020000000100000001000000FF0000002E
:208EA000CCE70020000000000200000000000000000000000B00000016E70020F89000200D
:208EC0000000000000000000000000000B0000001EE70020F89000200000000000000000BA
:208EE000000000000B00000026E70020F89000200000000000000000000000000B00000087
:208F00002EE70020F89000200000000000000000000000000B000000B1E60020F89000200A
:208F20000000000000000000000000000B000000B9E60020F89000200000000000000000BF
:208F4000000000000B000000C1E60020F89000200000000000000000000000000B0000008C
:208F6000C9E60020F890002000000000000000000000000004000000DBE70020343600200A
:208F800000000000000000000000000001000000E8E700202C36002002000000010000005C
:208FA0000000000004000000F4E70020343600200000000000000000000000000100000027
:208FC00001E80020F09000200000000002000000000000000A0000000BE80020483600202B
:208FE0000000000001000000000000000A00000018E80020483600200000000001000000A7
:20900000000000000A00000024E80020483600200000000000000000000000000D0000006F
:2090200032E80020B89000200000000000000000000000000D0000003EE80020B8900020D3
:209040000000000000000000000000000D00000049E80020B8900020000000007F000000CB
:20906000000000007F000000F9E6002000000000020000000000000000000000010000006F
:2090800056E80020F09000200000000000000000000000007F00000063E8002000000000E8
:2090A000020000000000000000000000010000006DE80020F0900020020000008000000016
:2090C00000000000FF000000E5E6002000000000020000006000000000000000FF00000045
:2090E000EDE6002000000000020000000000000000000000FF000000F9E60020000000007D
:2091000002000000E400000000000000FF00000003E700200000000002000000000000005E
:20912000000000000300000099E6002084350020020000000000000000000000FF000000B3
:209140000CE70020000000000200000000000000000000000500000016E7002088770020B9
:20916000000000000000000000000000050000001EE70020887700200000000000000000A6
:20918000000000000500000026E70020887700200000000000000000000000000500000079
:2091A0002EE70020887700200000000000000000000000000100000036E70020F09000207D
:2091C0000200000000000000000000000F00000010E600207424002002000000FF000000AF
:2091E00000000000FF00000019E6002000000000020000000100000001000000FF0000004E
:209200001FE6002000000000020000007E00000000000000FF00000025E60020000000007F
:20922000020000007E00000000000000FF00000031E6002000000000020000007F000000F7
:2092400000000000FF0000003DE600200000000002000000000000000000000001000000C9
:2092600049E60020F0900020020000000000000000000000FF00000053E6002000000000A5
:20928000020000000000000000000000FF00000061E6002000000000020000000000000064
:2092A00000000000FF0000006EE6002000000000020000000000000000000000FF0000003A
:2092C00079E6002000000000020000000100000000000000FF00000085E600200000000082
:2092E00002000000FF00000000000000FF00000090E60020000000000200000000000000D6
:20930000000000000300000099E600208435002000000000000000000000000001000000D1
:20932000A7E60020F09000200000000000000000000000000C000000B1E60020A0770020E6
:209340000000000000000000000000000C000000B9E60020A077002000000000000000000B
:20936000000000000C000000C1E60020A07700200000000000000000000000000C000000D7
:20938000C9E60020A077002000000000050000000500000094000000FBC50020ACA120607C
:2093A0000200000000000000000000000B00000031C60020B01A002002000000000000009D
:2093C0000000000003000000EFE40020807A002002000000FFFF000001000000FFFF00007E
:2093E000FBE40020000000000400000000000000000000000700000028D10020B82400204E
:209400000200000001000000000000000100000006E50020787A0020020000000000000029
:20942000000000000E000000D4DE00203C7A0020020000000000000000000000050000006F
:20944000DDDE00209C360020020000004000000000000000FF000000FFDE00200000000001
:209460000200000000000000000000000700000015E5002038260020020000000000000049
:20948000FBFFFFFF070000001FE50020000000000100000000000000FCFFFFFF04000000AB
:2094A000EBD00020000000000100000000000000000000001F00000029E50020807A002069
:2094C0000200000000000000000000001F00000030E5002000000000020000000000000034
:2094E000000000001F00000030E50020000000000200000000000000000000001F000000F7
:2095000030E50020000000000200000000000000000000001F00000030E5002000000000C0
:20952000020000000000000000000000000000003BE50020000000000000000000000000E9
:20954000000000000800000046E50020B424002000000000000000000000000008000000B8
:2095600055E50020B42400200000000000000000000000000800000064E50020B424002030
:209580000000000000000000000000000800000073E50020B4240020000000000000000053
:2095A000000000000800000082E50020B4240020000000000000000000000000080000001C
:2095C00091E50020B424002000000000000000000000000008000000A0E50020B424002058
:2095E00000000000000000000000000008000000AFE50020B42400200000000000000000B7
:209600000000000008000000BEE50020B4240020000000000000000000000000080000007F
:20962000CDE50020B424002000000000000000000000000008000000DCE50020B42400207F
:209640000000000000000000000000000000000026EC0020000000000000000000000000D8
:2096600000000000000000009CBE0020000000000000000000000000FDFFFFFF0600000070
:2096800022C90020000000000100000000000000000000000B000000E4CA0020B01A0020FB
:2096A0000200000000000000FDFFFFFF0300000037E400200000000002000000000000006E
:2096C000000000001E00000045E40020000000000200000000000000000000000100000020
:2096E00052E40020F079002002000000B801000090010000E00100005EE4002000000000FC
:20970000040000000000000000000000630000006CE400200000000002000000020000006E
:20972000000000000900000078E40020C87900200200000000000000000000000000000041
:209740007FE40020000000000200000000000000000000000000000026EC00200000000052
:2097600002000000C9C60020D1E60020D6E60020DBE600205DE70020E0E60020C9C60020AB
:20978000EBE50020EFE50020F3E500200BC6002014C60020F6E50020FCE5002001E60020FF
:2097A00005E600200BE6002095E600209CD900200000003D0000803D0000003E0000803E67
:2097C0000000003F0000803F00000040000080400000004100008041000000420000804285
:2097E000000000430000804300000044000080440000000001000000010100000101010055
:20980000000004000002020000020202000301000003010200020201000202040002020619
:209820000000000000000000000000FF0000FF0000FF0000FF010101000000000000000029
:20984000010000008CE40020347A00200000000000000000000000000300000095E400200D
:20986000087A00200000000000000000FDFFFFFF00000000A3E400202C7A002000000000DF
:209880000000000000000000030000003EF60020F87900200000000046E700204DE700203F
:2098A00053E7002061E70020E8660020B48E0020B28C0020B08A0020AE880020AC860020B6
:2098C000AA840020A8820020A6800020A47E0020A27C0020A07A00204AD9002059D900205B
:2098E00051D90020DAE000205FE3002065E300206AE300206FE3002075E300207BE30020A5
:2099000082E30020E70401203FE200202CD4002067F10020ACC200201AD600209EC20020BF
:2099200011D00020DBE40020DFE4002019D00020E3E40020E7E40020EBE4002093EB0020FC
:20994000CBE40020CFE40020D3E40020D7E4002026EC002091E300207BE20020EEE2002080
:2099600059C40020EDDB0020FADB002007DC002014DC002007D3002030D3002059D3002051
:2099800082D30020A3D00020AFE40020B3E40020B7E40020BBE40020BFE40020C3E4002051
:2099A000C7E4002090E300207AE200207EE2002082E2002087E2002035E300208CE200207A
:2099C00047DB002091E20020AFE2002083DC002011E2002015E200201CE2002023E2002015
:2099E0002AE2002031E2002035E2002039E200203DE2002041E2002045E2002049E2002082
:209A00004DE2002051E2002055E200209CBE002059E2002060E2002026EC0020F4DA0020F6
:209A2000FADA002000DB002067E200206DE2002073E200200ADB002010DB002016DB0020C9
:209A40001CDB002022DB002027DB00202CDB002031DB00202CDA002030DA0020EDDB002025
:209A6000FADB002007DC002014DC002007D3002030D3002059D3002082D3002000001F00E1
:209A80005700B20010017001D10133029302F1024C03A203F3033E048204BF04F504260513
:209AA00053057E05AA05DA0512065606AA06140797073708F708DA09E20A0D0C590DC50E01
:209AC0004910DF117F131E15B1162C188419AC1A9B1B481CAC1CC41C901C151C5C1B711A69
:209AE00065194F1846176616CC159515DD15BD164B18981AAC1D89212726762B5C31B53769
:209B0000563E0B459E4BD4516F57385CF95F8662BB638463D961C55E635ADE54724E6C47F5
:209B20002140F23845327F2C04282D2546248C2525291D2F6937E241444E365C456BEE7A46
:209B40009F8AC099B8A7F4B3ECBD2EC55EC941CABBC7D6C1C0B8CAAC669E268EB07CBD6A9D
:209B60000D5962487539F22C69234F1DF21A7B1CE621082B8937F146A258E96BFF7F1594C8
:209B80005CA70DB975C8F6D418DE83E30CE5AFE295DC0CD389C69CB7F1A641954E83D8719E
:209BA000986134533E47283E4338BD35A036D03A12420A4C46583E665F751085B994C8A3E0
:209BC000BAB11CBE95C8E1D0D9D672DAB8DBD1DAFAD77FD3B9CD0CC7DDBF92B88CB120AB8F
:209BE0009BA539A1259E7A9C439C789D05A0C6A38FA82AAE60B4F3BAA8C149C8A2CE88D45A
:209C0000D7D975DE52E266E5B3E741E921EA69EA32EA98E9B8E8AFE799E68DE5A2E4E9E38A
:209C20006EE33AE352E3B6E363E452E57AE6D2E74DE9E0EA7FEC1FEEB5EF39F1A5F2F1F390
:209C40001CF524F607F7C7F767F8EAF854F9A8F9ECF924FA54FA80FAABFAD8FA09FB3FFB6E
:209C60007CFBC0FB0BFC5CFCB2FC0DFD6BFDCBFD2DFE8EFEEEFE4CFFA7FFFFFFFFFF0000DB
:209C80001B0047009000DB0028017601C70119026E02C5021E037A03D80339049C040305DF
:209CA0006C05D8054806BC063207AD072B08AE083409BF094F0AE30A7C0B1A0CBD0C660D3C
:209CC000140EC80E820F43100911D611AA128513671450154016381738183F194F1A671B3B
:209CE000871CAF1DE01E19205B21A622F9235525B92626289C291A2BA02C2F2EC62F6531F9
:209D00000B33B9346E362A38EC39B53B833D573F2F410C43ED44D146B848A14A8C4C784E17
:209D200063504F52395421560658E859C55B9D5D705F3B61FF62BB646E661768B569486B03
:209D4000CE6C486EB56F13716372A473D574F77508770978F978D979A87A667B137CB17C48
:209D60003E7DBC7D2B7E8C7EDF7E257F5F7F8E7FB37FCF7FE37FF17FF97FFD7FFF7FFF7F0E
:209D8000FF7F018005800D801B802F804B8070809F80D9801F817281D3814282C0824D8378
:209DA000EB839884568525860587F587F688078A298B5A8C9B8DEB8E4990B6913093B69414
:209DC0004996E7979099439BFF9CC39E8EA061A239A416A6F8A7DDA9C5ABAFAD9BAF86B1E7
:209DE00072B35DB546B72DB911BBF2BCCFBEA7C07BC249C412C6D4C790C945CBF3CC99CE8F
:209E000038D0CFD15ED3E4D462D6D8D745D9A9DA05DC58DDA3DEE5DF1EE14FE277E397E4C9
:209E2000AFE5BFE6C6E7C6E8BEE9AEEA97EB79EC54ED28EEF5EEBBEF7CF036F1EAF198F28C
:209E400041F3E4F382F41BF5AFF53FF6CAF650F7D3F751F8CCF842F9B6F926FA92FAFBFA2F
:209E600062FBC5FB26FC84FCE0FC39FD90FDE5FD37FE88FED6FE23FF6EFFB7FFFFFFFFFFD2
:209E800000001F004B009800E70038018B01E10139029302F1025103B4031A048404F104C9
:209EA0006105D5054D06C9064A07CE075808E6087A09120AB10A550BFE0BAE0C650D220EAD
:209EC000E60EB10F84105E1140122A131D1418151C1628173F185E19881ABB1BF81C3F1EB6
:209EE000911FEE205522C6234325CA265C28F929A12B542D112FD930AB3288346F365F38DB
:209F0000593A5C3C683E7C409842BB44E54615494B4B854DC44F06524A549056D6581D5B55
:209F2000625DA45FE4611F6454668368AA6AC86CDC6EE470E072CE74AD767C783A7AE57B4D
:209F40007D7D017F6F80C68106832E843E8533860F87D187778802897389C889028A228A9D
:209F6000278A138AE689A1894489D2884B88B187058748867E85A784C583DB82EB81F680B9
:209F8000FF7F087F137E237D397C577B807AB679F9784D78B3772C77BA765D761876EB75E7
:209FA000D775DC75FC7536768B76FC7687772D78EF78CB79C07AD07BF87C387E8F7FFD80EC
:209FC00081821984C48582875189308B1E8D1A8F2291369354957B97AA99DF9B1A9E5AA0C0
:209FE0009CA2E1A428A76EA9B4ABF8AD3AB079B2B3B4E9B619B943BB66BD82BF96C1A2C3A9
:20A00000A5C59FC78FC976CB53CD25CFEDD0AAD25DD405D6A2D734D9BBDA38DCA9DD10DFDA
:20A020006DE0BFE106E343E476E5A0E6BFE7D6E8E2E9E6EAE1EBD4ECBEEDA0EE7AEF4DF0D8
:20A0400018F1DCF199F250F300F4A9F44DF5ECF584F618F7A6F730F8B4F835F9B1F929FAB3
:20A060009DFA0DFB7AFBE4FB4AFCADFC0DFD6BFDC5FD1DFE73FEC6FE17FF66FFB3FFFFFF4F
:20A08000FFFF00001F005900B50014017701DE014802B7022903A1031D049F042505B205B1
:20A0A0004406DD067C072208D0088509420A080BD70BAF0C900D7C0E720F731080119812FE
:20A0C000BD13EF142E167B17D618401ABA1B421DDB1E85203F220B24E925D827DA29EF2B03
:20A0E000172E5330A23204357B37053AA33C563F1C42F544E247E34AF64D1B5152549B57F2
:20A10000F45A5D5ED4615A65EC688B6C3370E5739F775E7B227FE982B186788A3B8EF99175
:20A12000B0955D99FD9C8FA010A47DA7D4AA11AE33B136B418B7D6B96DBCDABE1BC12DC34E
:20A140000EC5BBC631C86FC972CA38CBC0CB08CC0ECCD1CB50CB8BCA81C932C89FC6C7C4C2
:20A16000ABC24DC0AFBDD1BAB7B762B4D6B017AD26A909A5C4A05A9CD1972E93758EAC8968
:20A18000D884FF7F267B52768971D06C2D68A4633A5FF55AD856E752284F9C4B47482D45FC
:20A1A0004F42B13F533D373B5F39CC377D367335AE342D34F033F6333E34C6348C358F36A5
:20A1C000CD374339F03AD13CE33E244191432846E648C84BCB4EED512A558158EE5B6F5FF9
:20A1E0000163A1664E6A056EC37186754D79157DDC80A0845F88198CCB8F73931297A49AEF
:20A200002A9EA1A10AA563A8ACABE3AE08B21BB51CB809BBE2BDA8C05BC3F9C583C8FACA7E
:20A220005CCDABCFE7D10FD424D626D815DAF3DBBFDD79DF23E1BCE244E4BEE528E783E850
:20A24000D0E90FEB41EC66ED7EEE8BEF8CF082F16EF24FF327F4F6F4BCF579F62EF7DCF737
:20A2600082F821F9BAF94CFAD9FA5FFBE1FB5DFCD5FC47FDB6FD20FE87FEEAFE49FFA5FFB0
:20A28000FFFFFFFF0000FFFFFFFFFFFFFFFFFFFFFFFFFFFFFFFFFFFFFFFFFFFFFFFFFFFFDC
:20A2A000FFFFFFFFFFFFFFFFFFFFFFFFFFFFFFFFFFFFFFFFFFFFFFFFFFFFFFFFFFFFFFFFBE
:20A2C000FFFFFFFFFFFFFFFFFFFFFFFFFFFFFFFFFFFFFFFFFFFFFFFFFFFFFFFFFFFFFFFF9E
:20A2E000FFFFFFFFFFFFFFFFFFFFFFFFFFFFFFFFFFFFFFFFFFFFFFFFFFFFFFFFFFFFFFFF7E
:20A30000FFFFFFFFFFFFFFFFFFFFFFFFFFFFFFFFFFFFFFFFFFFFFFFFFFFFFFFFFFFFFFFF5D
:20A32000FFFFFFFFFFFFFFFFFFFFFFFFFFFFFFFFFFFFFFFFFFFFFFFFFFFFFFFFFFFFFFFF3D
:20A34000FFFFFFFFFFFFFFFFFFFFFFFFFFFFFFFFFFFFFFFFFFFFFFFFFFFFFFFFFFFFFFFF1D
:20A36000FFFFFFFFFFFFFFFFFFFFFFFFFFFFFFFFFFFFFFFFFFFFFFFFFFFFFFFFFFFFFFFFFD
:20A38000FFFFFFFFFFFFFFFFFFFFFFFFFFFFFFFFFFFFFFFFFFFFFFFFFFFFFFFFFFFFFFFFDD
:20A3A000FFFFFFFFFFFFFFFFFFFFFFFFFFFFFFFFFFFFFFFFFFFFFFFFFFFFFFFFFFFFFFFFBD
:20A3C000FFFFFFFFFFFFFFFFFFFFFFFFFFFFFFFFFFFFFFFFFFFFFFFFFFFFFFFFFFFFFFFF9D
:20A3E000FFFFFFFFFFFFFFFFFFFFFFFFFFFFFFFFFFFFFFFFFFFFFFFFFFFFFFFFFFFFFFFF7D
:20A40000FFFFFFFFFFFFFFFFFFFFFFFFFFFFFFFFFFFFFFFFFFFFFFFFFFFFFFFFFFFFFFFF5C
:20A42000FFFFFFFFFFFFFFFFFFFFFFFFFFFFFFFFFFFFFFFFFFFFFFFFFFFFFFFFFFFFFFFF3C
:20A44000FFFFFFFFFFFFFFFFFFFFFFFFFFFFFFFFFFFFFFFFFFFFFFFFFFFFFFFFFFFFFFFF1C
:20A46000FFFFFFFFFFFFFFFFFFFFFFFFFFFFFFFFFFFFFFFFFFFFFFFFFFFFFFFFFFFFFFFFFC
:20A48000FFFFFFFFFFFF0000000000000000000000000000000000000000000000000000C2
:20A4A00000000000000000000000000000000000000000000000000000000000000000009C
:20A4C000000000000000000000000000000000000000000000000000010001000100010078
:20A4E000010002000200020002000300030004000400050006000700080009000A000B000D
:20A500000D000F0011001300150018001C001F00240029002E0034003B0043004C005600C4
:20A5200062006F007E008F00A200B700CF00EB000A012E0156018301B601F00132027C02BB
:20A54000D0022E03990312049A043405E105A506800778088E09C60A240CAB0D610F4A11BD
:20A560006B13C81568184F1B831E0922E6251D2AB32EA9330239BD3ED944514B21524059C0
:20A58000A660466814700278FF7FFC87EA8FB897589FBEA6DDADADB425BB41C1FCC655CC35
:20A5A0004BD1E1D518DAF5DD7BE1AFE496E736EA93ECB4EE9DF053F2DAF338F570F686F7A9
:20A5C0007EF859F91DFACAFA64FBECFB65FCD0FC2EFD82FDCCFD0EFE48FE7BFEA8FED0FEB3
:20A5E000F4FE13FF2FFF47FF5CFF6FFF80FF8FFF9CFFA8FFB2FFBBFFC3FFCAFFD0FFD5FF32
:20A60000DAFFDFFFE2FFE6FFE9FFEBFFEDFFEFFFF1FFF3FFF4FFF5FFF6FFF7FFF8FFF9FF6E
:20A62000FAFFFAFFFBFFFBFFFCFFFCFFFCFFFCFFFDFFFDFFFDFFFDFFFDFFFEFFFEFFFEFF65
:20A64000FEFFFEFFFEFFFEFFFEFFFEFFFEFFFEFFFEFFFEFFFEFFFEFFFEFFFEFFFEFFFEFF2A
:20A66000FEFFFEFFFEFFFEFFFEFFFEFFFEFFFEFFFEFFFEFFFEFFFEFFFEFFFEFFFEFFFEFF0A
:20A68000FEFFFEFFFFFFFFFF000001000100010001000100020002000200020003000300B1
:20A6A00004000400050006000700080009000A000B000D000F0011001300150018001C00D1
:20A6C0001F00240029002E0034003B0043004C00560062006F007E008F00A200B700CF0086
:20A6E000EB000A012E0156018301B601F00132027C02D0022E03990312049A043405E1058E
:20A70000A506800778088E09C60A240CAB0D610F4A116B13C81568184F1B831E0922E62551
:20A720001D2AB32EA9330239BD3ED944514B21524059A660466814700278FF7FFC87EA8FEE
:20A74000B897589FBEA6DDADADB425BB41C1FCC655CC4BD1E1D518DAF5DD7BE1AFE496E79D
:20A7600036EA93ECB4EE9DF053F2DAF338F570F686F77EF859F91DFACAFA64FBECFB65FC9F
:20A78000D0FC2EFD82FDCCFD0EFE48FE7BFEA8FED0FEF4FE13FF2FFF47FF5CFF6FFF80FF7B
:20A7A0008FFF9CFFA8FFB2FFBBFFC3FFCAFFD0FFD5FFDAFFDFFFE2FFE6FFE9FFEBFFEDFFF5
:20A7C000EFFFF1FFF3FFF4FFF5FFF6FFF7FFF8FFF9FFFAFFFAFFFBFFFBFFFCFFFCFFFCFF11
:20A7E000FCFFFDFFFDFFFDFFFDFFFDFFFEFFFEFFFEFFFEFFFEFFFEFFFEFFFEFFFEFFFEFF90
:20A80000FEFFFEFFFEFFFEFFFEFFFEFFFEFFFEFFFEFFFEFFFEFFFEFFFEFFFEFFFEFFFEFF68
:20A82000FEFFFEFFFEFFFEFFFEFFFEFFFEFFFEFFFEFFFEFFFEFFFEFFFFFFFFFFFFFFFFFF44
:20A84000FFFFFFFFFFFFFFFFFFFFFFFFFFFFFFFFFFFFFFFFFFFFFFFFFFFFFFFFFFFFFFFF18
:20A86000FFFFFFFFFFFFFFFFFFFFFFFFFFFFFFFFFFFFFFFFFFFFFFFFFFFFFFFFFFFFFFFFF8
:20A88000FFFFFFFFFFFFFFFFFFFF0000150027004F007900A400D000FE002D015E018F012F
:20A8A000C301F8012E026702A102DC021A0359039A03DD0322046904B204FE044B059B0590
:20A8C000ED0542069906F2064E07AD070E087308DA084409B109210A940A0B0B840B020CA8
:20A8E000820C060D8E0D1A0EA90E3C0FD30F6E100E11B11159120513B6136B142415E315B5
:20A90000A6166F173C180E19E519C21AA41B8B1C781D6B1E631F602064216D227C239224B1
:20A92000AD25CE26F6272329572A912BD12C182E652FB93012327333D9344636B93733391C
:20A94000B33A3A3CC63D593FF24091423644E24593474949064BC84C8F4E5C502E52055420
:20A96000E155C257A759915B7F5D705F66615F635C655C675F69656B6D6D776F8471927392
:20A98000A275B377C579D87BEB7DFF7F1382268439864B885C8A6C8C7A8E879091929994E1
:20A9A0009F96A298A29A9F9C989E8EA07FA26DA457A63CA81DAAF9ABD0ADA2AF6FB136B3F8
:20A9C000F8B4B5B66BB81CBAC8BB6DBD0CBFA5C038C2C4C34BC5CBC645C8B8C925CB8BCC93
:20A9E000ECCD45CF99D0E6D12DD36DD4A7D5DBD608D830D951DA6CDB82DC91DD9ADE9EDFE0
:20AA00009BE093E186E273E35AE43CE519E6F0E6C2E78FE858E91BEADAEA93EB48ECF9EC94
:20AA2000A5ED4DEEF0EE90EF2BF0C2F055F1E4F170F2F8F27CF3FCF37AF4F3F46AF5DDF5D4
:20AA40004DF6BAF624F78BF7F0F751F8B0F80CF965F9BCF911FA63FAB3FA00FB4CFB95FB8F
:20AA6000DCFB21FC64FCA5FCE4FC22FD5DFD97FDD0FD06FE3BFE6FFEA0FED1FE00FF2EFFE4
:20AA80005AFF85FFAFFFD7FFFFFFFFFF000000000000000000000000000000000000000059
:20AAA0000100010002000300040005000600080009000B000E0010001300160019001D00E7
:20AAC000210025002A00300035003B00420049005100590062006B00750080008B0097004D
:20AAE000A400B100BF00CE00DE00EE0000011201250139014E0163017A019201AB01C50101
:20AB0000E001FC0119023702570277029902BC02E10207032E0356038003AB03D80306044B
:20AB2000350467049904CE0403053B057405AF05EB0529066906AB06EF0634077C07C507CF
:20AB400010085D08AC08FE085109A609FD09570AB30A110B710BD30B380C9F0C080D740D96
:20AB6000E20D530EC60E3B0FB30F2E10AB102B11AD113212BA124513D2136214F5148B1546
:20AB80002416C0165F170018A5184D19F819A61A571B0B1CC31C7E1D3C1EFD1EC21F8A2010
:20ABA00056212522F722CD23A72484256526492731281D290D2A002BF72BF32CF12DF42EDD
:20ABC000FB2F0631153228333F345A3579369D37C438F039213B553C8E3DCC3E0D40544124
:20ABE0009E42EE4342459A46F7475949C04A2B4C9C4D114F8A5009528D531555A35636582D
:20AC0000CE596B5B0D5DB45E60601262C963866548670F69DB6AAD6C856E627045722E74DD
:20AC20001C760F78097A087C0E7E1980298240845D868088A98AD88C0D8F48918993D195E7
:20AC40001F98739ACE9C2F9F96A104A479A6F3A875ABFDAD8CB021B3BEB561B80ABBBBBDBC
:20AC600073C031C3F6C5C3C896CB71CE53D13CD42CD723DA22DD28E035E34AE666E989EC80
:20AC8000B4EFE7F222F663F9ADFCFFFFFFFF00000B040608F10BCD0F9A135717061BA61E2A
:20ACA0003822BB253129982CF32F40338036B339D93CF33F00430146F748E14BBF4E9151DA
:20ACC00059541657C7596E5C0B5F9D612564A2661669806BE16D38708672CB7407773A79AF
:20ACE000647B857D9E7FAF81B883B885B187A1898A8B6C8D468F1991E492A89466961C985D
:20AD0000CB99749B179DB29E48A0D7A160A3E3A460A6D7A748A9B3AA19AC79ADD4AE29B0BA
:20AD20007AB1C4B20AB44BB587B6BDB7F0B81DBA45BB69BC89BDA4BEBBBFCDC0DBC1E5C26D
:20AD4000EBC3ECC4EAC5E4C6DAC7CCC8BAC9A5CA8CCB6FCC4FCD2CCE05CFDACFADD07CD126
:20AD600047D210D3D6D398D458D514D6CED685D739D8EAD898D944DAEDDA93DB37DCD8DC4D
:20AD800077DD13DEADDE45DFDADF6DE0FDE08CE118E2A2E229E3AFE333E4B4E434E5B1E5F5
:20ADA0002DE6A7E61FE795E709E87BE8ECE85BE9C8E933EA9DEA05EB6BEBD0EB34EC96EC0D
:20ADC000F6EC55EDB2ED0EEE68EEC1EE19EF6FEFC4EF18F06AF0BCF00BF15AF1A7F1F3F1C5
:20ADE0003EF288F2D1F219F35FF3A4F3E9F32CF46EF4AFF4EFF42FF56DF5AAF5E6F522F6F5
:20AE00005CF695F6CEF606F73DF773F7A8F7DCF710F842F874F8A6F8D6F806F935F963F9E1
:20AE200090F9BDF9E9F915FA3FFA69FA93FABCFAE4FA0BFB32FB58FB7EFBA3FBC8FBECFBDE
:20AE40000FFC32FC54FC76FC98FCB8FCD9FCF8FC18FD36FD55FD73FD90FDADFDC9FDE5FDFD
:20AE600001FE1CFE37FE51FE6BFE85FE9EFEB6FECFFEE7FEFEFE16FF2CFF43FF59FF6FFF03
:20AE800084FF9AFFAEFFC3FFD7FFEBFFFFFFFFFF0000010102020303040405050606070733
:20AEA000080809090A0A0B0B0C0C0D0D0E0E0F0F10101111121213131414151516161717A2
:20AEC000181819191A1A1B1B1C1C1D1D1E1E1F1F2020212122222323242425252626272782
:20AEE000282829292A2A2B2B2C2C2D2D2E2E2F2F3030313132323333343435353636373762
:20AF0000383839393A3A3B3B3C3C3D3D3E3E3F3F4040414142424343444445454646474741
:20AF2000484849494A4A4B4B4C4C4D4D4E4E4F4F5050515152525353545455555656575721
:20AF4000585859595A5A5B5B5C5C5D5D5E5E5F5F6060616162626363646465656666676701
:20AF6000686869696A6A6B6B6C6C6D6D6E6E6F6F70707171727273737474757576767777E1
:20AF8000787879797A7A7B7B7C7C7D7D7E7E7F7F80808181828283838484858586868787C1
:20AFA000888889898A8A8B8B8C8C8D8D8E8E8F8F90909191929293939494959596969797A1
:20AFC000989899999A9A9B9B9C9C9D9D9E9E9F9FA0A0A1A1A2A2A3A3A4A4A5A5A6A6A7A781
:20AFE000A8A8A9A9AAAAABABACACADADAEAEAFAFB0B0B1B1B2B2B3B3B4B4B5B5B6B6B7B761
:20B00000B8B8B9B9BABABBBBBCBCBDBDBEBEBFBFC0C0C1C1C2C2C3C3C4C4C5C5C6C6C7C740
:20B02000C8C8C9C9CACACBCBCCCCCDCDCECECFCFD0D0D1D1D2D2D3D3D4D4D5D5D6D6D7D720
:20B04000D8D8D9D9DADADBDBDCDCDDDDDEDEDFDFE0E0E1E1E2E2E3E3E4E4E5E5E6E6E7E700
:20B06000E8E8E9E9EAEAEBEBECECEDEDEEEEEFEFF0F0F1F1F2F2F3F3F4F4F5F5F6F6F7F7E0
:20B08000F8F8F9F9FAFAFBFBFCFCFDFDFEFEFFFFFFFF000091E3002079E200207DE200206C
:20B0A00081E2002085E200208AE200208FE2002094E2002099E200209EE20020A3E20020F3
:20B0C000A8E20020ADE20020B2E20020B7E20020BAE200206EC60020BEE20020C2E2002016
:20B0E000C6E20020CAE2002051D90020CEE20020D4E20020DAE20020E0E200205EE80020A8
:20B10000E6E2002025DA002079E20020ECE200207DE20020F0E20020F4E20020F8E200205E
:20B1200081E20020FCE2002000E3002004E3002008E300200CE3002010E3002014E3002040
:20B1400086E2002018E300201CE3002020E3002024E3002028E300202CE3002030E3002056
:20B1600034E3002038E300203CE3002040E3002044E3002048E300204CE3002050E30020A7
:20B180008BE2002025DA002054E300205AE3002089E3002026E400202CE4002029C500205B
:20B1A00032E400209DE00020A7CB0020C1E00020C3E8002061DB00206DDB0020C9C600202B
:20B1C0008FE3002079E20020ECE200207DE20020F0E20020F4E20020F8E2002081E2002090
:20B1E00093E3002098E300209DE30020A2E30020A7E30020ACE30020B1E30020B6E3002013
:20B20000BAE30020BEE3002094E3002099E300209EE30020A3E30020C2E30020A8E30020C6
:20B22000C6E30020CAE30020CEE30020D2E30020D8E30020DCE30020E0E30020C0E0002075
:20B24000E4E30020BAE00020B4E00020AEE00020A8E00020A2E000209CE00020E8E300201A
:20B26000ECE30020F1E30020F6E30020FBE3002000E4002005E400200AE400200FE40020C6
:20B2800014E4002019E400201FE4002089E3002025E4002026E400202BE400202CE4002018
:20B2A00029C5002032E4002031E40020000000000000000000000000000000000000000015
:20B2C00000000000000000000000000000000000000000000000000000000000000000006E
:20B2E000000001010101010101010101010101010101010202020202020202020203030320
:20B3000003030303040404040405050505050606060607070707080808090909090A0A0B65
:20B320000B0B0C0C0D0D0D0E0E0F0F10101111121213131415151617171819191A1B1B1CBA
:20B340001D1E1F1F202122232425262728292A2B2C2D2E2F30313234353637393A3B3D3E6A
:20B360003F4142444547484A4B4D4F5052545557595B5D5F60626466686B6D6F71737578A4
:20B380007A7C7E818386888B8D909295989B9DA0A3A6A9ACAFB2B5B8BBBEC2C5C8CBCFD248
:20B3A000D6D9DDE0E4E8ECEFF3F7FBFF00000102030405060708090A0B0C0D0E0F101112EB
:20B3C000131415161718191A1B1C1D1E1F202122232425262728292A2B2C2D2E2F3031321D
:20B3E000333435363738393A3B3C3D3E3F404142434445464748494A4B4C4D4E4F505152FD
:20B40000535455565758595A5B5C5D5E5F606162636465666768696A6B6C6D6E6F707172DC
:20B42000737475767778797A7B7C7D7E7F808182838485868788898A8B8C8D8E8F909192BC
:20B44000939495969798999A9B9C9D9E9FA0A1A2A3A4A5A6A7A8A9AAABACADAEAFB0B1B29C
:20B46000B3B4B5B6B7B8B9BABBBCBDBEBFC0C1C2C3C4C5C6C7C8C9CACBCCCDCECFD0D1D27C
:20B48000D3D4D5D6D7D8D9DADBDCDDDEDFE0E1E2E3E4E5E6E7E8E9EAEBECEDEEEFF0F1F25C
:20B4A000F3F4F5F6F7F8F9FAFBFCFDFEFF0000020406080A0C0E10121416181A1C1E2022B5
:20B4C0002426282A2C2E30323436383A3C3E40424446484A4C4E50525456585A5C5E60620C
:20B4E0006466686A6C6E70727476787A7C7E8081838587898B8D8F91939597999B9D9FA1FD
:20B50000A3A5A7A9ABADAFB1B3B5B7B9BBBDBFC1C3C5C7C9CBCDCFD1D3D5D7D9DBDDDFE1EB
:20B52000E3E5E7E9EBEDEFF1F3F5F7F9FBFDFFFDFBF9F7F5F3F1EFEDEBE9E7E5E3E1DFDD2F
:20B54000DBD9D7D5D3D1CFCDCBC9C7C5C3C1BFBDBBB9B7B5B3B1AFADABA9A7A5A3A19F9D6B
:20B560009B99979593918F8D8B8987858381807E7C7A78767472706E6C6A68666462605E39
:20B580005C5A58565452504E4C4A48464442403E3C3A38363432302E2C2A28262422201E0B
:20B5A0001C1A18161412100E0C0A0806040200FFFEFDFCFBFAF9F8F7F6F5F4F3F2F1F0EF52
:20B5C000EEEDECEBEAE9E8E7E6E5E4E3E2E1E0DFDEDDDCDBDAD9D8D7D6D5D4D3D2D1D0CF9B
:20B5E000CECDCCCBCAC9C8C7C6C5C4C3C2C1C0BFBEBDBCBBBAB9B8B7B6B5B4B3B2B1B0AF7B
:20B60000AEADACABAAA9A8A7A6A5A4A3A2A1A09F9E9D9C9B9A999897969594939291908F5A
:20B620008E8D8C8B8A898887868584838281807F7E7D7C7B7A797877767574737271706F3A
:20B640006E6D6C6B6A696867666564636261605F5E5D5C5B5A595857565554535251504F1A
:20B660004E4D4C4B4A494847464544434241403F3E3D3C3B3A393837363534333231302FFA
:20B680002E2D2C2B2A292827262524232221201F1E1D1C1B1A191817161514131211100FDA
:20B6A0000E0D0C0B0A09080706050403020100FFFFFBF7F3EFECE8E4E0DDD9D6D2CFCBC8F7
:20B6C000C5C2BEBBB8B5B2AFACA9A6A3A09D9B989592908D8B888683817E7C7A7875737168
:20B6E0006F6D6B68666462605F5D5B5957555452504F4D4B4A4847454442413F3E3D3B3A02
:20B7000039373635343231302F2E2D2C2B2A292827262524232221201F1F1E1D1C1B1B1A2A
:20B7200019191817171615151413131212111110100F0F0E0E0D0D0D0C0C0B0B0B0A0A09FA
:20B7400009090908080807070707060606060505050505040404040403030303030303023E
:20B760000202020202020202020101010101010101010101010101010101000000000000A6
:20B780000000000000000000000000000000000000000000000000000000000000000000A9
:20B7A00000000000000000000000000000000000FF00000000000001010203040506080A62
:20B7C0000C0E1114171B1F23272C31363B41474D545A61686F767D848B939AA1A8AFB6BC6D
:20B7E000C3C9CFD5DADFE4E9EDF1F4F7F9FBFDFEFFFFFFFEFDFBF9F7F4F1EDE9E4DFDAD5CB
:20B80000CFC9C3BCB6AFA8A19A938B847D766F68615A544D47413B36312C27231F1B1714FC
:20B82000110E0C0A08060504030201010000000000000000000000000000000000000000B5
:20B840000000000000000000000000000000000000000000000000000000000000000000E8
:20B860000000000000000000000000000000000000000000000000000000000000000000C8
:20B880000000000000000000000000000000000000000000000000000000000000000000A8
:20B8A000000000000000000000000000000000000000FFFFFFFFFFFFFFFFFFFFFFFFFFFF96
:20B8C000FFFFFFFFFFFFFFFFFFFFFFFFFFFFFFFFFFFFFFFFFFFFFFFFFFFFFFFFFFFFFFFF88
:20B8E000FFFFFFFFFFFFFFFFFFFFFFFFFFFFFFFFFFFFFFFFFFFFFFFFFFFFFFFFFFFFFFFF68
:20B90000FFFFFFFFFFFFFFFFFFFFFFFFFFFFFFFFFFFFFFFFFFFFFFFFFFFFFFFFFFFFFFFF47
:20B92000FFFFFFFFFFFFFFFFFFFFFFFFFFFFFFFFFFFF000000000000000000000000000019
:20B940000000000000000000000000000000000000000000000000000000000000000000E7
:20B960000000000000000000000000000000000000000000000000000000000000000000C7
:20B980000000000000000000000000000000000000000000000000000000000000000000A7
:20B9A000000000000000000000000000000000000000FF8080808080808080808181828301
:20B9C0008384858788898B8D8F919395989A9DA0A3A6A9ADB0B3B7BABEC2C5C9CCD0D3D7AD
:20B9E000DADEE1E4E7EAEDEFF2F4F6F8F9FBFCFDFEFFFFFFFFFFFEFDFCFBF9F8F6F4F2EFB5
:20BA0000EDEAE7E4E1DEDAD7D3D0CCC9C5C2BEBAB7B3B0ADA9A6A3A09D9A989593918F8DE0
:20BA20008B898887858483838281818080808080808080807F7F7F7F7F7F7F7F7E7E7D7CE3
:20BA40007C7B7A7877767472706E6C6A6765625F5C5956524F4C4845413D3A36332F2C28C0
:20BA600025211E1B181512100D0B090706040302010000000000010203040607090B0D1078
:20BA80001215181B1E2125282C2F33363A3D4145484C4F5256595C5F6265676A6C6E70720C
:20BAA000747677787A7B7C7C7D7E7E7F7F7F7F7F7F7F7F80808386898C8F9295989B9EA208
:20BAC000A5A7AAADB0B3B6B9BCBEC1C4C6C9CBCED0D3D5D7DADCDEE0E2E4E6E8EAEBEDEEC3
:20BAE000F0F1F3F4F5F6F8F9FAFAFBFCFDFDFEFEFEFFFFFFFFFFFFFFFEFEFEFDFDFCFBFAE5
:20BB0000FAF9F8F6F5F4F3F1F0EEEDEBEAE8E6E4E2E0DEDCDAD7D5D3D0CECBC9C6C4C1BE15
:20BB2000BCB9B6B3B0ADAAA7A5A29E9B9895928F8C898683807C797673706D6A6764615D5F
:20BB40005A5855524F4C494643413E3B393634312F2C2A282523211F1D1B191715141211A8
:20BB60000F0E0C0B0A09070605050403020201010100000000000000010101020203040546
:20BB8000050607090A0B0C0E0F1112141517191B1D1F212325282A2C2F313436393B3E41D5
:20BBA0004346494C4F5255585A5D6164676A6D707376797C8080858A8F94999EA3A7ACB101
:20BBC000B6BABFC3C7CBCFD3D7DADEE1E4E7EAEDEFF1F4F6F7F9FAFBFDFDFEFFFFFFFFFF8B
:20BBE000FEFEFDFCFBFAF9F7F5F4F2F0EDEBE9E6E4E1DEDCD9D6D3D0CDCAC6C3C0BDBAB71A
:20BC0000B4B0ADAAA7A4A29F9C999794928F8D8B8987858382807F7D7C7B7A797878777766
:20BC200076767676767676767777777879797A7B7B7C7D7E7F808081828384848586868779
:20BC40008888888989898989898989888887878685848382807F7D7C7A78767472706D6BC4
:20BC6000686663605D5B5855524F4B4845423F3C3935322F2C292623211E1B191614120F6D
:20BC80000D0B0A0806050403020101000000000001020204050608090B0E101215181B1E9E
:20BCA0002125282C3034383C4045494E53585C61666B70757A8080878F979EA6ADB4BBC28F
:20BCC000C8CED4D9DFE4E8ECF0F3F6F9FBFCFEFFFFFFFFFEFDFBFAF8F5F2F0ECE9E6E2DE8D
:20BCE000DAD6D2CECAC6C2BEBBB7B4B0ADABA8A6A4A2A19F9F9E9E9E9F9FA1A2A4A6A8AB4B
:20BD0000ADB0B4B7BBBEC2C6CACED2D6DADEE2E6E9ECF0F2F5F8FAFBFDFEFFFFFFFFFEFC10
:20BD2000FBF9F6F3F0ECE8E4DFD9D4CEC8C2BBB4ADA69E978F87807870686159524B443DE5
:20BD400037312B26201B17130F0C09060403010000000001020405070A0D0F1316191D21DA
:20BD600025292D3135393D4144484B4F525457595B5D5E606061616160605E5D5B595754DC
:20BD8000524F4B4844413D3935312D2925211D1916130F0D0A0705040201000000000103D6
:20BDA0000406090C0F13171B20262B31373D444B5259616870788080889098A0A7AEB4BAFC
:20BDC000BFC3C7CACCCDCDCDCCCAC7C4C1BDB8B3AFAAA5A09B97938F8C8A88878787888ADC
:20BDE0008D9094999EA4AAB1B7BEC5CCD3DAE0E6ECF1F5F8FBFDFFFFFFFDFBF8F5F1ECE67C
:20BE0000E0DAD3CCC5BEB7B1AAA49E9994908D8A88878787888A8C8F93979BA0A5AAAFB3BE
:20BE2000B8BDC1C4C7CACCCDCDCDCCCAC7C3BFBAB4AEA7A098908880776F675F58514B45ED
:20BE4000403C3835333232323335383B3E42474C50555A5F64686C70737577787878777589
:20BE6000726F6B66615B554E48413A332C251F19130E0A0704020000000204070A0E1319A9
:20BE80001F252C333A41484E555B61666B6F727577787878777573706C68645F5A55504C26
:20BEA00047423E3B3835333232323335383C40454B51585F676F77808084898E92979CA148
:20BEC000A5AAAFB3B8BDC2C6CBD0D4D9DEE3E7ECF1F6FAFFFAF6F1ECE7E3DED9D4D0CBC675
:20BEE000C2BDB8B3AFAAA5A19C97928E8984807B76716D68635E5A5550555A5E63686D712C
:20BF0000767B8084898E92979CA1A5AAAFB3B8BDC2C6CBD0D4D9DEE3E7ECF1F6FAFFFAF655
:20BF2000F1ECE7E3DED9D4D0CBC6C2BDB8B3AFAAA5A19C97928E8984807B76716D68635E0D
:20BF40005A55504C47423D39342F2A26211C18130E09050005090E13181C21262A2F3439F0
:20BF60003D42474C50555A5E63686D71767B8084898E92979CA1A5AAAFAAA5A19C97928EF6
:20BF80008984807B76716D68635E5A55504C47423D39342F2A26211C18130E09050005098D
:20BFA0000E13181C21262A2F34393D42474C50555A5E63686D71767B80807C7874706C686A
:20BFC00064605C5854504C4844403C3834302C2824201C1814100C08040004080C101418F9
:20BFE0001C2024282C3034383C4044484C5054585C6064686C7074787C8083878B8F939707
:20C000009B9FA3A7ABAFB3B7BBBFC3C7CBCFD3D7DBDFE3E7EBEFF3F7FBFFFBF7F3EFEBE7A8
:20C02000E3DFDBD7D3CFCBC7C3BFBBB7B3AFABA7A39F9B97938F8B87838083878B8F9397B7
:20C040009B9FA3A7ABAFB3B7BBBFC3C7CBCFD3D7DBDFE3E7EBEFF3F7FBFFFBF7F3EFEBE768
:20C06000E3DFDBD7D3CFCBC7C3BFBBB7B3AFABA7A39F9B97938F8B8783807C7874706C6819
:20C0800064605C5854504C4844403C3834302C2824201C1814100C08040004080C10141838
:20C0A0001C2024282C3034383C4044484C5054585C6064686C7074787C803F3C3936333047
:20C0C0002D2A2724211E1B1815120F0C090603000104070A0D101316191C1F2225282B2E80
:20C0E0003134373A3D404346494C4F5255585B5E6164676A6D707376797C808386898C8F4A
:20C100009295989B9EA1A4A7AAADB0B3B6B9BCBFC2C5C8CBCED1D4D7DADDE0E3E6E9ECEF0F
:20C12000F2F5F8FBFEFFFCF9F6F3F0EDEAE7E4E1DEDBD8D5D2CFCCC9C6C3C0C3C6C9CCCF05
:20C14000D2D5D8DBDEE1E4E7EAEDF0F3F6F9FCFFFEFBF8F5F2EFECE9E6E3E0DDDAD7D4D1DF
:20C16000CECBC8C5C2BFBCB9B6B3B0ADAAA7A4A19E9B9895928F8C898683807C79767370D4
:20C180006D6A6764615E5B5855524F4C494643403D3A3734312E2B2825221F1C19161310CF
:20C1A0000D0A070401000306090C0F1215181B1E2124272A2D303336393C3F0000010102A3
:20C1C000020203030404050506060707080809090A0A0B0C0C0D0E0E0F101011121313141B
:20C1E0001516171718191A1B1C1D1E1F2021222325262728292B2C2D2F303233343638399E
:20C200003B3C3E4042434547494B4D4F515356585A5D5F616466696C6E7174777A7D8083BC
:20C22000878A8D9194989C9FA3A7ABAFB4B8BCC1C5CACFD4D9DEE3E8EEF3F9FFF9F3EEE88C
:20C24000E3DED9D4CFCAC5C1BCB8B4AFABA7A39F9C9894918D8A8783807D7A7774716E6CBF
:20C26000696664615F5D5A585653514F4D4B4947454342403E3C3B393836343332302F2DC0
:20C280002C2B2928272625232221201F1E1D1C1B1A191817171615141313121110100F0E2F
:20C2A0000E0D0C0C0B0A0A090908080707060605050404030302020201010000CD861EA3BC
:20C2C00017546D8DA0B2CA215733B408E867C27949C018694863DE148E8C54F8498225323D
:20C2E000D701C8D5EFF8D410675F81FAD130B2AEFF7BBACB4229B2E6EA4FF4B905B994F42E
:20C30000BD32F2DB72D2FF90966CE57193A84D05D651602ED42FF7B29A7EB542A69FD55BC4
:20C32000F410DD8DE3BF357C97DECCF42C1BA05FA6AF79AAF32EB3728617ABE954F72C0E4D
:20C340000FC790227BA8EE8A4837BD7F2AF55B66AFEE62595F2B2DA4F91221D1C7FA35EF8A
:20C360001FB2E98566C5D2F31131C8AC450097D175A884F4D266E4448A40877CFA834D3867
:20C380008E62DA0F16805DBE1AF5AE0A15A2C6494C4547138A01BDD71B44298FF430EF83CF
:20C3A00042C65752D439253D2E4459D150D609949797A6E4330A5690BAD1D41CCD80838652
:20C3C000898C8F9295989B9EA2A5A7AAADB0B3B6B9BCBEC1C4C6C9CBCED0D3D5D7DADCDEA0
:20C3E000E0E2E4E6E8EAEBEDEEF0F1F3F4F5F6F8F9FAFAFBFCFDFDFEFEFEFFFFFFFFFFFF9C
:20C40000FFFEFEFEFDFDFCFBFAFAF9F8F6F5F4F3F1F0EEEDEBEAE8E6E4E2E0DEDCDAD7D536
:20C42000D3D0CECBC9C6C4C1BEBCB9B6B3B0ADAAA7A5A29E9B9895928F8C898683807C7901
:20C440007673706D6A6764615D5A5855524F4C494643413E3B393634312F2C2A28252321B9
:20C460001F1D1B1917151412110F0E0C0B0A0907060505040302020101010000000000007D
:20C48000000101010202030405050607090A0B0C0E0F1112141517191B1D1F212325282AA2
:20C4A0002C2F313436393B3E414346494C4F5255585A5D6164676A6D707376797C8000009F
:20C4C000000000006410B71DC8206E3BAC30D9269041DC76F4516B6B5861B24D3C710550B0
:20C4E0002083B8ED44930FF0E8A3D6D68CB361CBB0C2649BD4D2D38678E20AA01CF2BDBD80
:20C5000074A2B81E1D63D81BCBCF47191D29FD162703F014C6121913250372111652F50F20
:20C52000F8319E0E5970680D7160500CD5C8520BF3D36C0AC5029C097921DE08B53D31086E
:20C54000399E9307ADBB03076D3A800627E5070634A89905948D340566B9D704DB6682041D
:20C560008EE533042D97EB036DEDA80344686B03539432038709FE02DF69CD025960A00222
:20C58000FF9F760211E34F0247EA2B02257C0A026664EB017773CE01017EB3017A5C9A0122
:20C5A000CEEA820103086D01EF955801F8784501D197330149DB2201162E1301A87C0401D0
:20C5C00006B5F600A4C6E90047A2DD00E539D2008E80C7004D6ABD001CECB300C6FBAA0032
:20C5E000DE8FA200A99F9A001123930098128C004A678500B51A7F00DC2679002E86730027
:20C6000080336E00002A690035656400F2E05F0053995B00B98A5700C1B15300430B5000F3
:20C620004D944C001B4A49001B2A4600E3314300335F4000ECAF3D0015223B00D2B3380064
:20C64000656336002E2F3400A415320056153000EB2C2E001D5B2C00BA9E2A00A2F628009A
:20C66000C86127002BDF2500DC6D2400F90C2300ACBB21002B792000BA441F00A51D1E005D
:20C6800043031D00F5F41B0022F21A003EFA1900C00C190029291800024F1700D67D160094
:20C6A0003AB51500C8F414001F3C1400E28A1300BAE01200553D120064A011009C0911009D
:20C6C000B778100071ED0F008B670F00C8E60E00EF6A0E00C8F30D0020810D00C4120D0031
:20C6E00087A80C003A420C00B3DF0B00CA800B0057250B0036CD0A0043780A005D260A009F
:20C7000064D70900398B0900BE410900DAFA08006FB6080066740800A634080018F707001D
:20C72000A6BB07003A820700C14A0700271507005AE1060048AF0600DF7E06001150060071
:20C74000CC22060004F70500A9CC0500ADA30500047C0500A1550500793005007F0C050058
:20C76000A8E90400EBC704003DA7040094870400E76804002D4B04005E2E04007012040082
:20C780005DF703001CDD0300A6C30300F5AA030001930300C57B030038650300574F030015
:20C7A0001B3A03007E2503007B1103000DFE02002EEB0200DBD802000FC70200C5B50200BB
:20C7C000F9A40200A6940200CA8402005F75020063660200D2570200A8490200E33B02004F
:20C7E0007E2E020077210200CC140200780802007AFC0100CFF0010074E5010067DA0100BA
:20C80000A5CF01002CC50100FABA01000DB1010063A70100F99D0100CE940100DF8B0100CD
:20C820002C830100B27A010070720100636A01008B620100E65A0100725301002F4C0100F9
:20C8400019450100323E010076370100E43001007D2A01003D240100251E010033180100AB
:20C8600066120100BD0C010037070100D20101008FFC00006DF7000069F2000084ED0000A7
:20C88000BDE8000012E4000084DF000010DB0000B8D6000079D2000053CE000046CA0000A5
:20C8A00051C6000072C20000ABBE0000F9BA00005DB70000D6B3000063B0000005AD0000AF
:20C8C000B9A9000080A6000059A3000045A00000429D00004F9A00006E9700009C940000F2
:20C8E000DA910000288F0000848C0000EF89000069870000F084000084820000268000007E
:20C90000D57D00006100E01AE000E017F800E0070001013032010106390101104A01012E83
:20C920007901010682010104A0010106B3010104CD010110DE010112F80101282202011263
:20C940004602010AAD03DB03B103E011C303E009D80301183004E0205004B01060040122DF
:20C960008A040136C104010ED00401446105D026001E0196A01E015A001F0808101F08066F
:20C98000201F0808301F0808401F0806601F0808701F4A02721F5604761F64027A1F700221
:20C9A0007C1F7E02801F0808901F0808A01F0808B01F0802D01F0802E01F08027021F010B3
:20C9C000D024E61A302CD02F672C0106802C0164002D002641FFE01AFF0078018001430292
:20C9E000880187018C018B01920191019501F601990198019A013D029E012002A801A7013C
:20CA0000AD01AC01B001AF01B901B801BD01BC01BF01F701C601C401C901C701CC01CA01FE
:20CA2000DD018E01F301F101F501F4013A02652C3C023B023E02662C420241025302810140
:20CA4000540286015602890157028A0159028F015B02900160029301630294016802970168
:20CA6000690296016B02622C6F029C0172029D0175029F017D02642C8002A6018302A9011B
:20CA80008802AE01890244028A02B1018B02B2018C0245029202B7017B03FD037C03FE03EF
:20CAA0007D03FF03AC038603C203A303CC038C03CD038E03CE038F03F203F903F803F70349
:20CAC000FB03FA03CF04C0047D1D632C511F591F531F5B1F551F5D1F571F5F1F781FF81F35
:20CAE000791FF91FB31FBC1FCC1FC31FE51FEC1FFC1FF31F4E21322184218321612C602CAC
:20CB0000762C752CFFFFFFFFFFFFFFFF000000000000000000000000A1130200A31302006C
:20CB2000A5130200A713020000000000000000004125020059250200B3740200CB1402008D
:20CB400091140200CF140200F5240200911402000B2502000B2502006D7601003D1E0000E4
:20CB6000C5A301001F1C1F1E1F1E1F1F1E1F1E1F00010000F515012012000000000600009B
:20CB80003AC620600A0000000002000085C520609100000000070000F4C4206091000000DE
:20CBA00000220100D41501202100000000210100E1C52060090000000403090432C620604A
:20CBC00000000000000300002EC62060000000000103090416C6206000000000020309045F
:20CBE000BC1501200000000003030904A61501200000000000000000000000000000000054
:20CC00000000000000000000D314020011250200C52402009D6202004D140200311402005D
:20CC2000CB1C00002563020095140200611402006F140200F74B02007D140200811402006E
:20CC400083760100A7740200CB1C0000911402009114020091140200911402007D140200A7
:20CC6000000060607F020400000040407F010100000040201008047C000010301C1870187A
:20CC80008000800080000000000000002518020000000000E4FFFFFF0D000000E8FFFFFF02
:20CCA00018000000F3FFFFFF1C00000000000000180000000E0000000D0000001800000005
:20CCC000000000001C000000F2FFFFFF18000000E8FFFFFF0E000000E4FFFFFF000000005D
:20CCE000E8FFFFFFF2FFFFFFF3FFFFFFE8FFFFFF10270000E8030000640000000A000000FB
:20CD00000100000005000000060000000B0000008E0000000A0000000C0000000F00000049
:20CD200010000000EE020120C16A2060F3020120B56D2060FE0201204D6E206003030120EC
:20CD4000DD6C206007030120216F20600B03012025702060170301202D71206023030120EB
:20CD6000856B20609CBE00203D6D20600E0C0C1200000B0B0B000E00000000000000000038
:20CD8000000000000000000000000000000000000000000000000000000000000000000093
:20CDA0000000000000000000000000001A00000B0200030004000500030104010606020623
:20CDC0000307010702070307040606080609070707080709070A06030A040A020B030B0489
:20CDE0000B050B06000700080009000A0108010906000100020003000401020103060305B8
:20CE00000405020603060406050606010002000300000000000000030300030103020000C8
:20CE20000000000003030203030304000000000000030104020403040000000000000301C4
:20CE40000201030104000000000000030100010101020000000000000301020202030200AF
:20CE6000000000000003000000000000000000002B180200406200205062002058620020FC
:20CE800030620020A3EA002076ED00207CED002083ED00208AED002092ED00204EEA002009
:20CEA0009AED0020A2ED00206CC500202DC5002087050120DFED0020E5ED0020EBED002036
:20CEC000F1ED0020B8ED0020BEED0020C8ED0020CFED0020D6ED0020000000000000000030
:20CEE0000DE501002BA7010081A5000025A7010043D50100EF7F010017630000E1D60100BF
:20CF0000578201008F760100D5DB010011E40100C5A301000000000000000000E56D0200CD
:20CF200035250200CB1C00005D660200956902003167020025A30100BD1C02002D6B020011
:20CF4000AD67020051680200131A0200CD6802005D1C0200691C02008376010083760100A4
:20CF600087760100751C0200911C0200AD1C02009D660200C51C020055470200996B02001A
:20CF8000056C02000000000000000000996502002925020085480200036F0200C11A0200AE
:20CFA000077202005D720200A91A0200F17102008D740200E31A0200411B0200F97202002F
:20CFC000CFA30100A11A02003D1E00008B760100D11A02001DA70100C77002005770020010
:20CFE000C9A30100A51A020013740200C37202008B730200FFFF0000000000000000000045
:20D00000A75B0000B15B0000CB1C0000CB1C000063630000B1670000B95B0000BD70000015
:20D020003D6E0000F16E0000CB1C000021200000C1A20000CB1C0000000000000000000074
:20D040000F8C0100317801004D4120604F5C00002D3501002D35010055412060311B0000A9
:20D06000054C2060054C20607941206061412060676301008F3A0100311B00003D1E000076
:20D08000CD6401006F65010050FFFFFF0000000069650100C5650100000000000000000042
:20D0A000138C010049780100854320604F5C00002D3501002D35010039412060311B00000F
:20D0C000DD432060311B0000DD47206021492060234E010071510100CD5F01003D1E000019
:20D0E00059390100D558010023630100496220608B470100FF58010050FFFFFF0000000045
:20D100007D390100616301007F640100F95801003CFFFFFF000000000148010095590100EB
:20D120000000000000000000118C01003D780100054E01004F5C00002D3501002D350100D6
:20D14000273A0100311B0000E343206095642060333A0100CB700100294E01002F4E010062
:20D16000311B00003D1E00000B3A010087640100D96B01002164206050FFFFFF000000003F
:20D18000213A0100C5700100C56401008B64010000000000000000001D8C0100857801003B
:20D1A000C123010071EC0000F9F400009D24010053210100933A0100B57301001D3E0100B6
:20D1C000D53A0100253C0100BD100100B5F30000311B00003D1E00000000000000000000C0
:20D1E0001F8C010091780100610E01006DEC0000DDF400009D0C0100890F0100311B000050
:20D20000D9300100B50F0100B51B01008D1E0100711501008DED0000311B00003D1E00001A
:20D220000000000000000000218C01009D7801006F5C0000735C00003D0C010091EB0000CA
:20D24000F1750100F1750100F5750100F97501000000000000000000238C0100A978010054
:20D26000B10501009FEA0000ADF40000DDF50000E9E90000311B00002D300100A3EA0000F2
:20D280002F0A01007D0A0100A3190000030B0100311B00003D1E000000000000000000005A
:20D2A000258C0100B578010029050100E5E900007DF40000ADF50000E9E90000311B000060
:20D2C000992F010025F6000079060100C3060100811200000F070100311B00003D1E0000CF
:20D2E0000000000000000000318C01003379010059A900005DA900006DB2000061A9000092
:20D30000F1750100F1750100F5750100F97501000000000000000000278C0100C178010077
:20D3200085F80000A5E700004DF4000061F50000FDE50000311B0000112A01006B03010074
:20D340004B010100F10101003DF9000005ED0000311B00003D1E00000000000000000000BE
:20D36000298C0100CD780100CFF60000F9E5000031F4000045F50000FDE50000311B000081
:20D380002927010021F70000F1F7000045F8000017130000DDF20000311B00003D1E00005F
:20D3A00000000000000000002B8C0100D978010045E5000041E5000015F4000029F50000EC
:20D3C000EDE50000311B0000E524010025F6000029F6000091F60000D90A000021F200006E
:20D3E000311B00003D1E000000000000000000002D8C0100F77801005DAD000079AD00002C
:20D4000005C6000095AD00009DAD0000B9AD0000D5AD00005DC600000000000000000000AA
:20D420002F8C0100157901006F5C00000FAC0000C1B5000013AC0000F1750100F175010018
:20D44000F5750100F97501000000000000000000338C01003F7901009DA10000F95D0000E5
:20D4600039B00000D5B0000015B10000311B0000DDE0000065AF000039B10000CDB10000F3
:20D48000D90700009DAE0000311B00003D1E00000000000000000000358C01004B79010033
:20D4A00047960000F55D0000CD75000093870000F9960000311B0000A9A700008BA000008B
:20D4C000C5870000518800003798000029760000311B00003D1E0000000000000000000012
:20D4E000378C010057790100358200004B5D0000B1750000E5810000AD830000311B000030
:20D5000031A600008D860000FD840000E985000077900000E3830000311B00003D1E00001E
:20D520000000000000000000398C0100637901006F5C0000735C000097810000775C0000C3
:20D54000F1750100F1750100F5750100F97501000000000000000000158C010055780100B3
:20D56000FF4D010019370100555F0100A95F0100A5582060311B0000D7432060311B0000A0
:20D58000A5412060E73701001D4E0100D5500100311B00003D1E00001D3701003937010007
:20D5A0009560010059592060AF460100AF48010050FFFFFF00000000333701001D6301001C
:20D5C00077640100E13701003CFFFFFF000000008547010075490100000000000000000091
:20D5E000178C010061780100F94D010087350100395F01008D5F0100A14E2060311B000068
:20D60000D1432060311B0000E94320609F530100174E01001D500100311B00003D1E000010
:20D62000DB570100393601004D6B01006F4F2060934601007563010050FFFFFF0000000050
:20D640007D580100956B01006F640100F13601003CFFFFFF00000000A94601006964010000
:20D660000000000000000000198C01006D780100F34D0100313501001B5F0100715F01002A
:20D6800073350100311B0000CB432060311B0000154B2060D95F0100114E0100A94F010049
:20D6A000311B00003D1E00003535010035530100015A0100ED4C20606743010007480100BF
:20D6C00050FFFFFF000000003B350100315E0100C55F0100995301003CFFFFFF00000000B1
:20D6E0004D440100A948010000000000000000001B8C010079780100ED4D01004F5C000026
:20D700002D3501002D3501008B432060311B0000C5432060A951010085410100AF5101005E
:20D720000B4E0100794E0100311B00003D1E00000935010029410100FB49010099642060B4
:20D7400009430100AB4D010050FFFFFF0000000027350100A54D010039750100594101009C
:20D760003CFFFFFF0000000061430100E74D010000000000000000003B8C01006F790100E5
:20D78000A18E00004F5C00005F5C0000675C00000D2B2060311B000053302060A77800000B
:20D7A000472F2060151F20608D8E0000A1770000311B00003D1E000065710000E17C0000B2
:20D7C000237D0000492B206050FFFFFF0000000079710000898100008F8100001D7D0000CA
:20D7E00000000000000000003D8C01007B7901009D8E0000095C000083750000ED75000080
:20D80000091F2060311B00004D302060A178000015282060AD780000898E0000717600001E
:20D82000311B00003D1E0000DD7100000F5C0000197300008D20206050FFFFFF0000000082
:20D84000297200007D75000099780000395C000000000000000000000D8C0100257801005D
:20D86000B57701004F5C00002D3501002D350100FB8D0100311B0000097801000F7801002B
:20D88000218E0100218E0100BB770100C1770100311B00003D1E0000CB1C0000CB650100FD
:20D8A0000B6601000593010050FFFFFF00000000913A010029670100D596010005660100DB
:20D8C00098620020286200209062002080620020A06200207862002088620020A862002020
:20D8E00005000000FFFF05000000FFFF05000000FFFF05000000FFFF05000000FFFF050014
:20D900000000FFFF05000000FFFF05000000FFFF0000000000000000B92102003D420200A6
:20D920003D460200CB1C0000C532020000000000000000001B2C0200C91C00001F2E020005
:20D94000CB1C0000F70D0200000000000000000018010400000000000000000037A70100DE
:20D960000000000000000000DD1F0000020000000300000005000000070000000B0000008F
:20D980000D0000001100000013000000170000001D0000001F0000002500000029000000B5
:20D9A0002B0000002F000000350000003B0000003D0000004300000047000000490000008D
:20D9C0004F000000530000005900000061000000670000006D000000710000007F00000027
:20D9E000890000008B000000950000009D000000A7000000B3000000C1000000C7000000FF
:20DA0000D3000000E3000000F1000000010100001501000025010000390100005101000095
:20DA2000670100007F01000099010000B7010000D3010000F70100001D020000410200007E
:20DA40006B02000095020000C5020000F90200003703000077030000B90300000704000085
:20DA600055040000A90400000905000065050000D50500004D060000CD06000057070000CA
:20DA8000ED0700008308000035090000F5090000C10A00009B0B0000890C00008D0D00002B
:20DAA0009B0E0000BB0F0000FD1000005F120000DF1300007F150000411700001B19000063
:20DAC000251B00005D1D0000BB1F00004F2200001925000021280000692B0000EB2E00000D
:20DAE000B7320000D1360000453B00001B40000055450000EF4A000011510000AF57000020
:20DB0000D95E00009B660000FB6E000007780000C78100005D8C0000D99700003BA4000065
:20DB2000A9B1000031C00000D1CF0000D5E0000019F30000EB060100711C0100BB330100CA
:20DB4000ED4C01002B6801009585010079A50100FBC701003FED01009F1502005141020083
:20DB60007F70020085A30200D3DA0200A91603005B570300619D030017E903000D3B040014
:20DB8000AF93040097F30400555B05008BCB0500E944060047C806007156070031F0070063
:20DBA00099960800874A0900410D0A00F9DF0A00E9C30B0085BA0C0053C50D00F1E50E000F
:20DBC000431E100025701100ADDD12001D691400F1141600DBE31700A3D8190071F61B00F2
:20DBE000A3401E00D1BA2000F36823003D4F26005972290037D72C0027833000237C34006E
:20DC000057C83800AF6E3D007B764200BDE7470013CB4D00D1295400F30D5B00C7826200B6
:20DC2000B5936A00E34D730017BF7C003BF68600770392004DF89D00E9E7AA00B9E6B800C7
:20DC4000DF0AC800736CD8006F25EA00F951FD0077101201DB812801B9C940018D0E5B01BE
:20DC60000B7A77016D399601617DB701957ADB01596A0202638A2C02871D5A02136C8B02FB
:20DC800035C4C002B77AFA0219EB38036F787C03E18DC503679F1404752A6A04EBB6C6042B
:20DCA00087D72A052D2B9705B55D0C0629298B0695561407DDBFA80751504908BB06F708D9
:20DCC000F9F6B2090D4B7E0A93455A0BC343480C31BF490D5D50600E5BB18D0F5FC0D31018
:20DCE000BD8234124D28B213890E4F15A5C40D17850FF11809EEFB1AC99D311D75A0951FB7
:20DD000011C12B225D1AF824F11CFF27A596452BB7B9D02EE725A6324BF0CB36D5AD483BE0
:20DD2000217D2340691264451FC3124B75933851D744DF57D164115FAD5EDA66AF8C466FBD
:20DD4000434C6378D9123F822985E98CBD8F7398F781EFA40F2B71B251F90DC1AF1CDDD03B
:20DD60004BABF7E1AFC878F4FBFFFFFFFBFFFFFF35000000CEFBFFFFCB0300000100000037
:20DD80000000000034000000CEFBFFFFCB030000010000000000000005000000190000009B
:20DDA0007D0000002F566F6C756D65732F646174612F6A656E6B696E732F776F726B73700D
:20DDC0006163652F474E552D746F6F6C636861696E2F61726D2D31312F7372632F6E657725
:20DDE0006C69622D63796777696E2F6E65776C69622F6C6962632F7374646C69622F6D70F8
:20DE00007265632E630030313233343536373839006E6F7420656E6F75676820737061636C
:20DE20006520666F7220666F726D617420657870616E73696F6E2028506C65617365207343
:20DE400075626D69742066756C6C20627567207265706F72742061742068747470733A2F03
:20DE60002F6763632E676E752E6F72672F627567732F293A0A202020200002020203050549
:20DE800007070B0B0B0B0D0D2C2066756E6374696F6E3A2000617373657274696F6E202208
:20DEA000257322206661696C65643A2066696C6520222573222C206C696E652025642573F8
:20DEC00025730A0042616C6C6F6320737563636565646564002F566F6C756D65732F646180
:20DEE00074612F6A656E6B696E732F776F726B73706163652F474E552D746F6F6C636861FE
:20DF0000696E2F61726D2D31312F7372632F6E65776C69622D63796777696E2F6E65776C62
:20DF200069622F6C6962632F7374646C69622F6764746F612D6765746865782E63000020FB
:20DF4000202020202020202028282828282020202020202020202020202020202020208831
:20DF6000101010101010101010101010101010040404040404040404041010101010101019
:20DF8000414141414141010101010101010101010101010101010101010110101010101087
:20DFA00042424242424202020202020202020202020202020202020202021010101020004D
:20DFC000000000000000000000000000000000000000000000000000000000000000000041
:20DFE000000000000000000000000000000000000000000000000000000000000000000021
:20E00000000000000000000000000000000000000000000000000000000000000000000000
:20E02000000000000000000000000000000000000000000000000000000000000000004997
:20E040006E66696E697479004E614E002F566F6C756D65732F646174612F6A656E6B696E31
:20E06000732F776F726B73706163652F474E552D746F6F6C636861696E2F61726D2D31312A
:20E080002F7372632F6E65776C69622D63796777696E2F6E65776C69622F6C6962632F7380
:20E0A00074646C69622F64746F612E630030313233343536373839414243444546003031E6
:20E0C000323334353637383961626364656600504F53495800232D302B2000686C4C00655C
:20E0E0006667454647005245454E54206D616C6C6F6320737563636565646564002F566FB2
:20E100006C756D65732F646174612F6A656E6B696E732F776F726B73706163652F474E55D8
:20E120002D746F6F6C636861696E2F61726D2D31312F7372632F6E65776C69622D6379675C
:20E1400077696E2F6E65776C69622F6C6962632F7374646C69622F72616E646F6D2E630006
:20E16000766563746F723A3A5F4D5F7265616C6C6F635F696E73657274006563686F0035E3
:20E180003025004E4C4D2058656E6F6D6F7270686572004F2E522E4E2E38004441433835A6
:20E1A0003638205672656620656E61626C65002A4D61696E2053637265656E205475726EBF
:20E1C000204F6E2A0053445F4361726400496E7465726E616C5F4C4653005B4C5D203D3EA8
:20E1E0002043616C696272617465005B525D203D3E204D61696E204D656E750021212052C5
:20E200004553455420454550524F4D2021210076322E305F54343100474C4F42414C532E33
:20E220004346470054696D6520666F72206120004672657368205374617274210020576554
:20E240006C636F6D6520746F005068617A657276696C6C65210044666C74004175746F00E1
:20E260002031562F4F00616C7068610020626574610067616D6D61002020747269002020E5
:20E2800071747200312E322F4F002032562F4F0078302E30350078302E31300078302E3179
:20E2A000350078302E32300078302E32350078302E33300078302E33350078302E34300003
:20E2C00078302E34350078302E35300078302E35350078302E36300078302E36350078305F
:20E2E0002E37300078302E37350078302E38300078302E38350078302E39300078302E3978
:20E30000350078312E30300078312E30350078312E31300078312E31350078312E323000A7
:20E3200078312E32350078312E33300078312E33350078312E34300078312E343500783102
:20E340002E35300078312E35350078312E36300078312E36350078312E37300078312E371E
:20E36000350078312E38300078312E38350078312E39300078312E39350078322E30300028
:20E380004356312066696C746572004441432063616C6962722E004356322066696C74658B
:20E3A00072004356332066696C746572004356342066696C746572004356352066696C7469
:20E3C0006572004356362066696C746572004356372066696C746572004356382066696C4F
:20E3E00074657200436C6F636B536574002F004F757420536B6970002042504D0053796E63
:20E40000633D00202D5443234D3F2A00524F4F540043683120436C6B0043683220436C6B2E
:20E420000043683320436C6B0043683420436C6B004368312043560043683220435600433D
:20E44000683320435600436834204356004368352043560043683620435600436837204358
:20E46000560043683820435600436831004368320043683300436834004368350043683673
:20E480000043683700436838005363656E652031005363656E652032005363656E652033F7
:20E4A000005363656E65203400536D6F6F74682053656C656374004269617300536C657706
:20E4C00000526E6453636E34004F75742041004F75742042004F75742043004F7574204456
:20E4E000004F75742045004F75742046004F75742047004F757420480053617665004C6F58
:20E5000061640041726D65640053746F700043616C696272386F72002D2050726573657481
:20E5200073002028656D7074792900202A005B434C4541525D00286175746F2920002520F0
:20E5400000436C6F636B20005374617274003E205072657365742000413A4F63742D2020A2
:20E5600020202020202020423A4F63742B0043683A257320257300563A2564203C25733A72
:20E5800025733E0053657474696E677320736176656400746F20454550524F4D210053439F
:20E5A000454E4552592E444154005363656E65727900436C6F636B00467265657A65004F5C
:20E5C00063742D002A25733A257300532648002A696E646578002A7363616C65002A2573AC
:20E5E0000041535220546170310041535220546170320041535220546170330041535220FE
:20E6000054617034007254007254657600726F6F74007472696700617270007374726D00B7
:20E620006E6F6E650072545F5F00725F4F5F0072544F5F00725F5F490072545F4900725FFB
:20E640004F490072544F490040004E6F6E6500506C656E005066696C00506F6666004C6C97
:20E66000656E004C66696C004C6F666600526C656E005266696C00526F6666004E6C656E81
:20E68000004E66696C004E6F666600536C656E005366696C00536F666600486C656E0048EB
:20E6A00066696C00486F666600504C52004E5348004575636C0043686F72640054756E65B0
:20E6C00000436F6E74004E3E533E4800533E483E4E00483E4E3E53004E3E483E5300483E8C
:20E6E000533E4E00533E4E3E4800503E4C3E52004C3E523E5000523E503E4C00503E523E7A
:20E700004C00523E4C3E50004C3E503E52007377696E67006C6F6F7000706900766E456392
:20E720006B007373646E00447265737300504E696E66004473756D004473756D34004473BD
:20E74000756D350043446E3200467263746900686F7065006C6F7665006C69666500636CB2
:20E7600079736D006D6F6E6B004E45525600547275726C005069727800536E617574004841
:20E78000617269004B7269730054696368790042726567670041766F6E004F726163004360
:20E7A00020310043203200432033004320340043203500432036004320370043203800439D
:20E7C00020390043313000433131004331320043313300433134004331350043313600430C
:20E7E0003137004331380043313900433230004332310043323200433233004332340043D2
:20E80000323500433236004332370043323800433239004333300043333100433332004AA0
:20E820000055004D2031004D2032004D2033004D2034004D2035004D2036004D2037004DCF
:20E840002038004D2039004D3130004D3131004D3132004D3133004D3134004D3135004D4A
:20E860003136004D3137004D3138004D3139004D3230004D3231004D3232004D3233004D00
:20E880003234004D3235004D3236004D3237004D3238004D3239004D3330004D3331004DD6
:20E8A000333200313230757300323430757300333630757300343830757300316D730032B2
:20E8C0006D7300346D73006478004F6374005472446C79004F75744100436C72005472668D
:20E8E0006D004D757461005472616E73706F7365005472616E73706F7365204356004F632B
:20E9000074617665004F637461766520435600526F6F74206D6F646500496E7665727369E3
:20E920006F6E00496E76657273696F6E20435600504C52205072696F7269747900504C5226
:20E94000205072696F72204356004E5348205072696F72697479004E5348205072696F7252
:20E960002043560043562073616D706C696E67004F7574707574206D6F64650054726967DE
:20E980006765722064656C617900547269676765722074797065004575636C2043563120C1
:20E9A0006D6170004575636C20435632206D6170004575636C20435633206D6170004575BA
:20E9C000636C20435634206D61700020502045754C656E6700205020457546696C6C00205C
:20E9E000502045754F66667300204C2045754C656E6700204C20457546696C6C00204C203A
:20EA000045754F6666730020522045754C656E6700205220457546696C6C002052204575BD
:20EA20004F66667300204E2045754C656E6700204E20457546696C6C00204E2045754F66AE
:20EA400066730020532045754C656E6700205320457546696C6C0020532045754F6666735B
:20EA60000020482045754C656E6700204820457546696C6C0020482045754F6666730055E0
:20EA80007365722D646566696E6564203100557365722D646566696E6564203200557365C5
:20EAA000722D646566696E6564203300557365722D646566696E65642034004F666620006B
:20EAC00053656D69746F6E6500496F6E69616E00446F7269616E00506872796769616E00F5
:20EAE0004C796469616E004D69786F6C796469616E0041656F6C69616E004C6F6372696184
:20EB00006E00426C756573206D616A6F7200426C756573206D696E6F720050656E746174A7
:20EB20006F6E6963206D616A0050656E7461746F6E6963206D696E00466F6C6B004A6170B4
:20EB4000616E6573650047616D656C616E004779707379004172616269616E00466C616DAA
:20EB6000656E636F0057686F6C6520746F6E65005079746861676F7265616E0045422F34AF
:20EB80000045202F340045412F3400426861697261760047756E616B7269004D617277613E
:20EBA000005368726565205B43616D656C5D0050757276690042696C6177616C0059616DAB
:20EBC000616E004B616669004268696D70616C61737265650044617262617269005261674F
:20EBE000657368726565004B68616D616A004D696D616C00506172616D6573687761726979
:20EC00000052616E67657368776172690047616E6765736877617269004B616D6573687739
:20EC2000617269005061204B68616669004E617462686169726176004D616C6B61756E73A8
:20EC40000042616972616769004220546F6469004368616E64726164656570004B61757330
:20EC600068696B20546F6469004A6F676573687761726900546172742E2D56616C6C6F742D
:20EC800074690031336F66323274455467656E3D35004D616E64656C6261756D004D616736
:20ECA00069632D696E2D313435744554005175617274616D696E6F72337264730041726D81
:20ECC0006F6475652073656D692D657100486972616A6F7368690053636F742062616770C2
:20ECE0006970657300546861692072616E61740053657669736831326F6E333145444F00B9
:20ED000031317465744D616368696E65360031337465744661746865723800313574657463
:20ED2000426C61636B776431300031367465744D6176696C61370031367465744D61766934
:20ED40006C6139003137746574537570727079746831320032327465744F7277656C6C39C7
:20ED600000323274657450616A6172615379313000323274657450616A617261352D3130A3
:20ED8000003232746574506F72637570696E6537003236746574466C6174746F6E65313281
:20EDA0000032367465744C656D6261313000343674657453656E736931310035337465748C
:20EDC0004F7277656C6C390031326F663732746574526F646772730054726976616C656EE1
:20EDE000745A65757337003230327465744F63746F6E6500333133746574456C664D61646B
:20EE0000616739004D617276656C576F6F476C756D6D6100544F5020506172617079746896
:20EE200031320031362D4544202832206F722033290031352D4544202832206F7220332948
:20EE40000031342D4544202832206F722033290031332D4544202832206F7220332900315E
:20EE6000312D4544202832206F722033290031302D4544202832206F7220332900392D45FB
:20EE800044202832206F7220332900382D4544202832206F7220332900372D4544202832EB
:20EEA000206F7220332900362D45443200352D4544320031362D4844320031352D484432F7
:20EEC0000031342D4844320031332D4844320031322D4844320031312D4844320031302D6A
:20EEE00048443200392D48443200382D48443200372D4844320031362D5344320031352DFB
:20EF00005344320031342D5344320031332D5344320031322D5344320031312D53443200C2
:20EF200031302D53443200392D53443200382D53443200372D53443200426F686C656E2D6B
:20EF4000506965726365203D00426F686C656E2D506965726365206A00426F686C656E2D10
:20EF6000506965726365206C00382D32342D4844335B31365D00372D32312D4844335B3198
:20EF8000345D00362D31382D4844335B31325D00352D31352D4844335B31305D00342D31AE
:20EFA000322D4844335B385D0032342D382D5344335B31365D0032312D372D5344335B3118
:20EFC000345D0031382D362D5344335B31325D0031352D352D5344335B31305D0031322D5A
:20EFE000342D5344335B385D003574682B377468003574682B367468005472696164206DD8
:20F00000696E2B37005472696164206D616A2B37005472696164206D696E2B360054726921
:20F020006164206D616A2B360046696674680054726961644D616A0054726961644D696E3D
:20F04000004861726D6F6E69634D696E004C6F637269616E206E3600496F6E69616E2061F0
:20F060007567004D69736865626572616B68004672657967697368004C796469616E20236C
:20F080003900556C7472616C6F637269616E0074726E73006275662E6C00696761696E00A1
:20F0A00073657100737472740073747264006D6F6400544D00427974654200496E745371D7
:20F0C000005363616C65006F6374617665006D61736B006275662E696E64657800696E7050
:20F0E0007574206761696E00747269676765722064656C617900686F6C6420286275666CAD
:20F10000656E2900435620736F757263650043563420646573742E202D3E00536C65772098
:20F120004356003E204C46535220435631003E2042422065716E003E204242205030003EB1
:20F14000204242205031003E204242205032003E20424220435631003E20496E7453657168
:20F16000003E20496E74536571206D6F64756C003E20496E74536571207374617274003E5E
:20F1800020496E74536571206C656E003E20496E7453657120646972003E2046726163743D
:20F1A00020737472696465003E20496E74536571204356310044230046230047230041236A
:20F1C00000432D310043232D3100442D310044232D3100452D3100462D310046232D310055
:20F1E000472D310047232D3100412D310041232D3100422D31004330004323300044300024
:20F20000442330004530004630004623300047300047233000413000412330004230004308
:20F220003100432331004431004423310045310046310046233100473100472331004131ED
:20F240000041233100423100433200432332004423320045320046320046233200473200FD
:20F26000472332004132004123320042320043330043233300443300442333004533004697
:20F2800033004623330047330047233300413300412333004233004334004323340044347F
:20F2A000004423340045340046340046233400473400472334004134004123340042340087
:20F2C000433500432335004435004423350045350046350046233500473500472335004117
:20F2E000350041233500423500433600432336004436004423360045360046360046233607
:20F30000004736004723360041360041233600423600433700432337004437004423370017
:20F320004537004637004623370047370047233700413700412337004237004338004323A8
:20F34000380044380044233800453800463800462338004738004723380041380041233888
:20F36000004238004339004323390044390044233900453900463900462339004739004F6D
:20F380006D0045200047200055535231005553523200555352330055535234004F46462087
:20F3A0000053454D4900494F4E4900444F52490050485259004C594449004D49584F0041CF
:20F3C000454F4C004C4F435200424C552B00424C552D0050454E2B0050454E2D00464F4C00
:20F3E0004B004A4150410047414D450047595053004152414200464C414D0057484F4C00D9
:20F400005059544800424841490047554E41004D4152570053485249005055525600424923
:20F420004C410059414D41004B414649004248494D00444152420052414745004B48414D83
:20F44000004D494D4100504152410052414E470047414E47004B414D450050414B41004E96
:20F46000415442004B41554E00424149520042544F44004348414E004B544F44004A4F4713
:20F48000450056414C4C0031333232004D414E46004D41474300515541520041524D4F008E
:20F4A000484952410053434F5400544841490053455649004D414348004641544800424CC8
:20F4C0004143004D415637004D41563900535059540032324F520050414A530050414A50C2
:20F4E00000504F524300464C4154004C454D420053454E530035334F52003132373200542F
:20F5000052495A0032303238004D414447004D415256003136454400313545440031344552
:20F520004400313345440031314544003130454400394544003845440037454400313648D3
:20F54000320031354832003134483200313348320031324832003131483200313048320048
:20F560003948320038483200374832003136533200313553320031345332003133533200CB
:20F58000313253320031315332003130533200395332003853320037533200422D5065005B
:20F5A000422D506A00422D506C0031364833003134483300313248330031304833003848FB
:20F5C0003300313653330031345333003132533300313053330038533300352B3700352B9B
:20F5E00036003362372D003362372B003362362D003362362B003574680033622B00336291
:20F600002D004841522D004C4F6E360049415547004D424B480046524559004C59233900F7
:20F6200055544C4F0076616C696469747920666C6167005363616C652041004356205363AE
:20F64000616C696E6720466163746F722041004F6666736574204269617320410054726131
:20F660006E73706F7365204100526F6F74204B6579202B204D6F64652041005363616C656B
:20F68000204D61736B2041005363616C652042004356205363616C696E6720466163746F8C
:20F6A000722042004F666673657420426961732042005472616E73706F7365204200526F2C
:20F6C0006F74204B6579202B204D6F64652042005363616C65204D61736B2042005363619F
:20F6E0006C652043004356205363616C696E6720466163746F722043004F666673657420F3
:20F70000426961732043005472616E73706F7365204300526F6F74204B6579202B204D6FD1
:20F7200064652043005363616C65204D61736B2043005363616C652044004356205363618A
:20F740006C696E6720466163746F722044004F666673657420426961732044005472616E1D
:20F7600073706F7365204400526F6F74204B6579202B204D6F64652044005363616C6520B2
:20F780004D61736B2044005363616C652045004356205363616C696E6720466163746F7233
:20F7A0002045004F666673657420426961732045005472616E73706F7365204500526F6F25
:20F7C00074204B6579202B204D6F64652045005363616C65204D61736B2045005363616C9B
:20F7E000652046004356205363616C696E6720466163746F722046004F6666736574204216
:20F800006961732046005472616E73706F7365204600526F6F74204B6579202B204D6F64A8
:20F82000652046005363616C65204D61736B2046005363616C652047004356205363616C78
:20F84000696E6720466163746F722047004F666673657420426961732047005472616E730F
:20F86000706F7365204700526F6F74204B6579202B204D6F64652047005363616C65204DD1
:20F8800061736B2047005363616C652048004356205363616C696E6720466163746F722059
:20F8A00048004F666673657420426961732048005472616E73706F7365204800526F6F74C7
:20F8C000204B6579202B204D6F64652048005363616C65204D61736B204800434C31004388
:20F8E0004C34005253540054656D706F00436C6B204D756C74005472696720496E7300428C
:20F900006F6F702100536B69702025004348310043483120676174650043483120636F7045
:20F920007900434831204144004348312041445200434831204144535200434832004348EC
:20F940003220676174650043483220636F70790043483220414400434832204144520043C3
:20F9600048322041445352004172700021537472756D00526F6F7420706974636800526FC7
:20F980006F74003F2100434825642025730043454C4C20002D2D3E2073757320647572009A
:20F9A000232564003A202573256C6420256C64632028256C6429003A202573256C64202BA4
:20F9C000256C64632028256C64290020202341006C73620063686E670073636C23006173AB
:20F9E000720054522B310054522B320054522B33007323310073233200732333007323346A
:20FA0000004F6666005570005452310054523200545233005452340043563200435633000D
:20FA20004356340043563500435636004356370043563800636E742B00636E742D00414157
:20FA400041004242420043434300547572696E67004C677374630049676E6F7200486F6E3C
:20FA60006F7200535000534C5000534C004C696E004578700051756172740053696E650088
:20FA80004C6564676500436C696666004267446970004D65446970004C744469700057696F
:20FAA00067676C00646F776E00752F6400726E640020355600313056006677640072657618
:20FAC00000706E643100706E6432006272776E005345512B31005345512B32005345512BE7
:20FAE000330041525000532B48233100532B48233200532B48233300532B482334004356E9
:20FB00002331004356233200435623330043562334002F3634002F3633002F3632002F3499
:20FB200039002F3438002F3437002F3333002F3332002F3331002F313700783300783400AD
:20FB4000783500783600783700783800525354320052535434003D484932003D4C4F320089
:20FB60003D484934003D4C4F3400726F6F7420233100726F6F7420233200726F6F742023FF
:20FB80003300726F6F74202334007363616C652023002D2D3E2065646974007365715F6D39
:20FBA0006F6465007472696767657220736F75726365002D2D3E206C6174656E637900744C
:20FBC00072616E73706F7365202331007472616E73706F7365202332007472616E73706FEB
:20FBE0007365202333007472616E73706F7365202334006175782E6F7574707574002D2DDA
:20FC00003E207077002D2D3E20617578202B2F2D004356206175782E00203E204C46535208
:20FC2000206C656E67746800203E204C465352207000203E204C46535220435600203E20F1
:20FC40004C4653522072616E676500203E204C465352205452494700416374697665206E4B
:20FC60006F74657300435620536F7572636500435620617578203E00547269676765722046
:20FC8000736F7572636500436C6F636B206469760046696E65004C46535220707262004C1B
:20FCA000465352206D6F64756C7573004C46535220707262204356203E004C465352206DBA
:20FCC0006F64204356203E004C46535220726E67204356203E004C6F6769737469632072B5
:20FCE000004C6F6769737469632072616E6765004C6F6720722020204356203E004C6F676C
:20FD000020726E67204356203E0042797465626561742065716E0042797465626561742081
:20FD2000726E67004279746562656174205030004279746562656174205031004279746547
:20FD4000626561742050320042622065716E2043562073726300426220726E672043562058
:20FD6000737263004262205030202043562073726300426220503120204356207372630030
:20FD80004262205032202043562073726300496E74536571206D6F64756C2E00496E74539B
:20FDA00065712072616E6765003E2042726F776E69616E2070726F6200496E74536571205B
:20FDC00046532070726F6200496E7453657120465320726E67004672616374616C2073747F
:20FDE0007269646500496E745365712043562020203E00496E74536571206D6F6420435647
:20FE000000496E7453657120726E6720435600462E20737472696465204356203E00496E81
:20FE200074536571207265736574004F637420636F6E73747261696E74004F637420636F3F
:20FE40006E73747261696E74206C656E005345512D31005345512D32005345512D330053A5
:20FE600045512D340044454641554C54006175782E206D6F646500636C6F636B20737263D1
:20FE80000072657365742F6D757465006D756C742F6469760073657175656E636520230085
:20FEA00073657175656E6365206C656E67746800706C61796D6F6465006469726563746908
:20FEC0006F6E004356206164722E2072616E6765006172702E72616E6765002D2D3E627210
:20FEE0006F776E2070726F6200736C657700736C657720435620202020202D3E006D756C53
:20FF0000742F646976204356202D3E007472616E73706F73652020202D3E002D2D3E2070E5
:20FF2000772020202020202D3E006F637461766520202B2F2D202D3E00726F6F7420202027
:20FF4000202B2F2D202D3E002D2D3E20617578202B2F2D202D3E0073657175656E636520BE
:20FF60002320202D3E006D61736B20726F74617465202D3E00646972656374696F6E2020CC
:20FF8000202D3E006172702E72616E67652020202D3E002D2D3E6272776E2E707262202D7D
:20FFA0003E007365712E6C656E67746820202D3E006174742064757220202D3E00646563D4
:20FFC0002064757220202D3E00737573206C766C20202D3E0072656C2064757220202D3E3E
:20FFE00000656E76206C6F6F7073202D3E002D2D3E2061747420647572002D2D3E206174E7
:02000004602575
:2000000074207368617065002D2D3E2064656320647572002D2D3E2064656320736861703C
:2000200065002D2D3E20737573206C766C002D2D3E2072656C20647572002D2D3E207265E5
:200040006C207368617065002D2D3E206C6F6F707300617474207265736574006174742029
:2000600066616C6C206774006465632F72656C207265736574002020312F38002020312F8D
:2000800037002020312F36002020312F35002020312F34002020312F33002020312F320005
:2000A00043483120476174650043483120436F707900434831204153520043483220476125
:2000C00074650043483220436F7079004348322041535200434833004348340043483500CF
:2000E00043483600434837004348380054656D706F2073796E6300467265710053686170BE
:2001000065005370726561640052657365742031005265736574203200526573657420311E
:2001200026320046726571310052686F310046726571320052686F32004672657175656E5D
:20014000637920636F756E7465720042616C6C2564002C2564002C25643A25730042616C54
:200160006C310042616C6C320042616C6C330042616C6C34002C43482564004554494D0069
:20018000454652455100454F4646530045524E470028542920436820413A20746170207449
:2001A000656D706F002825732920436820413A202533752E2530327520487A00282573295D
:2001C00020436820413A202536752E25303375730046726571312000467265713220004527
:2001E0004F43004C656E005F207878780062706D003E202041524D003E202052554E003E19
:200200002053544F50003E2020204F4B002D3356002D3256002D315600203056002B3156C9
:20022000002B3256002B3356002B3456002B3556002B3656003E5245534554003E202055A1
:200240005345005452332B31005452332B32005452332B3300202032002020340020203806
:20026000002020313600202033320020203634002031323800203235360020353132003127
:20028000303234003230343800343039360038313932004E6F005965730041747400446593
:2002A00063005375730052656C00456C656E67004566696C6C00456F6666730044656C613D
:2002C00079004C6F6F707300202033002020350020203600202037002020390020313000C9
:2002E0002031310020313200203133002031340020313500203137002031380020313900CF
:200300002032300020323100203232002032330020323400203235002032360020323700B1
:200320002032380020323900203330002033310051756575650052696E67004144534152A1
:2003400000414441520041444C32004144524C330041444C3252004144414C3252004144BC
:2003600041524C3400736C6F7468002020310031362F310031352F310031342F3100313319
:200380002F310031322F310031312F310031302F3100392F3100382F3100372F3100352F8B
:2003A0003200352F3300332F3200352F3400756E69747900342F3500322F3300332F35004C
:2003C000322F3500312F3900312F313000312F313100312F313200312F313300312F31341F
:2003E00000312F313500312F313600636F736D0067656F6C00676C61636C00736E61696CFD
:2004000000766C617A790076736C6F77007666617374004D6F642072616E6765206F637494
:20042000004D6F64207261746520287329004E6F7465732F42504D203A00412061626F7672
:2004400065206D6964204300203E206D616E7469737361003E207070716E002D2D3E206166
:2004600075746F74756E65004175746F74756E6500537461727420766F6C746167650045AE
:200480006E6420766F6C7461676500233130002331310023313200233133002331340023B7
:2004A00031350023313600647231006472320064723300737072007375730073753700392C
:2004C0007468002B313100756E690070726F6772657373696F6E007363616C6520202D2D0A
:2004E0003E0063686F7264732074726720737263005452312064656C6179007472616E7338
:20050000706F73650063686F72643A006E756D2E63686F7264730063686F726473202D2DDC
:200520003E00726F6F742043562020202020203E006D61736B2043562020202020203E009F
:200540007472616E73706F7365204356203E006F6374617665204356202020203E007175C6
:20056000616C6974792043562020203E00766F6963696E672043562020203E00696E766509
:200580007273696F6E204356203E007072672E736C6F7423204356203E006469726563742B
:2005A000696F6E204356203E002D2D3E62722E707262204356203E006E756D2E63687264CA
:2005C00073204356203E0065717500737064007030006265672B2B006265672B0062656754
:2005E00000656E642B2B00656E642B004571756174696F6E005370656564005069746368DD
:2006000000506172616D65746572203000506172616D65746572203100506172616D65742D
:2006200065722032004C6F6F70206D6F6465004C6F6F7020626567696E202B2B004C6F6FD3
:200640007020626567696E202B004C6F6F7020626567696E004C6F6F7020656E64202B2B94
:20066000004C6F6F7020656E64202B004C6F6F7020656E64005472696767657220696E7012
:2006800075740053746570206D6F646500435635202D3E2000435636202D3E20004356374D
:2006A000202D3E2000435638202D3E20006772617600626E636500616D706C007265747264
:2006C000004772617669747900426F756E6365206C6F737300416D706C69747564650056FC
:2006E000656C6F636974790052657472696767657200435631202D3E2000435632202D3E8B
:200700002000435633202D3E2000435634202D3E20004861726420726573657400444F482D
:20072000210041747461636B004465636179005375737461696E2F4C6576656C0052656C29
:200740006561736500545950450053310053340054722064656C6179206D6F64650054722E
:200760002064656C617920636F756E740054722064656C6179206D73656373005472206487
:20078000656C61792073656373004575636C206C656E677468004F66667365740045756331
:2007A0006C207265736574004575636C207265736574206469760041747461636B2072650C
:2007C000736574004174742066616C6C2067740044656352656C207265736574004761745C
:2007E0006520686967680041747461636B2073686170650044656361792073686170650034
:2008000052656C656173652073686170650041747461636B206D756C7400446563617920A6
:200820006D756C740052656C65617365206D756C740053616D706C656420416D706C004D96
:200840006178206C6F6F707300496E766572746564004C7831004C7A31005279310052797E
:2008600032004C78312B527831004C78312B527A31004C78312B4C7932004C78312B4C7A11
:2008800032004C78312B527832004C78312B527A32004C7831784C7931004C7831784C7858
:2008A00032004C783178527831004C78317852783200467265712031004672657120320076
:2008C00052686F2F6320310052686F2F632032004C46726571203120526E67004C46726524
:2008E00071203220526E67004F7574204120004F7574204220004F7574204320004F757488
:20090000204420005461702074656D706F0053686170652073707265616400506861736568
:200920002F667271207370726400436F75706C696E67004F75747075742072616E67650067
:20094000467265712072616E67650042206672657120726174696F004320667265712072EA
:200960006174696F0044206672657120726174696F004220584F522041004320584F522041
:2009800041004420584F522041004220414D2062792041004320414D20627920420044205A
:2009A000414D2062792043004356383A2044455354005452343A204D554C540063706C67D4
:2009C00000612D3E6200622D3E6300632D3E6400253031640025303364005452342025375B
:2009E0002E336620487A0025372E32662062706D2025322E30667070716E00252B692025D5
:200A00007320252B372E31666300545234206E6F20696E707574004341505441494E2E44FB
:200A2000415400506164646C6520547269670057616C6C20547269670042616C6C205900E7
:200A4000506164646C65205900476174653100476174653200476174653300476174653405
:200A600000496E707574204356005175616E74697A65642043560043757272656E74204EEE
:200A80006F74650043616C6962726174696F6E0044617461004261636B7570202F205265B0
:200AA00073746F726500526563656976696E672E2E2E004C697374656E696E672E2E2E00AC
:200AC000446F6E652100526573746F7265206F72204261636B75703F005B43414E43454CD4
:200AE0005D005B524553544F52455D005B4241434B55505D004261636B75703A20004461FA
:200B0000726B6573742054696D656C696E65005363616C652020203A20004D494449204F21
:200B200075743A20002020202020416C743A20002020202020496E203A20005472672F47E3
:200B40006174653A200054726700544F444F004C696272617279003C204C6F6F70203E0075
:200B60003C2053746F70203E00456E69676D61202D2000457261736520736F6E6720616EA1
:200B800064207265736574006F7574707574733A20537572653F005B5945535D005B4E4FB1
:200BA0005D00526567697374657200703D003A20546B004F757470757400547261636B2027
:200BC000004D4944492043682000547261636B0020780050617573652F506C617900546BF8
:200BE00020537465702020526567005B44554D505D005B434F50595D0053657475702025A4
:200C000064202D005379734578005365747570202564004E657572616C204E657400536507
:200C200074757020005479706500546F67676C0044656E20004F70640041737369676E20BD
:200C40004F757470757473004F757470757420004E6575726F6E20004456005363616C65C6
:200C600020456469746F722020202000496D706F7274005B494D504F52545D0048493A0094
:200C80002573200025372E336600536C6F7420656D707479004D4944492041737369676EE0
:200CA000004D494449204368616E6E656C0052616E6765204C6F770052616E67652048693B
:200CC0006768004761746520536F7572636500202020202020202020202020202020202013
:200CE00020202D2D00494F2043682054797065202056616C7565730053797345783A20002F
:200D00004361707461696E204D4944490048656D6973706865726500442E2054696D656C39
:200D2000696E65005363616C6520456400456E69676D610057617665666F726D2045640065
:200D40004F5F4320454550524F4D004261636B757000506F6C794E004C6F4E6F74650048D9
:200D6000694E6F74650050646C4E6F746500496E764E6F7465005472696731737400547287
:200D800067416C777300506F6C79470047617465496E760056656C6F6300506F6C795600C9
:200DA0004343230043686E416674004B65794166740042656E640052756E00436C6B2D32EB
:200DC00000436C6B2D3400436C6B2D3800436C6B323400286C6561726E2900536574757025
:200DE0003A2043616C6962726174650053746172742066726573683F20005B525D203D3EC8
:200E00002053656C656374005B43414E43454C5D2020202020202020205B4F4B5D004365DA
:200E20006E74657220446973706C617900506978656C206F666673657420005B525D203DD3
:200E40003E2041646A757374005B505245565D2020202020202020205B4E4558545D004479
:200E60004143204120286D696E290044414320412028686967682900486F6C64205B425DFD
:200E800020746F2073657400444143204220286D696E2900444143204220286869676829C9
:200EA00000444143204320286D696E290044414320432028686967682900444143204420CA
:200EC000286D696E290044414320442028686967682900444143204520286D696E2900441A
:200EE000414320452028686967682900444143204620286D696E2900444143204620286837
:200F00006967682900444143204720286D696E2900444143204720286869676829004441C7
:200F200043204820286D696E29004441432048202868696768290041444320696E707574F8
:200F4000203056206F666673657400414443206F6374617665202B31004356313A20496E83
:200F600070757420312E25645600414443206F6374617665202B33004356313A20496E7087
:200F8000757420332E2564560053637265656E20426C616E6B00286D696E7574657329004A
:200FA00043616C6962726174696F6E20636F6D706C65746500536176652076616C75657311
:200FC0003F20005B505245565D2020202020202020205B455849545D0044696731004469B9
:200FE00067320044696733004469673400435620310043562032004356203300435620341B
:20100000004E657531004E657532004E657533004E657534004E657535004E657536004F5C
:201020004E004F4646004E4F5400584F52004E414E4400584E4F5200442D464600542D4671
:2010400046004C74636800544C4E65005374004E657720536F6E67004E6F746520332D426C
:201060006974004E6F746520342D426974004E6F746520352D426974004E6F746520362D0D
:20108000426974004E6F746520372D426974004D6F64756C6174696F6E0045787072657365
:2010A00073696F6E0054726967676572004C656E677468004D494449204368616E6E656C45
:2010C00020416C74004D494449204368616E6E656C20496E005472696767657220506374E1
:2010E0000044696167004C65672E0031203E204D4944490032203E204D4944490033203EFF
:20110000204D4944490034203E204D4944490035203E204D4944490036203E204D4944490A
:201120000037203E204D4944490038203E204D494449004D494449203E2041004D494449F9
:20114000203E2042004D494449203E2043004D494449203E2044004D494449203E20450020
:201160004D494449203E2046004D494449203E2047004D494449203E2048002342002343EC
:201180000023440025754D487A20256C7575732B256C75757300434F524525336C752F2562
:2011A000336C752F25336C752025326C75252500504F4C4C25336C752F25336C752F2533B2
:2011C0006C75004C4F4F5025336C752F25336C752F25336C7500546F74616C2043505520BF
:2011E0002532642E253032642525004D617820435055202532642E253032642525005261B2
:2012000074653A20256C7520487A00505352414D3A20253275204D42005344636172643AF0
:201220002000286E6F205344206361726429004D454E552025336C752F25336C752F253372
:201240006C750053657269616C2052783A20257500555342204465762052783A2025750068
:2012600055534220486F73742052783A20257500535441434B20253764202825644B42290B
:2012800000484541502020253764202825644B422900505352414D20253764202825644B2A
:2012A0004229002050524F44007573623D002B4D54500048575F49443D20302E2530336499
:2012C00056002C2032305670700043312025356C752043352025356C750043322025356CB7
:2012E000752043362025356C750043332025356C752043372025356C750043342025356C62
:20130000752043382025356C750054313D25752054323D25752054333D25752054343D2501
:20132000750043312025356C642043352025356C640043322025356C642043362025356C5A
:20134000640043332025356C642043372025356C640043342025356C642043382025356C43
:2013600064004325642025356C75204325642025356C7500283520736563207265736574A0
:20138000290046443A3A2073657420617474726962757465206D6F6469666965642066617E
:2013A000696C656400536176696E672E2E2E004175746F74756E65206661696C00257320D4
:2013C0002564004175746F74756E6520646F6E650041726D696E6725730030562062617397
:2013E000656C696E6525730052756E6E696E6725730052656164790043616C6962726174B8
:20140000696F6E20736176656400466C6173682055706772616465204D6F646500287573C8
:2014200065205465656E7379204C6F616465722900494420766F6C74616765202870696EE1
:201440002041313729203D202531642E253033640A005B5265666C6173685D005B43414C97
:201460004942524154455D2020205B52455345545D002D3E2025642E2564303056002533E4
:20148000640020202873657429004F76657277726974653F2000536176653F2000456E63E1
:2014A0006F646572733A200053657475702F41626F75740054342E31005068617A657276B3
:2014C000696C6C65205375697465006769746875622E636F6D2F646A7068617A65720025A0
:2014E00034752E2530327563004F5F432055736572205363616C650A0025640A0025642EAA
:20150000253034640A003030302E53434C00436F72727570742046696C65212100464F3A94
:201520003A2073657420617474726962757465206372656174696F6E206661696C65640017
:20154000464F3A3A2073657420617474726962757465206D6F646966696564206661696C05
:201560006564003E2331003E2332003E2333003E2334002E2020002E2E20006E6F726D614D
:201580006C004C207265766572736564004C52207265766572736564004558464154004439
:2015A000657669636520697320746F6F20736D616C6C0D0A0057726974696E672046415482
:2015C000200057726974696E6720757063617365207461626C650D0A0057726974696E6743
:2015E00020726F6F740D0A00466F726D617420646F6E650D0A00466F726D617420666169F1
:201600006C65640D0A004361726420697320746F6F20736D616C6C2E0D0A0042616420638E
:201620006C757374657220636F756E740D0A00466F726D617420446F6E650D0A00466F725E
:201640006D6174204661696C65640D0A006C6974746C6566730046443A3A2073657420617A
:201660007474726962757465206372656174696F6E206661696C65640048656C6C6F2C20BD
:2016800049276D20726573657474696D6572004465626F756E63652054696D65720054650A
:2016A000656E737900202F204D545020312E30006D6963726F736F66742E636F6D3A20318E
:2016C0002E303B00504A524300242424204D545053746F726167653A3A746F74616C73697C
:2016E0007A65206E756C6C7074722025750A00556E7469746C6564004372617368526570B5
:201700006F72743A002020412070726F626C656D206F636375727265642061742028737908
:201720007374656D2074696D652920002020436F64652077617320657865637574696E67C6
:201740002066726F6D2061646472657373203078002020434653523A2000092849414343DE
:2017600056494F4C2920496E737472756374696F6E204163636573732056696F6C617469DA
:201780006F6E0009284441434356494F4C292044617461204163636573732056696F6C61A6
:2017A00074696F6E0009284D554E53544B45525229204D656D4D616E6765204661756C7407
:2017C000206F6E20556E737461636B696E670009284D53544B45525229204D656D4D616EF8
:2017E0006765204661756C74206F6E20737461636B696E670009284D4C53504552522920F1
:201800004D656D4D616E6765204661756C74206F6E204650204C617A792053746174650011
:2018200009284D4D415256414C49442920416363657373656420416464726573733A203006
:20184000780020286E756C6C707472290D0A092020436865636B20636F6465206174203050
:201860007800202D2076657279206C696B656C79206120627567210D0A09202052756E205E
:201880002261646472326C696E65202D65206D79736B657463682E696E6F2E656C6620304E
:2018A00078002220666F722066696C656E616D652026206C696E65206E756D6265722E00E1
:2018C0002028537461636B2070726F626C656D290D0A092020436865636B20666F72207358
:2018E0007461636B206F766572666C6F77732C20617272617920626F756E64732C20657403
:20190000632E000928494255534552522920496E737472756374696F6E20427573204572DD
:20192000726F7200092850524543495345525229204461746120627573206572726F7220DD
:20194000286164647265737320696E204246415229000928494D505245434953455252297F
:20196000204461746120627573206572726F72206275742061646472657373206E6F742017
:2019800072656C6174656420746F20696E737472756374696F6E000928554E53544B455224
:2019A000522920427573204661756C74206F6E20756E737461636B696E6720666F7220610A
:2019C0002072657475726E2066726F6D20657863657074696F6E00092853544B455252294F
:2019E00020427573204661756C74206F6E20737461636B696E6720666F7220657863657074
:201A000074696F6E20656E7472790009284C53504552522920427573204661756C74206F93
:201A20006E204650206C617A7920737461746520707265736572766174696F6E00092842AC
:201A400046415256414C49442920416363657373656420416464726573733A2030780009E8
:201A600028554E444546494E5354522920556E646566696E656420696E737472756374695C
:201A80006F6E000928494E5653544154452920496E737472756374696F6E206D616B6573AE
:201AA00020696C6C6567616C20757365206F662045505352000928494E56504329205573AE
:201AC000616765206661756C743A20696E76616C6964204558435F52455455524E000928EC
:201AE0004E4F435029204E6F20436F70726F636573736F72000928554E414C49474E454436
:201B00002920556E616C69676E6564206163636573732055736167654661756C7400092811
:201B200044495642595A45524F2920446976696465206279207A65726F00202048545352ED
:201B40003A200009285645435454424C2920427573204661756C74206F6E205665632054A8
:201B600061626C652052656164000928464F524345442920466F72636564204861726420F6
:201B80004661756C7400202054656D706572617475726520696E73696465207468652063FB
:201BA0006869702077617320006E616E006F76660020C2B0430020205374617274757020A9
:201BC00043505520636C6F636B20737065656420697320004D487A004E6F204372617368C7
:201BE000204461746120546F205265706F7274002020486F706566756C6C7920616C6C205B
:201C000069732077656C6C2C20627574206365727461696E207479706573206F6620637238
:201C200061736865732063616E2774206265207265706F727465643A0009737475636B20AA
:201C4000696E20616E20696E66696E697465206C6F6F702028746563686E6963616C6C7996
:201C60002C206861726477617265207374696C6C2072756E6E696E672070726F7065726C3D
:201C80007929000972656D61696E696E6720696E2061206C6F7720706F77657220736C6544
:201CA0006570206D6F6465000961636365737320746F206365727461696E207065726970C6
:201CC000686572616C7320776974686F757420746865697220636C6F636B20656E61626CC7
:201CE0006564202865672C20466C6578494F2900096368616E6765206F6620435055206F70
:201D0000722062757320636C6F636B20737065656420776974686F757420757365206F66F4
:201D200020676C697463686C657373206D75780020205265626F6F74207761732063617568
:201D4000736564206279206175746F207265626F6F74206166746572206661756C74206FCB
:201D6000722062616420696E746572727570742064657465637465640020205265626F6F04
:201D800074207761732063617573656420627920736F66747761726520777269746520746A
:201DA0006F205343425F4149524352206F7220435055206C6F636B75700020205265626F6D
:201DC0006F742077617320636175736564206279207365637572697479206D6F6E69746FD7
:201DE000720020205265626F6F74207761732063617573656420627920706F776572206FEF
:201E00006E2F6F666620627574746F6E0020205265626F6F74207761732063617573656483
:201E2000206279207761746368646F672031206F7220320020205265626F6F74207761737C
:201E400020636175736564206279204A54414720626F756E64617279207363616E00202023
:201E60005265626F6F742077617320636175736564206279204A544147206465627567008F
:201E800020205265626F6F742077617320636175736564206279207761746368646F67200B
:201EA000330020205265626F6F7420776173206361757365642062792074656D706572613B
:201EC000747572652073656E736F720050616E69632054656D702045786365656465642090
:201EE0005368757474696E6720446F776E0043616E20626520636175736564206279204FDC
:201F0000766572636C6F636B696E6720772F6F204865617473696E6B206F72206F746865CD
:201F20007220756E6B6E6F776E20726561736F6E00202042726561646372756D62202300DD
:201F400020283078002121214D656D496E64657846696C653A3A636C6F73650A00092424B2
:201F60002570203D206D616C6C6F63282575290A000924242570203D207265616C6C6F639D
:201F80002825702C202575290A00212121496E6465784D656D46533A3A6F70656E002D2DD8
:201FA0002D2D004E2F41005A3D20003F3F3F004C3A492F4F204366672020523A417070200B
:201FC0004D656E750041646420537465700044656C205374657000257320252E33327300F3
:201FE0002325732020252E31307300242424204661696C656420746F207365656B20746F20
:2020000020657874656E6420496E646578207265636F72643A257520616464723A256C6C9B
:20202000750A00242424204661696C656420746F20777269746520496E6465782072656390
:202040006F72643A202575206279746573207772697474656E3A2025750A00242424204603
:2020600061696C656420746F207365656B20666F7220777269746520496E646578207265D5
:20208000636F72643A20257520616464723A256C6C75204375723A20256C6C750A002424D5
:2020A00024204661696C656420746F207365656B20666F72207265616420496E6465782071
:2020C0007265636F72643A20257520616464723A256C6C75204375723A20256C6C750A0006
:2020E000242424204661696C656420746F207265616420496E646578207265636F72643A5F
:20210000202575207365656B3A257520627974657320526561643A2025750A002F6D747008
:20212000696E6465782E6461740053657475703A205265736574005265736574206170704E
:202140006C69636174696F6E0073657474696E6773206F6E20454550524F4D3F000A4669DE
:202160006C6573797374656D20666F726D6174746564202D20416C6C2066696C65732065C5
:20218000726173656420210025642F2575200025732F2573004661696C656420746F206F47
:2021A00070656E20496E6465782066696C65206F6E2073746F72616765206E756D62657249
:2021C00020256420747279206D656D6F72792046696C650A0063616E6E6F74206F70656E1F
:2021E00020496E6465782066696C650025303475253032752530327554253032752530323A
:2022000075253032750020203E3E204D6F76652073616D652073746F726167650020203E81
:202220003E204D6F7665206469666665726E742073746F726167652066696C650020203EE4
:202240003E204D6F7665206469666665726E742073746F72616765206469726563746F7286
:202260007900202020203E3E204166746572206D6B64697200202020203E3E204166746504
:2022800072204F70656E46696C654279496E646578000A4D6564696120696E7365727465E3
:2022A0006420222573222825752920222573220A000A4D656469612072656D6F76656420B1
:2022C00022257322282575290A00434F52450052414D20286672656529005645525300478A
:2022E00046580041444300414443202876616C7565290041444320286E6F6973652900418A
:202300005544494F004C3A637572736F722020202020523A61646A75737400286D697373CD
:20232000696E67206D73672900766563746F723A3A5F4D5F72616E67655F636865636B3A19
:20234000205F5F6E2028776869636820697320257A7529203E3D20746869732D3E73697A49
:202360006528292028776869636820697320257A7529005045575045572E544D5000505A52
:20238000005058005772697465204552524F522021210046696C65204552524F52202121F2
:2023A0000054656D7046696C65204552522021210063616E6E6F74206372656174652073F2
:2023C00074643A3A6465717565206C6172676572207468616E206D61785F73697A65282964
:2023E000004472756D004261636B20497420557021005363616C6545646974005363616C00
:202400006520456469746F7200506F6E6720322E30005265666572656E63657300566F6C59
:20242000746167657300416369642043757264730043686F7264730056697A6E757463722E
:2024400061636B657220737765657400427974656265617473004469616C656374696320E9
:2024600050696E6720506F6E670042616C6C730053657175696E7300327820536571756577
:202480006E63657200506971756564003478204547004C6F772D72656E7473004C6F7265B7
:2024A0006E7A0051756164726174757269610051756164726174757265204C464F004D65E0
:2024C00074612D51003278205175616E74697A6572005175616E7465726D61696E003478EB
:2024E000205175616E74697A6572004175746F6D61746F6E6E65747A00566563746F72739A
:202500000048617272696E67746F6E20313230300054726961647300436F706965724D6145
:20252000736368696E65004E657572616C204E6574776F726B004461726B6E657373004D28
:2025400049444920492F4F005363656E65730043616C69627261746F720053657474696EE3
:20256000677300436C6B2D3100000000000000000000000000000000000000000600000003
:20258000FFFFFFFFFFFFFFFF0400000005000000060000000700000001000000020000002A
:2025A0000300000009100F1615000000007B9A170029DE0703000000010203100200000070
:2025C00001000000020000000300000004000000050000000600000007000000B80D0020FA
:2025E00000000000E803000000000000AC0D002000003A40989E20600000000000000000E7
:202600000000000000000000000000000000000000000000000000000000000000000000BA
:2026200000000000000000000000000000000000000000000000000000000000000000009A
:2026400000C03940289E2060000000000000000000000000000000000000000000000000FB
:2026600000000000000000000000000000000000000000000000000000000000000000005A
:202680000000000000000000000000000000000005FF04FF0E170000880D00200000000059
:2026A000E80300000000000000003F40089F20600000000000000000000000000000000089
:2026C0000000000000000000000000000000000000000000000000000000000000000000FA
:2026E0000000000000000000000000000000000000000000000000000000000000000000DA
:202700000000000000000000000000000000000000000000000000000000000000000000B9
:20272000000000000000000000000000000000000000000000000000000000000000000099
:20274000000000000000000000000000000000000000000000000000000000000000000079
:20276000000000000000000000000000000000000000000000000000000000000000000059
:20278000000000000000000000000000000000000000000000000000000000000000000039
:2027A000000000000000000000000000000000000000000000000000000000000000000019
:2027C0000000000000000000000000000000000000000000000000000A09AED580A83FD329
:2027E00000408D142000A1C8DA1281CFD9F1DB402EA4A60807060000000000008000000041
:202800000000000080000000580D002000000000E80300000000000000401940B00F01204F
:20282000000000002C570120EC560120000000000000000028000000400000002800000001
:20284000400000000000000000000000000000000000000000000000000000000000000038
:20286000000000000000000000000000000000000000000000000000000000000000000058
:20288000000000000000000000000000000000000000000000000000000000000000000038
:2028A000000000000000000000000000000000000000000000000000000000000000000018
:2028C0000000000000000000000000000000000000000000000000000000000000000000F8
:2028E0000000000000000000000000000000000000000000000000000000000000000000D8
:202900000000000000000000000000000000000000000000000000000000000000000000B7
:20292000000000000000000000000000000000000000000000000000000000000000000097
:20294000000000000000000000000000000000000000000000000000000000000000000077
:20296000000000000000000000000000000000000000000000000000000000000000000057
:20298000000000000000000000000000000000000000000000000000000000000000000037
:2029A000000000000000000000000000000000000000000000000000000000000000000017
:2029C0000000000000000000000000000000000000000000000000000000000000000000F7
:2029E0000000000000000000000000000000000000000000000000000000000000000000D7
:202A00000000000000000000000000000000000000000000000000000000000000000000B6
:202A2000000000000000000000000000000000000000000000000000000000000000000096
:202A4000000000000000000000000000000000000000000000000000000000000000000076
:202A6000000000000000000000000000000000000000000000000000000000000000000056
:202A8000000000000000000000000000000000000000000000000000000000000000000036
:202AA000000000000000000000000000000000000000000000000000000000000000000016
:202AC0000000000000000000000000000000000000000000000000000000000000000000F6
:202AE0000000000000000000000000000000000000000000000000000000000000000000D6
:202B00000000000000000000000000000000000000000000000000000000000000000000B5
:202B2000000000000000000000000000000000000000000000000000000000000000000095
:202B4000000000000000000000000000000000000000000000000000000000000000000075
:202B6000000000000000000000000000000000000000000000000000000000000000000055
:202B8000000000000000000000000000000000000000000000000000000000000000000035
:202BA000000000000000000000000000000000000000000000000000000000000000000015
:202BC0000000000000000000000000000000000000000000000000000000000000000000F5
:202BE0000000000000000000000000000000000000000000000000000000000000000000D5
:202C00000000000000000000000000000000000000000000000000000000000000000000B4
:202C2000000000000000000000000000000000000000000000000000000000000000000094
:202C4000000000000000000000000000000000000000000000000000000000000000000074
:202C6000000000000000000000000000000000000000000000000000000000000000000054
:202C8000000000000000000000000000000000000000000000000000000000000000000034
:202CA00000000000000000000000000000000000000000000000000000000000FF01000014
:202CC0000000000000000000000000000000000000000000000000000000000000000000F4
:202CE0000000000000000000000000000000000000000000000000000000000000000000D4
:202D00000000000000000000000000000000000000000000000000000000000000000000B3
:202D2000000000000000000000000000000000000000000000000000000000000000000093
:202D4000000000000000000000000000000000000000000000000000000000000000000073
:202D6000000000000000000000000000000000000000000000000000000000000000000053
:202D8000000000000000000000000000000000000000000000000000000000000000000033
:202DA000000000000000000000000000000000000000000000000000000000000000000013
:202DC0000000000000000000000000000000000000000000000000000000000000000000F3
:202DE0000000000000000000000000000000000000000000000000000000000000000000D3
:202E0000000000000000000000000000000000000000000000000000000000005C0B00202B
:202E200000000000E803000000000000000000005C0B002000000000E80300000000000035
:202E4000000000005C0B002000000000E80300000000000000000000000000000000000000
:202E6000000000000000000000000000FEFFFFFF0000000000000000000000000000000057
:202E80000000000000000000C8000000000000000000000000000000000000000000FFFF6C
:202EA00000000000000000000000000000000000000000000000000000000000180D0020CD
:202EC0000000000000000000000000000000000000000000000000000000000000000000F2
:202EE0000000000000000000000000000000000000000000000000000000000000000000D2
:202F00000000000000000000000000000000000000000000000000000000000000000000B1
:202F2000000000000000000000000000000000000000000000000000000000000000000091
:202F4000000000000000000000000000000000000000000000000000000000000000000071
:202F6000000000000000000000000000000000000000000000000000000000000000000051
:202F8000000000000000000001000000071800007B1202000000000074C00F400C000000F3
:202FA000220000000100000048851F4001000000300000000200000048851F400000000063
:202FC00023000000010000004C851F4001000000FF000000FF00000000000000000000009E
:202FE00032024000260018007B0000000000000080000000400D0300000000001000FFFFC6
:2030000000000000FFFFFFFFFFFFFFFF0000000000000000000000000000000000000000B8
:203020000000000000000000000000000000000000000000FFFFFFFF000000000000000094
:2030400000000000010000000000000001000000FFFFFFFF00000000000000000200000070
:2030600000000000000000000100000002000000000000000000000002000000010000004A
:20308000FEFFFFFF0000000000000000010000000000000001000000010000000200000030
:2030A000FFFFFFFFFFFFFFFF00000000000000000100000000000000010000000000000016
:2030C000FFFFFFFF00000000FFFFFFFF02000000FFFFFFFFFFFFFFFF0100000001000000FC
:2030E000FFFFFFFF010000000100000054203100010000000100000044C6002049C60020D2
:203100004EC6002053C6002058C600205DC6002062C6002067C600208000000000000000AC
:20312000FF00000041E700200000000004000000E0842120181900005C0B002000000000E7
:20314000E80300000000000000000000AF0000000032000000190000060000000300000081
:203160000000000000320000001900000600000003000000000000000032000000190000B0
:203180000600000003000000000000000032000000190000060000000300000000000000D2
:2031A00000320000001900000600000003000000000000000032000000190000060000006A
:2031C000030000000000000000320000001900000600000003000000000000000032000066
:2031E000001900000600000003000000000000000032000000190000060000000300000059
:2032000000000000003200000019000006000000030000000000000000320000001900000F
:20322000060000000300000000000000003200000019000006000000030000000000000031
:203240000032000000190000060000000300000000000000003200000019000006000000C9
:203260000300000000000000003200000019000006000000030000000000000000320000C5
:203280000019000006000000030000000000000000320000001900000600000003000000B8
:2032A00000000000003200000019000006000000030000000000000000320000001900006F
:2032C000060000000300000000000000003200000019000006000000030000000000000091
:2032E000003200000019000006000000030000000000000000320000001900000600000029
:20330000030000000000000000320000001900000600000003000000000000000032000024
:20332000001900000600000003000000000000000032000000190000060000000300000017
:203340000000000000320000001900000600000003000000000000000032000000190000CE
:203360000600000003000000000000000032000000190000060000000300000000000000F0
:20338000003200000019000006000000030000000000000000320000001900000600000088
:2033A000030000000000000000202000FFFFFFFFFFFFFFFF0000000043000000000000008F
:2033C0000000000000000000000000000000000000000000000000004300000000000000AA
:2033E00000000000000000000000000000000000000000000000000043000000000000008A
:20340000000000000000000000000000000000000000000000000000430000000000000069
:20342000000000000000000000000000000000000000000000000000430000000000000049
:20344000000000000000000000000000000000000000000000000000430000000000000029
:20346000000000000000000000000000000000000000000000000000430000000000000009
:203480000000000000000000000000000000000000000000000000008B2C0300751D0300DD
:2034A0000000000062BF0020E2EA00203EF600203EF600203EF600203EF600203EF600203B
:2034C0003EF600203EF600203EF600203EF60020FFFFFFFFFFFFFFFFFFFFFFFFFFFF0000AA
:2034E000010041534349490000000000000000000000000000000000000000000000000062
:20350000000041534349490000000000000000000000000000000000000000000000000042
:20352000000000000000000003000000E4F6012000000000E4F601204CF70120B4F7012062
:2035400000000000000000000000000000000000000000000000000000000000000000006B
:203560000000000000000000000000000000000000000000000000000000000054150120C1
:2035800001000C0300000000000000000000000000000000000000001803500068006100E7
:2035A0007A0065007200760069006C006C00650006C9FF0904A15C7508150026FF0095403A
:2035C0000975810295200976910295040976B102C01201000200000040C016850480020161
:2035E00002030129000000000000000000000000000000000000000000000000000000009C
:203600000000000000000000000000000000000000000000000000000000000000000000AA
:2036200000000000000000000000000000000000000000000000000000000000000000008A
:2036400000000000000000000000000000000000000000000000000000000000000000006A
:2036600000000000000000000000000000000000000000000000000000000000000000004A
:2036800000000000000000000000000000000000000000000000000000000000000000002A
:2036A00000000000000000000000000000000000000000000000000000000000000000000A
:2036C0000000000000000000000000000000000000000000000000000000000000000000EA
:2036E0000000000000000000000000000000000000000000000000000000000000000000CA
:203700000000000000000000000000000000000000000000000000000000000000000000A9
:20372000000000000000000000000000000000000000000000000000000000000000000089
:20374000000000000000000000000000000000000000000000000000000000000000000069
:20376000000000000000000000000000000000000000000000000000000000000000000049
:20378000000000000000000000000000000000000000000000000000000000000000000029
:2037A000000000000000000000000000000000000000000000000000000000000000000009
:2037C0000000000000000000000000000000000000000000000000000000000000000000E9
:2037E0000000000000000000000000000000000000000000000000000000000000000000C9
:203800000000000000000000000000000000000000000000000000000000000000000000A8
:20382000000000000000000000000000000000000000000000000000000000000000000088
:20384000000000000000000000000000000000000000000000000000000000000000000068
:20386000000000000000000000000000000000000000000000000000000000000000000048
:20388000000000000000000000000000000000000000000000000000000000000000000028
:2038A000000000000000000000000000000000000000000000000000000000000000000008
:2038C0000000000000000000000000000000000000000000000000000000000000000000E8
:2038E0000000000000000000000000000000000000000000000000000000000000000000C8
:203900000000000000000000000000000000000000000000000000000000000000000000A7
:20392000000000000000000000000000000000000000000000000000000000000000000087
:20394000000000000000000000000000000000000000000000000000000000000000000067
:20396000000000000000000000000000000000000000000000000000000000000000000047
:20398000000000000000000000000000000000000000000000000000000000000000000027
:2039A000000000000000000000000000000000000000000000000000000000000000000007
:2039C0000000000000000000000000000000000000000000000000000000000000000000E7
:2039E0000000000000000000000000000000000000000000000000000000000000000000C7
:203A00000000000000000000000000000000000000000000000000000000000000000000A6
:203A2000000000000000000000000000000000000000000000000000000000000000000086
:203A4000000000000000000000000000000000000000000000000000000000000000000066
:203A6000000000000000000000000000000000000000000000000000000000000000000046
:203A800000000000000000000000000000000000000000000000000000000000FFFFFFFF2A
:203AA000FFFFFFFFFFFFFFFFFFFFFFFFFFFFFFFFFFFFFFFFFFFFFFFFFFFFFFFFFFFFFFFF26
:203AC000FFFFFFFFFFFFFFFFFFFFFFFFFFFFFFFFFFFFFFFFFFFFFFFFFFFFFFFFFFFFFFFF06
:203AE000FFFFFFFFFFFFFFFFFFFFFFFFFFFFFFFFFFFFFFFFFFFFFFFFFFFFFFFFFFFFFFFFE6
:203B0000FFFFFFFFFFFFFFFFFFFFFFFFFFFFFFFFFFFFFFFFFFFFFFFFFFFFFFFFFFFFFFFFC5
:203B2000FFFFFFFFFFFFFFFFFFFFFFFFFFFFFFFFFFFFFFFFFFFFFFFFFFFFFFFFFFFFFFFFA5
:203B4000FFFFFFFFFFFFFFFFFFFFFFFFFFFFFFFFFFFFFFFFFFFFFFFFFFFFFFFFFFFFFFFF85
:203B6000FFFFFFFFFFFFFFFFFFFFFFFFFFFFFFFFFFFFFFFFFFFFFFFFFFFFFFFFFFFFFFFF65
:203B8000FFFFFFFFFFFFFFFFFFFFFFFFFFFFFFFFFFFFFFFFFFFFFFFFFFFFFFFFFFFFFFFF45
:203BA000FFFFFFFFFFFFFFFFFFFFFFFFFFFFFFFFFFFFFFFFFFFFFFFFFFFFFFFFFFFFFFFF25
:203BC000FFFFFFFFFFFFFFFFFFFFFFFFFFFFFFFFFFFFFFFFFFFFFFFFFFFFFFFFFFFFFFFF05
:203BE000FFFFFFFFFFFFFFFFFFFFFFFFFFFFFFFFFFFFFFFFFFFFFFFFFFFFFFFFFFFFFFFFE5
:203C00000000000000000000000000000000000000000000000000000000000000000000A4
:203C2000000000000000000000000000000000000000000000000000000000000000000084
:203C4000000000000000000000000000000000000000000000000000000000000000000064
:203C6000000000000000000000000000000000000000000000000000000000000000000044
:203C8000000000000000000000000000000000000000000000000000000000000000000024
:203CA000000000000000000000000000000000000000000000000000000000000000000004
:203CC0000000000000000000000000000000000000000000000000000000000000000000E4
:203CE0000000000000000000000000000000000000000000000000000000000000000000C4
:203D00000000000000000000000000000000000000000000000000000000000000000000A3
:203D2000000000000000000000000000000000000000000000000000000000000000000083
:203D4000000000000000000000000000000000000000000000000000000000000000000063
:203D6000000000000000000000000000000000000000000000000000000000000000000043
:203D8000000000000000000000000000000000000000000000000000000000000000000023
:203DA000000000000000000000000000000000000000000000000000000000000000000003
:203DC0000000000000000000000000000000000000000000000000000000000000000000E3
:203DE0000000000000000000000000000000000000000000000000000000000000000000C3
:203E00000000000000000000000000000000000000000000000000000000000000000000A2
:203E2000000000000000000000000000000000000000000000000000000000000000000082
:203E4000000000000000000000000000000000000000000000000000000000000000000062
:203E6000000000000000000000000000000000000000000000000000000000000000000042
:203E8000000000000000000000000000000000000000000000000000000000000000000022
:203EA000000000000000000000000000000000000000000000000000000000000000000002
:203EC0000000000000000000000000000000000000000000000000000000000000000000E2
:203EE0000000000000000000000000000000000000000000000000000000000000000000C2
:203F00000000000000000000000000000000000000000000000000000000000000000000A1
:203F2000000000000000000000000000000000000000000000000000000000000000000081
:203F4000000000000000000000000000000000000000000000000000000000000000000061
:203F6000000000000000000000000000000000000000000000000000000000000000000041
:203F8000000000000000000000000000000000000000000000000000000000000000000021
:203FA000000000000000000000000000000000000000000000000000000000000000000001
:203FC0000000000000000000000000000000000000000000000000000000000000000000E1
:203FE0000000000000000000000000000000000000000000000000000000000000000000C1
:204000000000000000000000000000000000000000000000000000000000000000000000A0
:20402000000000000000000000000000000000000000000000000000000000000000000080
:20404000000000000000000000000000000000000000000000000000000000000000000060
:20406000000000000000000000000000000000000000000000000000000000000000000040
:20408000000000000000000000000000000000000000000000000000000000000000000020
:2040A000000000000000000000000000000000000000000000000000000000000000000000
:2040C0000000000000000000000000000000000000000000000000000000000000000000E0
:2040E0000000000000000000000000000000000000000000000000000000000000000000C0
:2041000000000000000000000000000000000000000000000000000000000000000000009F
:2041200000000000000000000000000000000000000000000000000000000000000000007F
:2041400000000000000000000000000000000000000000000000000000000000000000005F
:2041600000000000000000000000000000000000000000000000000000000000000000003F
:2041800000000000000000000000000000000000000000000000000000000000000000001F
:2041A0000000000000000000000000000000000000000000000000000000000000000000FF
:2041C0000000000000000000000000000000000000000000000000000000000000000000DF
:2041E0000000000000000000000000000000000000000000000000000000000000000000BF
:2042000000000000000000000000000000000000000000000000000000000000000000009E
:2042200000000000000000000000000000000000000000000000000000000000000000007E
:2042400000000000000000000000000000000000000000000000000000000000000000005E
:2042600000000000000000000000000000000000000000000000000000000000000000003E
:2042800000000000000000000000000000000000000000000000000000000000000000001E
:2042A0000000000000000000000000000000000000000000000000000000000000000000FE
:2042C0000000000000000000000000000000000000000000000000000000000000000000DE
:2042E0000000000000000000000000000000000000000000000000000000000000000000BE
:2043000000000000000000000000000000000000000000000000000000000000000000009D
:2043200000000000000000000000000000000000000000000000000000000000000000007D
:2043400000000000000000000000000000000000000000000000000000000000000000005D
:2043600000000000000000000000000000000000000000000000000000000000000000003D
:2043800000000000000000000000000000000000000000000000000000000000000000001D
:2043A0000000000000000000000000000000000000000000000000000000000000000000FD
:2043C0000000000000000000000000000000000000000000000000000000000000000000DD
:2043E0000000000000000000000000000000000000000000000000000000000000000000BD
:2044000000000000000000000000000000000000000000000000000000000000000000009C
:2044200000000000000000000000000000000000000000000000000000000000000000007C
:2044400000000000000000000000000000000000000000000000000000000000000000005C
:2044600000000000000000000000000000000000000000000000000000000000000000003C
:2044800000000000000000000000000000000000000000000000000000000000000000001C
:2044A0000000000000000000000000000000000000000000000000000000000000000000FC
:2044C0000000000000000000000000000000000000000000000000000000000000000000DC
:2044E0000000000000000000000000000000000000000000000000000000000000000000BC
:2045000000000000000000000000000000000000000000000000000000000000000000009B
:2045200000000000000000000000000000000000000000000000000000000000000000007B
:2045400000000000000000000000000000000000000000000000000000000000000000005B
:2045600000000000000000000000000000000000000000000000000000000000000000003B
:2045800000000000000000000000000000000000000000000000000000000000000000001B
:2045A0000000000000000000000000000000000000000000000000000000000000000000FB
:2045C0000000000000000000000000000000000000000000000000000000000000000000DB
:2045E0000000000000000000000000000000000000000000000000000000000000000000BB
:2046000000000000000000000000000000000000000000000000000000000000000000009A
:2046200000000000000000000000000000000000000000000000000000000000000000007A
:2046400000000000000000000000000000000000000000000000000000000000000000005A
:2046600000000000000000000000000000000000000000000000000000000000000000003A
:2046800000000000000000000000000000000000000000000000000000000000000000001A
:2046A0000000000000000000000000000000000000000000000000000000000000000000FA
:2046C0000000000000000000000000000000000000000000000000000000000000000000DA
:2046E0000000000000000000000000000000000000000000000000000000000000000000BA
:20470000000000000000000000000000000000000000000000000000000000000000000099
:20472000000000000000000000000000000000000000000000000000000000000000000079
:20474000000000000000000000000000000000000000000000000000000000000000000059
:20476000000000000000000000000000000000000000000000000000000000000000000039
:20478000000000000000000000000000000000000000000000000000000000000000000019
:2047A0000000000000000000000000000000000000000000000000000000000000000000F9
:2047C0000000000000000000000000000000000000000000000000000000000000000000D9
:2047E0000000000000000000000000000000000000000000000000000000000000000000B9
:00000001FF
